grid_id,lat,lon,proj_x_epsg3031,proj_y_epsg3031,region,litho,d15n_mean,d15n_sd,outside_envelope,mask_reason
GRID_04345,-78.095,163.789,362206.9,-1245831.5,SVL,c,-12.487,0.3544,0,in range
GRID_04346,-78.106,163.819,361217.9,-1244861.0,SVL,n,-10.779,0.732,1,litho
GRID_04347,-78.115,163.807,361203.1,-1243836.4,SVL,g,-10.507,0.3383,0,in range
GRID_04348,-78.123,163.795,361218.5,-1242917.2,SVL,c,-12.079,0.2259,0,in range
GRID_04349,-78.135,163.825,360200.6,-1241840.8,SVL,c,-11.975,0.3327,0,in range
GRID_04350,-78.132,163.782,361224.5,-1241886.4,SVL,c,-10.864,0.5241,0,in range
GRID_04351,-78.13,163.74,362196.2,-1241832.1,SVL,g,-9.848,0.4198,0,in range
GRID_04352,-78.127,163.697,363220.6,-1241876.1,SVL,c,-12.114,0.5446,0,in range
GRID_04353,-78.143,163.813,360215.8,-1240921.8,SVL,g,-10.22,0.3727,0,in range
GRID_04354,-78.138,163.727,362231.8,-1240906.7,SVL,d,-11.256,0.1031,0,in range
GRID_04355,-78.133,163.642,364227.0,-1240894.7,SVL,c,-12.551,0.2406,0,in range
GRID_04356,-78.152,163.8,360221.7,-1239891.2,SVL,c,-9.614,0.3931,0,in range
GRID_04357,-78.15,163.758,361191.9,-1239837.6,SVL,g,-7.926,0.7401,0,in range
GRID_04358,-78.163,163.83,359236.1,-1238919.8,SVL,g,-8.399,0.6754,0,in range
GRID_04359,-78.161,163.788,360205.5,-1238866.9,SVL,g,-9.172,0.4012,0,in range
GRID_04360,-78.158,163.745,361227.4,-1238912.5,SVL,c,-9.447,0.6314,0,in range
GRID_04361,-78.156,163.703,362197.0,-1238858.1,SVL,g,-10.011,0.4274,0,in range
GRID_04362,-78.172,163.818,359220.2,-1237895.6,SVL,g,-9.214,0.5572,0,in range
GRID_04363,-78.17,163.775,360210.5,-1237836.5,SVL,g,-9.456,0.5405,0,in range
GRID_04364,-78.167,163.733,361210.0,-1237888.2,SVL,g,-10.096,0.6238,0,in range
GRID_04365,-78.164,163.69,362231.5,-1237932.9,SVL,g,-8.893,0.2827,0,in range
GRID_04366,-78.162,163.648,363200.6,-1237877.7,SVL,g,-9.828,0.4647,0,in range
GRID_04367,-78.181,163.806,359203.9,-1236871.5,SVL,c,-10.615,0.7041,0,in range
GRID_04368,-78.178,163.763,360224.2,-1236917.7,SVL,g,-9.896,0.2986,0,in range
GRID_04369,-78.176,163.72,361213.9,-1236857.8,SVL,g,-9.726,0.3668,0,in range
GRID_04370,-78.19,163.793,359208.8,-1235841.2,SVL,c,-6.059,2.226,0,in range
GRID_04371,-78.187,163.751,360206.8,-1235893.7,SVL,c,-10.495,0.4277,0,in range
GRID_04372,-78.185,163.708,361195.8,-1235833.8,SVL,c,-12.308,0.8725,0,in range
GRID_04373,-78.198,163.781,359222.3,-1234922.6,SVL,c,-2.27,1.9875,0,in range
GRID_04374,-78.196,163.738,360210.5,-1234863.4,SVL,c,-3.791,1.5321,0,in range
GRID_04375,-78.193,163.695,361229.6,-1234908.9,SVL,c,-11.154,0.4918,0,in range
GRID_04376,-78.205,163.726,360192.2,-1233839.6,SVL,c,-5.469,0.714,0,in range
GRID_04377,-78.202,163.683,361210.7,-1233885.0,SVL,c,-10.427,0.5298,0,in range
GRID_04378,-78.199,163.64,362229.3,-1233929.5,SVL,c,-11.096,0.4097,0,in range
GRID_04379,-78.208,163.628,362209.3,-1232905.7,SVL,c,-10.145,0.708,0,in range
GRID_04380,-78.206,163.585,363196.5,-1232844.1,SVL,c,-11.275,0.8341,0,in range
GRID_04381,-78.212,163.529,364214.5,-1231856.9,SVL,c,-10.6,0.7285,0,in range
GRID_04382,-78.209,163.487,365211.0,-1231905.3,SVL,c,-12.572,0.5569,0,in range
GRID_04383,-78.215,163.431,366227.1,-1230916.5,SVL,c,-11.605,0.526,0,in range
GRID_04384,-78.227,163.461,365207.5,-1229845.3,SVL,c,-11.566,0.4541,0,in range
GRID_04385,-78.235,163.449,365214.9,-1228927.0,SVL,c,-9.636,0.7849,0,in range
GRID_04386,-77.904,163.782,368217.5,-1265928.2,SVL,g,-9.693,0.3952,0,in range
GRID_04387,-77.911,163.728,369195.0,-1264842.5,SVL,g,-11.078,0.1986,0,in range
GRID_04388,-77.922,163.757,368216.8,-1263869.2,SVL,c,-11.396,0.2029,0,in range
GRID_04389,-77.919,163.715,369235.5,-1263915.3,SVL,g,-10.527,0.2671,0,in range
GRID_04390,-77.933,163.787,367217.6,-1262901.7,SVL,g,-9.703,0.1847,0,in range
GRID_04391,-77.931,163.745,368204.8,-1262843.1,SVL,c,-11.178,0.4328,0,in range
GRID_04392,-77.928,163.703,369222.8,-1262889.1,SVL,c,-11.67,0.4159,0,in range
GRID_04393,-77.944,163.817,366219.6,-1261933.5,SVL,g,-9.931,0.1833,0,in range
GRID_04394,-77.948,163.721,368210.3,-1260896.5,SVL,g,-9.742,0.2306,0,in range
GRID_04395,-77.964,163.834,365233.6,-1259932.4,SVL,n,-9.796,0.4441,1,litho
GRID_04396,-77.962,163.792,366218.4,-1259875.3,SVL,g,-10.316,0.4522,0,in range
GRID_04397,-77.973,163.822,365222.0,-1258906.6,SVL,g,-9.704,0.2581,0,in range
GRID_04398,-77.982,163.81,365210.1,-1257880.8,SVL,g,-10.363,0.4316,0,in range
GRID_04399,-77.994,163.701,367232.6,-1255918.9,SVL,c,-12.263,0.2225,0,in range
GRID_04400,-78.008,163.773,365224.4,-1254903.1,SVL,c,-11.527,0.481,0,in range
GRID_04401,-78.019,163.803,364230.3,-1253934.1,SVL,c,-12.695,0.3839,0,in range
GRID_04402,-78.031,163.833,363206.8,-1252859.0,SVL,g,-11.152,0.1183,0,in range
GRID_04403,-78.039,163.821,363224.4,-1251939.2,SVL,g,-10.089,0.4629,0,in range
GRID_04404,-78.068,163.826,362228.1,-1248912.5,SVL,g,-11.293,0.1503,0,in range
GRID_04405,-78.077,163.814,362214.2,-1247887.5,SVL,n,-11.707,0.2504,1,litho
GRID_04406,-78.081,163.717,364203.2,-1246850.9,SVL,c,-13.366,0.5316,0,in range
GRID_04407,-77.72,163.721,375231.4,-1284939.3,SVL,n,-10.065,0.484,1,litho
GRID_04408,-77.718,163.68,376212.5,-1284881.3,SVL,c,-3.396,1.194,0,in range
GRID_04409,-77.729,163.709,375223.1,-1283911.5,SVL,n,-9.865,0.6799,1,litho
GRID_04410,-77.813,163.683,373212.8,-1274883.8,SVL,n,-11.026,0.3984,1,litho
GRID_04415,-77.714,163.774,374226.8,-1285918.8,SVL,c,-4.003,1.6447,0,in range
GRID_04416,-77.723,163.762,374219.6,-1284891.0,SVL,n,-10.046,0.5321,1,litho
GRID_04417,-77.74,163.738,374234.7,-1282940.9,SVL,n,-10.028,0.3003,1,litho
GRID_04418,-77.769,163.743,373230.8,-1279914.7,SVL,n,-9.808,0.1528,1,litho
GRID_04421,-77.807,163.736,372217.9,-1275861.3,SVL,s,-10.23,0.6215,0,in range
GRID_04422,-78.001,163.051,381232.5,-1250936.7,SVL,d,-10.379,0.3949,0,in range
GRID_04423,-78.074,163.772,363220.9,-1247937.9,SVL,n,-11.867,0.2832,1,litho
GRID_04424,-78.083,163.759,363227.7,-1246906.7,SVL,n,-10.719,0.5493,1,litho
GRID_04425,-78.092,163.747,363212.2,-1245881.9,SVL,g,-9.91,0.5523,0,in range
GRID_04426,-78.103,163.777,362222.4,-1244912.2,SVL,c,-12.753,0.3494,0,in range
GRID_04427,-78.101,163.735,363196.4,-1244857.1,SVL,c,-14.0,0.511,0,in range
GRID_04428,-78.098,163.692,364223.0,-1244900.3,SVL,g,-11.213,0.3665,0,in range
GRID_04429,-78.096,163.65,365197.3,-1244843.7,SVL,g,-10.523,0.3344,0,in range
GRID_04430,-78.093,163.607,366224.4,-1244885.3,SVL,g,-10.547,0.1852,0,in range
GRID_04431,-78.112,163.765,362206.9,-1243887.5,SVL,g,-10.336,0.318,0,in range
GRID_04432,-78.104,163.637,365232.3,-1243918.0,SVL,g,-10.327,0.533,0,in range
GRID_04433,-78.099,163.553,367211.0,-1243907.8,SVL,g,-10.696,0.4396,0,in range
GRID_04434,-78.121,163.752,362212.6,-1242856.6,SVL,g,-10.062,0.3639,0,in range
GRID_04435,-78.118,163.71,363216.0,-1242906.9,SVL,g,-11.695,0.5208,0,in range
GRID_04436,-78.105,163.498,368217.8,-1242923.0,SVL,g,-10.019,0.6967,0,in range
GRID_04437,-78.103,163.455,369213.0,-1242856.9,SVL,g,-9.9,0.3706,0,in range
GRID_04438,-78.124,163.655,364223.5,-1241925.5,SVL,g,-10.532,0.4228,0,in range
GRID_04439,-78.122,163.612,365217.4,-1241862.5,SVL,g,-10.921,0.3521,0,in range
GRID_04440,-78.141,163.77,361208.4,-1240862.0,SVL,g,-10.468,0.3512,0,in range
GRID_04441,-78.136,163.685,363203.1,-1240851.6,SVL,g,-9.825,0.3859,0,in range
GRID_04442,-78.131,163.6,365198.5,-1240838.0,SVL,g,-10.229,0.653,0,in range
GRID_04443,-78.128,163.557,366222.9,-1240879.5,SVL,g,-11.076,0.1035,0,in range
GRID_04444,-78.147,163.715,362214.6,-1239882.4,SVL,g,-8.453,0.3939,0,in range
GRID_04445,-78.144,163.672,363237.7,-1239926.3,SVL,g,-8.353,0.4291,0,in range
GRID_04446,-78.142,163.63,364208.4,-1239870.3,SVL,g,-9.782,0.3607,0,in range
GRID_04447,-78.139,163.587,365231.8,-1239912.6,SVL,g,-10.039,0.2822,0,in range
GRID_04448,-78.137,163.545,366202.8,-1239855.1,SVL,g,-10.105,0.5356,0,in range
GRID_04449,-78.153,163.66,363219.4,-1238902.0,SVL,g,-8.64,0.3353,0,in range
GRID_04450,-78.151,163.617,364211.0,-1238839.7,SVL,n,-9.936,0.2979,1,litho
GRID_04451,-78.148,163.575,365212.1,-1238888.3,SVL,c,-10.201,0.5615,0,in range
GRID_04452,-78.145,163.532,366235.2,-1238929.7,SVL,n,-11.564,0.7416,1,litho
GRID_04453,-78.14,163.447,368229.1,-1238911.2,SVL,g,-10.095,0.498,0,in range
GRID_04454,-78.159,163.605,364222.5,-1237920.8,SVL,g,-9.72,0.3639,0,in range
GRID_04455,-78.157,163.562,365213.6,-1237857.7,SVL,g,-8.973,0.19,0,in range
GRID_04456,-78.154,163.52,366214.3,-1237905.5,SVL,g,-8.976,0.456,0,in range
GRID_04457,-78.173,163.678,362213.0,-1236908.8,SVL,c,-11.46,0.5682,0,in range
GRID_04458,-78.171,163.635,363203.1,-1236847.3,SVL,c,-11.859,0.7171,0,in range
GRID_04459,-78.168,163.592,364224.3,-1236890.3,SVL,c,-11.198,0.4687,0,in range
GRID_04460,-78.166,163.55,365193.0,-1236833.5,SVL,c,-10.499,0.5477,0,in range
GRID_04461,-78.163,163.507,366214.7,-1236874.9,SVL,g,-10.2,0.5161,0,in range
GRID_04462,-78.182,163.665,362215.8,-1235878.4,SVL,n,-10.496,0.3568,1,litho
GRID_04463,-78.179,163.622,363236.1,-1235922.2,SVL,n,-10.324,0.5897,1,litho
GRID_04464,-78.177,163.58,364204.0,-1235866.2,SVL,c,-10.929,0.2786,0,in range
GRID_04465,-78.174,163.537,365224.8,-1235908.4,SVL,c,-10.399,0.475,0,in range
GRID_04466,-78.172,163.495,366193.0,-1235850.8,SVL,c,-10.783,0.3819,0,in range
GRID_04467,-78.191,163.653,362196.5,-1234854.4,SVL,n,-10.268,0.4693,1,litho
GRID_04468,-78.188,163.61,363216.1,-1234898.2,SVL,n,-10.46,0.3532,1,litho
GRID_04470,-78.183,163.525,365203.4,-1234884.4,SVL,n,-11.202,0.7304,1,litho
GRID_04471,-78.18,163.482,366223.7,-1234925.7,SVL,n,-9.449,0.7954,1,litho
GRID_04472,-78.178,163.439,367213.0,-1234861.0,SVL,n,-10.064,0.3879,1,litho
GRID_04473,-78.197,163.597,363217.3,-1233868.0,SVL,n,-10.743,0.5397,1,litho
GRID_04474,-78.194,163.555,364214.9,-1233917.2,SVL,c,-9.921,0.5438,0,in range
GRID_04475,-78.192,163.512,365203.2,-1233854.1,SVL,c,-12.096,0.8203,0,in range
GRID_04476,-78.189,163.469,366222.8,-1233895.4,SVL,c,-10.818,0.3341,0,in range
GRID_04477,-78.187,163.427,367189.8,-1233837.0,SVL,c,-10.532,0.4414,0,in range
GRID_04478,-78.203,163.542,364214.9,-1232887.0,SVL,c,-11.275,0.5041,0,in range
GRID_04479,-78.2,163.499,365233.6,-1232929.1,SVL,c,-11.496,0.4652,0,in range
GRID_04480,-78.198,163.457,366199.9,-1232871.5,SVL,c,-10.489,0.4098,0,in range
GRID_04481,-78.272,163.582,361213.3,-1225875.6,SVL,c,-10.801,0.4268,0,in range
GRID_04482,-78.269,163.539,362226.6,-1225920.0,SVL,c,-8.953,0.8262,0,in range
GRID_04483,-78.283,163.612,360230.8,-1224906.3,SVL,c,-9.987,0.626,0,in range
GRID_04485,-78.278,163.526,362224.6,-1224890.5,SVL,c,-11.158,0.5117,0,in range
GRID_04486,-78.292,163.6,360208.4,-1223883.1,SVL,c,-9.572,0.3952,0,in range
GRID_04487,-78.289,163.557,361220.0,-1223928.3,SVL,n,-10.095,0.3178,1,litho
GRID_04488,-78.287,163.514,362200.8,-1223867.3,SVL,c,-10.311,0.3543,0,in range
GRID_04490,-78.298,163.544,361217.9,-1222898.9,SVL,c,-10.61,0.4261,0,in range
GRID_04491,-78.296,163.501,362197.9,-1222838.0,SVL,n,-9.672,0.3208,1,litho
GRID_04494,-78.304,163.488,362225.8,-1221913.9,SVL,c,-12.375,0.6894,0,in range
GRID_04495,-78.316,163.519,361190.9,-1220846.7,SVL,c,-11.199,0.5762,0,in range
GRID_04496,-77.979,163.768,366224.2,-1257929.1,SVL,g,-8.568,0.5657,0,in range
GRID_04497,-77.94,163.14,381232.0,-1257938.8,SVL,g,-10.249,0.2951,0,in range
GRID_04498,-77.988,163.756,366211.1,-1256903.4,SVL,g,-9.701,0.3497,0,in range
GRID_04499,-77.986,163.714,367194.0,-1256845.5,SVL,g,-10.562,0.4494,0,in range
GRID_04500,-77.98,163.63,369222.0,-1256938.0,SVL,g,-9.745,0.5345,0,in range
GRID_04501,-77.978,163.588,370205.3,-1256877.7,SVL,c,-11.513,0.4682,0,in range
GRID_04502,-77.999,163.785,365237.6,-1255928.7,SVL,g,-9.479,0.3829,0,in range
GRID_04503,-77.997,163.743,366219.6,-1255871.4,SVL,g,-10.915,0.3917,0,in range
GRID_04504,-77.992,163.659,368214.9,-1255860.1,SVL,c,-11.994,0.2256,0,in range
GRID_04505,-77.989,163.617,369228.3,-1255905.9,SVL,c,-12.651,0.4107,0,in range
GRID_04506,-78.011,163.815,364212.6,-1254854.1,SVL,g,-9.173,0.5743,0,in range
GRID_04507,-78.006,163.731,366205.7,-1254845.9,SVL,n,-11.348,0.4363,1,litho
GRID_04508,-78.003,163.689,367218.0,-1254893.3,SVL,n,-11.603,0.2523,1,litho
GRID_04509,-78.001,163.647,368199.7,-1254834.6,SVL,c,-11.537,0.4112,0,in range
GRID_04510,-77.975,163.228,378190.2,-1254842.3,SVL,g,-9.2,0.5436,0,in range
GRID_04511,-78.032,163.694,366214.4,-1251868.8,SVL,d,-10.433,0.4161,0,in range
GRID_04512,-78.048,163.808,363232.9,-1250907.7,SVL,c,-12.555,0.3382,0,in range
GRID_04513,-78.041,163.682,366198.9,-1250843.6,SVL,c,-12.999,0.2646,0,in range
GRID_04514,-78.038,163.64,367208.5,-1250890.9,SVL,g,-10.649,0.0458,0,in range
GRID_04515,-78.057,163.796,363219.1,-1249882.5,SVL,d,-11.759,0.4218,0,in range
GRID_04516,-78.054,163.754,364227.3,-1249932.2,SVL,d,-11.757,0.4525,0,in range
GRID_04517,-78.066,163.784,363204.9,-1248857.5,SVL,g,-9.785,0.353,0,in range
GRID_04518,-78.063,163.742,364212.4,-1248907.2,SVL,g,-10.649,0.294,0,in range
GRID_04519,-78.061,163.699,365211.3,-1248844.3,SVL,g,-11.085,0.1644,0,in range
GRID_04520,-78.058,163.657,366219.3,-1248892.3,SVL,g,-10.359,0.1474,0,in range
GRID_04521,-78.072,163.729,364218.9,-1247875.8,SVL,g,-10.318,0.3262,0,in range
GRID_04522,-78.069,163.687,365226.1,-1247924.6,SVL,g,-9.234,0.5487,0,in range
GRID_04523,-78.067,163.645,366202.6,-1247867.3,SVL,g,-10.118,0.5528,0,in range
GRID_04524,-78.078,163.675,365209.7,-1246899.7,SVL,n,-11.907,0.2604,1,litho
GRID_04525,-78.073,163.59,367214.2,-1246883.2,SVL,g,-11.402,0.3155,0,in range
GRID_04526,-77.74,163.426,381215.3,-1280884.0,SVL,n,-10.063,0.5477,1,litho
GRID_04527,-77.737,163.385,382226.0,-1280926.8,SVL,c,-4.278,0.9553,0,in range
GRID_04528,-77.751,163.455,380222.8,-1279918.3,SVL,n,-10.705,0.1711,1,litho
GRID_04529,-77.749,163.414,381201.3,-1279856.4,SVL,c,-11.447,0.5513,0,in range
GRID_04530,-77.746,163.373,382211.3,-1279899.2,SVL,n,-10.158,0.4704,1,litho
GRID_04531,-77.76,163.443,380209.0,-1278890.7,SVL,c,-11.138,0.3151,0,in range
GRID_04532,-77.757,163.402,381218.2,-1278934.2,SVL,c,-11.722,0.3995,0,in range
GRID_04533,-77.755,163.361,382196.3,-1278871.6,SVL,n,-9.47,0.387,1,litho
GRID_04534,-77.769,163.431,380194.9,-1277863.3,SVL,c,-10.656,0.2322,0,in range
GRID_04535,-77.772,163.336,382218.6,-1276915.4,SVL,s,-10.143,0.4275,0,in range
GRID_04536,-77.781,163.324,382202.3,-1275888.1,SVL,n,-9.734,0.6262,1,litho
GRID_04537,-77.79,163.311,382207.8,-1274854.2,SVL,g,-9.52,0.6609,0,in range
GRID_04538,-77.83,163.659,373221.3,-1272935.2,SVL,c,-11.099,0.4543,0,in range
GRID_04539,-77.842,163.688,372206.7,-1271858.8,SVL,c,-11.98,0.2854,0,in range
GRID_04540,-77.875,163.461,376210.8,-1266899.1,SVL,g,-9.561,0.7535,0,in range
GRID_04541,-77.872,162.241,403200.1,-1258915.7,SVL,g,-10.664,0.3288,0,in range
GRID_04542,-77.884,162.269,402183.4,-1257857.0,SVL,g,-8.55,0.6231,0,in range
GRID_04543,-77.881,162.227,403205.9,-1257875.7,SVL,g,-9.594,0.481,0,in range
GRID_04544,-77.878,162.186,404206.8,-1257900.6,SVL,g,-10.489,0.4971,0,in range
GRID_04545,-77.875,162.145,405207.8,-1257924.7,SVL,c,-12.532,0.3064,0,in range
GRID_04546,-77.89,162.214,403189.3,-1256842.8,SVL,g,-10.464,0.4508,0,in range
GRID_04547,-77.887,162.173,404189.5,-1256867.7,SVL,g,-9.632,0.3027,0,in range
GRID_04548,-77.895,162.16,404205.5,-1255939.5,SVL,g,-10.175,0.4646,0,in range
GRID_04549,-77.91,162.229,402189.8,-1254856.3,SVL,d,-9.492,0.2727,0,in range
GRID_04550,-77.907,162.188,403188.4,-1254881.9,SVL,g,-10.291,0.5643,0,in range
GRID_04551,-77.94,162.548,394208.8,-1253932.7,SVL,d,-7.079,1.1042,0,in range
GRID_04552,-77.627,162.429,407193.7,-1285894.9,SVL,d,-9.797,0.4106,0,in range
GRID_04553,-77.856,162.719,393205.6,-1263913.8,SVL,g,-9.339,0.4241,0,in range
GRID_04554,-77.853,162.677,394230.1,-1263939.9,SVL,g,-9.138,0.6381,0,in range
GRID_04555,-77.865,162.706,393198.4,-1262880.6,SVL,g,-9.737,0.4948,0,in range
GRID_04556,-77.859,162.623,395224.3,-1262938.7,SVL,g,-9.812,0.3606,0,in range
GRID_04557,-77.857,162.582,396193.7,-1262865.2,SVL,g,-8.652,0.5617,0,in range
GRID_04558,-77.851,162.499,398220.9,-1262918.5,SVL,g,-9.834,0.2853,0,in range
GRID_04559,-77.863,162.528,397185.9,-1261862.6,SVL,g,-8.985,0.5447,0,in range
GRID_04560,-77.86,162.486,398209.9,-1261885.3,SVL,n,-9.542,0.5254,1,litho
GRID_04561,-77.857,162.445,399212.2,-1261914.3,SVL,g,-9.147,0.6072,0,in range
GRID_04562,-77.871,162.515,397208.1,-1260934.2,SVL,g,-9.781,0.2564,0,in range
GRID_04563,-77.869,162.473,398198.5,-1260852.2,SVL,g,-9.785,0.5036,0,in range
GRID_04564,-77.863,162.391,400202.0,-1260909.2,SVL,n,-11.001,0.4853,1,litho
GRID_04565,-77.891,162.667,393207.1,-1259886.4,SVL,g,-9.585,0.3587,0,in range
GRID_04566,-77.9,162.654,393198.2,-1258853.5,SVL,d,-10.103,0.5429,0,in range
GRID_04567,-77.883,162.406,399207.8,-1258919.8,SVL,g,-8.365,0.7299,0,in range
GRID_04568,-77.881,162.364,400197.1,-1258836.2,SVL,d,-9.792,0.3373,0,in range
GRID_04569,-77.895,162.434,398194.7,-1257858.1,SVL,g,-8.587,0.5845,0,in range
GRID_04570,-77.892,162.393,399194.4,-1257886.9,SVL,d,-10.224,0.4069,0,in range
GRID_04571,-77.906,162.462,397215.9,-1256900.4,SVL,g,-9.752,0.3571,0,in range
GRID_04572,-77.923,162.574,394199.0,-1255892.9,SVL,g,-9.057,0.441,0,in range
GRID_04573,-77.92,162.532,395218.4,-1255918.0,SVL,d,-10.002,0.3813,0,in range
GRID_04574,-77.937,162.644,392205.6,-1254905.9,SVL,g,-9.183,0.2697,0,in range
GRID_04575,-77.401,162.057,423187.2,-1306858.6,SVL,c,-12.684,0.2348,1,aspect
GRID_04576,-77.412,162.084,422199.3,-1305907.1,SVL,c,-13.654,0.6645,0,in range
GRID_04577,-77.421,162.071,422191.0,-1304869.9,SVL,n,-11.611,0.6131,1,litho
GRID_04578,-77.541,162.289,413210.0,-1293900.3,SVL,g,-9.689,0.529,0,in range
GRID_04579,-77.577,162.679,403215.1,-1292905.4,SVL,n,-9.091,0.6566,1,litho
GRID_04580,-77.561,162.437,409203.0,-1292867.4,SVL,d,-9.933,0.3787,0,in range
GRID_04581,-77.552,162.317,412210.3,-1292950.1,SVL,d,-10.294,0.5471,0,in range
GRID_04582,-77.613,163.071,393208.0,-1291848.6,SVL,c,-4.826,0.7675,0,in range
GRID_04583,-77.61,163.031,394206.0,-1291889.2,SVL,c,-12.478,0.3552,0,in range
GRID_04584,-77.594,162.788,400201.8,-1291885.4,SVL,n,-8.86,0.8202,1,litho
GRID_04585,-77.564,162.344,411201.0,-1291887.3,SVL,d,-10.293,0.6,0,in range
GRID_04586,-77.553,162.183,415199.5,-1291877.8,SVL,c,-10.842,0.6291,0,in range
GRID_04587,-77.611,162.897,397194.0,-1290858.6,SVL,n,-10.226,0.6375,1,litho
GRID_04588,-77.608,162.856,398214.8,-1290889.1,SVL,n,-10.2,0.6008,1,litho
GRID_04589,-77.603,162.775,400202.0,-1290849.8,SVL,n,-10.334,0.4489,1,litho
GRID_04590,-77.633,163.087,392207.7,-1289855.4,SVL,c,-12.174,0.383,0,in range
GRID_04591,-77.63,163.047,393204.3,-1289896.7,SVL,c,-9.362,0.7374,0,in range
GRID_04592,-77.619,162.884,397228.1,-1289928.2,SVL,c,-11.808,0.4479,0,in range
GRID_04593,-77.617,162.844,398193.4,-1289860.6,SVL,c,-10.748,0.8226,0,in range
GRID_04594,-77.611,162.763,400211.9,-1289926.2,SVL,n,-10.811,0.187,1,litho
GRID_04595,-77.609,162.722,401200.1,-1289849.3,SVL,n,-10.392,0.4387,1,litho
GRID_04596,-77.587,162.399,409196.2,-1289871.9,SVL,d,-9.452,0.3634,0,in range
GRID_04597,-77.576,162.238,413188.0,-1289868.3,SVL,c,-11.978,0.6073,0,in range
GRID_04598,-77.573,162.198,414189.2,-1289893.5,SVL,s,-10.173,0.2554,0,in range
GRID_04599,-77.636,162.994,394204.4,-1288901.9,SVL,c,-11.897,0.35,0,in range
GRID_04600,-77.633,162.953,395223.3,-1288934.6,SVL,c,-12.054,0.4273,0,in range
GRID_04601,-77.625,162.831,398226.5,-1288930.2,SVL,n,-10.455,0.3921,1,litho
GRID_04602,-77.623,162.791,399191.2,-1288861.8,SVL,c,-10.5,0.8237,0,in range
GRID_04603,-77.62,162.75,400211.2,-1288890.7,SVL,n,-9.53,0.8139,1,litho
GRID_04604,-77.617,162.71,401208.9,-1288925.8,SVL,n,-11.027,0.296,1,litho
GRID_04607,-77.584,162.225,413212.2,-1288937.2,SVL,d,-10.261,0.5679,0,in range
GRID_04608,-77.582,162.185,414179.2,-1288857.7,SVL,s,-10.883,0.3366,0,in range
GRID_04609,-77.653,163.103,391208.7,-1287861.9,SVL,c,-12.786,0.2337,0,in range
GRID_04610,-77.65,163.063,392203.7,-1287903.8,SVL,c,-13.227,0.1994,0,in range
GRID_04611,-77.647,163.022,393221.5,-1287938.2,SVL,c,-12.841,0.2107,0,in range
GRID_04612,-77.639,162.9,396221.5,-1287938.3,SVL,c,-11.507,0.6477,0,in range
GRID_04613,-77.637,162.859,397207.9,-1287864.4,SVL,c,-11.295,0.2639,0,in range
GRID_04614,-77.634,162.819,398204.2,-1287901.8,SVL,c,-12.112,0.3775,0,in range
GRID_04615,-77.631,162.778,399223.4,-1287931.4,SVL,c,-8.371,0.7992,0,in range
GRID_04616,-77.629,162.738,400187.6,-1287862.3,SVL,n,-9.055,0.8665,1,litho
GRID_04618,-77.607,162.414,408194.4,-1287883.6,SVL,d,-10.419,0.4015,0,in range
GRID_04619,-77.604,162.373,409215.7,-1287905.4,SVL,d,-9.556,0.3956,0,in range
GRID_04620,-77.661,163.091,391222.7,-1286938.8,SVL,c,-12.773,0.5296,0,in range
GRID_04621,-77.659,163.05,392207.6,-1286868.7,SVL,c,-11.586,0.5022,0,in range
GRID_04622,-77.656,163.009,393224.7,-1286903.0,SVL,c,-11.812,0.596,0,in range
GRID_04623,-77.653,162.969,394219.6,-1286943.4,SVL,c,-12.614,0.3887,0,in range
GRID_04624,-77.651,162.928,395204.9,-1286871.1,SVL,c,-13.376,0.3909,0,in range
GRID_04625,-77.648,162.887,396222.7,-1286903.1,SVL,c,-11.984,0.2412,0,in range
GRID_04626,-77.645,162.847,397218.3,-1286941.1,SVL,n,-10.533,0.4218,1,litho
GRID_04627,-77.643,162.806,398204.1,-1286866.5,SVL,c,-12.293,0.5679,0,in range
GRID_04628,-77.64,162.766,399200.1,-1286903.1,SVL,c,-11.763,0.2253,0,in range
GRID_04629,-77.637,162.725,400218.7,-1286931.9,SVL,c,-11.225,0.2165,0,in range
GRID_04631,-77.626,162.563,404218.1,-1286948.5,SVL,g,-8.501,0.9111,0,in range
GRID_04632,-77.613,162.361,409185.7,-1286877.0,SVL,d,-9.873,0.5685,0,in range
GRID_04633,-77.602,162.199,413192.2,-1286866.0,SVL,s,-9.504,0.074,0,in range
GRID_04634,-77.659,162.916,395216.2,-1285947.9,SVL,c,-11.501,0.603,0,in range
GRID_04635,-77.657,162.875,396201.0,-1285874.8,SVL,c,-11.792,0.1491,0,in range
GRID_04636,-77.654,162.834,397218.4,-1285906.0,SVL,c,-12.222,0.6523,0,in range
GRID_04637,-77.651,162.794,398213.5,-1285943.3,SVL,n,-12.299,0.4772,1,litho
GRID_04638,-77.649,162.753,399198.8,-1285867.9,SVL,c,-12.651,0.1733,0,in range
GRID_04639,-77.641,162.631,402198.3,-1285854.1,SVL,g,-9.876,0.5296,0,in range
GRID_04640,-77.632,162.51,405210.2,-1285945.2,SVL,d,-10.626,0.4109,0,in range
GRID_04641,-77.668,162.903,395217.2,-1284912.9,SVL,c,-12.386,0.4769,0,in range
GRID_04642,-77.666,162.862,396201.3,-1284839.8,SVL,n,-10.57,0.572,1,litho
GRID_04643,-77.663,162.822,397195.6,-1284877.9,SVL,c,-12.707,0.4556,0,in range
GRID_04644,-77.66,162.781,398212.5,-1284908.2,SVL,c,-11.961,0.2749,0,in range
GRID_04645,-77.657,162.74,399229.7,-1284937.8,SVL,n,-10.587,0.3931,1,litho
GRID_04646,-77.655,162.7,400192.0,-1284868.6,SVL,c,-12.052,0.6038,0,in range
GRID_04647,-77.652,162.659,401209.6,-1284896.6,SVL,c,-11.532,0.6295,0,in range
GRID_04648,-77.649,162.618,402227.4,-1284923.8,SVL,g,-9.023,0.4912,0,in range
GRID_04649,-77.647,162.578,403190.2,-1284852.3,SVL,g,-7.934,0.9433,0,in range
GRID_04650,-77.644,162.537,404208.4,-1284878.0,SVL,d,-10.623,0.3823,0,in range
GRID_04651,-77.677,162.891,395195.3,-1283884.9,SVL,c,-12.99,0.4167,0,in range
GRID_04652,-77.674,162.85,396211.2,-1283916.8,SVL,n,-11.843,0.5871,1,litho
GRID_04653,-77.672,162.809,397194.8,-1283842.9,SVL,c,-12.0,0.2348,0,in range
GRID_04654,-77.669,162.768,398211.0,-1283873.2,SVL,n,-11.26,0.4004,1,litho
GRID_04655,-77.666,162.728,399205.1,-1283909.7,SVL,c,-12.978,0.3425,0,in range
GRID_04656,-77.663,162.687,400221.9,-1283938.4,SVL,c,-12.664,0.3725,0,in range
GRID_04657,-77.661,162.646,401206.1,-1283861.5,SVL,c,-11.907,0.4373,0,in range
GRID_04658,-77.658,162.606,402200.9,-1283895.7,SVL,c,-12.458,0.2929,0,in range
GRID_04659,-77.655,162.565,403218.3,-1283922.1,SVL,g,-9.506,0.5455,0,in range
GRID_04661,-77.688,162.919,394212.8,-1282922.4,SVL,n,-11.194,0.476,1,litho
GRID_04662,-77.686,162.878,395195.5,-1282850.0,SVL,c,-12.222,0.4787,0,in range
GRID_04664,-77.68,162.796,397226.0,-1282912.9,SVL,c,-12.763,0.531,0,in range
GRID_04666,-77.675,162.715,399202.6,-1282874.7,SVL,g,-10.031,0.381,0,in range
GRID_04667,-77.672,162.674,400218.7,-1282903.4,SVL,c,-12.791,0.1985,0,in range
GRID_04668,-77.669,162.634,401212.6,-1282938.4,SVL,g,-7.335,0.8191,0,in range
GRID_04669,-77.667,162.593,402196.3,-1282860.7,SVL,c,-11.918,0.318,0,in range
GRID_04670,-77.664,162.552,403213.0,-1282887.0,SVL,g,-9.744,0.5528,0,in range
GRID_04671,-77.656,162.431,406186.8,-1282870.8,SVL,d,-11.121,0.3351,0,in range
GRID_04672,-77.642,162.228,411199.0,-1282888.7,SVL,g,-10.422,0.4197,0,in range
GRID_04673,-77.708,163.07,390190.4,-1281854.4,SVL,n,-10.883,0.3215,1,litho
GRID_04674,-77.705,163.029,391203.8,-1281890.2,SVL,n,-10.357,0.397,1,litho
GRID_04676,-77.689,162.784,397202.0,-1281885.0,SVL,c,-12.062,0.1201,0,in range
GRID_04677,-77.686,162.743,398217.0,-1281915.3,SVL,g,-11.631,0.36,0,in range
GRID_04678,-77.684,162.702,399199.6,-1281839.8,SVL,g,-11.188,0.2025,0,in range
GRID_04679,-77.681,162.662,400192.6,-1281875.5,SVL,g,-10.353,0.4869,0,in range
GRID_04680,-77.678,162.621,401208.3,-1281903.4,SVL,c,-12.27,0.3733,0,in range
GRID_04681,-77.675,162.58,402224.2,-1281930.6,SVL,c,-11.844,0.2219,0,in range
GRID_04682,-77.667,162.458,405217.8,-1281909.4,SVL,d,-9.817,0.7131,0,in range
GRID_04683,-77.716,163.057,390225.1,-1280925.0,SVL,n,-10.799,0.3873,1,litho
GRID_04685,-77.695,162.73,398214.2,-1280880.5,SVL,c,-12.543,0.5273,0,in range
GRID_04686,-77.692,162.69,399206.5,-1280916.9,SVL,g,-10.677,0.4243,0,in range
GRID_04688,-77.687,162.608,401203.5,-1280868.6,SVL,c,-12.858,0.4369,0,in range
GRID_04689,-77.684,162.568,402196.4,-1280902.7,SVL,c,-8.478,1.0046,0,in range
GRID_04690,-77.681,162.527,403211.8,-1280929.0,SVL,g,-10.022,0.313,0,in range
GRID_04691,-77.679,162.486,404194.5,-1280849.8,SVL,c,-11.676,0.282,0,in range
GRID_04692,-77.676,162.445,405210.4,-1280874.5,SVL,g,-9.433,0.5588,0,in range
GRID_04693,-77.662,162.243,410192.9,-1280903.1,SVL,d,-10.024,0.5619,0,in range
GRID_04695,-77.706,162.759,397207.6,-1279927.5,SVL,g,-9.036,0.506,0,in range
GRID_04696,-77.704,162.718,398188.7,-1279852.8,SVL,c,-9.96,0.8015,0,in range
GRID_04697,-77.701,162.677,399202.6,-1279882.2,SVL,g,-10.937,0.4979,0,in range
GRID_04698,-77.698,162.636,400216.8,-1279910.9,SVL,c,-11.946,0.2136,0,in range
GRID_04699,-77.695,162.595,401231.1,-1279938.7,SVL,c,-12.285,0.0684,0,in range
GRID_04700,-77.693,162.555,402190.5,-1279867.9,SVL,c,-11.319,0.5806,0,in range
GRID_04701,-77.69,162.514,403205.3,-1279894.2,SVL,c,-12.381,0.362,0,in range
GRID_04702,-77.687,162.473,404220.4,-1279919.7,SVL,c,-11.822,0.2734,0,in range
GRID_04703,-77.679,162.351,407211.3,-1279893.9,SVL,c,-11.594,0.5124,0,in range
GRID_04704,-77.676,162.311,408204.9,-1279923.3,SVL,c,-11.686,0.0562,0,in range
GRID_04705,-77.673,162.27,409221.1,-1279944.9,SVL,c,-11.514,0.2112,0,in range
GRID_04706,-77.668,162.189,411198.2,-1279888.2,SVL,g,-10.059,0.4317,0,in range
GRID_04710,-77.712,162.705,398217.8,-1278923.1,SVL,g,-10.244,0.5213,0,in range
GRID_04711,-77.71,162.664,399198.3,-1278847.6,SVL,g,-9.558,0.6404,0,in range
GRID_04712,-77.707,162.623,400211.8,-1278876.2,SVL,c,-10.83,0.5144,0,in range
GRID_04714,-77.701,162.542,402217.2,-1278938.1,SVL,c,-12.318,0.3842,0,in range
GRID_04715,-77.699,162.501,403198.3,-1278859.5,SVL,c,-12.013,0.364,0,in range
GRID_04716,-77.696,162.46,404212.7,-1278885.0,SVL,c,-12.273,0.153,0,in range
GRID_04717,-77.693,162.42,405205.0,-1278916.8,SVL,c,-11.331,0.6683,0,in range
GRID_04719,-77.688,162.338,407201.6,-1278859.1,SVL,d,-10.269,0.439,0,in range
GRID_04720,-77.685,162.298,408194.6,-1278888.5,SVL,g,-9.153,0.3549,0,in range
GRID_04721,-77.721,162.692,398213.7,-1277888.6,SVL,g,-9.405,0.417,0,in range
GRID_04722,-77.718,162.652,399204.0,-1277924.9,SVL,g,-9.51,0.4978,1,slope
GRID_04723,-77.713,162.57,401197.1,-1277876.4,SVL,c,-11.494,0.1244,0,in range
GRID_04724,-77.71,162.529,402210.4,-1277903.5,SVL,g,-11.036,0.2845,0,in range
GRID_04725,-77.705,162.448,404182.3,-1277857.4,SVL,g,-10.946,0.3045,0,in range
GRID_04726,-77.702,162.407,405196.2,-1277882.1,SVL,c,-11.339,0.2968,0,in range
GRID_04727,-77.699,162.366,406210.4,-1277906.0,SVL,c,-11.718,0.4792,0,in range
GRID_04728,-77.696,162.325,407224.9,-1277929.0,SVL,c,-12.474,0.2033,0,in range
GRID_04729,-77.694,162.285,408183.8,-1277853.8,SVL,d,-10.329,0.4635,0,in range
GRID_04730,-77.691,162.244,409198.7,-1277875.3,SVL,d,-10.04,0.2602,0,in range
GRID_04731,-77.746,162.925,392207.2,-1276871.5,SVL,g,-9.601,0.3283,0,in range
GRID_04732,-77.738,162.802,395207.3,-1276866.3,SVL,g,-9.689,0.4325,0,in range
GRID_04733,-77.735,162.761,396218.6,-1276898.0,SVL,g,-9.316,0.7391,0,in range
GRID_04734,-77.727,162.639,399198.9,-1276890.4,SVL,g,-6.442,1.1396,0,in range
GRID_04735,-77.722,162.557,401190.6,-1276841.9,SVL,c,-11.493,0.2529,0,in range
GRID_04736,-77.719,162.516,402203.2,-1276868.9,SVL,g,-10.557,0.4133,0,in range
GRID_04737,-77.716,162.475,403216.1,-1276895.1,SVL,c,-12.055,0.3531,0,in range
GRID_04738,-77.711,162.394,405187.1,-1276847.5,SVL,g,-10.16,0.4253,0,in range
GRID_04739,-77.708,162.353,406200.6,-1276871.3,SVL,c,-11.334,0.3711,0,in range
GRID_04740,-77.705,162.312,407214.3,-1276894.4,SVL,g,-10.113,0.4162,0,in range
GRID_04742,-77.749,162.831,394204.2,-1275911.4,SVL,g,-9.607,0.6589,0,in range
GRID_04743,-77.744,162.749,396192.8,-1275870.6,SVL,g,-9.723,0.515,0,in range
GRID_04744,-77.741,162.708,397203.6,-1275901.5,SVL,g,-10.448,0.3399,0,in range
GRID_04746,-77.73,162.544,401216.6,-1275912.3,SVL,c,-11.633,0.1555,0,in range
GRID_04747,-77.727,162.503,402228.7,-1275939.3,SVL,c,-13.215,0.3064,0,in range
GRID_04748,-77.725,162.463,403185.6,-1275867.7,SVL,c,-12.589,0.1397,1,aspect
GRID_04749,-77.722,162.422,404198.0,-1275893.1,SVL,c,-11.992,0.4566,0,in range
GRID_04750,-77.714,162.299,407203.4,-1275859.9,SVL,c,-11.469,0.337,0,in range
GRID_04751,-77.711,162.259,408194.4,-1275889.2,SVL,c,-12.004,0.2338,0,in range
GRID_04752,-77.755,162.777,395211.4,-1274909.7,SVL,g,-9.108,0.3944,0,in range
GRID_04753,-77.744,162.613,399220.1,-1274926.6,SVL,g,-8.108,0.8264,0,in range
GRID_04754,-77.742,162.572,400198.2,-1274850.3,SVL,g,-10.147,0.3835,0,in range
GRID_04755,-77.731,162.409,404188.6,-1274858.7,SVL,c,-13.04,0.3513,0,in range
GRID_04756,-77.728,162.368,405200.6,-1274883.3,SVL,c,-12.724,0.3416,0,in range
GRID_04757,-77.725,162.327,406212.9,-1274907.1,SVL,c,-12.108,0.6407,0,in range
GRID_04758,-77.72,162.246,408182.4,-1274854.8,SVL,c,-12.639,0.5998,0,in range
GRID_04759,-77.717,162.205,409195.3,-1274876.2,SVL,c,-12.343,0.2581,0,in range
GRID_04760,-77.761,162.723,396217.0,-1273907.1,SVL,g,-10.014,0.2814,0,in range
GRID_04761,-77.758,162.682,397226.6,-1273938.0,SVL,g,-9.815,0.4274,0,in range
GRID_04762,-77.753,162.6,399213.7,-1273892.4,SVL,g,-10.107,0.2086,0,in range
GRID_04763,-77.748,162.518,401201.5,-1273843.7,SVL,d,-11.041,0.3537,0,in range
GRID_04764,-77.742,162.437,403200.8,-1273903.8,SVL,c,-11.632,0.3839,0,in range
GRID_04765,-77.739,162.396,404212.0,-1273929.1,SVL,c,-11.39,0.2985,0,in range
GRID_04766,-77.737,162.355,405190.1,-1273849.0,SVL,c,-12.354,0.2893,0,in range
GRID_04767,-77.734,162.314,406201.7,-1273872.7,SVL,c,-12.248,0.7707,0,in range
GRID_04768,-77.731,162.273,407213.5,-1273895.7,SVL,c,-11.551,0.5279,0,in range
GRID_04769,-77.77,162.71,396212.1,-1272873.1,SVL,c,-11.025,0.7906,0,in range
GRID_04770,-77.767,162.669,397221.0,-1272903.9,SVL,g,-9.456,0.4221,0,in range
GRID_04771,-77.764,162.628,398230.2,-1272933.9,SVL,d,-10.875,0.4951,0,in range
GRID_04772,-77.751,162.424,403191.3,-1272869.6,SVL,g,-8.209,0.846,0,in range
GRID_04773,-77.748,162.383,404201.8,-1272894.9,SVL,g,-10.266,0.257,0,in range
GRID_04774,-77.745,162.342,405212.5,-1272919.4,SVL,c,-10.977,0.293,0,in range
GRID_04775,-77.742,162.301,406223.5,-1272943.1,SVL,c,-11.067,0.258,0,in range
GRID_04776,-77.74,162.26,407201.2,-1272861.4,SVL,c,-11.285,0.2894,0,in range
GRID_04777,-77.737,162.22,408190.4,-1272890.7,SVL,c,-11.86,0.2501,0,in range
GRID_04778,-77.779,162.698,396184.6,-1271846.0,SVL,c,-11.479,0.6251,0,in range
GRID_04779,-77.776,162.657,397192.9,-1271876.8,SVL,c,-10.923,0.7921,0,in range
GRID_04780,-77.773,162.616,398201.4,-1271906.8,SVL,g,-8.515,0.9133,0,in range
GRID_04781,-77.77,162.575,399210.1,-1271936.0,SVL,d,-8.982,0.8835,0,in range
GRID_04782,-77.759,162.411,403214.4,-1271940.2,SVL,g,-10.439,0.4383,0,in range
GRID_04783,-77.754,162.329,405201.1,-1271885.2,SVL,d,-9.922,0.4111,0,in range
GRID_04784,-77.748,162.247,407222.0,-1271931.9,SVL,g,-9.148,0.6233,0,in range
GRID_04785,-77.746,162.206,408199.2,-1271849.4,SVL,g,-11.208,0.3807,0,in range
GRID_04786,-77.787,162.685,396211.6,-1270917.0,SVL,c,-11.188,0.7582,0,in range
GRID_04787,-77.785,162.644,397186.5,-1270842.8,SVL,g,-9.488,0.8002,1,slope
GRID_04788,-77.782,162.603,398194.3,-1270872.8,SVL,g,-9.292,0.4134,0,in range
GRID_04789,-77.776,162.521,400210.7,-1270930.4,SVL,d,-9.663,0.512,0,in range
GRID_04790,-77.768,162.398,403204.0,-1270906.1,SVL,g,-10.008,0.3568,0,in range
GRID_04791,-77.757,162.234,407208.9,-1270897.7,SVL,d,-9.887,0.3023,0,in range
GRID_04792,-77.793,162.631,397212.4,-1269913.8,SVL,c,-11.285,0.3455,0,in range
GRID_04793,-77.79,162.59,398219.7,-1269943.8,SVL,g,-10.128,0.178,0,in range
GRID_04794,-77.788,162.549,399194.2,-1269868.1,SVL,g,-9.622,0.4227,0,in range
GRID_04795,-77.782,162.467,401209.8,-1269924.1,SVL,g,-9.436,0.3771,0,in range
GRID_04796,-77.78,162.426,402184.8,-1269846.1,SVL,d,-10.903,0.6863,0,in range
GRID_04797,-77.777,162.385,403193.1,-1269872.1,SVL,d,-6.747,0.9749,0,in range
GRID_04798,-77.763,162.18,408204.7,-1269885.8,SVL,d,-9.236,0.7056,0,in range
GRID_04799,-77.802,162.618,397205.2,-1268880.1,SVL,c,-11.122,0.7786,0,in range
GRID_04800,-77.799,162.577,398211.8,-1268910.0,SVL,c,-10.978,0.4244,0,in range
GRID_04801,-77.796,162.536,399218.6,-1268939.1,SVL,g,-9.821,0.3713,0,in range
GRID_04802,-77.794,162.495,400192.6,-1268862.6,SVL,g,-6.545,0.965,0,in range
GRID_04803,-77.788,162.413,402207.3,-1268917.0,SVL,g,-8.715,0.7977,0,in range
GRID_04804,-77.808,162.564,398203.4,-1267876.3,SVL,c,-10.841,0.4276,0,in range
GRID_04805,-77.805,162.523,399209.5,-1267905.4,SVL,c,-11.064,0.6658,0,in range
GRID_04806,-77.802,162.482,400215.9,-1267933.7,SVL,c,-11.271,0.3162,0,in range
GRID_04807,-77.8,162.441,401189.4,-1267856.4,SVL,c,-12.815,0.3437,0,in range
GRID_04808,-77.797,162.4,402196.2,-1267883.2,SVL,c,-11.932,0.313,0,in range
GRID_04809,-77.794,162.359,403203.3,-1267909.2,SVL,g,-9.149,0.3877,0,in range
GRID_04810,-77.789,162.277,405184.7,-1267854.1,SVL,d,-10.95,0.3528,0,in range
GRID_04811,-77.803,162.21,406197.1,-1265914.8,SVL,n,-9.547,0.7092,1,litho
GRID_04812,-77.38,162.043,424218.4,-1308951.7,SVL,c,-11.643,0.4159,0,in range
GRID_04813,-77.392,162.07,423195.3,-1307896.1,SVL,c,-10.664,1.0347,0,in range
GRID_04814,-77.664,163.132,390206.0,-1286902.9,SVL,c,-10.547,0.4212,0,in range
GRID_04815,-77.673,163.119,390210.8,-1285867.9,SVL,n,-10.689,0.5163,1,litho
GRID_04816,-77.667,163.038,392220.6,-1285945.7,SVL,c,-10.857,0.2877,0,in range
GRID_04817,-77.665,162.997,393205.0,-1285874.9,SVL,c,-10.981,0.4695,0,in range
GRID_04818,-77.662,162.956,394221.7,-1285908.3,SVL,c,-12.104,0.5262,0,in range
GRID_04819,-77.687,163.189,388194.6,-1284871.0,SVL,n,-10.732,0.3937,1,litho
GRID_04820,-77.676,163.025,392223.7,-1284910.7,SVL,n,-9.958,0.3218,1,litho
GRID_04821,-77.674,162.985,393184.9,-1284846.7,SVL,n,-9.788,0.5149,1,litho
GRID_04822,-77.671,162.944,394200.9,-1284880.2,SVL,c,-10.909,0.3836,0,in range
GRID_04823,-77.693,163.135,389214.1,-1283873.6,SVL,n,-8.97,0.741,1,litho
GRID_04824,-77.685,163.013,392203.8,-1283882.7,SVL,n,-9.616,0.5994,1,litho
GRID_04825,-77.682,162.972,393219.0,-1283916.9,SVL,n,-10.351,0.7135,1,litho
GRID_04826,-77.68,162.931,394202.1,-1283845.3,SVL,n,-12.294,0.5818,1,litho
GRID_04827,-77.702,163.123,389195.9,-1282845.7,SVL,n,-10.011,0.4618,1,litho
GRID_04828,-77.699,163.082,390209.7,-1282882.3,SVL,n,-10.126,0.546,1,litho
GRID_04829,-77.697,162.906,394213.2,-1281887.6,SVL,n,-9.391,0.9819,1,litho
GRID_04832,-77.752,163.319,383228.2,-1278906.9,SVL,c,-8.638,0.6097,0,in range
GRID_04833,-77.761,163.307,383212.0,-1277879.4,SVL,n,-11.84,0.4266,1,litho
GRID_04834,-77.77,163.295,383195.4,-1276852.0,SVL,n,-10.328,0.4449,1,litho
GRID_04835,-77.767,163.254,384204.0,-1276893.1,SVL,c,-11.433,0.3872,0,in range
GRID_04837,-77.776,163.241,384208.6,-1275859.1,SVL,g,-8.135,0.8018,0,in range
GRID_04838,-77.773,163.2,385216.7,-1275899.4,SVL,c,-5.233,0.9651,0,in range
GRID_04839,-77.787,163.27,383214.9,-1274896.0,SVL,g,-9.751,0.2074,0,in range
GRID_04840,-77.784,163.229,384222.2,-1274937.1,SVL,g,-10.594,0.3964,0,in range
GRID_04841,-77.796,163.258,383197.0,-1273868.9,SVL,c,-12.304,0.4868,0,in range
GRID_04842,-77.793,163.216,384225.9,-1273903.2,SVL,g,-9.874,0.3424,0,in range
GRID_04843,-77.788,163.134,386208.1,-1273877.7,SVL,g,-8.459,0.6628,0,in range
GRID_04844,-77.799,163.163,385213.2,-1272916.3,SVL,g,-6.643,0.8316,0,in range
GRID_04845,-77.797,163.122,386187.8,-1272850.6,SVL,g,-9.287,0.5016,0,in range
GRID_04846,-77.794,163.08,387216.7,-1272882.5,SVL,g,-9.128,0.1819,0,in range
GRID_04847,-77.808,163.15,385215.4,-1271882.6,SVL,c,-10.492,0.585,0,in range
GRID_04848,-77.805,163.109,386221.2,-1271921.9,SVL,g,-8.528,0.7032,0,in range
GRID_04849,-77.803,163.068,387195.3,-1271855.4,SVL,g,-9.694,0.5217,0,in range
GRID_04850,-77.8,163.027,388201.5,-1271893.3,SVL,g,-9.774,0.3597,0,in range
GRID_04851,-77.817,163.138,385195.0,-1270855.6,SVL,g,-10.722,0.263,0,in range
GRID_04852,-77.814,163.097,386200.1,-1270895.0,SVL,g,-10.484,0.4088,0,in range
GRID_04853,-77.811,163.055,387227.7,-1270926.8,SVL,c,-11.213,0.3503,0,in range
GRID_04854,-77.809,163.014,388201.2,-1270859.5,SVL,g,-9.208,0.7321,0,in range
GRID_04855,-77.806,162.973,389207.0,-1270896.6,SVL,g,-10.099,0.4338,0,in range
GRID_04856,-77.825,163.125,385228.2,-1269927.2,SVL,c,-11.097,0.2819,0,in range
GRID_04857,-77.823,163.084,386200.8,-1269861.4,SVL,g,-10.017,0.3415,0,in range
GRID_04858,-77.82,163.043,387205.5,-1269900.0,SVL,g,-10.372,0.1938,0,in range
GRID_04859,-77.817,163.001,388232.6,-1269931.0,SVL,g,-9.465,0.455,0,in range
GRID_04860,-77.815,162.96,389205.7,-1269862.9,SVL,g,-9.009,0.4427,0,in range
GRID_04861,-77.831,163.071,386233.0,-1268933.0,SVL,g,-9.267,0.6565,0,in range
GRID_04862,-77.829,163.03,387205.0,-1268866.4,SVL,g,-9.753,0.2156,0,in range
GRID_04863,-77.823,162.948,389213.9,-1268941.1,SVL,g,-9.479,0.3925,0,in range
GRID_04864,-77.84,163.059,386210.6,-1267906.3,SVL,g,-10.499,0.2764,0,in range
GRID_04865,-77.829,162.894,390215.8,-1267943.7,SVL,g,-9.524,0.6054,0,in range
GRID_04866,-77.857,163.17,383212.9,-1266864.6,SVL,g,-8.965,0.5342,0,in range
GRID_04867,-77.849,163.046,386210.0,-1266872.9,SVL,g,-9.698,0.3015,0,in range
GRID_04868,-77.841,162.922,389209.0,-1266874.2,SVL,g,-8.299,0.9021,0,in range
GRID_04869,-77.838,162.881,390212.4,-1266910.3,SVL,g,-9.501,0.5092,0,in range
GRID_04870,-77.856,162.855,390204.4,-1264843.6,SVL,g,-9.51,0.3648,0,in range
GRID_04871,-77.864,162.843,390210.0,-1263922.2,SVL,g,-9.888,0.5386,0,in range
GRID_04872,-77.922,162.849,388199.0,-1257875.4,SVL,d,-9.785,0.425,0,in range
GRID_04873,-76.866,161.809,447213.4,-1360927.8,SVL,d,-7.774,1.4914,0,in range
GRID_04874,-76.863,161.771,448219.2,-1360944.5,SVL,c,-7.61,1.4905,0,in range
GRID_04875,-76.86,161.733,449225.2,-1360960.5,SVL,c,-7.721,0.8698,0,in range
GRID_04876,-76.858,161.695,450196.9,-1360871.3,SVL,d,-7.958,0.7718,0,in range
GRID_04877,-76.875,161.797,447189.0,-1359893.1,SVL,d,-6.862,1.0084,0,in range
GRID_04878,-76.872,161.759,448194.2,-1359909.8,SVL,d,-8.282,1.3463,0,in range
GRID_04879,-76.903,161.797,446226.3,-1356965.5,SVL,g,-6.376,1.3778,0,in range
GRID_04880,-76.886,161.569,452214.1,-1356954.2,SVL,d,-8.295,0.5279,0,in range
GRID_04881,-76.906,161.708,448230.0,-1355957.2,SVL,d,-6.722,0.9684,0,in range
GRID_04882,-76.895,161.556,452208.6,-1355911.8,SVL,d,-8.005,0.7835,0,in range
GRID_04883,-76.901,161.506,453182.2,-1354890.4,SVL,d,-7.205,1.2673,0,in range
GRID_04884,-76.932,161.798,445205.6,-1353941.3,SVL,d,-6.486,1.255,0,in range
GRID_04885,-77.036,161.646,445192.2,-1341893.3,SVL,g,-5.084,1.029,0,in range
GRID_04886,-77.073,162.019,435190.3,-1340890.9,SVL,c,-7.426,0.8859,0,in range
GRID_04887,-77.05,161.71,443209.6,-1340927.1,SVL,g,-5.957,1.2267,0,in range
GRID_04888,-77.044,161.633,445219.3,-1340956.8,SVL,g,-6.089,1.524,0,in range
GRID_04889,-77.308,162.106,425211.5,-1316951.6,SVL,n,-8.183,1.1868,1,litho
GRID_04890,-77.314,162.054,426203.2,-1315937.4,SVL,n,-7.444,1.0593,1,litho
GRID_04891,-77.326,162.08,425200.0,-1314875.1,SVL,d,-7.522,1.0306,0,in range
GRID_04892,-77.337,162.107,424208.7,-1313924.3,SVL,d,-7.593,1.0659,0,in range
GRID_04893,-77.346,162.094,424202.5,-1312886.2,SVL,d,-8.176,1.0218,0,in range
GRID_04894,-77.355,162.081,424195.9,-1311848.3,SVL,c,-9.581,0.7768,0,in range
GRID_04895,-77.207,162.426,421203.6,-1329895.5,SVL,g,-7.466,1.3366,0,in range
GRID_04896,-77.221,162.492,419208.1,-1328911.3,SVL,n,-6.403,1.2571,1,litho
GRID_04897,-77.216,162.414,421183.0,-1328863.6,SVL,g,-6.226,1.2243,0,in range
GRID_04898,-77.23,162.48,419188.4,-1327879.5,SVL,d,-6.98,1.0145,0,in range
GRID_04899,-77.227,162.44,420214.9,-1327901.1,SVL,d,-6.28,0.8427,0,in range
GRID_04900,-77.256,162.442,419206.4,-1324874.8,SVL,g,-6.837,1.6141,0,in range
GRID_04901,-77.08,162.52,423217.6,-1343910.4,SVL,n,-7.891,0.8029,1,litho
GRID_04902,-77.109,162.522,422212.5,-1340881.9,SVL,n,-6.854,0.7451,1,litho
GRID_04903,-77.106,162.484,423201.0,-1340916.4,SVL,n,-6.609,0.9885,1,litho
GRID_04904,-77.09,162.122,432204.9,-1339891.1,SVL,g,-6.02,1.1972,0,in range
GRID_04905,-77.101,162.148,431225.9,-1338935.1,SVL,g,-5.991,1.3752,0,in range
GRID_04906,-77.098,162.11,432215.2,-1338962.9,SVL,g,-5.943,1.3205,0,in range
GRID_04907,-77.11,162.136,431202.6,-1337902.4,SVL,g,-7.154,0.947,0,in range
GRID_04908,-77.104,162.058,433226.9,-1337942.1,SVL,g,-5.948,1.3201,0,in range
GRID_04909,-77.495,163.017,398213.7,-1303881.9,SVL,d,-9.604,0.391,0,in range
GRID_04910,-77.515,163.033,397208.0,-1301890.2,SVL,g,-10.203,0.4193,0,in range
GRID_04911,-77.51,162.952,399209.2,-1301852.8,SVL,d,-9.974,0.6547,0,in range
GRID_04912,-77.532,163.142,394188.6,-1300855.1,SVL,d,-8.405,0.7804,0,in range
GRID_04913,-77.529,163.101,395215.3,-1300888.2,SVL,d,-11.091,0.2231,0,in range
GRID_04914,-77.526,163.061,396219.4,-1300927.5,SVL,d,-9.882,0.3603,0,in range
GRID_04915,-77.532,163.008,397229.9,-1299929.7,SVL,d,-10.358,0.6058,0,in range
GRID_04916,-77.563,162.611,405209.1,-1293894.4,SVL,n,-10.367,0.4294,1,litho
GRID_04917,-77.395,162.109,422203.6,-1307870.0,SVL,c,-12.052,0.3378,0,in range
GRID_04918,-77.409,162.176,420202.8,-1306897.4,SVL,n,-11.474,0.5637,1,litho
GRID_04919,-77.406,162.136,421216.3,-1306917.7,SVL,n,-13.195,0.824,1,litho
GRID_04920,-77.403,162.097,422207.1,-1306944.5,SVL,c,-12.208,0.3531,0,in range
GRID_04921,-77.418,162.163,420196.2,-1305860.1,SVL,c,-12.476,0.6532,0,in range
GRID_04922,-77.415,162.123,421209.0,-1305880.3,SVL,c,-12.469,0.6217,0,in range
GRID_04923,-77.429,162.19,419210.9,-1304906.5,SVL,c,-12.246,0.4594,0,in range
GRID_04924,-77.426,162.15,420222.9,-1304927.5,SVL,c,-12.993,0.4534,0,in range
GRID_04925,-77.423,162.111,421212.3,-1304955.0,SVL,c,-13.636,0.5677,0,in range
GRID_04926,-77.438,162.177,419204.1,-1303869.4,SVL,n,-12.055,0.6643,1,litho
GRID_04927,-77.435,162.138,420192.7,-1303897.7,SVL,c,-11.798,0.5195,0,in range
GRID_04928,-77.432,162.098,421204.3,-1303917.8,SVL,c,-12.152,0.4512,0,in range
GRID_04929,-77.444,162.125,420184.8,-1302860.6,SVL,c,-13.129,0.5326,0,in range
GRID_04930,-77.441,162.085,421195.7,-1302880.7,SVL,c,-12.956,0.4893,0,in range
GRID_04931,-77.449,162.072,421220.6,-1301948.3,SVL,c,-9.03,1.1296,0,in range
GRID_04932,-77.472,162.259,416198.6,-1300907.9,SVL,n,-11.203,0.4529,1,litho
GRID_04933,-77.481,162.246,416192.1,-1299871.2,SVL,n,-11.629,0.4315,1,litho
GRID_04934,-77.478,162.206,417200.3,-1299894.3,SVL,n,-11.031,0.5863,1,litho
GRID_04935,-77.489,162.233,416218.6,-1298939.2,SVL,n,-11.502,0.4028,1,litho
GRID_04936,-77.362,163.028,402231.7,-1317943.9,SVL,g,-8.839,0.8638,0,in range
GRID_04937,-77.371,163.016,402218.7,-1316913.1,SVL,g,-7.94,1.0928,0,in range
GRID_04938,-77.368,162.976,403234.5,-1316947.4,SVL,g,-7.975,0.9744,0,in range
GRID_04939,-77.325,162.342,419216.3,-1316910.5,SVL,g,-6.881,1.2187,0,in range
GRID_04940,-77.377,162.964,403220.4,-1315916.8,SVL,g,-6.708,1.6031,0,in range
GRID_04941,-77.374,162.924,404235.9,-1315950.3,SVL,g,-7.175,0.7495,0,in range
GRID_04942,-77.337,162.369,418196.0,-1315850.3,SVL,g,-7.135,1.2652,0,in range
GRID_04943,-77.334,162.33,419191.7,-1315879.7,SVL,g,-6.028,1.6325,0,in range
GRID_04944,-77.386,162.952,403205.9,-1314886.2,SVL,g,-6.403,0.8928,0,in range
GRID_04945,-77.383,162.912,404220.7,-1314919.7,SVL,g,-7.49,1.4266,0,in range
GRID_04946,-77.381,162.872,405203.3,-1314847.3,SVL,c,-9.628,0.6375,0,in range
GRID_04947,-77.378,162.833,406195.6,-1314886.4,SVL,c,-10.0,0.437,0,in range
GRID_04948,-77.375,162.793,407211.0,-1314917.6,SVL,c,-9.043,0.8359,0,in range
GRID_04949,-77.356,162.515,414213.9,-1314919.0,SVL,g,-7.923,0.5428,0,in range
GRID_04950,-77.345,162.357,418205.0,-1314924.4,SVL,g,-7.732,1.2003,0,in range
GRID_04951,-77.342,162.317,419223.1,-1314946.4,SVL,g,-6.494,0.9675,0,in range
GRID_04952,-77.34,162.278,420185.0,-1314870.2,SVL,d,-7.558,1.1005,0,in range
GRID_04953,-77.392,162.9,404205.1,-1313889.2,SVL,g,-6.171,1.0845,0,in range
GRID_04954,-77.389,162.86,405219.5,-1313921.9,SVL,g,-7.035,1.1743,0,in range
GRID_04955,-77.387,162.82,406201.6,-1313848.8,SVL,c,-9.515,1.051,0,in range
GRID_04956,-77.384,162.781,407193.5,-1313887.0,SVL,g,-8.359,0.5282,0,in range
GRID_04957,-77.381,162.741,408208.5,-1313917.4,SVL,g,-7.639,0.6979,0,in range
GRID_04958,-77.365,162.503,414191.8,-1313888.3,SVL,g,-7.185,1.2056,0,in range
GRID_04959,-77.354,162.344,418203.2,-1313886.4,SVL,g,-6.641,1.0885,0,in range
GRID_04960,-77.351,162.305,419197.7,-1313915.7,SVL,n,-7.004,1.471,1,litho
GRID_04961,-77.348,162.265,420215.3,-1313937.0,SVL,n,-9.064,1.1766,1,litho
GRID_04962,-77.346,162.225,421199.7,-1313852.7,SVL,d,-7.783,1.08,0,in range
GRID_04963,-77.398,162.848,405202.8,-1312891.4,SVL,c,-9.043,0.6935,0,in range
GRID_04964,-77.395,162.808,406216.8,-1312923.3,SVL,g,-8.059,1.0604,0,in range
GRID_04965,-77.393,162.768,407198.4,-1312849.5,SVL,g,-7.287,1.6932,0,in range
GRID_04966,-77.39,162.728,408212.8,-1312879.8,SVL,g,-8.652,0.7489,0,in range
GRID_04967,-77.387,162.689,409204.5,-1312916.6,SVL,g,-8.279,1.4053,0,in range
GRID_04968,-77.384,162.649,410219.4,-1312945.4,SVL,c,-9.586,1.1236,0,in range
GRID_04969,-77.374,162.49,414192.1,-1312850.6,SVL,g,-7.427,0.739,0,in range
GRID_04970,-77.371,162.45,415208.0,-1312875.6,SVL,c,-9.793,0.9755,0,in range
GRID_04971,-77.368,162.411,416201.3,-1312907.1,SVL,c,-9.216,0.7138,0,in range
GRID_04972,-77.363,162.331,418200.9,-1312848.6,SVL,c,-8.005,1.3731,0,in range
GRID_04973,-77.36,162.292,419194.8,-1312877.9,SVL,c,-9.065,1.0222,0,in range
GRID_04974,-77.357,162.252,420211.8,-1312899.1,SVL,n,-8.246,1.1379,1,litho
GRID_04975,-77.354,162.213,421206.1,-1312926.8,SVL,d,-7.163,1.2753,0,in range
GRID_04976,-77.404,162.796,406199.1,-1311893.0,SVL,c,-10.135,0.8559,0,in range
GRID_04977,-77.401,162.756,407212.6,-1311924.1,SVL,g,-7.466,1.1565,0,in range
GRID_04978,-77.399,162.716,408193.8,-1311849.4,SVL,g,-7.748,1.3061,0,in range
GRID_04979,-77.396,162.676,409207.7,-1311879.0,SVL,g,-7.987,1.4718,0,in range
GRID_04980,-77.393,162.636,410221.9,-1311907.9,SVL,d,-8.453,1.1972,0,in range
GRID_04981,-77.388,162.557,412195.2,-1311865.5,SVL,g,-4.741,2.1008,0,in range
GRID_04982,-77.382,162.478,414202.2,-1311925.0,SVL,g,-8.632,1.3467,0,in range
GRID_04983,-77.379,162.438,415217.6,-1311950.0,SVL,g,-9.07,1.0944,0,in range
GRID_04984,-77.377,162.398,416199.9,-1311869.4,SVL,c,-9.29,0.9267,0,in range
GRID_04985,-77.374,162.358,417215.6,-1311892.9,SVL,c,-9.199,0.7278,0,in range
GRID_04986,-77.371,162.319,418208.7,-1311922.9,SVL,c,-8.438,1.1815,0,in range
GRID_04987,-77.368,162.279,419224.9,-1311944.8,SVL,c,-9.999,1.0498,0,in range
GRID_04988,-77.366,162.24,420184.9,-1311868.6,SVL,c,-8.701,1.0193,0,in range
GRID_04989,-77.41,162.743,407216.7,-1310886.7,SVL,c,-9.438,0.8847,0,in range
GRID_04990,-77.407,162.704,408207.0,-1310924.1,SVL,c,-9.125,0.9937,0,in range
GRID_04991,-77.404,162.664,409220.4,-1310953.7,SVL,g,-7.346,0.9605,0,in range
GRID_04992,-77.399,162.584,411215.0,-1310905.6,SVL,d,-7.784,1.0505,0,in range
GRID_04993,-77.396,162.544,412229.0,-1310932.8,SVL,g,-8.356,1.3802,0,in range
GRID_04994,-77.388,162.425,415216.4,-1310912.4,SVL,n,-9.389,0.9379,1,litho
GRID_04995,-77.385,162.386,416208.5,-1310943.8,SVL,n,-8.043,1.1648,1,litho
GRID_04996,-77.383,162.346,417190.3,-1310862.5,SVL,d,-7.412,1.0237,0,in range
GRID_04997,-77.38,162.306,418205.6,-1310885.2,SVL,d,-7.333,1.2586,0,in range
GRID_04998,-77.377,162.267,419198.2,-1310914.4,SVL,c,-7.921,1.5241,0,in range
GRID_04999,-77.374,162.227,420214.0,-1310935.5,SVL,c,-8.366,1.2044,0,in range
GRID_05000,-77.421,162.771,406217.9,-1309930.4,SVL,c,-10.643,0.8412,0,in range
GRID_05001,-77.419,162.731,407197.5,-1309856.4,SVL,c,-10.13,0.8524,0,in range
GRID_05002,-77.416,162.691,408210.0,-1309886.8,SVL,c,-10.77,0.4366,0,in range
GRID_05003,-77.413,162.651,409222.7,-1309916.3,SVL,c,-11.141,0.3096,0,in range
GRID_05004,-77.41,162.612,410212.9,-1309952.2,SVL,c,-9.731,1.0317,0,in range
GRID_05005,-77.405,162.532,412206.5,-1309902.5,SVL,g,-9.098,0.7374,0,in range
GRID_05006,-77.4,162.452,414200.8,-1309849.9,SVL,n,-8.609,0.7216,1,litho
GRID_05007,-77.397,162.413,415192.0,-1309882.1,SVL,n,-8.61,0.6749,1,litho
GRID_05008,-77.394,162.373,416206.2,-1309906.2,SVL,g,-8.544,0.4321,0,in range
GRID_05009,-77.391,162.333,417220.7,-1309929.7,SVL,d,-9.962,0.7184,0,in range
GRID_05010,-77.389,162.294,418179.1,-1309854.8,SVL,d,-11.569,0.6086,0,in range
GRID_05011,-77.386,162.254,419194.0,-1309876.7,SVL,c,-11.065,0.348,0,in range
GRID_05012,-77.383,162.214,420209.2,-1309897.9,SVL,c,-11.079,0.2782,0,in range
GRID_05013,-77.38,162.175,421201.7,-1309925.6,SVL,c,-11.462,0.4303,0,in range
GRID_05014,-77.377,162.135,422217.2,-1309945.1,SVL,c,-12.262,0.4052,0,in range
GRID_05015,-77.427,162.719,407210.6,-1308931.3,SVL,c,-10.644,0.8397,0,in range
GRID_05016,-77.425,162.679,408189.8,-1308856.6,SVL,c,-10.853,0.3092,0,in range
GRID_05017,-77.422,162.639,409201.8,-1308886.1,SVL,c,-10.763,0.416,0,in range
GRID_05018,-77.419,162.599,410214.1,-1308914.9,SVL,c,-11.066,0.4046,0,in range
GRID_05019,-77.416,162.559,411226.7,-1308942.8,SVL,c,-10.572,0.4234,0,in range
GRID_05020,-77.414,162.519,412206.5,-1308865.2,SVL,c,-10.721,0.5474,1,aspect
GRID_05021,-77.394,162.241,419222.9,-1308943.9,SVL,g,-9.98,0.7388,0,in range
GRID_05022,-77.392,162.202,420181.0,-1308867.6,SVL,c,-11.208,0.6694,0,in range
GRID_05023,-77.389,162.162,421195.7,-1308888.0,SVL,c,-11.464,0.4574,0,in range
GRID_05024,-77.386,162.122,422210.7,-1308907.5,SVL,c,-11.381,0.4452,0,in range
GRID_05025,-77.444,162.826,404213.6,-1307903.8,SVL,c,-9.565,0.4089,0,in range
GRID_05026,-77.436,162.706,407213.4,-1307894.1,SVL,c,-11.306,0.3932,0,in range
GRID_05027,-77.433,162.666,408224.7,-1307924.4,SVL,c,-7.663,1.2709,0,in range
GRID_05028,-77.431,162.626,409203.3,-1307848.9,SVL,c,-11.767,0.3024,0,in range
GRID_05029,-77.428,162.587,410192.2,-1307884.8,SVL,n,-9.785,0.5061,1,litho
GRID_05030,-77.425,162.547,411204.1,-1307912.7,SVL,c,-10.904,0.4421,0,in range
GRID_05031,-77.403,162.228,419217.9,-1307906.4,SVL,n,-10.826,0.4561,1,litho
GRID_05032,-77.4,162.189,420208.9,-1307934.8,SVL,n,-11.992,0.6922,1,litho
GRID_05033,-77.398,162.149,421189.4,-1307850.4,SVL,n,-10.901,0.4458,1,litho
GRID_05034,-77.45,162.774,405205.1,-1306906.4,SVL,c,-9.75,0.8683,0,in range
GRID_05035,-77.447,162.734,406215.3,-1306938.1,SVL,c,-8.32,1.1177,0,in range
GRID_05036,-77.445,162.694,407193.0,-1306864.1,SVL,c,-11.568,0.5773,0,in range
GRID_05037,-77.442,162.654,408203.6,-1306894.4,SVL,c,-12.934,0.4074,0,in range
GRID_05038,-77.439,162.614,409214.4,-1306923.8,SVL,c,-12.003,0.244,0,in range
GRID_05039,-77.437,162.574,410192.6,-1306847.6,SVL,c,-11.343,0.4906,0,in range
GRID_05040,-77.434,162.534,411203.8,-1306875.5,SVL,n,-12.406,0.5274,1,litho
GRID_05041,-77.431,162.494,412215.3,-1306902.7,SVL,n,-10.904,0.4847,1,litho
GRID_05042,-77.428,162.454,413227.0,-1306929.1,SVL,c,-11.321,0.4265,0,in range
GRID_05043,-77.415,162.255,418199.4,-1306847.2,SVL,c,-13.162,0.2169,0,in range
GRID_05044,-77.469,162.921,401237.2,-1305945.0,SVL,g,-9.498,0.4827,0,in range
GRID_05045,-77.467,162.881,402213.6,-1305874.7,SVL,g,-10.594,0.4964,0,in range
GRID_05046,-77.464,162.841,403222.5,-1305908.7,SVL,g,-9.395,0.7733,0,in range
GRID_05047,-77.459,162.761,405208.4,-1305869.4,SVL,g,-9.153,0.3964,0,in range
GRID_05048,-77.456,162.721,406217.9,-1305901.1,SVL,g,-10.45,0.4609,0,in range
GRID_05049,-77.453,162.681,407227.7,-1305932.1,SVL,c,-10.727,0.4464,0,in range
GRID_05050,-77.451,162.641,408204.9,-1305857.3,SVL,c,-12.995,0.2425,0,in range
GRID_05051,-77.448,162.601,409215.1,-1305886.7,SVL,c,-13.486,0.2152,0,in range
GRID_05052,-77.445,162.562,410202.7,-1305922.6,SVL,c,-13.174,0.2329,0,in range
GRID_05053,-77.442,162.522,411213.4,-1305950.5,SVL,c,-12.7,0.395,0,in range
GRID_05054,-77.44,162.482,412191.2,-1305872.7,SVL,g,-9.907,0.461,0,in range
GRID_05055,-77.437,162.442,413202.2,-1305899.1,SVL,g,-8.987,0.6043,0,in range
GRID_05056,-77.423,162.243,418204.8,-1305922.0,SVL,n,-12.222,0.3691,1,litho
GRID_05057,-77.42,162.203,419217.2,-1305943.7,SVL,c,-12.099,0.6181,0,in range
GRID_05058,-77.475,162.869,402228.0,-1304950.0,SVL,g,-9.404,0.346,0,in range
GRID_05059,-77.473,162.829,403203.9,-1304878.9,SVL,g,-10.351,0.511,0,in range
GRID_05060,-77.47,162.789,404212.3,-1304912.1,SVL,g,-8.776,0.7968,0,in range
GRID_05061,-77.467,162.749,405221.0,-1304944.6,SVL,g,-10.523,0.354,0,in range
GRID_05062,-77.465,162.709,406197.3,-1304871.3,SVL,g,-9.296,0.6006,0,in range
GRID_05063,-77.462,162.669,407206.4,-1304902.2,SVL,n,-9.264,0.6657,1,litho
GRID_05064,-77.459,162.629,408215.8,-1304932.4,SVL,c,-11.308,0.3073,0,in range
GRID_05065,-77.457,162.589,409192.5,-1304856.9,SVL,c,-11.688,0.4617,0,in range
GRID_05066,-77.454,162.549,410202.3,-1304885.5,SVL,c,-10.985,0.3556,0,in range
GRID_05067,-77.451,162.509,411212.3,-1304913.4,SVL,c,-13.108,0.2036,0,in range
GRID_05068,-77.448,162.469,412222.5,-1304940.5,SVL,c,-12.228,0.3634,0,in range
GRID_05069,-77.446,162.429,413199.8,-1304862.0,SVL,c,-11.55,0.474,0,in range
GRID_05070,-77.443,162.389,414210.5,-1304887.6,SVL,g,-6.54,1.1118,0,in range
GRID_05071,-77.432,162.23,418199.1,-1304884.8,SVL,n,-11.845,0.6251,1,litho
GRID_05072,-77.482,162.817,403184.9,-1303849.2,SVL,d,-9.831,0.486,0,in range
GRID_05073,-77.473,162.696,406231.8,-1303939.5,SVL,n,-10.231,0.4084,1,litho
GRID_05074,-77.471,162.656,407207.5,-1303865.4,SVL,c,-11.297,0.4903,0,in range
GRID_05075,-77.468,162.616,408216.3,-1303895.5,SVL,g,-9.79,0.5317,0,in range
GRID_05076,-77.463,162.536,410201.4,-1303848.6,SVL,c,-11.124,0.6039,0,in range
GRID_05077,-77.46,162.496,411210.7,-1303876.5,SVL,c,-13.138,0.3932,0,in range
GRID_05078,-77.457,162.457,412197.6,-1303910.7,SVL,c,-12.817,0.2808,0,in range
GRID_05079,-77.454,162.417,413207.4,-1303937.0,SVL,c,-11.885,0.347,0,in range
GRID_05080,-77.452,162.377,414184.2,-1303857.8,SVL,n,-7.299,0.9544,1,litho
GRID_05081,-77.443,162.257,417215.6,-1303929.9,SVL,d,-11.779,0.278,0,in range
GRID_05082,-77.441,162.217,418193.0,-1303847.7,SVL,c,-12.819,0.4704,0,in range
GRID_05083,-77.493,162.844,402213.7,-1302883.6,SVL,d,-9.674,0.2548,0,in range
GRID_05084,-77.49,162.804,403220.7,-1302917.6,SVL,g,-10.148,0.5482,0,in range
GRID_05085,-77.488,162.764,404195.3,-1302845.7,SVL,n,-11.261,0.4576,1,litho
GRID_05086,-77.474,162.564,409201.8,-1302895.2,SVL,g,-10.495,0.5037,0,in range
GRID_05087,-77.471,162.524,410210.4,-1302923.8,SVL,g,-10.05,0.2602,0,in range
GRID_05088,-77.468,162.484,411219.1,-1302951.6,SVL,c,-10.964,0.7765,0,in range
GRID_05089,-77.466,162.444,412195.0,-1302873.8,SVL,c,-12.226,0.5699,0,in range
GRID_05090,-77.463,162.404,413204.2,-1302900.1,SVL,c,-11.514,0.2514,0,in range
GRID_05091,-77.46,162.364,414213.6,-1302925.6,SVL,c,-11.549,0.302,0,in range
GRID_05092,-77.457,162.324,415223.2,-1302950.4,SVL,n,-10.391,0.5001,1,litho
GRID_05093,-77.449,162.204,418220.0,-1302915.3,SVL,c,-11.638,0.5089,0,in range
GRID_05094,-77.499,162.792,403200.9,-1301888.0,SVL,d,-10.289,0.4203,0,in range
GRID_05095,-77.496,162.752,404207.4,-1301921.2,SVL,n,-10.361,0.5479,1,litho
GRID_05096,-77.483,162.551,409200.8,-1301858.5,SVL,g,-9.224,0.5826,0,in range
GRID_05097,-77.48,162.511,410208.6,-1301887.0,SVL,g,-9.508,0.6595,0,in range
GRID_05098,-77.477,162.471,411216.7,-1301914.8,SVL,g,-11.563,0.5255,0,in range
GRID_05099,-77.474,162.431,412225.1,-1301941.8,SVL,c,-12.502,0.2963,0,in range
GRID_05100,-77.472,162.391,413200.4,-1301863.3,SVL,c,-12.384,0.1401,0,in range
GRID_05101,-77.469,162.351,414209.2,-1301888.8,SVL,c,-11.867,0.2411,0,in range
GRID_05102,-77.466,162.311,415218.2,-1301913.5,SVL,n,-10.68,0.4595,1,litho
GRID_05103,-77.458,162.192,418190.3,-1301885.7,SVL,n,-11.124,0.8491,1,litho
GRID_05104,-77.508,162.779,403203.3,-1300851.5,SVL,n,-10.201,0.4619,1,litho
GRID_05105,-77.505,162.739,404209.3,-1300884.6,SVL,g,-9.524,0.3872,0,in range
GRID_05106,-77.499,162.659,406221.8,-1300948.6,SVL,d,-9.761,0.7232,0,in range
GRID_05107,-77.497,162.619,407195.6,-1300874.5,SVL,g,-9.734,0.6722,0,in range
GRID_05108,-77.494,162.579,408202.5,-1300904.5,SVL,g,-6.782,1.083,0,in range
GRID_05109,-77.491,162.539,409209.5,-1300933.8,SVL,g,-9.307,0.8001,0,in range
GRID_05110,-77.489,162.499,410183.8,-1300857.5,SVL,d,-10.154,0.4865,0,in range
GRID_05111,-77.486,162.459,411191.2,-1300885.3,SVL,n,-10.644,0.3547,1,litho
GRID_05112,-77.483,162.419,412198.9,-1300912.3,SVL,n,-11.087,0.5929,1,litho
GRID_05113,-77.48,162.379,413206.9,-1300938.5,SVL,c,-13.19,0.3099,0,in range
GRID_05114,-77.478,162.339,414181.7,-1300859.2,SVL,c,-11.713,0.3763,0,in range
GRID_05115,-77.475,162.299,415190.0,-1300884.0,SVL,n,-10.928,0.2949,1,litho
GRID_05116,-77.524,162.888,400210.4,-1299935.3,SVL,g,-7.474,0.9122,0,in range
GRID_05117,-77.516,162.767,403215.3,-1299927.1,SVL,g,-10.248,0.6029,0,in range
GRID_05118,-77.514,162.727,404188.0,-1299855.2,SVL,g,-9.809,0.5365,0,in range
GRID_05119,-77.505,162.606,407227.9,-1299942.8,SVL,g,-7.73,0.9274,1,slope
GRID_05120,-77.492,162.406,412195.0,-1299875.6,SVL,c,-11.958,0.2377,0,in range
GRID_05121,-77.489,162.366,413202.3,-1299901.9,SVL,c,-12.593,0.3181,0,in range
GRID_05122,-77.486,162.326,414209.8,-1299927.3,SVL,c,-13.173,0.3296,0,in range
GRID_05123,-77.483,162.286,415217.6,-1299952.0,SVL,c,-10.601,0.5788,0,in range
GRID_05124,-77.536,162.915,399210.2,-1298862.9,SVL,g,-9.571,0.239,0,in range
GRID_05125,-77.533,162.875,400214.0,-1298899.0,SVL,g,-9.661,0.5142,0,in range
GRID_05126,-77.53,162.835,401218.0,-1298934.4,SVL,n,-10.017,0.5542,1,litho
GRID_05127,-77.503,162.433,411217.5,-1298916.9,SVL,n,-10.493,0.5622,1,litho
GRID_05128,-77.5,162.393,412223.9,-1298943.9,SVL,n,-11.817,0.4078,1,litho
GRID_05129,-77.498,162.353,413197.3,-1298865.3,SVL,c,-11.786,0.457,0,in range
GRID_05130,-77.495,162.313,414204.2,-1298890.7,SVL,c,-13.864,0.329,0,in range
GRID_05131,-77.492,162.273,415211.3,-1298915.3,SVL,n,-12.315,0.4827,1,litho
GRID_05132,-77.547,162.943,398220.8,-1297901.9,SVL,c,-11.464,0.3786,0,in range
GRID_05133,-77.544,162.903,399223.7,-1297938.8,SVL,c,-9.98,0.8262,0,in range
GRID_05134,-77.536,162.782,402224.2,-1297932.7,SVL,n,-10.88,0.3685,1,litho
GRID_05135,-77.534,162.742,403195.4,-1297861.6,SVL,n,-10.322,0.3977,1,litho
GRID_05136,-77.531,162.702,404199.5,-1297894.6,SVL,n,-8.933,0.5702,1,litho
GRID_05137,-77.515,162.461,410185.1,-1297860.0,SVL,n,-10.368,0.6343,1,litho
GRID_05138,-77.512,162.421,411190.7,-1297887.6,SVL,n,-10.567,0.4709,1,litho
GRID_05139,-77.506,162.34,413225.2,-1297933.5,SVL,n,-11.413,0.3915,1,litho
GRID_05140,-77.504,162.3,414198.1,-1297854.2,SVL,c,-12.154,0.2643,0,in range
GRID_05141,-77.498,162.22,416211.2,-1297902.6,SVL,c,-13.444,0.4151,0,in range
GRID_05142,-77.548,162.81,401200.0,-1296869.0,SVL,n,-9.615,0.7079,1,litho
GRID_05143,-77.542,162.729,403228.8,-1296930.3,SVL,n,-10.226,0.4745,1,litho
GRID_05144,-77.518,162.368,412191.3,-1296878.2,SVL,n,-11.114,0.5206,1,litho
GRID_05145,-77.515,162.328,413196.7,-1296904.3,SVL,n,-10.82,0.3574,1,litho
GRID_05146,-77.509,162.247,415230.9,-1296947.0,SVL,c,-12.414,0.4147,0,in range
GRID_05147,-77.504,162.167,417209.7,-1296889.2,SVL,c,-13.413,0.2963,0,in range
GRID_05148,-77.572,163.04,395221.3,-1295945.9,SVL,n,-11.257,0.3624,1,litho
GRID_05149,-77.559,162.838,400209.4,-1295909.7,SVL,n,-9.523,0.6568,1,litho
GRID_05150,-77.551,162.717,403206.5,-1295901.3,SVL,n,-10.82,0.2491,1,litho
GRID_05151,-77.529,162.395,411214.4,-1295919.8,SVL,n,-10.671,0.5609,1,litho
GRID_05152,-77.521,162.275,414195.4,-1295893.3,SVL,c,-11.54,0.3485,0,in range
GRID_05153,-77.518,162.235,415200.6,-1295917.9,SVL,g,-10.166,0.5455,0,in range
GRID_05154,-77.515,162.195,416206.1,-1295941.7,SVL,c,-12.184,0.5559,0,in range
GRID_05155,-77.579,162.987,396194.8,-1294844.1,SVL,n,-9.149,0.801,1,litho
GRID_05156,-77.568,162.825,400211.3,-1294873.8,SVL,n,-10.258,0.5943,1,litho
GRID_05157,-77.565,162.785,401212.8,-1294909.0,SVL,n,-9.393,1.1499,1,litho
GRID_05158,-77.56,162.704,403206.4,-1294865.2,SVL,n,-9.495,0.6838,1,litho
GRID_05159,-77.543,162.463,409212.4,-1294939.5,SVL,n,-10.9,0.3633,1,litho
GRID_05160,-77.541,162.423,410182.7,-1294863.1,SVL,n,-10.625,0.6,1,litho
GRID_05161,-77.532,162.302,413217.1,-1294936.4,SVL,g,-10.291,0.4563,0,in range
GRID_05162,-77.53,162.262,414188.0,-1294857.0,SVL,g,-9.797,0.7516,0,in range
GRID_05163,-77.527,162.222,415192.6,-1294881.6,SVL,c,-11.899,0.4432,0,in range
GRID_05164,-77.59,163.015,395208.8,-1293881.3,SVL,n,-10.107,0.4861,1,litho
GRID_05165,-77.587,162.975,396208.6,-1293920.3,SVL,n,-9.534,0.5963,1,litho
GRID_05166,-77.582,162.894,398199.1,-1293884.1,SVL,n,-8.745,0.8095,1,litho
GRID_05167,-77.574,162.773,401191.1,-1293880.1,SVL,n,-10.475,0.4555,1,litho
GRID_05168,-77.568,162.692,403216.0,-1293941.3,SVL,n,-10.108,0.3259,1,litho
GRID_05169,-77.552,162.45,409207.9,-1293903.4,SVL,n,-11.019,0.4837,1,litho
GRID_05170,-77.599,163.003,395190.7,-1292852.5,SVL,n,-10.135,0.4262,1,litho
GRID_05171,-77.596,162.962,396212.3,-1292884.6,SVL,n,-8.957,0.6338,1,litho
GRID_05172,-76.856,162.453,432220.6,-1366917.9,SVL,g,0.259,1.4328,0,in range
GRID_05173,-76.879,162.506,430195.0,-1364902.6,SVL,g,0.183,1.4078,0,in range
GRID_05174,-76.865,162.315,435210.7,-1364929.1,SVL,g,-5.101,1.3267,0,in range
GRID_05175,-76.888,162.493,430206.7,-1363860.3,SVL,g,0.96,1.507,0,in range
GRID_05176,-76.885,162.455,431210.7,-1363889.5,SVL,g,0.53,1.6302,0,in range
GRID_05177,-76.871,162.265,436200.5,-1363919.7,SVL,g,-6.374,0.988,0,in range
GRID_05178,-76.893,162.443,431230.7,-1362959.6,SVL,g,-8.43,1.0667,0,in range
GRID_05179,-76.88,162.252,436208.0,-1362877.3,SVL,g,-5.524,1.1078,0,in range
GRID_05180,-76.91,162.546,428218.6,-1361947.8,SVL,c,-5.702,0.6612,0,in range
GRID_05181,-76.908,162.508,429188.0,-1361873.4,SVL,c,-8.224,1.458,0,in range
GRID_05182,-76.905,162.469,430214.3,-1361895.8,SVL,g,-8.133,1.0665,0,in range
GRID_05183,-76.891,162.278,435221.0,-1361921.8,SVL,g,-6.778,0.8112,0,in range
GRID_05184,-76.888,162.24,436224.8,-1361947.3,SVL,g,-6.926,1.3314,0,in range
GRID_05185,-76.919,162.534,428206.6,-1360913.2,SVL,d,-7.446,0.654,0,in range
GRID_05186,-76.916,162.496,429208.4,-1360943.8,SVL,d,-7.921,0.5198,0,in range
GRID_05187,-76.914,162.457,430201.0,-1360861.2,SVL,d,-7.027,1.0482,0,in range
GRID_05188,-76.911,162.419,431203.2,-1360890.3,SVL,c,-8.833,0.7608,0,in range
GRID_05189,-76.886,162.075,440212.9,-1360894.9,SVL,g,-7.515,0.9023,0,in range
GRID_05190,-76.869,161.847,446207.9,-1360910.3,SVL,d,-7.84,0.8719,0,in range
GRID_05191,-76.928,162.522,428194.1,-1359878.7,SVL,d,-1.111,1.649,0,in range
GRID_05192,-76.925,162.483,429219.0,-1359901.8,SVL,d,-7.576,0.7934,0,in range
GRID_05193,-76.922,162.445,430220.4,-1359931.6,SVL,d,-6.533,1.4621,0,in range
GRID_05194,-76.919,162.407,431222.1,-1359960.7,SVL,c,-5.303,1.619,0,in range
GRID_05195,-76.908,162.254,435221.1,-1359957.4,SVL,g,-6.403,1.2552,0,in range
GRID_05196,-76.937,162.383,431192.1,-1357891.9,SVL,d,0.409,1.689,0,in range
GRID_05197,-76.943,162.332,432200.3,-1356878.3,SVL,g,0.149,1.5215,0,in range
GRID_05198,-76.949,162.282,433183.2,-1355871.7,SVL,g,0.53,1.4655,1,slope
GRID_05199,-76.921,161.899,443194.4,-1355874.7,SVL,g,-5.893,1.0264,0,in range
GRID_05200,-76.952,162.193,435187.9,-1354882.8,SVL,g,0.818,1.2298,0,in range
GRID_05201,-76.949,162.154,436211.2,-1354900.6,SVL,g,0.518,1.206,0,in range
GRID_05202,-76.929,161.887,443204.6,-1354945.1,SVL,g,-7.118,1.2141,0,in range
GRID_05203,-76.938,161.874,443203.9,-1353903.1,SVL,g,-6.344,1.609,0,in range
GRID_05204,-76.935,161.836,444204.6,-1353922.6,SVL,d,-6.621,1.5231,0,in range
GRID_05205,-76.929,161.76,446206.8,-1353959.3,SVL,g,-7.044,0.6476,0,in range
GRID_05206,-76.909,161.493,453210.2,-1353952.6,SVL,d,-8.24,1.1042,0,in range
GRID_05207,-76.944,161.823,444202.8,-1352880.7,SVL,g,-6.782,1.4229,0,in range
GRID_05208,-76.938,161.747,446203.8,-1352917.4,SVL,d,-6.727,1.4543,0,in range
GRID_05209,-76.935,161.709,447204.6,-1352934.7,SVL,d,-6.494,1.318,0,in range
GRID_05210,-76.947,161.734,446200.3,-1351875.6,SVL,d,-7.028,0.8777,0,in range
GRID_05211,-76.944,161.696,447200.5,-1351892.8,SVL,d,-7.482,1.1298,0,in range
GRID_05212,-76.938,161.62,449201.5,-1351925.1,SVL,d,-7.568,1.3736,0,in range
GRID_05213,-76.995,162.259,432185.0,-1350876.3,SVL,g,-0.033,1.3953,0,in range
GRID_05214,-76.938,161.493,452197.1,-1350926.1,SVL,d,-7.662,0.9449,0,in range
GRID_05215,-77.001,162.208,433185.5,-1349862.5,SVL,g,-0.573,1.4895,0,in range
GRID_05216,-77.027,162.043,436189.0,-1345887.8,SVL,g,-7.186,1.3353,0,in range
GRID_05217,-77.007,161.774,443191.3,-1345915.4,SVL,g,-6.174,1.3601,0,in range
GRID_05218,-77.016,161.761,443186.8,-1344874.2,SVL,g,-6.032,0.926,0,in range
GRID_05219,-77.024,161.748,443216.2,-1343937.7,SVL,g,-6.539,1.2983,0,in range
GRID_05220,-77.021,161.71,444211.0,-1343956.8,SVL,g,-6.677,1.3892,0,in range
GRID_05221,-77.033,161.735,443210.7,-1342896.7,SVL,c,-8.61,0.5956,0,in range
GRID_05222,-77.042,161.723,443181.4,-1341863.5,SVL,g,-5.405,1.3104,0,in range
GRID_05223,-77.296,162.471,417210.8,-1320892.0,SVL,g,-6.346,1.225,0,in range
GRID_05224,-77.293,162.432,418209.4,-1320922.3,SVL,g,-6.074,1.2103,0,in range
GRID_05225,-77.288,162.353,420197.0,-1320868.4,SVL,g,-6.19,1.2795,0,in range
GRID_05226,-77.291,162.262,422193.8,-1319885.1,SVL,d,-7.512,1.1645,0,in range
GRID_05227,-77.305,162.197,423220.2,-1317939.4,SVL,d,-7.361,1.1368,0,in range
GRID_05228,-77.311,162.145,424213.8,-1316926.7,SVL,n,-7.024,0.9399,1,litho
GRID_05229,-77.325,162.211,422226.2,-1315948.6,SVL,g,-6.645,1.0762,0,in range
GRID_05230,-77.323,162.172,423189.2,-1315870.2,SVL,d,-7.385,1.0143,0,in range
GRID_05231,-77.334,162.199,422199.2,-1314917.8,SVL,d,-7.312,1.503,0,in range
GRID_05232,-77.343,162.186,422194.8,-1313879.8,SVL,d,-7.158,0.8577,0,in range
GRID_05233,-77.349,162.134,423184.7,-1312868.1,SVL,n,-5.226,1.766,1,litho
GRID_05234,-77.363,162.2,421201.5,-1311889.0,SVL,c,-7.88,1.5242,0,in range
GRID_05235,-77.36,162.16,422218.3,-1311908.6,SVL,d,-8.089,1.0144,0,in range
GRID_05236,-77.357,162.121,423212.5,-1311934.9,SVL,g,-8.095,1.3751,1,aspect
GRID_05237,-77.372,162.187,421196.4,-1310851.2,SVL,c,-8.65,1.0135,0,in range
GRID_05238,-77.369,162.148,422189.7,-1310878.2,SVL,n,-8.158,1.3065,1,litho
GRID_05239,-77.448,163.171,396203.6,-1309893.1,SVL,d,-7.304,0.8429,0,in range
GRID_05240,-77.445,163.131,397213.7,-1309931.8,SVL,d,-8.876,0.2553,0,in range
GRID_05241,-77.375,162.095,423199.3,-1309859.3,SVL,c,-11.85,0.4,0,in range
GRID_05242,-77.531,163.275,391199.6,-1301871.9,SVL,g,-8.779,0.7462,0,in range
GRID_05243,-77.539,163.263,391219.0,-1300947.9,SVL,n,-10.066,0.5545,1,litho
GRID_05244,-77.551,163.291,390203.9,-1299875.6,SVL,n,-8.172,0.6793,1,litho
GRID_05245,-77.566,163.226,391202.5,-1297853.5,SVL,d,-9.598,0.302,0,in range
GRID_05246,-77.563,163.186,392203.9,-1297895.7,SVL,c,-11.567,0.5148,0,in range
GRID_05247,-77.574,163.214,391220.4,-1296929.7,SVL,d,-9.088,0.6571,0,in range
GRID_05248,-77.595,163.096,393219.5,-1293912.9,SVL,c,-12.207,0.2487,0,in range
GRID_05249,-77.593,163.056,394186.8,-1293848.3,SVL,n,-10.458,0.364,1,litho
GRID_05250,-77.607,163.124,392204.2,-1292842.8,SVL,c,-4.67,1.0381,0,in range
GRID_05251,-77.604,163.084,393202.6,-1292884.1,SVL,c,-10.746,0.5492,0,in range
GRID_05252,-77.601,163.043,394223.9,-1292917.8,SVL,c,-12.627,0.2583,0,in range
GRID_05253,-77.03,162.888,416196.0,-1351858.7,SVL,g,-1.68,1.5496,0,in range
GRID_05254,-77.013,162.656,422224.1,-1351947.9,SVL,g,0.863,1.7159,0,in range
GRID_05255,-77.011,162.617,423210.0,-1351870.2,SVL,g,-5.754,1.432,0,in range
GRID_05256,-77.008,162.579,424205.3,-1351904.2,SVL,c,0.491,1.7631,0,in range
GRID_05257,-77.005,162.54,425224.5,-1351930.0,SVL,g,7.356,1.1991,0,in range
GRID_05258,-77.027,162.721,420232.5,-1350955.0,SVL,g,0.559,1.5853,0,in range
GRID_05259,-77.006,162.413,428186.8,-1350879.2,SVL,g,2.235,1.9985,0,in range
GRID_05260,-77.02,162.477,426213.8,-1349887.7,SVL,g,0.646,1.7071,0,in range
GRID_05261,-77.012,162.362,429189.0,-1349868.4,SVL,g,-7.608,0.8543,0,in range
GRID_05262,-77.039,162.62,422218.9,-1348952.1,SVL,g,-6.799,0.774,0,in range
GRID_05263,-77.037,162.581,423202.9,-1348874.3,SVL,g,-7.303,0.5197,0,in range
GRID_05264,-77.028,162.465,426231.3,-1348959.0,SVL,g,-5.429,1.1354,0,in range
GRID_05265,-77.023,162.388,428210.2,-1348909.4,SVL,g,2.541,1.69,0,in range
GRID_05266,-77.02,162.349,429228.4,-1348932.1,SVL,g,1.033,1.557,0,in range
GRID_05267,-77.048,162.608,422205.4,-1347918.6,SVL,g,-6.996,1.2625,0,in range
GRID_05268,-77.037,162.453,426215.2,-1347925.5,SVL,g,-6.259,0.8498,0,in range
GRID_05269,-77.034,162.414,427232.4,-1347949.7,SVL,g,-6.78,1.4138,0,in range
GRID_05270,-77.04,162.364,428208.5,-1346947.3,SVL,g,-5.846,1.057,0,in range
GRID_05271,-77.038,162.325,429192.0,-1346865.1,SVL,g,-6.513,0.6058,0,in range
GRID_05272,-77.205,162.945,409204.4,-1333866.6,SVL,n,-8.44,0.9885,1,litho
GRID_05273,-77.213,162.933,409225.6,-1332939.6,SVL,n,-8.712,0.5706,1,litho
GRID_05274,-77.219,162.882,410217.6,-1331944.2,SVL,n,-8.885,0.6135,1,litho
GRID_05275,-77.192,162.49,420214.2,-1331938.6,SVL,n,-7.045,1.0393,1,litho
GRID_05276,-77.239,162.897,409222.0,-1329949.0,SVL,n,-6.737,0.8552,1,litho
GRID_05277,-77.215,162.543,418223.0,-1329913.4,SVL,n,-6.335,0.8433,1,litho
GRID_05278,-77.229,162.61,416207.4,-1328932.1,SVL,n,-6.875,1.0329,1,litho
GRID_05279,-77.224,162.531,418204.4,-1328881.6,SVL,n,-6.322,0.8583,1,litho
GRID_05280,-77.289,163.346,397211.4,-1327846.8,SVL,n,-7.306,1.0029,1,litho
GRID_05281,-77.286,163.307,398209.9,-1327892.1,SVL,n,-7.507,0.485,1,litho
GRID_05282,-77.246,162.715,413215.7,-1327907.3,SVL,n,-8.763,0.5954,1,litho
GRID_05283,-77.238,162.597,416212.8,-1327893.1,SVL,n,-8.309,1.0666,1,litho
GRID_05284,-77.292,163.255,399224.8,-1326898.3,SVL,d,-6.335,1.149,0,in range
GRID_05285,-77.252,162.664,414200.9,-1326909.1,SVL,n,-8.81,1.0057,1,litho
GRID_05286,-77.258,162.482,418215.1,-1324957.4,SVL,d,-6.897,1.246,0,in range
GRID_05287,-77.273,162.548,416193.9,-1323864.5,SVL,g,-6.738,1.204,0,in range
GRID_05288,-77.316,163.049,403223.4,-1322929.7,SVL,g,-6.252,1.3032,0,in range
GRID_05289,-77.279,162.496,417196.7,-1322856.9,SVL,g,-5.987,1.0286,0,in range
GRID_05290,-77.276,162.457,418196.5,-1322887.2,SVL,g,-5.882,1.3114,0,in range
GRID_05291,-77.262,162.26,423211.7,-1322908.0,SVL,g,-6.873,1.3175,0,in range
GRID_05292,-77.271,162.248,423186.9,-1321876.7,SVL,d,-6.954,1.089,0,in range
GRID_05293,-77.279,162.235,423218.4,-1320942.8,SVL,d,-6.48,1.648,0,in range
GRID_05294,-77.313,162.446,417223.3,-1318927.4,SVL,g,-7.003,1.2503,0,in range
GRID_05295,-77.311,162.407,418187.4,-1318852.8,SVL,g,-6.955,1.3706,0,in range
GRID_05296,-77.308,162.367,419208.0,-1318874.9,SVL,g,-7.071,1.3647,0,in range
GRID_05297,-77.344,162.75,409208.6,-1317867.0,SVL,n,-9.314,1.2289,1,litho
GRID_05298,-77.341,162.711,410203.6,-1317903.1,SVL,c,-9.506,1.1072,0,in range
GRID_05299,-77.35,162.698,410208.2,-1316865.1,SVL,n,-9.686,0.8999,1,litho
GRID_05300,-77.32,162.263,421199.2,-1316854.9,SVL,g,-7.574,1.5312,0,in range
GRID_05301,-77.358,162.686,410222.2,-1315939.4,SVL,g,-8.171,1.2957,0,in range
GRID_05302,-77.356,162.646,411206.4,-1315862.6,SVL,g,-7.274,0.8362,0,in range
GRID_05303,-77.083,162.431,425205.0,-1342936.7,SVL,n,-7.446,1.0623,1,litho
GRID_05304,-77.092,162.418,425210.6,-1341896.3,SVL,n,-6.68,1.1763,1,litho
GRID_05305,-77.109,162.394,425207.0,-1339935.4,SVL,g,-6.581,1.4775,0,in range
GRID_05306,-77.104,162.316,427197.8,-1339879.4,SVL,g,-6.203,0.9976,0,in range
GRID_05307,-77.112,162.304,427210.9,-1338951.4,SVL,g,-4.914,1.022,0,in range
GRID_05308,-77.146,162.642,418188.9,-1337878.3,SVL,n,-3.432,1.6053,1,litho
GRID_05309,-77.132,162.447,423204.2,-1337915.7,SVL,n,-6.402,0.6945,1,litho
GRID_05310,-77.118,162.252,428224.7,-1337934.4,SVL,g,-4.874,1.0453,0,in range
GRID_05311,-77.149,162.551,420214.3,-1336897.6,SVL,n,-6.672,0.8193,1,litho
GRID_05312,-77.155,162.5,421205.6,-1335893.5,SVL,n,-6.448,0.9777,1,litho
GRID_05313,-77.152,162.461,422214.3,-1335921.2,SVL,n,-6.76,0.9588,1,litho
GRID_05314,-77.161,162.449,422195.5,-1334888.8,SVL,n,-6.396,0.9114,1,litho
GRID_05315,-77.181,162.334,424206.3,-1331942.5,SVL,g,-6.761,1.1796,0,in range
GRID_05316,-77.187,162.282,425214.1,-1330928.2,SVL,g,-5.99,1.1061,0,in range
GRID_05317,-78.365,162.927,372206.8,-1211908.9,SVL,d,-5.886,1.2361,0,in range
GRID_05318,-78.354,162.754,376222.3,-1211932.5,SVL,n,-10.126,0.3501,1,"elev, litho"
GRID_05319,-78.459,162.592,376200.2,-1199869.3,SVL,n,-9.86,0.6127,1,litho
GRID_05320,-78.482,162.508,377200.4,-1196909.5,SVL,d,-8.851,0.5829,0,in range
GRID_05321,-78.479,162.464,378218.6,-1196933.4,SVL,d,-9.005,0.4192,0,in range
GRID_05322,-78.496,162.581,375215.3,-1195923.5,SVL,s,-9.855,0.7013,0,in range
GRID_05323,-78.373,163.056,369221.4,-1211904.0,SVL,c,-9.314,0.6498,0,in range
GRID_05324,-78.371,163.013,370195.0,-1211836.5,SVL,d,-9.415,0.4956,0,in range
GRID_05325,-78.368,162.97,371200.8,-1211873.1,SVL,d,-9.533,0.3681,0,in range
GRID_05326,-78.385,163.086,368203.7,-1210837.2,SVL,c,-10.93,0.93,0,in range
GRID_05327,-78.382,163.043,369208.3,-1210875.5,SVL,c,-10.533,0.58,0,in range
GRID_05328,-78.379,163.0,370213.2,-1210912.9,SVL,c,-10.933,0.5538,0,in range
GRID_05329,-78.374,162.913,372212.7,-1210873.8,SVL,d,-8.508,0.5172,0,in range
GRID_05330,-78.371,162.87,373218.3,-1210908.8,SVL,n,-9.837,0.4962,1,litho
GRID_05331,-78.369,162.827,374191.8,-1210838.0,SVL,n,-10.378,0.6885,1,litho
GRID_05332,-78.366,162.784,375197.9,-1210871.4,SVL,n,-8.836,0.4015,1,litho
GRID_05333,-78.391,163.03,369194.8,-1209847.0,SVL,n,-9.601,0.4378,1,litho
GRID_05334,-78.388,162.987,370199.0,-1209884.4,SVL,c,-11.114,0.5494,0,in range
GRID_05335,-78.385,162.943,371224.6,-1209914.5,SVL,d,-9.517,0.5676,0,in range
GRID_05336,-78.395,162.644,377206.1,-1206913.3,SVL,g,-7.66,0.4848,0,in range
GRID_05337,-78.415,162.803,373206.5,-1205858.9,SVL,g,-9.727,0.6034,0,in range
GRID_05338,-78.418,162.703,375212.7,-1204891.3,SVL,g,-9.948,0.6339,0,in range
GRID_05339,-78.413,162.617,377184.7,-1204850.4,SVL,g,-8.526,0.4202,0,in range
GRID_05340,-78.427,162.69,375192.2,-1203863.3,SVL,g,-10.042,0.7705,0,in range
GRID_05341,-78.424,162.646,376214.8,-1203889.0,SVL,c,-11.122,0.3725,0,in range
GRID_05342,-78.109,162.939,380197.6,-1238851.6,SVL,g,-7.885,0.6394,0,in range
GRID_05343,-78.106,162.897,381202.5,-1238887.4,SVL,n,-8.909,0.3594,1,litho
GRID_05344,-78.123,163.011,378191.4,-1237858.3,SVL,n,-8.986,0.4433,1,litho
GRID_05345,-78.115,162.884,381192.8,-1237856.5,SVL,n,-9.559,0.5332,1,litho
GRID_05346,-78.112,162.842,382197.3,-1237891.4,SVL,n,-9.871,0.4789,1,litho
GRID_05347,-78.131,162.998,378215.4,-1236932.5,SVL,n,-9.518,0.6228,1,litho
GRID_05348,-78.151,163.154,374209.9,-1235856.1,SVL,n,-9.362,0.5717,1,litho
GRID_05349,-78.152,163.014,377196.5,-1234833.1,SVL,n,-8.759,0.5286,1,litho
GRID_05350,-78.146,162.929,379221.3,-1234901.8,SVL,n,-9.618,0.5756,1,litho
GRID_05351,-78.144,162.887,380191.1,-1234833.4,SVL,n,-9.617,0.4857,1,litho
GRID_05352,-78.166,163.086,375197.2,-1233835.6,SVL,n,-9.555,0.7025,1,litho
GRID_05353,-78.15,162.832,381181.8,-1233838.5,SVL,n,-9.036,0.6539,1,litho
GRID_05354,-78.147,162.789,382205.1,-1233866.7,SVL,s,-10.093,0.2397,1,elev
GRID_05355,-78.18,163.158,373201.1,-1232835.0,SVL,n,-9.691,0.6106,1,litho
GRID_05357,-78.188,163.145,373226.2,-1231909.8,SVL,c,-10.551,0.6621,0,in range
GRID_05358,-78.183,163.06,375213.3,-1231879.8,SVL,n,-8.669,0.4479,1,litho
GRID_05359,-78.164,162.763,382211.9,-1231910.5,SVL,n,-9.801,0.3412,1,litho
GRID_05360,-78.178,162.835,380210.0,-1230921.3,SVL,n,-10.195,0.5259,1,litho
GRID_05361,-78.176,162.792,381198.6,-1230845.4,SVL,n,-9.302,0.38,1,litho
GRID_05362,-78.2,163.034,375227.7,-1229924.4,SVL,n,-10.423,0.6765,1,litho
GRID_05363,-78.198,162.992,376193.4,-1229859.0,SVL,n,-9.947,0.6321,1,litho
GRID_05367,-78.201,162.894,378199.6,-1228898.9,SVL,n,-9.414,0.6627,1,litho
GRID_05368,-78.198,162.851,379218.8,-1228929.5,SVL,n,-10.511,0.4228,1,litho
GRID_05374,-78.202,162.753,381190.1,-1227859.7,SVL,n,-9.877,0.3891,1,litho
GRID_05377,-78.246,163.153,371208.9,-1225868.2,SVL,c,-11.267,0.4172,0,in range
GRID_05378,-78.243,163.11,372224.5,-1225904.3,SVL,n,-10.12,0.4771,1,litho
GRID_05379,-78.262,163.269,368220.7,-1224935.3,SVL,g,-7.885,1.093,0,in range
GRID_05380,-78.26,163.226,369203.3,-1224868.8,SVL,g,-9.436,0.3204,0,in range
GRID_05382,-78.255,163.14,371200.5,-1224838.5,SVL,c,-11.811,0.5412,0,in range
GRID_05383,-78.252,163.097,372215.4,-1224874.6,SVL,n,-9.587,0.4925,1,litho
GRID_05387,-78.241,162.926,376223.9,-1224912.5,SVL,n,-9.882,0.328,1,litho
GRID_05391,-78.271,163.256,368214.0,-1223905.7,SVL,n,-9.87,0.5331,1,litho
GRID_05392,-78.269,163.213,369195.9,-1223839.2,SVL,g,-9.078,0.382,0,in range
GRID_05393,-78.266,163.17,370209.6,-1223876.9,SVL,c,-11.387,0.5436,0,in range
GRID_05394,-78.261,163.084,372205.9,-1223845.0,SVL,c,-11.338,0.5096,0,in range
GRID_05398,-78.25,162.913,376211.6,-1223882.8,SVL,c,-10.065,0.2865,0,in range
GRID_05399,-78.247,162.871,377205.6,-1223921.4,SVL,c,-10.152,0.4383,0,in range
GRID_05401,-78.239,162.742,380220.8,-1223907.7,SVL,n,-9.557,0.3546,1,litho
GRID_05403,-78.28,163.243,368206.9,-1222876.2,SVL,n,-10.167,0.6227,1,litho
GRID_05404,-78.277,163.2,369219.7,-1222914.8,SVL,n,-9.545,0.6541,1,litho
GRID_05405,-78.275,163.157,370201.0,-1222847.4,SVL,n,-11.053,0.7702,1,litho
GRID_05406,-78.272,163.114,371214.3,-1222884.3,SVL,g,-9.175,0.3135,0,in range
GRID_05407,-78.269,163.071,372227.8,-1222920.4,SVL,c,-10.68,0.3881,0,in range
GRID_05410,-78.243,162.644,382182.7,-1222836.4,SVL,n,-10.192,0.5059,1,litho
GRID_05411,-78.289,163.23,368199.3,-1221846.8,SVL,n,-9.745,0.5542,1,litho
GRID_05412,-78.286,163.187,369211.5,-1221885.3,SVL,n,-10.618,0.6799,1,litho
GRID_05413,-78.283,163.144,370223.8,-1221923.0,SVL,c,-9.903,0.5992,0,in range
GRID_05414,-78.281,163.101,371204.6,-1221854.9,SVL,n,-9.699,0.6,1,litho
GRID_05415,-78.275,163.015,373230.5,-1221926.2,SVL,n,-9.833,0.5962,1,litho
GRID_05417,-78.267,162.887,376217.8,-1221928.6,SVL,g,-9.872,0.5001,0,in range
GRID_05418,-78.265,162.844,377199.5,-1221855.6,SVL,g,-7.703,0.6319,0,in range
GRID_05420,-78.259,162.759,379207.0,-1221923.7,SVL,c,-9.869,0.5563,0,in range
GRID_05424,-78.279,162.917,375191.0,-1220866.3,SVL,d,-9.613,0.6605,0,in range
GRID_05425,-78.276,162.874,376204.1,-1220899.1,SVL,g,-8.942,0.6894,0,in range
GRID_05426,-78.273,162.831,377217.5,-1220931.0,SVL,g,-5.538,1.0879,0,in range
GRID_05427,-78.268,162.745,379212.5,-1220887.6,SVL,d,-10.078,0.533,0,in range
GRID_05429,-78.26,162.617,382201.4,-1220875.4,SVL,n,-9.537,0.8215,1,litho
GRID_05430,-78.293,162.989,373207.0,-1219867.4,SVL,n,-9.735,0.6984,1,litho
GRID_05431,-78.288,162.903,375198.9,-1219830.4,SVL,d,-10.091,0.6868,0,in range
GRID_05433,-78.282,162.818,377202.7,-1219901.6,SVL,g,-9.901,0.6024,0,in range
GRID_05435,-78.304,163.019,372215.6,-1218907.9,SVL,n,-8.657,0.525,1,litho
GRID_05436,-78.302,162.976,373194.6,-1218838.2,SVL,n,-9.354,0.6276,1,litho
GRID_05439,-78.28,162.633,381205.2,-1218886.8,SVL,d,-9.039,0.4721,0,in range
GRID_05440,-78.277,162.59,382218.3,-1218914.6,SVL,n,-9.84,0.3915,1,litho
GRID_05441,-78.313,163.006,372203.5,-1217878.8,SVL,n,-8.664,0.7088,1,litho
GRID_05442,-78.297,162.748,378204.5,-1217867.5,SVL,g,-9.114,0.4152,0,in range
GRID_05443,-78.286,162.577,382199.1,-1217885.3,SVL,n,-9.826,0.3197,1,litho
GRID_05444,-78.322,162.993,372190.9,-1216849.7,SVL,n,-9.931,0.3528,1,litho
GRID_05445,-78.319,162.95,373200.5,-1216884.8,SVL,c,-10.638,0.8189,0,in range
GRID_05446,-78.314,162.864,375188.3,-1216847.7,SVL,n,-6.075,1.2606,1,litho
GRID_05449,-78.325,162.893,374217.2,-1215883.6,SVL,n,-8.607,0.509,1,litho
GRID_05450,-78.322,162.85,375226.7,-1215917.0,SVL,n,-9.096,0.401,1,litho
GRID_05451,-78.32,162.807,376204.1,-1215844.8,SVL,n,-8.867,0.3334,1,litho
GRID_05452,-78.317,162.765,377192.8,-1215883.1,SVL,n,-9.14,0.5962,1,litho
GRID_05453,-78.312,162.679,379180.7,-1215839.5,SVL,d,-8.85,0.5996,0,in range
GRID_05454,-78.323,162.708,378206.4,-1214878.5,SVL,d,-9.742,0.5463,1,elev
GRID_05455,-78.342,162.867,374219.3,-1213930.7,SVL,c,-9.723,0.8253,0,in range
GRID_05456,-78.34,162.824,375195.1,-1213859.2,SVL,n,-9.656,0.4906,1,litho
GRID_05457,-78.357,162.94,372189.4,-1212832.7,SVL,d,-9.234,0.4277,0,in range
GRID_05459,-78.346,162.767,376207.4,-1212856.4,SVL,d,-9.111,0.4385,1,elev
GRID_05460,-78.043,163.404,372200.9,-1248841.6,SVL,g,-9.22,0.4777,0,in range
GRID_05461,-78.054,163.434,371202.6,-1247878.5,SVL,g,-11.325,0.2741,0,in range
GRID_05462,-78.039,163.042,380211.8,-1246885.2,SVL,g,-10.793,0.1819,0,in range
GRID_05463,-78.118,163.388,370195.3,-1240846.0,SVL,g,-10.248,0.2445,0,in range
GRID_05464,-78.102,163.134,376202.1,-1240873.9,SVL,g,-10.427,0.1264,0,in range
GRID_05465,-78.094,163.007,379208.4,-1240877.0,SVL,g,-6.478,0.9704,0,in range
GRID_05466,-78.111,163.121,376196.8,-1239842.9,SVL,g,-9.041,0.4721,0,in range
GRID_05467,-78.117,163.066,377194.9,-1238851.0,SVL,g,-8.664,0.7122,0,in range
GRID_05468,-78.146,163.392,369230.0,-1237925.9,SVL,g,-8.787,0.4959,0,in range
GRID_05469,-78.144,163.35,370200.2,-1237865.3,SVL,g,-9.351,0.585,0,in range
GRID_05470,-78.141,163.307,371223.7,-1237902.6,SVL,g,-9.718,0.5363,0,in range
GRID_05471,-78.133,163.18,374220.9,-1237917.5,SVL,g,-7.62,0.6055,0,in range
GRID_05472,-78.128,163.095,376216.6,-1237886.2,SVL,g,-9.163,0.4641,0,in range
GRID_05473,-78.155,163.38,369206.6,-1236901.8,SVL,g,-8.93,0.7859,0,in range
GRID_05474,-78.147,163.252,372222.0,-1236914.9,SVL,g,-9.213,0.5276,0,in range
GRID_05475,-78.145,163.21,373192.1,-1236851.9,SVL,g,-8.955,0.5503,0,in range
GRID_05476,-78.142,163.167,374215.6,-1236886.8,SVL,g,-7.354,0.6147,0,in range
GRID_05477,-78.137,163.082,376209.9,-1236855.4,SVL,n,-9.805,0.6066,1,litho
GRID_05478,-78.159,163.282,371195.4,-1235847.9,SVL,g,-7.937,0.6406,0,in range
GRID_05479,-78.179,163.299,370197.7,-1233854.9,SVL,n,-10.134,0.6477,1,litho
GRID_05480,-78.176,163.256,371218.4,-1233892.1,SVL,n,-9.518,0.5277,1,litho
GRID_05481,-78.169,162.988,377210.7,-1232877.1,SVL,n,-10.296,0.6053,1,litho
GRID_05482,-78.199,163.316,369201.2,-1231861.4,SVL,c,-11.876,0.9377,0,in range
GRID_05483,-78.196,163.273,370220.4,-1231899.4,SVL,c,-10.925,0.4919,0,in range
GRID_05484,-78.194,163.231,371186.7,-1231837.9,SVL,n,-10.68,0.4036,1,litho
GRID_05485,-78.218,163.474,365209.5,-1230875.3,SVL,c,-7.346,1.1563,0,in range
GRID_05486,-78.213,163.389,367192.1,-1230858.1,SVL,c,-10.197,0.7176,0,in range
GRID_05487,-78.21,163.346,368210.1,-1230897.7,SVL,n,-9.014,0.4039,1,litho
GRID_05488,-78.208,163.303,369196.8,-1230831.3,SVL,c,-11.055,0.5089,0,in range
GRID_05489,-78.205,163.26,370215.3,-1230869.3,SVL,n,-10.48,0.7188,1,litho
GRID_05490,-78.224,163.419,366202.9,-1229892.9,SVL,c,-10.051,0.5584,0,in range
GRID_05491,-78.221,163.376,367220.1,-1229933.3,SVL,c,-10.893,0.7943,0,in range
GRID_05492,-78.219,163.333,368206.0,-1229867.6,SVL,n,-9.097,0.2894,1,litho
GRID_05493,-78.216,163.29,369223.6,-1229906.4,SVL,n,-9.514,0.4139,1,litho
GRID_05494,-78.214,163.248,370188.3,-1229845.6,SVL,n,-11.108,0.5563,1,litho
GRID_05496,-78.233,163.406,366199.8,-1228862.9,SVL,c,-11.473,0.4189,0,in range
GRID_05497,-78.23,163.363,367216.3,-1228903.3,SVL,c,-11.376,0.5029,0,in range
GRID_05498,-78.244,163.436,365212.1,-1227897.2,SVL,c,-10.721,0.6728,0,in range
GRID_05499,-78.242,163.393,366196.3,-1227833.1,SVL,c,-11.792,0.5359,0,in range
GRID_05501,-78.253,163.423,365208.9,-1226867.4,SVL,c,-12.016,0.7199,0,in range
GRID_05502,-78.25,163.38,366223.7,-1226908.5,SVL,c,-11.126,0.6475,0,in range
GRID_05503,-78.248,163.337,367207.3,-1226843.6,SVL,c,-10.239,0.5314,0,in range
GRID_05505,-78.259,163.367,366219.3,-1225878.8,SVL,g,-8.053,0.4235,0,in range
GRID_05506,-78.256,163.325,367212.3,-1225925.5,SVL,g,-8.076,0.4082,0,in range
GRID_05507,-78.254,163.282,368195.4,-1225859.8,SVL,g,-8.743,0.2585,0,in range
GRID_05508,-78.273,163.44,364219.1,-1224871.4,SVL,n,-9.897,0.8548,1,litho
GRID_05509,-78.27,163.398,365211.0,-1224919.7,SVL,n,-10.306,0.324,1,litho
GRID_05510,-78.268,163.355,366193.0,-1224855.6,SVL,n,-9.245,0.6286,1,litho
GRID_05511,-78.265,163.312,367206.8,-1224895.8,SVL,g,-8.001,0.726,0,in range
GRID_05512,-78.282,163.428,364193.9,-1223848.3,SVL,c,-10.852,0.6032,0,in range
GRID_05513,-78.274,163.299,367200.8,-1223866.3,SVL,c,-11.446,0.7586,0,in range
GRID_05514,-78.293,163.458,363209.3,-1222881.4,SVL,c,-8.251,0.8069,0,in range
GRID_05515,-78.283,163.286,367194.3,-1222836.8,SVL,n,-7.02,1.1713,1,litho
GRID_05516,-78.302,163.445,363205.3,-1221852.1,SVL,c,-10.5,0.5662,0,in range
GRID_05517,-78.313,163.475,362222.0,-1220884.7,SVL,c,-11.091,0.4898,0,in range
GRID_05518,-78.31,163.432,363232.1,-1220928.1,SVL,c,-11.117,0.5572,0,in range
GRID_05519,-78.3,163.26,367211.8,-1220883.2,SVL,g,-9.832,0.5801,0,in range
GRID_05520,-78.292,163.131,370214.4,-1220893.6,SVL,n,-8.792,0.6084,1,litho
GRID_05521,-78.289,163.088,371226.4,-1220930.5,SVL,n,-9.512,0.5182,1,litho
GRID_05522,-78.324,163.506,361218.7,-1219922.8,SVL,c,-10.78,0.2427,0,in range
GRID_05523,-78.322,163.463,362196.6,-1219861.8,SVL,g,-8.86,0.4044,0,in range
GRID_05524,-78.306,163.204,368214.6,-1219893.3,SVL,g,-9.158,0.4362,0,in range
GRID_05525,-78.301,163.118,370204.6,-1219864.4,SVL,n,-9.657,0.549,1,litho
GRID_05526,-78.331,163.45,362192.0,-1218832.8,SVL,g,-8.696,0.6573,0,in range
GRID_05527,-78.312,163.148,369215.8,-1218902.5,SVL,g,-8.332,0.6039,0,in range
GRID_05528,-78.307,163.062,371204.8,-1218872.0,SVL,n,-9.026,0.6166,1,litho
GRID_05529,-78.321,163.135,369205.8,-1217873.4,SVL,d,-9.825,0.5201,0,in range
GRID_05530,-78.316,163.049,371193.3,-1217842.8,SVL,n,-9.506,0.6413,1,litho
GRID_05531,-78.332,163.165,368218.4,-1216911.0,SVL,d,-9.956,0.5821,0,in range
GRID_05532,-78.33,163.122,369195.3,-1216844.4,SVL,d,-7.678,1.3979,0,in range
GRID_05535,-78.338,163.109,369216.3,-1215920.5,SVL,d,-8.379,0.7357,0,in range
GRID_05537,-78.35,162.996,371228.5,-1213930.5,SVL,d,-9.727,0.6778,0,in range
GRID_05538,-78.359,162.983,371214.8,-1212901.8,SVL,d,-9.277,0.722,0,in range
GRID_05539,-78.08,163.396,371214.3,-1244896.1,SVL,g,-8.996,0.5418,0,in range
GRID_05540,-78.067,163.185,376209.2,-1244887.1,SVL,d,-10.036,0.5083,0,in range
GRID_05541,-78.076,163.172,376205.6,-1243855.7,SVL,g,-10.346,0.1199,0,in range
GRID_05542,-78.079,163.075,378214.9,-1242901.9,SVL,c,-10.995,0.7478,0,in range
GRID_05543,-78.089,163.383,371214.1,-1243864.9,SVL,g,-10.131,0.2752,0,in range
GRID_05544,-78.114,162.422,391194.8,-1234847.2,SVL,d,-9.49,0.4016,1,elev
GRID_05545,-78.157,162.496,388179.7,-1230849.0,SVL,s,-9.821,0.2621,1,elev
GRID_05546,-78.185,162.498,387212.2,-1227930.9,SVL,s,-9.92,0.3713,1,elev
GRID_05547,-78.223,162.487,386192.7,-1223878.3,SVL,s,-9.4,0.3273,1,elev
GRID_05548,-78.035,162.542,391210.1,-1243938.8,SVL,s,-9.817,0.4046,0,in range
GRID_05549,-78.039,162.445,393183.0,-1242855.9,SVL,s,-10.729,0.3204,0,in range
GRID_05550,-78.05,162.473,392211.8,-1241896.1,SVL,s,-10.545,0.392,1,elev
GRID_05551,-78.059,162.46,392195.8,-1240864.7,SVL,s,-10.966,0.5353,1,elev
GRID_05552,-77.975,162.633,391200.8,-1250847.4,SVL,s,-10.008,0.4263,1,elev
GRID_05553,-78.135,162.76,383220.1,-1234931.4,SVL,s,-9.637,0.4263,1,elev
GRID_05554,-78.133,162.718,384190.5,-1234859.8,SVL,s,-9.81,0.5732,1,elev
GRID_05555,-78.144,162.747,383207.2,-1233900.7,SVL,s,-9.871,0.4392,1,elev
GRID_05556,-78.153,162.734,383193.9,-1232870.2,SVL,d,-9.476,0.4054,1,"elev, slope"
GRID_05557,-78.15,162.691,384217.0,-1232896.7,SVL,s,-10.574,0.2223,1,elev
GRID_05558,-78.162,162.721,383180.1,-1231839.7,SVL,n,-9.928,0.3262,1,litho
GRID_05559,-78.159,162.678,384202.5,-1231866.2,SVL,s,-9.698,0.4307,1,elev
GRID_05560,-78.165,162.623,385188.1,-1230868.2,SVL,s,-9.832,0.333,1,elev
GRID_05561,-78.176,162.652,384205.0,-1229910.3,SVL,d,-10.029,0.5749,1,elev
GRID_05562,-78.173,162.609,385226.4,-1229935.9,SVL,s,-10.12,0.3726,1,elev
GRID_05563,-78.182,162.596,385209.9,-1228905.6,SVL,s,-9.519,0.3498,1,"elev, slope"
GRID_05564,-78.191,162.583,385193.0,-1227875.5,SVL,s,-8.804,0.6207,1,elev
GRID_05565,-78.188,162.54,386213.2,-1227900.2,SVL,s,-10.105,0.1764,1,elev
GRID_05566,-78.202,162.612,384210.6,-1226917.9,SVL,n,-9.997,0.4495,1,litho
GRID_05567,-78.2,162.569,385197.0,-1226838.7,SVL,s,-10.065,0.2778,1,elev
GRID_05568,-78.197,162.527,386195.1,-1226870.1,SVL,s,-10.142,0.3378,1,elev
GRID_05569,-78.217,162.543,385193.9,-1224883.5,SVL,s,-9.13,0.5293,0,in range
GRID_05570,-78.228,162.572,384212.2,-1223926.2,SVL,n,-10.831,0.4114,1,litho
GRID_05571,-78.226,162.529,385196.5,-1223846.9,SVL,s,-10.041,0.1999,0,in range
GRID_05572,-78.237,162.558,384215.1,-1222889.8,SVL,d,-8.796,0.4301,0,in range
GRID_05573,-78.234,162.516,385210.4,-1222921.9,SVL,g,-9.169,0.1894,0,in range
GRID_05574,-78.232,162.473,386194.2,-1222841.8,SVL,s,-10.676,0.3011,1,elev
GRID_05575,-78.243,162.502,385212.1,-1221885.5,SVL,s,-9.589,0.4088,0,in range
GRID_05576,-78.257,162.574,383216.1,-1220902.4,SVL,n,-9.604,0.4596,1,litho
GRID_05577,-78.252,162.489,385192.1,-1220855.9,SVL,d,-8.831,0.5448,1,"elev, slope"
GRID_05578,-78.266,162.561,383197.1,-1219872.9,SVL,n,-9.583,0.6181,1,litho
GRID_05579,-78.263,162.518,384211.4,-1219899.1,SVL,s,-10.499,0.2597,0,in range
GRID_05580,-78.26,162.476,385204.7,-1219931.1,SVL,d,-9.546,0.445,1,elev
GRID_05581,-78.275,162.547,383198.9,-1218836.8,SVL,n,-10.792,0.5123,1,litho
GRID_05582,-78.272,162.505,384191.2,-1218869.7,SVL,s,-9.34,0.4605,1,elev
GRID_05583,-78.283,162.534,383211.8,-1217912.3,SVL,s,-9.88,0.1959,1,elev
GRID_05584,-78.281,162.491,384191.8,-1217833.7,SVL,s,-9.073,0.3701,1,elev
GRID_05585,-78.292,162.521,383191.5,-1216883.0,SVL,d,-9.302,0.4106,1,elev
GRID_05586,-78.289,162.478,384203.7,-1216909.1,SVL,s,-9.889,0.1993,1,elev
GRID_05587,-78.286,162.435,385216.3,-1216934.4,SVL,s,-9.885,0.588,1,elev
GRID_05588,-78.295,162.421,385215.3,-1215898.5,SVL,s,-9.907,0.362,1,elev
GRID_05589,-78.304,162.408,385192.6,-1214869.4,SVL,s,-10.112,0.3609,1,elev
GRID_05590,-77.959,162.839,387219.5,-1253924.8,SVL,g,-8.181,0.6504,0,in range
GRID_05591,-77.979,162.993,383205.3,-1252860.5,SVL,g,-9.673,0.3735,0,in range
GRID_05592,-77.979,162.855,386221.8,-1251933.9,SVL,d,-9.174,0.6177,0,in range
GRID_05593,-77.974,162.772,388197.6,-1251897.6,SVL,d,-9.944,0.4521,1,elev
GRID_05594,-77.997,162.691,389215.5,-1248936.0,SVL,d,-9.923,0.5915,1,elev
GRID_05595,-78.006,162.678,389204.6,-1247904.1,SVL,s,-10.374,0.3522,1,elev
GRID_05596,-78.015,162.665,389193.2,-1246872.3,SVL,d,-9.781,0.2562,1,"elev, slope"
GRID_05597,-78.026,162.694,388202.7,-1245915.9,SVL,s,-10.143,0.5962,1,elev
GRID_05598,-78.043,162.806,385214.6,-1244888.9,SVL,d,-9.997,0.64,1,elev
GRID_05599,-78.038,162.722,387202.4,-1244847.1,SVL,d,-10.194,0.3746,1,elev
GRID_05600,-78.057,162.877,383219.1,-1243896.1,SVL,g,-9.315,0.4195,0,in range
GRID_05601,-78.052,162.793,385204.7,-1243857.4,SVL,d,-10.196,0.4768,1,elev
GRID_05602,-78.049,162.751,386214.1,-1243889.3,SVL,s,-10.345,0.2748,1,elev
GRID_05603,-78.046,162.709,387223.7,-1243920.4,SVL,d,-10.039,0.2808,1,elev
GRID_05604,-78.044,162.667,388200.9,-1243845.9,SVL,d,-10.247,0.4088,1,elev
GRID_05605,-78.038,162.584,390199.6,-1243910.9,SVL,s,-9.79,0.2448,1,elev
GRID_05606,-78.066,162.864,383210.1,-1242864.8,SVL,g,-9.611,0.2138,0,in range
GRID_05607,-78.058,162.738,386203.1,-1242857.9,SVL,s,-10.267,0.4572,1,elev
GRID_05608,-78.052,162.654,388221.2,-1242919.3,SVL,s,-10.057,0.5993,1,elev
GRID_05609,-78.075,162.851,383200.7,-1241833.5,SVL,d,-10.195,0.4516,1,elev
GRID_05610,-78.066,162.725,386224.2,-1241931.4,SVL,s,-10.207,0.4447,1,elev
GRID_05611,-78.064,162.683,387199.8,-1241857.6,SVL,s,-10.026,0.5871,1,elev
GRID_05612,-78.061,162.641,388208.3,-1241887.9,SVL,s,-9.924,0.3258,1,elev
GRID_05613,-78.072,162.67,387219.9,-1240931.2,SVL,d,-10.118,0.4552,1,elev
GRID_05614,-78.07,162.628,388195.0,-1240856.6,SVL,d,-10.026,0.4597,1,elev
GRID_05615,-78.067,162.586,389203.1,-1240886.0,SVL,s,-10.871,0.4559,1,elev
GRID_05616,-78.064,162.544,390211.4,-1240914.6,SVL,s,-10.034,0.6196,1,elev
GRID_05617,-78.092,162.825,383213.0,-1239876.0,SVL,g,-7.909,0.5288,0,in range
GRID_05618,-78.089,162.783,384219.3,-1239909.4,SVL,s,-9.69,0.3864,1,elev
GRID_05619,-78.087,162.741,385193.2,-1239837.2,SVL,d,-9.209,0.459,1,elev
GRID_05620,-78.084,162.699,386199.9,-1239869.0,SVL,d,-8.798,0.4426,1,elev
GRID_05621,-78.081,162.657,387206.9,-1239900.0,SVL,s,-10.282,0.0608,1,elev
GRID_05622,-78.076,162.573,389188.7,-1239854.8,SVL,s,-9.816,0.3842,1,elev
GRID_05623,-78.098,162.77,384207.9,-1238878.4,SVL,d,-9.215,0.5003,1,elev
GRID_05624,-78.095,162.728,385213.7,-1238910.9,SVL,d,-10.023,0.2016,1,elev
GRID_05625,-78.093,162.686,386187.1,-1238837.9,SVL,s,-9.89,0.287,1,elev
GRID_05626,-78.104,162.715,385201.2,-1237879.9,SVL,s,-9.786,0.3558,1,elev
GRID_05627,-78.118,162.786,383212.0,-1236888.0,SVL,d,-8.86,0.6099,1,elev
GRID_05628,-78.115,162.744,384216.3,-1236921.3,SVL,s,-10.474,0.4176,1,elev
GRID_05629,-78.113,162.702,385188.2,-1236849.0,SVL,d,-9.693,0.4009,1,elev
GRID_05630,-78.238,162.417,387190.2,-1221835.9,SVL,s,-9.402,0.3644,1,elev
GRID_05631,-77.97,163.006,383209.9,-1253892.7,SVL,g,-9.755,0.5848,0,in range
GRID_05632,-77.933,162.878,387206.6,-1256917.1,SVL,g,-8.911,0.262,0,in range
GRID_05633,-77.945,162.906,386204.9,-1255846.4,SVL,g,-8.334,0.6427,0,in range
GRID_05634,-77.942,162.865,387200.5,-1255884.6,SVL,g,-9.21,0.3538,0,in range
GRID_05635,-77.727,163.668,376203.5,-1283853.5,SVL,n,-8.196,0.8519,1,litho
GRID_05636,-77.724,163.627,377215.1,-1283900.2,SVL,n,-9.561,0.5782,1,litho
GRID_05639,-77.735,163.656,376225.0,-1282931.2,SVL,n,-9.679,0.5382,1,litho
GRID_05640,-77.733,163.615,377205.0,-1282872.5,SVL,n,-10.371,0.3537,1,litho
GRID_05641,-77.73,163.574,378216.1,-1282918.4,SVL,c,-9.408,0.5757,0,in range
GRID_05643,-77.745,163.508,379225.8,-1280901.5,SVL,n,-10.747,0.5541,1,litho
GRID_05644,-77.743,163.467,380204.8,-1280840.5,SVL,n,-8.628,0.8263,1,litho
GRID_05645,-77.765,163.525,378222.5,-1278906.8,SVL,n,-9.23,0.3782,1,litho
GRID_05646,-77.763,163.484,379200.1,-1278846.5,SVL,n,-10.527,0.2418,1,litho
GRID_05647,-77.791,163.489,378214.2,-1275930.1,SVL,b,-8.487,1.1888,1,litho
GRID_05649,-77.603,163.66,380216.4,-1296877.1,SVL,c,-3.519,1.543,0,in range
GRID_05650,-77.6,163.62,381214.7,-1296927.7,SVL,c,-13.324,0.4084,0,in range
GRID_05651,-77.598,163.579,382204.8,-1296865.4,SVL,c,-12.313,0.3571,0,in range
GRID_05652,-77.614,163.689,379220.4,-1295909.1,SVL,c,-2.551,1.5828,0,in range
GRID_05653,-77.612,163.648,380209.6,-1295848.3,SVL,c,-10.461,0.5697,0,in range
GRID_05654,-77.609,163.608,381207.2,-1295898.9,SVL,c,-10.785,0.5524,0,in range
GRID_05655,-77.606,163.567,382227.7,-1295942.0,SVL,c,-12.126,0.2473,0,in range
GRID_05657,-77.62,163.636,380233.2,-1294925.1,SVL,n,-9.483,0.6254,1,litho
GRID_05658,-77.618,163.596,381199.2,-1294870.2,SVL,n,-9.921,0.4049,1,litho
GRID_05659,-77.615,163.555,382219.1,-1294913.3,SVL,n,-9.035,0.5258,1,litho
GRID_05660,-77.632,163.665,379206.8,-1293851.8,SVL,n,-6.451,0.8926,1,litho
GRID_05661,-77.629,163.624,380225.6,-1293896.4,SVL,n,-10.719,0.461,1,litho
GRID_05662,-77.626,163.584,381222.0,-1293946.9,SVL,n,-8.345,0.8373,1,litho
GRID_05663,-77.624,163.543,382210.1,-1293884.6,SVL,n,-9.112,0.4878,1,litho
GRID_05664,-77.64,163.653,379230.4,-1292928.7,SVL,n,-6.732,0.7315,1,litho
GRID_05665,-77.633,163.531,382200.6,-1292856.0,SVL,n,-9.918,0.1836,1,litho
GRID_05666,-77.649,163.641,379222.6,-1291900.2,SVL,n,-2.859,1.5834,1,litho
GRID_05667,-77.647,163.6,380209.0,-1291839.4,SVL,n,-8.391,0.613,1,litho
GRID_05668,-77.644,163.56,381204.1,-1291889.8,SVL,n,-10.818,0.3085,1,litho
GRID_05669,-77.655,163.588,380231.2,-1290916.4,SVL,c,-2.747,1.5824,0,in range
GRID_05670,-77.653,163.548,381194.5,-1290861.4,SVL,n,-7.103,1.1132,1,litho
GRID_05671,-77.659,163.495,382201.1,-1289876.1,SVL,c,-11.082,0.4876,0,in range
GRID_05672,-77.708,163.827,373220.8,-1286897.7,SVL,c,-3.223,1.5498,0,in range
GRID_05673,-77.728,163.533,379196.3,-1282858.2,SVL,n,-9.871,0.4016,1,litho
GRID_05674,-77.725,163.492,380207.9,-1282902.5,SVL,c,-11.581,0.375,0,in range
GRID_05675,-77.736,163.52,379238.0,-1281929.2,SVL,n,-8.784,0.7584,1,litho
GRID_05676,-77.734,163.479,380217.8,-1281868.2,SVL,n,-9.999,0.3641,1,litho
GRID_05677,-77.731,163.438,381228.9,-1281911.7,SVL,c,-9.008,0.8371,0,in range
GRID_05678,-77.772,163.785,372200.4,-1279871.4,SVL,n,-9.432,0.6881,1,litho
GRID_05679,-77.781,163.773,372192.1,-1278844.0,SVL,n,-10.363,0.3517,1,litho
GRID_05680,-77.775,163.69,374229.4,-1278936.2,SVL,n,-10.323,0.3507,1,litho
GRID_05681,-77.773,163.649,375206.4,-1278878.9,SVL,n,-9.925,0.3592,1,litho
GRID_05682,-77.802,163.654,374198.1,-1275854.4,SVL,n,-11.116,0.376,1,litho
GRID_05683,-77.803,163.831,370224.3,-1276898.7,SVL,n,-10.818,0.3446,1,litho
GRID_05684,-77.467,163.757,382201.7,-1311871.3,SVL,c,6.608,1.6374,0,in range
GRID_05685,-77.481,163.825,380215.8,-1310845.9,SVL,c,12.743,0.8834,0,in range
GRID_05686,-77.478,163.785,381222.9,-1310896.8,SVL,c,-7.142,0.9839,0,in range
GRID_05687,-77.475,163.745,382230.3,-1310946.9,SVL,c,-10.426,0.8747,0,in range
GRID_05688,-77.489,163.814,380222.3,-1309928.2,SVL,c,-7.173,1.3125,0,in range
GRID_05689,-77.487,163.773,381221.0,-1309866.9,SVL,c,-11.042,0.4072,0,in range
GRID_05690,-77.484,163.733,382227.7,-1309917.1,SVL,c,-10.789,0.2871,0,in range
GRID_05691,-77.498,163.802,380220.6,-1308898.5,SVL,c,-9.538,0.5971,0,in range
GRID_05692,-77.495,163.762,381226.5,-1308949.4,SVL,c,-10.676,0.4641,0,in range
GRID_05693,-77.493,163.721,382224.7,-1308887.3,SVL,c,-10.613,0.3606,0,in range
GRID_05694,-77.509,163.831,379221.4,-1307929.4,SVL,c,5.359,1.6568,0,in range
GRID_05695,-77.507,163.79,380218.6,-1307868.8,SVL,c,-10.015,0.7976,0,in range
GRID_05696,-77.504,163.75,381223.8,-1307919.7,SVL,c,-11.12,0.305,0,in range
GRID_05697,-77.502,163.71,382198.5,-1307864.2,SVL,c,-10.035,0.599,0,in range
GRID_05698,-77.518,163.819,379219.6,-1306899.8,SVL,c,6.593,1.2125,0,in range
GRID_05699,-77.516,163.779,380193.3,-1306845.9,SVL,c,-9.874,0.8144,0,in range
GRID_05700,-77.513,163.738,381220.7,-1306890.1,SVL,c,-12.283,0.4927,0,in range
GRID_05701,-77.51,163.698,382225.6,-1306940.1,SVL,c,-10.968,0.3197,0,in range
GRID_05702,-77.524,163.767,380221.2,-1305921.9,SVL,c,3.69,1.8906,0,in range
GRID_05703,-77.522,163.726,381217.2,-1305860.5,SVL,c,-8.344,1.2316,0,in range
GRID_05704,-77.519,163.686,382221.4,-1305910.5,SVL,c,-11.536,0.5939,0,in range
GRID_05705,-77.533,163.755,380217.9,-1304892.4,SVL,c,4.015,1.4563,0,in range
GRID_05706,-77.53,163.715,381221.3,-1304943.2,SVL,c,-11.115,0.5564,0,in range
GRID_05707,-77.528,163.674,382216.8,-1304881.1,SVL,c,-12.635,0.273,0,in range
GRID_05708,-77.539,163.703,381217.0,-1303913.8,SVL,c,2.87,1.8251,0,in range
GRID_05709,-77.537,163.662,382211.8,-1303851.6,SVL,c,-9.969,0.2577,0,in range
GRID_05710,-77.545,163.65,382237.3,-1302927.8,SVL,c,3.738,1.8183,0,in range
GRID_05711,-77.592,163.631,381213.5,-1297844.5,SVL,c,3.267,1.6524,0,in range
GRID_05712,-77.589,163.591,382212.6,-1297894.3,SVL,c,-7.192,0.7312,0,in range
GRID_05713,-77.624,163.1,392202.6,-1290890.8,SVL,c,-4.359,0.6666,0,in range
GRID_05714,-77.641,163.075,392221.9,-1288932.2,SVL,c,-13.096,0.2495,0,in range
GRID_05715,-77.639,163.034,393208.3,-1288861.4,SVL,c,-13.41,0.4373,0,in range
GRID_05716,-77.645,162.981,394207.4,-1287866.6,SVL,c,-13.072,0.2824,0,in range
GRID_05717,-77.642,162.941,395203.1,-1287906.3,SVL,c,-13.06,0.1538,0,in range
GRID_05718,-77.631,163.356,386210.6,-1291893.2,SVL,d,-10.162,0.4245,0,in range
GRID_05719,-77.628,163.315,387229.6,-1291932.3,SVL,c,-11.21,0.3163,0,in range
GRID_05720,-77.626,163.275,388194.7,-1291872.2,SVL,c,-11.644,0.418,0,in range
GRID_05721,-77.623,163.234,389214.2,-1291909.7,SVL,c,-10.572,0.5045,0,in range
GRID_05722,-77.621,163.193,390202.1,-1291841.3,SVL,c,-5.748,1.2596,0,in range
GRID_05723,-77.64,163.344,386197.7,-1290864.7,SVL,n,-10.043,0.5163,1,litho
GRID_05724,-77.637,163.303,387216.0,-1290903.8,SVL,c,-8.512,0.9655,0,in range
GRID_05725,-77.634,163.262,388234.6,-1290942.1,SVL,c,-8.419,0.8213,0,in range
GRID_05726,-77.632,163.222,389199.2,-1290881.2,SVL,c,-12.499,0.3449,0,in range
GRID_05727,-77.629,163.181,390218.3,-1290918.0,SVL,c,-11.673,0.1396,0,in range
GRID_05728,-77.627,163.14,391205.7,-1290848.7,SVL,c,-10.333,0.704,0,in range
GRID_05729,-77.646,163.291,387202.0,-1289875.4,SVL,g,-8.111,0.7785,0,in range
GRID_05730,-77.643,163.25,388219.9,-1289913.7,SVL,c,-11.654,0.225,0,in range
GRID_05731,-77.641,163.209,389206.4,-1289846.0,SVL,c,-11.3,0.3244,0,in range
GRID_05732,-77.638,163.169,390202.2,-1289889.5,SVL,c,-12.843,0.3334,0,in range
GRID_05733,-77.635,163.128,391220.8,-1289925.4,SVL,c,-11.777,0.3772,0,in range
GRID_05734,-77.655,163.279,387187.6,-1288847.0,SVL,g,-6.608,1.2392,0,in range
GRID_05735,-77.652,163.238,388204.9,-1288885.3,SVL,d,-9.214,0.7421,0,in range
GRID_05736,-77.649,163.197,389222.4,-1288922.8,SVL,c,-12.27,0.4108,0,in range
GRID_05737,-77.647,163.156,390208.3,-1288854.3,SVL,c,-12.632,0.5232,0,in range
GRID_05738,-77.644,163.116,391203.7,-1288897.0,SVL,c,-11.251,0.4021,0,in range
GRID_05739,-77.671,163.389,384209.8,-1287903.1,SVL,c,-3.675,1.0779,0,in range
GRID_05740,-77.668,163.348,385225.8,-1287943.7,SVL,g,-9.498,0.3621,0,in range
GRID_05741,-77.666,163.307,386210.5,-1287878.2,SVL,n,-7.061,1.0887,1,litho
GRID_05742,-77.663,163.266,387226.9,-1287917.2,SVL,g,-8.691,0.763,0,in range
GRID_05743,-77.655,163.144,390223.3,-1287931.1,SVL,c,-13.657,0.2843,0,in range
GRID_05744,-77.675,163.295,386195.9,-1286850.0,SVL,n,-10.083,0.2982,1,litho
GRID_05745,-77.672,163.254,387211.7,-1286889.0,SVL,n,-8.44,0.7897,1,litho
GRID_05746,-77.681,163.242,387196.0,-1285860.9,SVL,n,-8.971,0.7873,1,litho
GRID_05747,-77.678,163.201,388211.3,-1285899.1,SVL,n,-9.769,0.6496,1,litho
GRID_05748,-77.684,163.148,389209.5,-1284908.4,SVL,n,-10.654,0.5832,1,litho
GRID_05749,-77.595,163.538,383226.2,-1296907.8,SVL,c,-10.668,0.9288,0,in range
GRID_05750,-77.593,163.498,384193.9,-1296850.7,SVL,c,-10.261,0.3342,0,in range
GRID_05751,-77.604,163.526,383217.3,-1295879.0,SVL,c,-12.585,0.3776,0,in range
GRID_05752,-77.601,163.486,384215.6,-1295927.2,SVL,c,-13.032,0.5619,0,in range
GRID_05753,-77.613,163.514,383208.0,-1294850.2,SVL,c,-10.343,0.4766,0,in range
GRID_05754,-77.61,163.474,384205.6,-1294898.4,SVL,c,-11.023,0.3148,0,in range
GRID_05755,-77.619,163.461,384217.9,-1293863.0,SVL,n,-10.294,0.3249,1,litho
GRID_05756,-77.627,163.449,384238.4,-1292939.8,SVL,n,-10.045,0.2062,1,litho
GRID_05757,-77.639,163.478,383208.9,-1291869.7,SVL,n,-10.796,0.324,1,litho
GRID_05758,-77.656,163.454,383217.9,-1289918.3,SVL,g,-7.621,1.0122,0,in range
GRID_05759,-77.665,163.442,383206.2,-1288889.9,SVL,c,-5.286,0.712,0,in range
GRID_05760,-77.662,163.401,384222.6,-1288931.3,SVL,g,-8.717,0.3666,0,in range
GRID_05761,-77.398,163.718,385221.5,-1318892.6,SVL,n,7.863,1.9629,1,litho
GRID_05762,-77.395,163.678,386234.8,-1318939.9,SVL,n,5.821,1.8243,1,litho
GRID_05763,-77.407,163.706,385220.0,-1317862.1,SVL,c,0.59,0.861,0,in range
GRID_05764,-77.404,163.666,386232.8,-1317909.4,SVL,c,-3.017,1.1087,0,in range
GRID_05765,-77.402,163.626,387214.7,-1317850.4,SVL,c,-4.191,1.5821,0,in range
GRID_05767,-77.415,163.695,385226.1,-1316943.9,SVL,c,2.645,1.3887,0,in range
GRID_05768,-77.427,163.723,384212.7,-1315865.6,SVL,c,6.265,1.4551,0,in range
GRID_05769,-77.424,163.683,385223.9,-1315913.6,SVL,c,-6.308,1.2308,0,in range
GRID_05771,-77.435,163.711,384241.6,-1314940.8,SVL,c,-7.721,1.1451,0,in range
GRID_05772,-77.433,163.671,385221.3,-1314883.3,SVL,c,-8.625,1.732,0,in range
GRID_05773,-77.447,163.74,383206.6,-1313868.6,SVL,c,6.264,2.2352,0,in range
GRID_05774,-77.444,163.7,384216.3,-1313917.3,SVL,c,-7.685,1.1091,0,in range
GRID_05775,-77.455,163.728,383235.3,-1312944.1,SVL,c,5.474,1.8201,0,in range
GRID_05776,-77.453,163.688,384213.6,-1312887.2,SVL,c,-6.802,0.9453,0,in range
GRID_05777,-77.464,163.716,383232.9,-1311914.0,SVL,c,-1.611,0.6405,0,in range
GRID_05778,-77.462,163.676,384210.5,-1311857.2,SVL,c,-8.094,0.8218,0,in range
GRID_05779,-77.473,163.705,383207.1,-1310890.8,SVL,c,-9.843,1.0193,0,in range
GRID_05780,-77.47,163.664,384237.8,-1310932.7,SVL,c,-9.313,0.2523,0,in range
GRID_05781,-77.468,163.624,385214.9,-1310875.1,SVL,c,-9.041,0.4409,0,in range
GRID_05782,-77.482,163.693,383203.9,-1309860.9,SVL,c,-9.417,0.8512,0,in range
GRID_05783,-77.479,163.653,384211.0,-1309909.5,SVL,c,-10.094,0.3874,0,in range
GRID_05784,-77.477,163.612,385210.3,-1309845.2,SVL,c,-8.74,0.6364,0,in range
GRID_05785,-77.49,163.681,383231.1,-1308936.6,SVL,c,-10.406,0.3065,0,in range
GRID_05786,-77.488,163.641,384206.7,-1308879.7,SVL,n,-9.145,0.4489,1,litho
GRID_05787,-77.485,163.6,385236.3,-1308920.8,SVL,n,-9.084,0.5058,1,litho
GRID_05788,-77.499,163.669,383227.0,-1307906.9,SVL,c,-8.939,1.0022,0,in range
GRID_05789,-77.508,163.657,383222.5,-1306877.2,SVL,c,-10.867,0.3908,0,in range
GRID_05790,-77.505,163.617,384227.8,-1306925.8,SVL,c,-9.914,0.7067,0,in range
GRID_05791,-77.517,163.646,383194.9,-1305854.3,SVL,n,-9.797,0.59,1,litho
GRID_05793,-77.525,163.634,383220.6,-1304930.3,SVL,c,-10.841,0.3901,0,in range
GRID_05795,-77.52,163.553,385220.6,-1304914.4,SVL,c,-11.393,0.2067,0,in range
GRID_05796,-77.518,163.513,386193.9,-1304855.9,SVL,c,-12.539,0.404,0,in range
GRID_05797,-77.534,163.622,383214.9,-1303900.9,SVL,c,-10.468,0.8923,0,in range
GRID_05799,-77.529,163.541,385213.6,-1303884.9,SVL,n,-11.32,0.4418,1,litho
GRID_05800,-77.526,163.501,386217.4,-1303931.8,SVL,c,-11.021,0.7786,0,in range
GRID_05801,-77.524,163.46,387213.0,-1303865.9,SVL,c,-11.578,0.3755,0,in range
GRID_05802,-77.543,163.61,383208.9,-1302871.5,SVL,c,2.969,2.0771,0,in range
GRID_05803,-77.54,163.57,384211.6,-1302920.0,SVL,c,-10.262,0.6023,0,in range
GRID_05804,-77.538,163.529,385206.2,-1302855.5,SVL,c,-11.967,0.4027,0,in range
GRID_05805,-77.535,163.489,386209.4,-1302902.4,SVL,c,-11.985,0.3149,0,in range
GRID_05806,-77.532,163.448,387235.6,-1302941.8,SVL,g,-10.268,0.3768,0,in range
GRID_05807,-77.53,163.408,388207.9,-1302881.8,SVL,c,-11.546,0.3102,0,in range
GRID_05808,-77.527,163.368,389211.7,-1302926.5,SVL,g,-9.074,0.4584,0,in range
GRID_05809,-77.522,163.287,391211.4,-1302901.3,SVL,g,-9.121,0.4346,0,in range
GRID_05810,-77.549,163.558,384204.5,-1301890.7,SVL,c,2.9,1.7998,0,in range
GRID_05811,-77.546,163.517,385229.6,-1301931.6,SVL,c,-9.361,0.6436,0,in range
GRID_05812,-77.544,163.477,386200.9,-1301873.1,SVL,c,-11.74,0.6316,0,in range
GRID_05813,-77.541,163.436,387226.4,-1301912.5,SVL,g,-8.571,0.4158,0,in range
GRID_05814,-77.539,163.396,388198.0,-1301852.5,SVL,g,-7.495,0.9051,0,in range
GRID_05815,-77.536,163.355,389224.0,-1301890.3,SVL,g,-9.665,0.491,0,in range
GRID_05816,-77.555,163.505,385221.3,-1300902.3,SVL,c,2.97,1.9971,0,in range
GRID_05817,-77.552,163.465,386223.3,-1300949.2,SVL,c,-11.053,0.3754,0,in range
GRID_05818,-77.55,163.424,387216.9,-1300883.2,SVL,c,-11.553,0.4222,0,in range
GRID_05819,-77.547,163.384,388219.2,-1300928.5,SVL,g,-6.945,1.0762,0,in range
GRID_05820,-77.545,163.343,389213.1,-1300861.0,SVL,g,-9.96,0.3422,0,in range
GRID_05821,-77.542,163.303,390215.9,-1300904.8,SVL,c,-9.98,0.4594,0,in range
GRID_05822,-77.564,163.493,385212.7,-1299873.2,SVL,c,3.575,1.5309,0,in range
GRID_05823,-77.561,163.453,386214.0,-1299920.0,SVL,c,-10.015,0.1042,0,in range
GRID_05824,-77.559,163.412,387206.9,-1299854.0,SVL,c,-11.151,0.3076,0,in range
GRID_05825,-77.556,163.372,388208.6,-1299899.3,SVL,c,-11.6,0.4438,0,in range
GRID_05826,-77.553,163.331,389233.3,-1299937.1,SVL,n,-8.793,0.6604,1,litho
GRID_05827,-77.573,163.481,385203.7,-1298844.1,SVL,c,3.673,1.9646,0,in range
GRID_05828,-77.57,163.441,386204.3,-1298890.9,SVL,c,-9.561,1.0251,0,in range
GRID_05829,-77.567,163.4,387227.9,-1298930.2,SVL,c,-11.429,0.3665,0,in range
GRID_05830,-77.586,163.55,383234.6,-1297936.7,SVL,c,-10.497,0.6313,0,in range
GRID_05831,-77.584,163.51,384203.1,-1297879.6,SVL,c,-4.074,1.0055,0,in range
GRID_05832,-77.581,163.469,385225.5,-1297920.4,SVL,c,-10.319,0.2837,0,in range
GRID_05833,-77.579,163.429,386194.3,-1297861.9,SVL,c,-11.783,0.4795,0,in range
GRID_05834,-77.576,163.388,387217.1,-1297901.2,SVL,c,-11.393,0.5215,0,in range
GRID_05835,-77.59,163.457,385215.7,-1296891.5,SVL,c,-10.784,0.604,0,in range
GRID_05836,-77.587,163.416,386237.8,-1296931.5,SVL,c,-6.837,1.5492,0,in range
GRID_05837,-77.585,163.376,387206.0,-1296872.2,SVL,c,-4.349,1.0919,0,in range
GRID_05838,-77.572,163.173,392212.0,-1296859.8,SVL,g,-9.725,0.4717,0,in range
GRID_05839,-77.569,163.133,393213.0,-1296901.3,SVL,n,-11.275,0.2273,1,litho
GRID_05840,-77.599,163.445,385205.5,-1295862.6,SVL,c,-11.172,0.3397,0,in range
GRID_05841,-77.596,163.404,386226.8,-1295902.6,SVL,c,-11.536,0.3962,0,in range
GRID_05842,-77.594,163.364,387194.4,-1295843.3,SVL,c,-3.872,0.6663,0,in range
GRID_05843,-77.591,163.323,388216.2,-1295881.8,SVL,c,-4.314,0.8576,0,in range
GRID_05844,-77.586,163.242,390206.3,-1295857.8,SVL,c,-9.605,0.787,0,in range
GRID_05845,-77.583,163.202,391206.1,-1295900.8,SVL,c,-11.97,0.4567,0,in range
GRID_05846,-77.58,163.161,392228.9,-1295936.1,SVL,g,-8.608,0.2627,0,in range
GRID_05847,-77.578,163.121,393197.4,-1295872.3,SVL,n,-9.925,0.2692,1,litho
GRID_05848,-77.575,163.08,394220.5,-1295906.0,SVL,c,-11.534,0.3216,0,in range
GRID_05849,-77.607,163.433,385226.2,-1294939.2,SVL,c,-11.49,0.276,0,in range
GRID_05850,-77.605,163.392,386215.5,-1294873.8,SVL,c,-10.531,0.1313,0,in range
GRID_05851,-77.602,163.352,387213.9,-1294919.8,SVL,c,-4.624,0.9112,0,in range
GRID_05852,-77.6,163.311,388203.5,-1294852.9,SVL,c,-4.4,0.8881,0,in range
GRID_05853,-77.597,163.271,389202.3,-1294897.4,SVL,c,-6.212,1.1268,0,in range
GRID_05854,-77.594,163.23,390224.0,-1294934.2,SVL,c,-5.696,1.3157,0,in range
GRID_05855,-77.592,163.189,391214.1,-1294865.1,SVL,c,-4.918,1.2542,0,in range
GRID_05856,-77.589,163.149,392213.6,-1294907.2,SVL,c,-11.405,0.3402,0,in range
GRID_05857,-77.586,163.108,393235.9,-1294941.7,SVL,n,-10.31,0.4283,1,litho
GRID_05858,-77.584,163.068,394203.8,-1294877.1,SVL,n,-9.824,0.2086,1,litho
GRID_05859,-77.616,163.421,385215.1,-1293910.5,SVL,c,-11.87,0.2525,0,in range
GRID_05860,-77.614,163.38,386203.8,-1293845.1,SVL,c,-10.616,0.1514,0,in range
GRID_05861,-77.611,163.34,387201.5,-1293891.0,SVL,c,-12.429,0.4386,0,in range
GRID_05862,-77.608,163.299,388222.1,-1293929.4,SVL,c,-6.006,1.5395,0,in range
GRID_05863,-77.606,163.258,389211.2,-1293861.8,SVL,c,-3.666,1.1847,0,in range
GRID_05864,-77.598,163.137,392197.8,-1293878.4,SVL,c,-9.555,0.8239,0,in range
GRID_05865,-77.625,163.409,385203.7,-1292881.8,SVL,n,-10.097,0.1579,1,litho
GRID_05866,-77.622,163.368,386223.1,-1292921.8,SVL,c,-12.354,0.3911,0,in range
GRID_05867,-77.62,163.327,387211.3,-1292855.6,SVL,c,-11.91,0.5752,0,in range
GRID_05868,-77.617,163.287,388208.6,-1292900.8,SVL,c,-9.819,0.5872,0,in range
GRID_05869,-77.614,163.246,389228.7,-1292938.3,SVL,c,-4.85,0.9101,0,in range
GRID_05870,-77.241,163.496,395233.4,-1333943.6,SVL,n,8.41,1.8795,1,litho
GRID_05871,-77.239,163.457,396203.9,-1333885.1,SVL,n,6.975,1.988,1,litho
GRID_05872,-77.319,163.521,392218.0,-1325890.2,SVL,n,8.156,1.7153,1,litho
GRID_05873,-77.339,163.537,391224.5,-1323890.5,SVL,c,5.331,1.1042,0,in range
GRID_05874,-77.348,163.526,391198.0,-1322866.4,SVL,c,5.471,1.6164,0,in range
GRID_05875,-77.359,163.554,390209.0,-1321897.3,SVL,c,5.713,1.9647,0,in range
GRID_05876,-77.356,163.514,391225.4,-1321940.9,SVL,c,-7.217,1.2121,0,in range
GRID_05877,-77.398,162.017,424201.3,-1306876.6,SVL,n,-13.118,0.6745,1,litho
GRID_05878,-77.427,162.018,423194.2,-1303851.3,SVL,g,-10.474,0.5071,0,in range
GRID_05879,-77.435,162.005,423218.3,-1302918.8,SVL,d,-11.115,0.2867,0,in range
GRID_05880,-77.476,161.901,424182.3,-1297864.0,SVL,d,-10.674,0.4064,0,in range
GRID_05881,-77.544,162.196,415208.8,-1292913.9,SVL,c,-11.642,0.5698,0,in range
GRID_05882,-77.536,162.076,418186.4,-1292878.1,SVL,c,-13.446,0.527,0,in range
GRID_05883,-77.55,162.143,416202.4,-1291901.5,SVL,c,-12.768,0.5067,0,in range
GRID_05884,-77.547,162.103,417205.5,-1291924.4,SVL,g,-11.875,0.368,0,in range
GRID_05885,-77.544,162.063,418208.9,-1291946.6,SVL,c,-12.415,0.3132,0,in range
GRID_05886,-77.564,162.21,414221.2,-1290922.1,SVL,d,-9.821,0.4936,0,in range
GRID_05887,-77.561,162.17,415223.3,-1290946.5,SVL,d,-10.573,0.2529,0,in range
GRID_05888,-77.556,162.09,417194.4,-1290888.4,SVL,g,-11.642,0.6681,0,in range
GRID_05889,-77.573,162.064,417204.8,-1288921.3,SVL,g,-10.98,0.6152,0,in range
GRID_05890,-77.599,162.159,414191.6,-1286891.1,SVL,d,-10.613,0.3293,0,in range
GRID_05891,-77.596,162.118,415213.6,-1286908.1,SVL,d,-11.115,0.4045,0,in range
GRID_05892,-77.605,162.105,415201.6,-1285872.6,SVL,s,-11.11,0.2553,0,in range
GRID_05893,-77.599,162.025,417200.1,-1285918.9,SVL,s,-12.326,0.4843,0,in range
GRID_05894,-77.611,162.052,416187.7,-1284860.6,SVL,d,-11.26,0.3475,0,in range
GRID_05895,-77.619,162.039,416208.1,-1283929.8,SVL,d,-12.199,0.3763,0,in range
GRID_05896,-77.616,161.998,417228.6,-1283945.2,SVL,s,-12.342,0.5486,0,in range
GRID_05897,-77.628,162.026,416194.2,-1282894.5,SVL,c,-13.084,0.5396,0,in range
GRID_05898,-77.383,162.083,423203.0,-1308933.7,SVL,c,-12.171,0.4183,0,in range
GRID_05899,-77.378,162.003,425200.0,-1308864.4,SVL,g,-10.396,0.7931,0,in range
GRID_05900,-77.375,161.964,426193.0,-1308888.3,SVL,g,-9.499,0.5829,0,in range
GRID_05901,-77.389,162.03,424210.1,-1307914.1,SVL,c,-11.34,0.4384,0,in range
GRID_05902,-77.386,161.991,425202.2,-1307938.8,SVL,c,-11.132,0.643,0,in range
GRID_05903,-76.995,160.982,462183.3,-1340909.2,SVL,d,-8.315,1.0229,0,in range
GRID_05904,-76.935,161.327,456214.8,-1349923.0,SVL,d,-7.516,1.4727,0,in range
GRID_05905,-76.947,161.353,455180.0,-1348878.6,SVL,d,-7.244,1.4022,0,in range
GRID_05906,-76.944,161.315,456180.2,-1348889.2,SVL,d,-8.224,0.5998,0,in range
GRID_05907,-76.955,161.34,455204.3,-1347941.2,SVL,d,-9.371,0.9799,0,in range
GRID_05908,-77.234,162.129,427180.2,-1324867.9,SVL,g,-5.615,1.1293,0,in range
GRID_05909,-77.231,162.089,428206.6,-1324883.3,SVL,g,-5.812,1.2634,0,in range
GRID_05910,-77.242,162.116,427210.6,-1323933.5,SVL,c,-9.325,0.5906,0,in range
GRID_05911,-77.257,162.051,428203.9,-1321878.6,SVL,g,-7.756,1.357,0,in range
GRID_05912,-77.271,162.117,426208.1,-1320905.6,SVL,d,-7.352,0.9697,0,in range
GRID_05913,-77.28,162.104,426203.7,-1319867.0,SVL,g,-6.69,1.9489,0,in range
GRID_05914,-77.297,162.079,426204.3,-1317902.1,SVL,g,-6.913,1.5117,0,in range
GRID_05915,-77.311,162.014,427223.7,-1315953.4,SVL,n,-7.893,1.1192,1,litho
GRID_05916,-77.309,161.975,428187.4,-1315871.4,SVL,n,-7.796,1.361,1,litho
GRID_05917,-77.323,162.041,426196.6,-1314899.2,SVL,n,-8.542,0.9097,1,litho
GRID_05918,-77.332,162.028,426189.6,-1313861.1,SVL,n,-7.588,1.1539,1,litho
GRID_05919,-77.343,162.055,425197.7,-1312911.0,SVL,n,-7.606,1.071,1,litho
GRID_05920,-77.352,162.042,425190.5,-1311873.1,SVL,g,-7.517,1.2897,0,in range
GRID_05921,-77.349,162.002,426208.2,-1311889.7,SVL,n,-6.988,0.9937,1,litho
GRID_05922,-77.346,161.963,427203.2,-1311912.9,SVL,n,-8.192,1.1498,1,litho
GRID_05923,-77.363,162.069,424199.8,-1310922.5,SVL,d,-8.859,1.0233,0,in range
GRID_05924,-77.36,162.029,425216.7,-1310939.8,SVL,d,-8.366,1.5802,0,in range
GRID_05925,-77.358,161.99,426176.9,-1310859.2,SVL,d,-8.375,1.3276,0,in range
GRID_05926,-77.372,162.056,424192.4,-1309884.8,SVL,d,-9.778,0.8699,1,aspect
GRID_05927,-77.369,162.016,425208.6,-1309902.1,SVL,d,-9.858,0.8655,0,in range
GRID_05928,-76.857,161.316,459224.1,-1357967.9,SVL,c,-9.866,1.3169,0,in range
GRID_05929,-76.866,161.303,459214.7,-1356925.3,SVL,d,-9.506,0.8802,0,in range
GRID_05930,-76.863,161.266,460196.9,-1356941.2,SVL,c,-10.382,0.9818,0,in range
GRID_05931,-76.875,161.291,459181.1,-1355890.8,SVL,d,-9.529,0.694,0,in range
GRID_05932,-76.872,161.253,460186.4,-1355898.7,SVL,c,-10.169,1.4846,0,in range
GRID_05933,-76.869,161.215,461191.9,-1355905.8,SVL,c,-9.463,1.348,0,in range
GRID_05934,-76.88,161.24,460210.8,-1354960.5,SVL,c,-10.248,0.8692,0,in range
GRID_05935,-76.877,161.202,461215.8,-1354967.5,SVL,c,-9.901,1.1146,0,in range
GRID_05936,-76.889,161.227,460199.5,-1353918.1,SVL,c,-10.252,1.3719,0,in range
GRID_05937,-76.886,161.189,461203.8,-1353925.2,SVL,c,-10.121,1.1322,0,in range
GRID_05938,-76.883,161.151,462208.3,-1353931.5,SVL,c,-10.536,1.1921,0,in range
GRID_05939,-76.895,161.176,461191.4,-1352882.9,SVL,c,-10.043,1.1079,0,in range
GRID_05940,-76.892,161.138,462195.3,-1352889.2,SVL,c,-10.228,1.3475,0,in range
GRID_05941,-76.903,161.163,461214.0,-1351944.9,SVL,c,-9.372,1.0819,0,in range
GRID_05942,-76.912,161.15,461200.7,-1350902.8,SVL,c,-10.065,1.1763,0,in range
GRID_05943,-76.909,161.112,462203.5,-1350909.0,SVL,c,-10.121,1.0314,0,in range
GRID_05944,-76.918,161.099,462189.1,-1349867.0,SVL,c,-10.253,1.0208,0,in range
GRID_05945,-76.929,161.124,461208.4,-1348923.0,SVL,s,-6.197,2.0024,0,in range
GRID_05946,-76.926,161.086,462210.0,-1348929.2,SVL,s,-9.616,1.2778,0,in range
GRID_05947,-76.935,161.073,462194.7,-1347887.3,SVL,d,-8.534,0.9294,0,in range
GRID_05948,-76.946,161.098,461214.4,-1346943.6,SVL,c,-10.035,0.9587,0,in range
GRID_05949,-76.943,161.06,462214.8,-1346949.7,SVL,d,-8.684,1.0619,0,in range
GRID_05950,-76.952,161.047,462198.7,-1345908.0,SVL,d,-7.852,1.2279,0,in range
GRID_05951,-76.961,161.034,462182.2,-1344866.4,SVL,d,-8.711,0.831,0,in range
GRID_05952,-76.975,161.097,460204.0,-1343916.3,SVL,d,-9.137,1.0923,0,in range
GRID_05953,-76.969,161.021,462201.0,-1343929.0,SVL,d,-8.536,1.1409,0,in range
GRID_05954,-76.984,161.084,460187.8,-1342874.9,SVL,d,-7.647,1.3849,0,in range
GRID_05955,-76.981,161.046,461185.6,-1342881.6,SVL,d,-8.595,1.0551,0,in range
GRID_05956,-76.978,161.008,462183.6,-1342887.6,SVL,d,-8.429,0.7217,0,in range
GRID_05957,-76.986,160.995,462201.6,-1341950.4,SVL,d,-8.822,0.7801,0,in range
GRID_05958,-77.121,162.162,430224.7,-1336946.0,SVL,d,-6.892,1.2989,0,in range
GRID_05959,-77.139,162.137,430200.6,-1334873.4,SVL,d,-6.289,1.083,0,in range
GRID_05960,-77.179,162.165,428200.6,-1330894.8,SVL,g,-5.998,1.125,0,in range
GRID_05961,-77.173,162.087,430215.0,-1330938.7,SVL,g,-7.405,0.8504,0,in range
GRID_05962,-77.179,162.035,431219.2,-1329919.9,SVL,g,-5.819,1.2408,0,in range
GRID_05963,-77.176,161.996,432226.3,-1329939.9,SVL,g,-6.009,1.4681,0,in range
GRID_05964,-77.193,162.101,429213.6,-1328950.3,SVL,g,-5.195,1.6142,1,slope
GRID_05965,-77.191,162.062,430185.9,-1328867.1,SVL,g,-6.233,1.4148,0,in range
GRID_05966,-76.855,161.405,457184.4,-1358888.2,SVL,c,-10.112,1.33,0,in range
GRID_05967,-76.86,161.354,458217.8,-1357959.3,SVL,c,-10.313,0.9384,0,in range
GRID_05968,-76.869,161.341,458209.0,-1356916.7,SVL,c,-9.664,1.4592,0,in range
GRID_05969,-76.878,161.329,458176.0,-1355882.2,SVL,c,-9.59,1.3638,0,in range
GRID_05970,-77.446,162.165,419207.8,-1302944.3,SVL,d,-10.595,0.3342,0,in range
GRID_05971,-77.455,162.152,419200.2,-1301907.3,SVL,d,-11.047,0.3067,0,in range
GRID_05972,-77.452,162.112,420210.3,-1301928.2,SVL,d,-11.014,0.127,0,in range
GRID_05973,-77.469,162.219,417207.4,-1300931.1,SVL,d,-10.905,0.3993,0,in range
GRID_05974,-77.466,162.179,418216.5,-1300953.5,SVL,d,-11.275,0.3898,0,in range
GRID_05975,-77.464,162.139,419192.1,-1300870.4,SVL,d,-11.403,0.2437,0,in range
GRID_05976,-77.461,162.099,420201.5,-1300891.3,SVL,d,-10.337,0.4183,0,in range
GRID_05977,-77.458,162.059,421211.2,-1300911.4,SVL,c,-12.978,0.4977,0,in range
GRID_05978,-77.455,162.019,422221.1,-1300930.7,SVL,c,-11.715,0.403,0,in range
GRID_05979,-77.472,162.126,419217.3,-1299938.3,SVL,d,-11.284,0.422,0,in range
GRID_05980,-77.47,162.086,420192.3,-1299854.5,SVL,d,-11.697,0.219,0,in range
GRID_05981,-77.467,162.046,421201.4,-1299874.6,SVL,c,-12.578,0.3157,0,in range
GRID_05982,-77.487,162.193,417192.6,-1298857.6,SVL,g,-9.387,0.2881,0,in range
GRID_05983,-77.484,162.153,418200.4,-1298880.0,SVL,g,-11.577,0.9164,0,in range
GRID_05984,-77.481,162.113,419208.3,-1298901.6,SVL,c,-13.029,0.519,0,in range
GRID_05985,-77.478,162.073,420216.6,-1298922.4,SVL,d,-11.382,0.4348,0,in range
GRID_05986,-77.475,162.033,421225.0,-1298942.4,SVL,d,-10.954,0.3959,0,in range
GRID_05987,-77.473,161.993,422199.7,-1298857.1,SVL,d,-11.414,0.3644,0,in range
GRID_05988,-77.47,161.954,423185.9,-1298883.0,SVL,d,-10.953,0.4986,0,in range
GRID_05989,-77.487,162.06,420206.5,-1297885.7,SVL,c,-12.23,0.3583,0,in range
GRID_05990,-77.484,162.02,421214.3,-1297905.7,SVL,d,-10.952,0.4168,0,in range
GRID_05991,-77.507,162.074,419212.7,-1295896.5,SVL,g,-11.112,0.5022,0,in range
GRID_05992,-77.504,162.034,420219.0,-1295917.2,SVL,g,-10.955,0.7643,0,in range
GRID_05993,-77.516,162.062,419179.4,-1294867.5,SVL,g,-11.974,0.5462,0,in range
GRID_05994,-77.513,162.021,420207.6,-1294880.8,SVL,g,-11.619,0.3919,0,in range
GRID_05995,-77.51,161.981,421213.6,-1294900.8,SVL,g,-11.271,0.4298,0,in range
GRID_05996,-77.449,162.337,415194.4,-1303882.6,SVL,d,-10.195,0.4709,0,in range
GRID_05997,-77.452,162.244,417209.7,-1302892.9,SVL,d,-11.214,0.3803,0,in range
GRID_05998,-77.463,162.271,416227.4,-1301937.5,SVL,d,-10.373,0.2199,0,in range
GRID_05999,-77.461,162.232,417180.6,-1301863.2,SVL,d,-11.105,0.2441,0,in range
GRID_06000,-77.492,162.14,418225.3,-1297948.0,SVL,g,-10.69,0.5638,0,in range
GRID_06001,-77.49,162.1,419198.9,-1297864.9,SVL,g,-11.037,0.5052,0,in range
GRID_06002,-77.501,162.127,418216.2,-1296911.5,SVL,g,-10.985,0.4156,0,in range
GRID_06003,-77.498,162.087,419222.9,-1296933.0,SVL,g,-12.402,0.7255,0,in range
GRID_06004,-77.51,162.114,418206.6,-1295875.0,SVL,g,-11.433,0.3994,0,in range
GRID_06005,-77.521,162.142,417202.4,-1294928.3,SVL,c,-12.101,0.5823,0,in range
GRID_06006,-77.533,162.169,416188.3,-1293869.1,SVL,d,-10.945,0.5441,0,in range
GRID_06007,-77.53,162.129,417192.7,-1293892.1,SVL,g,-12.43,0.5358,0,in range
GRID_06008,-77.527,162.089,418197.3,-1293914.3,SVL,c,-12.764,0.3234,0,in range
GRID_06009,-77.541,162.156,416212.4,-1292937.6,SVL,d,-12.034,0.3193,0,in range
GRID_06010,-77.539,162.116,417182.4,-1292855.9,SVL,c,-12.467,0.346,0,in range
GRID_06011,-77.366,162.108,423206.1,-1310897.0,SVL,d,-7.253,1.0638,0,in range
GRID_06674,-77.674,161.057,436189.2,-1270891.2,SVL,d,-10.485,0.4337,0,in range
GRID_06675,-77.832,161.119,429196.0,-1254936.7,SVL,d,-11.661,0.3973,0,in range
GRID_06676,-77.879,161.638,416184.6,-1253872.8,SVL,c,-11.936,0.5434,0,in range
GRID_06677,-77.841,161.105,429182.4,-1253896.4,SVL,s,-10.99,0.6673,0,in range
GRID_06678,-77.838,161.064,430186.6,-1253900.7,SVL,s,-11.22,0.4255,0,in range
GRID_06679,-77.835,161.023,431190.9,-1253904.2,SVL,s,-11.245,0.3369,0,in range
GRID_06680,-77.89,161.665,415213.5,-1252921.9,SVL,s,-10.957,0.5714,0,in range
GRID_06681,-77.887,161.624,416213.9,-1252937.2,SVL,c,-10.71,0.4354,0,in range
GRID_06682,-77.885,161.583,417179.8,-1252847.4,SVL,c,-10.796,0.4794,0,in range
GRID_06683,-77.882,161.542,418180.5,-1252861.2,SVL,c,-12.282,0.5268,0,in range
GRID_06684,-77.85,161.091,429168.4,-1252856.2,SVL,c,-11.6,0.1941,0,in range
GRID_06685,-77.847,161.05,430171.9,-1252860.4,SVL,s,-10.93,0.3325,0,in range
GRID_06686,-77.844,161.009,431175.5,-1252863.9,SVL,s,-11.633,0.3422,0,in range
GRID_06687,-77.899,161.652,415186.6,-1251889.3,SVL,s,-10.893,0.6354,0,in range
GRID_06688,-77.89,161.528,418208.2,-1251925.5,SVL,c,-11.577,0.7565,0,in range
GRID_06689,-77.887,161.487,419208.6,-1251938.4,SVL,c,-10.746,0.4857,0,in range
GRID_06690,-77.858,161.077,429189.5,-1251919.9,SVL,c,-11.388,0.5962,0,in range
GRID_06691,-77.855,161.036,430192.4,-1251924.2,SVL,s,-10.986,0.4425,0,in range
GRID_06692,-77.893,161.432,420200.3,-1250910.6,SVL,s,-10.663,0.4031,0,in range
GRID_06693,-77.89,161.391,421200.5,-1250921.9,SVL,c,-10.97,0.3963,0,in range
GRID_06694,-77.884,161.309,423201.6,-1250942.1,SVL,d,-11.242,0.4503,1,slope
GRID_06695,-77.867,161.063,429174.6,-1250879.9,SVL,c,-11.222,0.2395,0,in range
GRID_06696,-77.899,161.377,421190.4,-1249882.1,SVL,c,-11.821,0.4105,0,in range
GRID_06697,-77.875,161.049,429194.8,-1249943.9,SVL,d,-9.898,0.4219,0,in range
GRID_06698,-77.872,161.008,430196.4,-1249948.0,SVL,c,-11.123,0.2447,0,in range
GRID_06699,-77.905,161.322,422179.0,-1248852.9,SVL,s,-11.176,0.4961,0,in range
GRID_06700,-77.884,161.034,429200.7,-1248896.5,SVL,s,-10.885,0.5417,0,in range
GRID_06701,-77.893,161.02,429184.4,-1247856.8,SVL,d,-10.825,0.8122,0,in range
GRID_06702,-77.677,161.367,429201.3,-1272920.2,SVL,d,-10.522,0.5683,0,in range
GRID_06703,-77.666,161.206,433165.9,-1272853.5,SVL,s,-10.893,0.2909,0,in range
GRID_06704,-77.663,161.165,434183.1,-1272855.2,SVL,d,-10.617,0.4904,0,in range
GRID_06705,-77.66,161.125,435178.3,-1272863.8,SVL,d,-10.21,0.6469,0,in range
GRID_06706,-77.651,161.004,438187.3,-1272877.1,SVL,s,-10.53,0.4109,0,in range
GRID_06707,-77.668,161.111,435204.7,-1271925.6,SVL,d,-10.022,0.5686,0,in range
GRID_06708,-77.662,161.031,437194.5,-1271940.2,SVL,s,-11.645,0.3585,0,in range
GRID_06709,-77.659,160.99,438212.0,-1271938.8,SVL,s,-11.226,0.4157,0,in range
GRID_06710,-77.656,160.95,439207.4,-1271944.1,SVL,s,-11.737,0.2348,0,in range
GRID_06711,-77.653,160.91,440203.1,-1271948.8,SVL,s,-11.712,0.3188,0,in range
GRID_06712,-77.703,161.461,426204.0,-1270913.9,SVL,c,-11.397,0.4277,0,in range
GRID_06713,-77.7,161.421,427196.2,-1270928.5,SVL,c,-13.094,0.4167,0,in range
GRID_06714,-77.697,161.38,428210.8,-1270934.9,SVL,g,-9.176,0.6134,0,in range
GRID_06715,-77.694,161.34,429203.4,-1270948.0,SVL,g,-8.231,1.2376,0,in range
GRID_06716,-77.689,161.259,431176.3,-1270860.2,SVL,s,-10.879,0.6741,0,in range
GRID_06717,-77.68,161.138,434178.9,-1270882.7,SVL,s,-11.44,0.6032,0,in range
GRID_06718,-77.677,161.097,435195.0,-1270883.6,SVL,s,-9.885,0.4233,0,in range
GRID_06719,-77.712,161.448,426177.7,-1269879.6,SVL,g,-10.41,0.6238,0,in range
GRID_06720,-77.709,161.407,427191.4,-1269886.8,SVL,g,-10.887,0.5654,0,in range
GRID_06721,-77.706,161.367,428183.2,-1269900.6,SVL,g,-11.355,0.8085,0,in range
GRID_06722,-77.703,161.326,429197.3,-1269906.2,SVL,d,-11.411,0.6842,0,in range
GRID_06723,-77.7,161.286,430189.6,-1269918.4,SVL,g,-11.57,0.948,0,in range
GRID_06724,-77.697,161.245,431204.2,-1269922.4,SVL,d,-11.77,0.4251,0,in range
GRID_06725,-77.694,161.205,432196.8,-1269933.2,SVL,d,-10.725,0.7645,0,in range
GRID_06726,-77.691,161.164,433211.9,-1269935.6,SVL,c,-11.56,0.2974,0,in range
GRID_06727,-77.688,161.124,434205.0,-1269944.7,SVL,c,-11.26,0.3668,0,in range
GRID_06728,-77.685,161.084,435198.4,-1269953.2,SVL,d,-11.447,0.4069,0,in range
GRID_06729,-77.72,161.434,426208.1,-1268942.1,SVL,d,-10.135,0.6642,0,in range
GRID_06730,-77.718,161.393,427186.1,-1268845.1,SVL,g,-10.715,0.6026,0,in range
GRID_06731,-77.715,161.353,428177.3,-1268858.9,SVL,g,-11.723,0.693,0,in range
GRID_06732,-77.712,161.312,429190.7,-1268864.4,SVL,g,-11.342,0.4949,0,in range
GRID_06733,-77.709,161.272,430182.3,-1268876.7,SVL,d,-10.952,0.6172,0,in range
GRID_06734,-77.706,161.231,431196.3,-1268880.7,SVL,d,-10.678,0.5129,0,in range
GRID_06735,-77.703,161.191,432188.3,-1268891.4,SVL,c,-12.459,0.5109,0,in range
GRID_06736,-77.7,161.15,433202.7,-1268893.7,SVL,d,-11.675,0.4996,0,in range
GRID_06737,-77.729,161.42,426203.0,-1267900.6,SVL,d,-11.988,0.5316,0,in range
GRID_06738,-77.726,161.38,427193.4,-1267915.1,SVL,d,-11.718,0.8619,0,in range
GRID_06739,-77.723,161.339,428206.0,-1267921.4,SVL,d,-11.915,0.7648,0,in range
GRID_06740,-77.72,161.299,429196.8,-1267934.4,SVL,d,-12.049,0.7723,0,in range
GRID_06741,-77.717,161.258,430209.9,-1267939.1,SVL,d,-11.895,0.5173,0,in range
GRID_06742,-77.741,161.447,425186.0,-1266851.3,SVL,d,-10.612,0.5927,0,in range
GRID_06743,-77.738,161.407,426175.4,-1266866.6,SVL,d,-10.934,0.5534,0,in range
GRID_06744,-77.735,161.366,427187.2,-1266873.7,SVL,d,-11.511,0.4116,0,in range
GRID_06745,-77.732,161.325,428199.2,-1266879.9,SVL,d,-12.139,0.6086,0,in range
GRID_06746,-77.749,161.434,425193.5,-1265921.6,SVL,d,-11.755,0.5469,0,in range
GRID_06747,-77.746,161.393,426204.5,-1265929.4,SVL,d,-10.693,0.4234,0,in range
GRID_06748,-77.743,161.352,427215.7,-1265936.4,SVL,d,-11.807,0.3628,0,in range
GRID_06749,-77.74,161.312,428205.0,-1265950.1,SVL,d,-11.856,0.6999,0,in range
GRID_06750,-77.738,161.271,429181.3,-1265851.4,SVL,d,-11.542,0.3908,0,in range
GRID_06751,-77.735,161.231,430171.0,-1265863.6,SVL,g,-9.993,0.5226,0,in range
GRID_06752,-77.764,161.501,423190.0,-1264855.0,SVL,c,-12.003,0.572,0,in range
GRID_06753,-77.761,161.461,424177.7,-1264871.7,SVL,c,-12.417,0.5644,0,in range
GRID_06754,-77.758,161.42,425187.8,-1264880.3,SVL,d,-10.953,0.4315,0,in range
GRID_06755,-77.755,161.379,426198.1,-1264888.1,SVL,d,-11.102,0.6101,0,in range
GRID_06756,-77.746,161.257,429208.2,-1264914.1,SVL,g,-11.45,0.7148,0,in range
GRID_06757,-77.743,161.217,430197.3,-1264926.3,SVL,g,-10.686,0.8496,0,in range
GRID_06758,-77.772,161.488,423197.9,-1263925.5,SVL,d,-9.982,0.5296,0,in range
GRID_06759,-77.769,161.447,424207.1,-1263934.8,SVL,g,-10.494,0.7137,0,in range
GRID_06760,-77.766,161.406,425216.6,-1263943.3,SVL,d,-11.417,0.6066,0,in range
GRID_06761,-77.764,161.366,426169.1,-1263854.4,SVL,g,-10.46,0.8016,0,in range
GRID_06762,-77.755,161.244,429177.2,-1263880.4,SVL,d,-11.082,0.8479,0,in range
GRID_06763,-77.752,161.203,430187.7,-1263885.0,SVL,g,-11.536,0.8247,0,in range
GRID_06764,-77.775,161.393,425187.8,-1262909.7,SVL,c,-13.186,0.5694,0,in range
GRID_06765,-77.763,161.23,429203.2,-1262943.2,SVL,d,-11.963,0.6185,0,in range
GRID_06766,-77.76,161.189,430213.1,-1262947.8,SVL,g,-10.546,0.6962,0,in range
GRID_06767,-77.758,161.149,431165.7,-1262855.1,SVL,d,-10.455,0.4375,0,in range
GRID_06768,-77.804,161.665,418185.4,-1261889.6,SVL,g,-9.474,0.5402,0,in range
GRID_06769,-77.778,161.297,427197.6,-1261883.3,SVL,c,-8.736,0.8908,0,in range
GRID_06770,-77.775,161.257,428184.3,-1261896.9,SVL,g,-10.309,0.6705,0,in range
GRID_06771,-77.772,161.216,429193.4,-1261902.2,SVL,d,-11.507,0.4701,0,in range
GRID_06772,-77.769,161.175,430202.6,-1261906.7,SVL,d,-11.399,0.6265,0,in range
GRID_06773,-77.787,161.284,427166.6,-1260849.8,SVL,d,-11.705,0.4143,0,in range
GRID_06774,-77.784,161.243,428174.7,-1260855.9,SVL,d,-10.149,0.492,0,in range
GRID_06775,-77.781,161.202,429183.1,-1260861.2,SVL,d,-10.407,0.4461,1,slope
GRID_06776,-77.798,161.311,426185.1,-1259906.2,SVL,d,-10.245,0.5555,0,in range
GRID_06777,-77.692,161.569,424189.8,-1272861.7,SVL,d,-10.602,0.5704,0,in range
GRID_06778,-77.689,161.529,425182.7,-1272878.0,SVL,d,-10.509,0.5498,0,in range
GRID_06779,-77.686,161.488,426198.2,-1272886.0,SVL,d,-11.067,0.3802,1,slope
GRID_06780,-77.68,161.407,428207.5,-1272907.1,SVL,d,-11.111,0.4384,0,in range
GRID_06781,-77.715,161.759,419175.4,-1271861.1,SVL,g,-11.053,0.7905,0,in range
GRID_06782,-77.706,161.637,422194.2,-1271904.2,SVL,c,-12.109,0.4993,0,in range
GRID_06783,-77.703,161.596,423208.3,-1271914.6,SVL,c,-12.53,0.362,0,in range
GRID_06784,-77.7,161.556,424200.5,-1271931.5,SVL,c,-12.706,0.6943,0,in range
GRID_06785,-77.697,161.515,425215.0,-1271940.3,SVL,c,-11.158,0.5808,0,in range
GRID_06786,-77.695,161.475,426172.7,-1271851.5,SVL,c,-12.626,0.6072,0,in range
GRID_06787,-77.692,161.434,427187.7,-1271858.7,SVL,g,-11.381,0.6199,0,in range
GRID_06788,-77.689,161.394,428180.7,-1271872.6,SVL,d,-11.351,0.7338,0,in range
GRID_06789,-77.723,161.745,419210.8,-1270923.8,SVL,c,-12.473,0.2627,0,in range
GRID_06790,-77.712,161.583,423184.4,-1270880.2,SVL,g,-11.126,0.814,0,in range
GRID_06791,-77.709,161.542,424198.1,-1270889.8,SVL,c,-13.114,0.5002,0,in range
GRID_06792,-77.706,161.502,425189.9,-1270905.9,SVL,c,-11.738,0.4984,0,in range
GRID_06793,-77.72,161.569,423217.0,-1269942.9,SVL,c,-12.88,0.6462,0,in range
GRID_06794,-77.718,161.529,424173.1,-1269855.5,SVL,c,-11.851,0.5719,0,in range
GRID_06795,-77.715,161.488,425186.4,-1269864.3,SVL,c,-11.291,0.7144,0,in range
GRID_06796,-77.729,161.556,423192.3,-1268908.7,SVL,g,-9.096,0.5968,0,in range
GRID_06797,-77.726,161.515,424204.7,-1268918.2,SVL,g,-10.509,0.9605,0,in range
GRID_06798,-77.723,161.474,425217.4,-1268926.8,SVL,g,-8.934,0.6868,0,in range
GRID_06799,-77.738,161.542,423189.2,-1267867.2,SVL,g,-10.069,0.4624,0,in range
GRID_06800,-77.735,161.502,424178.9,-1267884.1,SVL,d,-9.844,0.6537,0,in range
GRID_06801,-77.732,161.461,425190.8,-1267892.7,SVL,d,-10.874,0.4982,0,in range
GRID_06802,-77.746,161.529,423198.4,-1266937.5,SVL,c,-11.829,0.396,0,in range
GRID_06803,-77.743,161.488,424209.6,-1266946.9,SVL,d,-11.745,0.4464,0,in range
GRID_06804,-77.755,161.515,423194.5,-1265896.2,SVL,d,-11.239,0.5073,0,in range
GRID_06805,-77.752,161.474,424204.9,-1265905.6,SVL,c,-12.416,0.538,0,in range
GRID_06806,-77.767,161.542,422180.4,-1264844.8,SVL,d,-11.312,0.7607,0,in range
GRID_06807,-77.752,161.339,427186.5,-1264902.5,SVL,d,-10.64,0.5098,1,slope
GRID_06808,-77.749,161.298,428197.2,-1264908.7,SVL,g,-10.98,0.9445,0,in range
GRID_06809,-77.761,161.325,427178.9,-1263861.3,SVL,d,-10.132,0.4886,0,in range
GRID_06810,-77.758,161.284,428189.0,-1263867.5,SVL,d,-10.985,0.5543,0,in range
GRID_06811,-77.769,161.311,427206.1,-1262924.3,SVL,g,-11.017,0.7795,0,in range
GRID_06812,-77.766,161.27,428215.5,-1262930.4,SVL,d,-11.124,0.64,0,in range
GRID_06813,-77.81,161.746,416194.6,-1261853.5,SVL,c,-11.362,0.4854,0,in range
GRID_06814,-77.807,161.706,417178.9,-1261875.6,SVL,s,-10.09,0.5495,0,in range
GRID_06815,-77.578,160.673,448188.7,-1277895.2,SVL,c,-11.351,0.167,0,in range
GRID_06816,-77.575,160.633,449190.1,-1277893.0,SVL,c,-10.239,0.3656,0,in range
GRID_06817,-77.569,160.553,451193.4,-1277886.4,SVL,c,-10.455,0.2475,0,in range
GRID_06818,-77.599,160.819,444172.6,-1276853.1,SVL,c,-12.515,0.2878,0,in range
GRID_06819,-77.596,160.779,445172.4,-1276854.1,SVL,c,-12.166,0.1166,0,in range
GRID_06820,-77.375,161.174,444199.0,-1302887.7,SVL,d,-11.186,0.3022,0,in range
GRID_06821,-77.383,161.161,444210.6,-1301954.3,SVL,d,-10.828,0.4367,0,in range
GRID_06822,-77.438,161.12,443185.3,-1295914.4,SVL,c,-13.031,0.6065,0,in range
GRID_06823,-77.435,161.08,444196.9,-1295916.7,SVL,d,-10.736,0.4795,0,in range
GRID_06824,-77.444,161.066,444192.5,-1294872.2,SVL,c,-12.42,0.4618,1,aspect
GRID_06825,-77.513,161.755,426214.7,-1292916.0,SVL,g,-10.266,0.5988,0,in range
GRID_06826,-77.51,161.715,427220.7,-1292931.3,SVL,g,-11.114,0.4879,0,in range
GRID_06827,-77.47,161.158,441189.6,-1292878.6,SVL,s,-12.017,0.432,0,in range
GRID_06828,-77.467,161.118,442198.8,-1292882.3,SVL,d,-9.595,0.4857,0,in range
GRID_06829,-77.446,160.841,449201.8,-1292910.2,SVL,c,-10.36,0.3948,0,in range
GRID_06830,-77.478,161.145,441198.7,-1291946.2,SVL,s,-11.558,0.2449,0,in range
GRID_06831,-77.475,161.105,442207.4,-1291949.9,SVL,s,-11.574,0.3703,0,in range
GRID_06832,-77.47,161.026,444167.0,-1291858.7,SVL,s,-11.502,0.3161,0,in range
GRID_06833,-77.467,160.986,445176.2,-1291860.1,SVL,s,-10.482,0.3239,0,in range
GRID_06834,-77.458,160.867,448182.7,-1291867.5,SVL,c,-10.868,0.3733,0,in range
GRID_06835,-77.455,160.828,449170.2,-1291873.7,SVL,s,-10.54,0.1746,0,in range
GRID_06836,-77.51,161.449,433218.6,-1290934.0,SVL,d,-11.961,0.3092,0,in range
GRID_06837,-77.507,161.41,434202.3,-1290951.4,SVL,d,-10.972,0.4254,0,in range
GRID_06838,-77.487,161.131,441194.4,-1290902.1,SVL,s,-11.54,0.2253,0,in range
GRID_06839,-77.484,161.091,442202.4,-1290905.8,SVL,s,-11.583,0.3129,0,in range
GRID_06840,-77.478,161.012,444196.5,-1290918.6,SVL,c,-10.879,0.3633,0,in range
GRID_06841,-77.475,160.972,445205.1,-1290919.9,SVL,s,-9.602,0.1763,1,slope
GRID_06842,-77.472,160.933,446191.5,-1290928.3,SVL,c,-12.044,0.4351,0,in range
GRID_06843,-77.469,160.893,447200.6,-1290928.1,SVL,s,-10.958,0.2747,0,in range
GRID_06844,-77.466,160.853,448209.9,-1290927.1,SVL,c,-12.143,0.5153,0,in range
GRID_06845,-77.463,160.814,449196.9,-1290933.2,SVL,c,-11.167,0.6319,0,in range
GRID_06846,-77.46,160.774,450206.6,-1290930.7,SVL,c,-10.895,0.369,0,in range
GRID_06847,-77.525,161.516,431185.9,-1289875.9,SVL,c,-13.176,0.3855,0,in range
GRID_06848,-77.522,161.476,432191.1,-1289887.2,SVL,c,-12.459,0.4433,0,in range
GRID_06849,-77.516,161.396,434202.1,-1289907.6,SVL,d,-10.787,0.4172,0,in range
GRID_06850,-77.513,161.356,435208.0,-1289916.6,SVL,d,-11.404,0.4567,0,in range
GRID_06851,-77.51,161.316,436214.0,-1289924.9,SVL,d,-11.488,0.5023,1,aspect
GRID_06852,-77.507,161.277,437197.8,-1289940.0,SVL,d,-10.834,0.4166,0,in range
GRID_06853,-77.501,161.197,439211.1,-1289952.6,SVL,s,-12.414,0.3658,0,in range
GRID_06854,-77.499,161.157,440182.5,-1289853.8,SVL,s,-11.444,0.3352,0,in range
GRID_06855,-77.496,161.117,441189.6,-1289858.2,SVL,s,-12.283,0.327,0,in range
GRID_06856,-77.493,161.078,442174.5,-1289869.5,SVL,s,-10.795,0.1757,1,slope
GRID_06857,-77.49,161.038,443182.0,-1289872.4,SVL,c,-11.631,0.1823,0,in range
GRID_06858,-77.487,160.998,444189.8,-1289874.5,SVL,c,-8.521,1.1438,0,in range
GRID_06859,-77.484,160.959,445175.3,-1289883.6,SVL,s,-11.873,0.1796,0,in range
GRID_06860,-77.481,160.919,446183.5,-1289884.2,SVL,s,-11.883,0.288,0,in range
GRID_06861,-77.478,160.879,447191.9,-1289884.0,SVL,c,-10.504,0.7731,0,in range
GRID_06862,-77.475,160.84,448178.0,-1289890.8,SVL,c,-10.811,0.2427,0,in range
GRID_06863,-77.472,160.8,449186.9,-1289889.1,SVL,c,-11.82,0.0921,0,in range
GRID_06864,-77.528,161.423,433174.0,-1288861.7,SVL,c,-12.496,0.4732,0,in range
GRID_06865,-77.513,161.223,438201.1,-1288902.9,SVL,d,-11.196,0.3817,0,in range
GRID_06866,-77.51,161.183,439207.1,-1288908.8,SVL,s,-10.761,0.4504,0,in range
GRID_06867,-77.507,161.144,440191.0,-1288921.6,SVL,s,-12.397,0.4744,0,in range
GRID_06868,-77.501,161.064,442204.2,-1288929.6,SVL,s,-11.834,0.2626,0,in range
GRID_06869,-77.498,161.024,443211.2,-1288932.4,SVL,s,-10.979,0.1337,0,in range
GRID_06870,-77.495,160.985,444195.9,-1288942.2,SVL,s,-11.909,0.2626,0,in range
GRID_06871,-77.492,160.945,445203.3,-1288943.5,SVL,s,-10.278,0.208,0,in range
GRID_06872,-77.489,160.905,446210.9,-1288944.1,SVL,s,-10.494,0.5266,0,in range
GRID_06873,-77.486,160.866,447196.3,-1288951.6,SVL,c,-11.909,0.3108,0,in range
GRID_06874,-77.483,160.826,448204.3,-1288950.6,SVL,c,-11.483,0.1588,0,in range
GRID_06875,-77.48,160.786,449212.6,-1288948.8,SVL,c,-11.492,0.2667,0,in range
GRID_06876,-77.542,161.489,431200.5,-1287900.6,SVL,c,-13.791,0.8093,0,in range
GRID_06877,-77.539,161.449,432204.4,-1287911.9,SVL,c,-13.985,0.7047,0,in range
GRID_06878,-77.536,161.409,433208.6,-1287922.4,SVL,c,-11.73,0.7414,0,in range
GRID_06879,-77.519,161.17,439180.3,-1287872.8,SVL,d,-11.251,0.265,0,in range
GRID_06880,-77.516,161.13,440185.9,-1287877.9,SVL,d,-10.77,0.3246,0,in range
GRID_06881,-77.513,161.09,441191.8,-1287882.2,SVL,c,-11.063,0.3127,0,in range
GRID_06882,-77.51,161.05,442197.9,-1287885.8,SVL,s,-10.909,0.2498,0,in range
GRID_06883,-77.507,161.011,443181.7,-1287896.3,SVL,s,-10.755,0.2754,0,in range
GRID_06884,-77.504,160.971,444188.3,-1287898.4,SVL,c,-11.309,0.1933,0,in range
GRID_06885,-77.501,160.931,445195.0,-1287899.7,SVL,c,-12.305,0.3165,0,in range
GRID_06886,-77.495,160.852,447186.7,-1287907.7,SVL,c,-10.977,0.3025,0,in range
GRID_06887,-77.492,160.812,448194.1,-1287906.6,SVL,c,-11.756,0.1435,0,in range
GRID_06888,-77.554,161.516,430175.3,-1286852.7,SVL,c,-13.154,0.421,0,in range
GRID_06889,-77.551,161.476,431178.4,-1286864.7,SVL,c,-12.636,0.5004,0,in range
GRID_06890,-77.524,161.116,440216.0,-1286938.2,SVL,n,-11.699,0.5192,1,litho
GRID_06891,-77.521,161.077,441198.8,-1286950.2,SVL,d,-10.012,0.6165,0,in range
GRID_06892,-77.518,161.037,442204.3,-1286953.8,SVL,d,-11.841,0.4473,0,in range
GRID_06893,-77.516,160.997,443174.3,-1286852.6,SVL,s,-10.53,0.4117,0,in range
GRID_06894,-77.513,160.957,444180.1,-1286854.6,SVL,s,-10.412,0.1216,0,in range
GRID_06895,-77.51,160.917,445186.2,-1286855.9,SVL,s,-11.172,0.333,0,in range
GRID_06896,-77.504,160.838,447176.6,-1286863.8,SVL,c,-12.529,0.3821,0,in range
GRID_06897,-77.562,161.502,430210.8,-1285913.7,SVL,g,-10.005,0.4911,0,in range
GRID_06898,-77.559,161.462,431213.2,-1285925.6,SVL,c,-14.086,0.802,0,in range
GRID_06899,-77.556,161.422,432215.9,-1285936.8,SVL,c,-12.789,0.5196,0,in range
GRID_06900,-77.553,161.382,433218.9,-1285947.3,SVL,n,-11.214,0.5529,1,litho
GRID_06901,-77.551,161.342,434186.8,-1285852.8,SVL,d,-10.315,0.5906,0,in range
GRID_06902,-77.53,161.063,441192.2,-1285906.6,SVL,n,-10.231,0.4141,1,litho
GRID_06903,-77.527,161.023,442197.1,-1285910.2,SVL,d,-11.628,0.4085,0,in range
GRID_06904,-77.524,160.983,443202.1,-1285912.9,SVL,d,-10.855,0.3962,0,in range
GRID_06905,-77.521,160.943,444207.4,-1285914.9,SVL,d,-10.948,0.5692,0,in range
GRID_06906,-77.518,160.904,445190.5,-1285923.8,SVL,d,-11.077,0.5297,0,in range
GRID_06907,-77.515,160.864,446196.3,-1285924.3,SVL,s,-11.249,0.2487,0,in range
GRID_06908,-77.509,160.784,448208.4,-1285922.8,SVL,c,-11.852,0.2579,0,in range
GRID_06909,-77.506,160.745,449192.3,-1285928.7,SVL,c,-11.933,0.4548,0,in range
GRID_06910,-77.571,161.489,430188.5,-1284878.0,SVL,g,-11.266,0.7352,0,in range
GRID_06911,-77.568,161.449,431190.3,-1284889.9,SVL,c,-12.467,0.3834,0,in range
GRID_06912,-77.565,161.409,432192.3,-1284901.1,SVL,c,-14.14,0.6871,0,in range
GRID_06913,-77.533,160.97,443171.3,-1284877.1,SVL,d,-11.322,0.4423,0,in range
GRID_06914,-77.53,160.93,444176.0,-1284879.0,SVL,d,-11.489,0.3933,0,in range
GRID_06915,-77.527,160.89,445180.8,-1284880.2,SVL,d,-11.255,0.2998,0,in range
GRID_06916,-77.524,160.85,446185.9,-1284880.6,SVL,d,-8.456,0.7493,0,in range
GRID_06917,-77.521,160.81,447191.2,-1284880.3,SVL,d,-11.485,0.4716,0,in range
GRID_06918,-77.518,160.771,448174.3,-1284887.0,SVL,d,-11.588,0.4974,0,in range
GRID_06919,-77.515,160.731,449180.0,-1284885.0,SVL,s,-10.195,0.3053,0,in range
GRID_06920,-77.579,161.476,430200.6,-1283946.6,SVL,d,-11.337,0.2616,1,slope
GRID_06921,-77.577,161.435,431189.3,-1283846.8,SVL,n,-11.672,0.427,1,litho
GRID_06922,-77.574,161.395,432190.7,-1283858.0,SVL,c,-12.962,0.4673,0,in range
GRID_06923,-77.571,161.355,433192.3,-1283868.4,SVL,c,-13.259,0.636,0,in range
GRID_06924,-77.568,161.315,434194.1,-1283878.0,SVL,c,-12.604,0.5249,0,in range
GRID_06925,-77.565,161.275,435196.2,-1283886.8,SVL,c,-13.064,0.4477,0,in range
GRID_06926,-77.562,161.235,436198.5,-1283894.9,SVL,c,-13.868,0.342,0,in range
GRID_06927,-77.553,161.115,439206.7,-1283914.5,SVL,d,-12.149,0.1734,0,in range
GRID_06928,-77.55,161.075,440209.9,-1283919.5,SVL,g,-10.72,0.6368,0,in range
GRID_06929,-77.547,161.036,441190.9,-1283931.4,SVL,g,-10.664,0.3065,0,in range
GRID_06930,-77.544,160.996,442194.5,-1283934.9,SVL,c,-11.909,0.3867,0,in range
GRID_06931,-77.541,160.956,443198.3,-1283937.5,SVL,d,-11.096,0.4802,0,in range
GRID_06932,-77.538,160.916,444202.4,-1283939.4,SVL,d,-10.817,0.3353,0,in range
GRID_06933,-77.535,160.876,445206.7,-1283940.6,SVL,d,-10.219,0.1834,0,in range
GRID_06934,-77.532,160.836,446211.2,-1283940.9,SVL,d,-11.279,0.3902,0,in range
GRID_06935,-77.529,160.797,447193.5,-1283948.3,SVL,d,-11.331,0.3093,0,in range
GRID_06936,-77.526,160.757,448198.4,-1283947.2,SVL,d,-11.83,0.2044,0,in range
GRID_06937,-77.588,161.462,430199.9,-1282903.6,SVL,s,-12.06,0.6374,1,aspect
GRID_06938,-77.585,161.422,431200.4,-1282915.5,SVL,d,-10.436,0.5477,0,in range
GRID_06939,-77.582,161.382,432201.2,-1282926.6,SVL,g,-10.648,0.5464,0,in range
GRID_06940,-77.579,161.342,433202.3,-1282937.0,SVL,g,-9.704,0.4042,0,in range
GRID_06941,-77.576,161.302,434203.5,-1282946.5,SVL,g,-9.714,0.463,0,in range
GRID_06942,-77.574,161.262,435169.7,-1282851.3,SVL,c,-12.561,0.3021,0,in range
GRID_06943,-77.568,161.182,437173.2,-1282866.6,SVL,c,-11.117,0.2907,0,in range
GRID_06944,-77.565,161.142,438175.3,-1282873.2,SVL,c,-12.808,0.5201,0,in range
GRID_06945,-77.559,161.062,440180.1,-1282883.9,SVL,c,-12.646,0.3498,0,in range
GRID_06946,-77.556,161.022,441182.9,-1282888.1,SVL,g,-10.349,0.6501,0,in range
GRID_06947,-77.553,160.982,442185.8,-1282891.5,SVL,c,-12.146,0.5995,0,in range
GRID_06948,-77.55,160.942,443189.0,-1282894.2,SVL,d,-12.139,0.4867,0,in range
GRID_06949,-77.547,160.902,444192.4,-1282896.1,SVL,d,-11.216,0.322,0,in range
GRID_06950,-77.544,160.862,445196.1,-1282897.2,SVL,d,-11.282,0.3489,0,in range
GRID_06951,-77.541,160.822,446199.9,-1282897.5,SVL,d,-11.453,0.3087,0,in range
GRID_06952,-77.538,160.783,447181.6,-1282904.9,SVL,d,-11.413,0.3736,0,in range
GRID_06953,-77.535,160.743,448185.9,-1282903.7,SVL,d,-11.406,0.3442,0,in range
GRID_06954,-77.597,161.449,430176.2,-1281868.2,SVL,s,-11.437,0.3928,0,in range
GRID_06955,-77.594,161.408,431198.5,-1281872.5,SVL,s,-12.378,0.3754,0,in range
GRID_06956,-77.591,161.368,432198.7,-1281883.6,SVL,g,-10.777,0.7923,0,in range
GRID_06957,-77.588,161.328,433199.1,-1281894.0,SVL,s,-12.301,0.2982,0,in range
GRID_06958,-77.585,161.288,434199.7,-1281903.5,SVL,d,-11.292,0.3062,0,in range
GRID_06959,-77.582,161.248,435200.5,-1281912.3,SVL,d,-10.184,0.5959,0,in range
GRID_06960,-77.579,161.208,436201.5,-1281920.3,SVL,c,-11.703,0.3801,0,in range
GRID_06961,-77.576,161.168,437202.8,-1281927.5,SVL,c,-12.316,0.294,0,in range
GRID_06962,-77.573,161.128,438204.3,-1281934.0,SVL,c,-11.059,0.4024,0,in range
GRID_06963,-77.57,161.088,439206.0,-1281939.7,SVL,c,-11.717,0.4795,0,in range
GRID_06964,-77.567,161.048,440208.0,-1281944.6,SVL,g,-11.559,0.3928,0,in range
GRID_06965,-77.564,161.008,441210.2,-1281948.8,SVL,c,-11.469,0.4687,0,in range
GRID_06966,-77.561,160.968,442212.6,-1281952.2,SVL,c,-11.373,0.3896,0,in range
GRID_06967,-77.559,160.928,443179.2,-1281850.9,SVL,d,-10.838,0.6432,0,in range
GRID_06968,-77.556,160.888,444182.0,-1281852.8,SVL,d,-12.335,0.5214,0,in range
GRID_06969,-77.553,160.848,445185.0,-1281853.8,SVL,d,-11.929,0.3543,0,in range
GRID_06970,-77.55,160.809,446165.8,-1281861.9,SVL,d,-11.164,0.736,0,in range
GRID_06971,-77.547,160.769,447169.2,-1281861.5,SVL,d,-10.218,0.3415,0,in range
GRID_06972,-77.544,160.729,448172.8,-1281860.3,SVL,d,-11.318,0.3205,0,in range
GRID_06973,-77.605,161.435,430209.5,-1280929.5,SVL,s,-11.237,0.4793,0,in range
GRID_06974,-77.602,161.395,431208.8,-1280941.4,SVL,s,-11.747,0.4202,0,in range
GRID_06975,-77.599,161.355,432208.4,-1280952.4,SVL,c,-12.948,0.6549,0,in range
GRID_06976,-77.597,161.315,433173.0,-1280858.6,SVL,s,-12.734,0.4093,0,in range
GRID_06977,-77.594,161.275,434173.0,-1280868.1,SVL,c,-12.901,0.5614,0,in range
GRID_06978,-77.591,161.234,435195.5,-1280869.3,SVL,s,-12.604,0.3323,0,in range
GRID_06979,-77.588,161.194,436195.9,-1280877.3,SVL,c,-12.98,0.4885,0,in range
GRID_06980,-77.585,161.154,437196.5,-1280884.5,SVL,c,-12.908,0.2449,0,in range
GRID_06981,-77.582,161.114,438197.4,-1280891.0,SVL,c,-12.705,0.3698,0,in range
GRID_06982,-77.579,161.074,439198.4,-1280896.6,SVL,c,-11.777,0.3113,0,in range
GRID_06983,-77.576,161.034,440199.7,-1280901.5,SVL,d,-12.215,0.4773,0,in range
GRID_06984,-77.573,160.994,441201.2,-1280905.7,SVL,c,-11.803,0.1776,0,in range
GRID_06985,-77.57,160.954,442203.0,-1280909.0,SVL,c,-12.309,0.2054,0,in range
GRID_06986,-77.567,160.914,443204.9,-1280911.6,SVL,d,-11.098,0.4891,0,in range
GRID_06987,-77.564,160.875,444184.7,-1280921.2,SVL,d,-10.241,0.6124,0,in range
GRID_06988,-77.561,160.835,445187.1,-1280922.2,SVL,d,-11.048,0.6992,0,in range
GRID_06989,-77.558,160.795,446189.8,-1280922.5,SVL,d,-11.156,0.4177,0,in range
GRID_06990,-77.555,160.755,447192.6,-1280922.0,SVL,d,-11.391,0.3549,0,in range
GRID_06991,-77.552,160.715,448195.6,-1280920.7,SVL,d,-11.266,0.3755,0,in range
GRID_06992,-77.614,161.422,430185.0,-1279894.3,SVL,c,-12.138,0.4663,0,in range
GRID_06993,-77.611,161.381,431206.0,-1279898.6,SVL,c,-11.551,0.6498,0,in range
GRID_06994,-77.608,161.341,432204.9,-1279909.6,SVL,c,-12.757,0.5201,0,in range
GRID_06995,-77.605,161.301,433204.1,-1279919.9,SVL,s,-12.664,0.5638,0,in range
GRID_06996,-77.602,161.261,434203.5,-1279929.4,SVL,c,-12.629,0.3868,0,in range
GRID_06997,-77.599,161.221,435203.0,-1279938.1,SVL,c,-12.246,0.4337,0,in range
GRID_06998,-77.596,161.181,436202.9,-1279946.1,SVL,c,-12.826,0.5594,0,in range
GRID_06999,-77.593,161.141,437202.9,-1279953.2,SVL,s,-12.341,0.4916,0,in range
GRID_07000,-77.591,161.101,438167.6,-1279855.7,SVL,s,-12.615,0.434,0,in range
GRID_07001,-77.588,161.061,439168.0,-1279861.3,SVL,c,-11.144,0.4698,0,in range
GRID_07002,-77.585,161.021,440168.6,-1279866.2,SVL,c,-10.974,0.5046,0,in range
GRID_07003,-77.582,160.981,441169.5,-1279870.3,SVL,c,-12.141,0.4413,0,in range
GRID_07004,-77.579,160.941,442170.6,-1279873.7,SVL,c,-11.101,0.2639,0,in range
GRID_07005,-77.576,160.901,443171.9,-1279876.3,SVL,c,-12.33,0.4369,0,in range
GRID_07006,-77.573,160.861,444173.4,-1279878.1,SVL,c,-12.321,0.388,0,in range
GRID_07007,-77.57,160.821,445175.1,-1279879.1,SVL,c,-11.415,0.2567,0,in range
GRID_07008,-77.567,160.781,446177.1,-1279879.3,SVL,d,-12.422,0.4352,0,in range
GRID_07009,-77.564,160.741,447179.3,-1279878.8,SVL,d,-11.174,0.489,0,in range
GRID_07010,-77.623,161.408,430182.4,-1278851.7,SVL,d,-10.973,0.2899,0,in range
GRID_07011,-77.62,161.368,431180.4,-1278863.4,SVL,c,-9.042,1.035,0,in range
GRID_07012,-77.617,161.328,432178.7,-1278874.5,SVL,c,-13.348,0.4205,0,in range
GRID_07013,-77.614,161.288,433177.2,-1278884.7,SVL,s,-10.801,0.4552,0,in range
GRID_07014,-77.611,161.247,434198.2,-1278886.6,SVL,c,-12.389,0.2584,0,in range
GRID_07015,-77.608,161.207,435197.1,-1278895.3,SVL,c,-12.583,0.5291,0,in range
GRID_07016,-77.605,161.167,436196.3,-1278903.2,SVL,s,-12.635,0.5203,0,in range
GRID_07017,-77.602,161.127,437195.7,-1278910.4,SVL,s,-11.69,0.3146,0,in range
GRID_07018,-77.599,161.087,438195.3,-1278916.8,SVL,s,-11.408,0.406,0,in range
GRID_07019,-77.596,161.047,439195.1,-1278922.4,SVL,c,-12.061,0.3462,0,in range
GRID_07020,-77.593,161.007,440195.2,-1278927.2,SVL,c,-12.524,0.1395,0,in range
GRID_07021,-77.59,160.967,441195.5,-1278931.3,SVL,s,-10.486,0.3467,0,in range
GRID_07022,-77.587,160.927,442196.0,-1278934.6,SVL,s,-10.852,0.2769,0,in range
GRID_07023,-77.584,160.887,443196.7,-1278937.1,SVL,s,-10.286,0.3378,0,in range
GRID_07024,-77.581,160.847,444197.6,-1278938.9,SVL,s,-10.793,0.3814,0,in range
GRID_07025,-77.578,160.807,445198.8,-1278939.9,SVL,c,-12.384,0.3256,0,in range
GRID_07026,-77.575,160.767,446200.2,-1278940.1,SVL,c,-12.654,0.3402,0,in range
GRID_07027,-77.572,160.727,447201.8,-1278939.5,SVL,c,-11.75,0.1264,0,in range
GRID_07028,-77.569,160.687,448203.6,-1278938.2,SVL,c,-12.219,0.3359,0,in range
GRID_07029,-77.628,161.354,431211.8,-1277925.0,SVL,c,-11.669,0.4909,0,in range
GRID_07030,-77.625,161.314,432209.5,-1277936.0,SVL,c,-12.914,0.4373,0,in range
GRID_07031,-77.622,161.274,433207.4,-1277946.2,SVL,s,-10.718,0.4323,0,in range
GRID_07032,-77.62,161.234,434170.1,-1277851.5,SVL,c,-12.309,0.3988,0,in range
GRID_07033,-77.617,161.194,435168.4,-1277860.2,SVL,c,-11.924,0.4365,0,in range
GRID_07034,-77.614,161.153,436189.2,-1277860.5,SVL,s,-11.306,0.3115,0,in range
GRID_07035,-77.611,161.113,437188.0,-1277867.6,SVL,s,-11.216,0.3806,0,in range
GRID_07036,-77.608,161.073,438186.9,-1277874.0,SVL,s,-11.357,0.4461,0,in range
GRID_07037,-77.605,161.033,439186.1,-1277879.6,SVL,c,-11.479,0.3587,0,in range
GRID_07038,-77.602,160.993,440185.5,-1277884.4,SVL,c,-11.566,0.4565,0,in range
GRID_07039,-77.599,160.953,441185.2,-1277888.5,SVL,c,-12.934,0.3118,0,in range
GRID_07040,-77.596,160.913,442185.0,-1277891.7,SVL,c,-12.171,0.2994,0,in range
GRID_07041,-77.59,160.833,444185.4,-1277896.0,SVL,c,-12.477,0.2282,0,in range
GRID_07042,-77.587,160.793,445185.9,-1277896.9,SVL,c,-11.474,0.2025,0,in range
GRID_07043,-77.584,160.753,446186.6,-1277897.1,SVL,c,-11.16,0.1978,0,in range
GRID_07044,-77.581,160.713,447187.5,-1277896.5,SVL,c,-11.128,0.1017,0,in range
GRID_07045,-77.64,161.381,430188.5,-1276878.3,SVL,s,-11.987,0.1991,0,in range
GRID_07046,-77.637,161.341,431185.3,-1276890.0,SVL,c,-13.52,0.415,0,in range
GRID_07047,-77.634,161.301,432182.3,-1276901.0,SVL,d,-11.164,0.4543,0,in range
GRID_07048,-77.631,161.26,433201.8,-1276903.6,SVL,s,-11.886,0.2642,0,in range
GRID_07049,-77.628,161.22,434199.3,-1276913.0,SVL,c,-12.111,0.3561,0,in range
GRID_07050,-77.625,161.18,435197.0,-1276921.6,SVL,s,-11.214,0.3581,0,in range
GRID_07051,-77.622,161.14,436195.0,-1276929.5,SVL,s,-11.318,0.2262,0,in range
GRID_07052,-77.619,161.1,437193.1,-1276936.6,SVL,s,-12.326,0.3396,0,in range
GRID_07053,-77.616,161.059,438213.8,-1276935.3,SVL,s,-11.883,0.2729,0,in range
GRID_07054,-77.613,161.019,439212.4,-1276940.8,SVL,c,-12.299,0.2924,0,in range
GRID_07055,-77.61,160.979,440211.2,-1276945.6,SVL,c,-11.629,0.1668,0,in range
GRID_07056,-77.607,160.939,441210.3,-1276949.6,SVL,c,-12.641,0.2554,0,in range
GRID_07057,-77.648,161.367,430219.6,-1275940.1,SVL,s,-11.517,0.2185,0,in range
GRID_07058,-77.643,161.287,432177.0,-1275858.6,SVL,c,-12.838,0.4277,0,in range
GRID_07059,-77.64,161.247,433173.6,-1275868.7,SVL,d,-11.163,0.5094,0,in range
GRID_07060,-77.637,161.206,434192.7,-1275870.5,SVL,c,-12.34,0.5201,0,in range
GRID_07061,-77.634,161.166,435189.7,-1275879.1,SVL,s,-11.092,0.4443,0,in range
GRID_07062,-77.631,161.126,436187.0,-1275887.0,SVL,s,-12.612,0.3585,0,in range
GRID_07063,-77.628,161.086,437184.5,-1275894.0,SVL,s,-11.096,0.4102,0,in range
GRID_07064,-77.625,161.046,438182.2,-1275900.3,SVL,s,-12.537,0.5877,0,in range
GRID_07065,-77.622,161.005,439202.4,-1275898.2,SVL,d,-10.467,0.3092,0,in range
GRID_07066,-77.619,160.965,440200.6,-1275902.9,SVL,c,-11.672,0.2376,0,in range
GRID_07067,-77.616,160.925,441199.0,-1275906.9,SVL,c,-12.249,0.4786,0,in range
GRID_07068,-77.657,161.354,430192.8,-1274905.3,SVL,s,-10.841,0.45,0,in range
GRID_07069,-77.648,161.233,433202.5,-1274930.4,SVL,d,-9.623,0.4376,0,in range
GRID_07070,-77.645,161.193,434198.7,-1274939.7,SVL,c,-11.331,0.3016,0,in range
GRID_07071,-77.642,161.152,435217.4,-1274940.7,SVL,s,-11.236,0.3131,0,in range
GRID_07072,-77.639,161.112,436214.1,-1274948.5,SVL,s,-10.318,0.4494,0,in range
GRID_07073,-77.637,161.072,437175.4,-1274851.6,SVL,s,-11.033,0.2905,0,in range
GRID_07074,-77.634,161.032,438172.5,-1274857.9,SVL,c,-10.676,0.4758,0,in range
GRID_07075,-77.631,160.992,439169.8,-1274863.4,SVL,s,-9.643,0.3889,0,in range
GRID_07076,-77.628,160.952,440167.3,-1274868.1,SVL,s,-9.921,0.3751,0,in range
GRID_07077,-77.66,161.26,432177.9,-1273885.6,SVL,s,-9.734,0.3103,0,in range
GRID_07078,-77.657,161.219,433195.6,-1273888.1,SVL,d,-10.695,0.5437,0,in range
GRID_07079,-77.654,161.179,434191.1,-1273897.4,SVL,d,-10.058,0.5018,0,in range
GRID_07080,-77.648,161.098,436205.2,-1273906.2,SVL,s,-11.385,0.3548,0,in range
GRID_07081,-77.645,161.058,437201.5,-1273913.2,SVL,s,-10.632,0.5817,0,in range
GRID_07082,-77.636,160.938,440191.7,-1273929.5,SVL,s,-10.124,0.1563,0,in range
GRID_07083,-77.522,161.742,426198.1,-1291879.8,SVL,g,-11.113,0.8367,0,in range
GRID_07084,-77.519,161.702,427203.4,-1291895.0,SVL,g,-11.758,0.8144,0,in range
GRID_07085,-77.513,161.622,429214.8,-1291923.2,SVL,c,-12.791,0.7436,0,in range
GRID_07086,-77.533,161.769,425211.0,-1290932.1,SVL,g,-11.418,0.7488,0,in range
GRID_07087,-77.53,161.729,426215.5,-1290948.0,SVL,g,-11.804,0.6151,0,in range
GRID_07088,-77.528,161.689,427185.7,-1290858.9,SVL,g,-11.346,0.8901,0,in range
GRID_07089,-77.519,161.569,430201.1,-1290899.9,SVL,c,-12.582,0.4522,0,in range
GRID_07090,-77.539,161.716,426198.0,-1289912.0,SVL,g,-12.222,0.4323,0,in range
GRID_07091,-77.536,161.676,427202.1,-1289927.1,SVL,g,-11.186,0.8681,0,in range
GRID_07092,-77.533,161.636,428206.4,-1289941.5,SVL,g,-10.702,0.9153,0,in range
GRID_07093,-77.553,161.783,424208.3,-1288947.7,SVL,g,-11.613,0.4282,0,in range
GRID_07094,-77.551,161.743,425176.9,-1288860.0,SVL,g,-11.371,0.5334,0,in range
GRID_07095,-77.548,161.703,426180.1,-1288876.0,SVL,g,-11.952,0.5501,0,in range
GRID_07096,-77.545,161.663,427183.6,-1288891.1,SVL,c,-12.859,0.4337,0,in range
GRID_07097,-77.542,161.623,428187.2,-1288905.5,SVL,g,-12.238,0.7907,0,in range
GRID_07098,-77.539,161.582,429213.6,-1288911.7,SVL,g,-12.019,0.6977,0,in range
GRID_07099,-77.556,161.689,426218.8,-1287937.0,SVL,g,-10.005,0.5068,0,in range
GRID_07100,-77.554,161.649,427187.0,-1287847.8,SVL,d,-11.421,0.4341,0,in range
GRID_07101,-77.551,161.609,428190.0,-1287862.1,SVL,c,-12.713,0.4923,0,in range
GRID_07102,-77.548,161.569,429193.3,-1287875.7,SVL,c,-13.041,0.2603,0,in range
GRID_07103,-77.545,161.529,430196.8,-1287888.5,SVL,c,-14.004,0.6339,0,in range
GRID_07104,-77.565,161.676,426200.0,-1286901.2,SVL,s,-11.707,0.4426,0,in range
GRID_07105,-77.562,161.636,427202.2,-1286916.3,SVL,d,-11.818,0.3817,0,in range
GRID_07106,-77.559,161.596,428204.6,-1286930.6,SVL,d,-11.147,0.4447,0,in range
GRID_07107,-77.556,161.556,429207.3,-1286944.2,SVL,g,-10.611,0.564,0,in range
GRID_07108,-77.574,161.663,426180.7,-1285865.5,SVL,d,-11.222,0.4013,0,in range
GRID_07109,-77.571,161.623,427182.3,-1285880.6,SVL,d,-10.243,0.6351,0,in range
GRID_07110,-77.568,161.583,428184.1,-1285894.9,SVL,g,-10.564,0.8009,0,in range
GRID_07111,-77.577,161.569,428185.5,-1284851.7,SVL,d,-12.331,0.4739,0,in range
GRID_07112,-77.574,161.529,429186.9,-1284865.2,SVL,d,-12.205,0.4771,0,in range
GRID_07113,-77.588,161.596,427198.3,-1283906.2,SVL,d,-11.619,0.4175,0,in range
GRID_07114,-77.582,161.516,429199.6,-1283933.9,SVL,s,-11.554,0.7303,0,in range
GRID_07115,-77.597,161.583,427177.1,-1282870.7,SVL,d,-12.073,0.4657,0,in range
GRID_07116,-77.591,161.502,429199.5,-1282890.9,SVL,s,-10.836,0.4878,0,in range
GRID_07117,-77.611,161.65,425192.2,-1281909.0,SVL,d,-10.725,0.5345,0,in range
GRID_07118,-77.608,161.609,426213.5,-1281917.3,SVL,d,-10.644,0.5066,0,in range
GRID_07119,-77.623,161.677,424173.5,-1280857.2,SVL,d,-11.744,0.3839,0,in range
GRID_07120,-77.62,161.636,425193.8,-1280866.3,SVL,s,-10.3,0.2548,0,in range
GRID_07121,-77.617,161.596,426192.0,-1280882.0,SVL,s,-12.076,0.3039,0,in range
GRID_07122,-77.614,161.556,427190.5,-1280896.9,SVL,d,-11.273,0.598,0,in range
GRID_07123,-77.608,161.475,429210.4,-1280916.9,SVL,d,-8.635,1.1637,0,in range
GRID_07124,-77.634,161.704,423190.4,-1279909.2,SVL,s,-11.369,0.2814,0,in range
GRID_07125,-77.628,161.623,425207.3,-1279935.4,SVL,s,-11.136,0.6302,0,in range
GRID_07126,-77.623,161.542,427190.3,-1279854.2,SVL,d,-11.184,0.4666,0,in range
GRID_07127,-77.617,161.462,429186.5,-1279881.7,SVL,d,-11.014,0.2908,0,in range
GRID_07128,-77.625,161.448,429219.5,-1278943.3,SVL,d,-11.355,0.4226,0,in range
GRID_07129,-77.646,161.462,428173.3,-1276860.0,SVL,s,-10.484,0.3377,0,in range
GRID_07130,-77.643,161.421,429191.9,-1276865.8,SVL,s,-11.497,0.2029,0,in range
GRID_07131,-77.683,161.583,424191.2,-1273903.7,SVL,d,-11.902,0.4528,0,in range
GRID_07132,-77.68,161.542,425207.0,-1273912.5,SVL,d,-11.082,0.4082,0,in range
GRID_07133,-77.372,161.267,442189.6,-1303919.4,SVL,c,-12.803,0.7138,0,in range
GRID_07134,-77.369,161.227,443205.9,-1303922.6,SVL,c,-8.985,1.0487,0,in range
GRID_07135,-77.366,161.188,444199.7,-1303932.9,SVL,c,-12.947,0.3916,0,in range
GRID_07136,-77.882,161.679,415183.6,-1253857.5,SVL,c,-10.753,0.8512,0,in range
GRID_07137,-77.72,161.705,420201.5,-1270943.8,SVL,c,-11.76,0.5016,0,in range
GRID_07138,-77.718,161.664,421179.9,-1270851.4,SVL,c,-12.275,0.7089,0,in range
GRID_07139,-77.715,161.623,422193.2,-1270862.5,SVL,c,-13.377,0.5685,0,in range
GRID_07140,-77.732,161.596,422202.3,-1268891.0,SVL,c,-11.226,0.4634,0,in range
GRID_07141,-77.741,161.583,422177.7,-1267857.0,SVL,g,-9.456,0.4967,0,in range
GRID_07142,-77.752,161.61,421198.9,-1266908.9,SVL,g,-9.406,0.5239,0,in range
GRID_07143,-77.749,161.569,422209.6,-1266919.9,SVL,d,-11.179,0.4543,0,in range
GRID_07144,-77.772,161.759,417215.0,-1265913.0,SVL,d,-10.984,0.6338,0,in range
GRID_07145,-77.761,161.596,421196.3,-1265867.7,SVL,d,-10.307,0.6947,0,in range
GRID_07146,-77.758,161.556,422184.2,-1265886.0,SVL,g,-10.646,0.7243,0,in range
GRID_07147,-77.784,161.787,416184.3,-1264864.4,SVL,g,-10.271,0.4515,0,in range
GRID_07148,-77.781,161.746,417192.5,-1264879.2,SVL,d,-11.093,0.6862,0,in range
GRID_07149,-77.789,161.733,417204.0,-1263949.9,SVL,d,-11.15,0.4789,0,in range
GRID_07150,-77.798,161.719,417202.7,-1262909.1,SVL,g,-10.634,0.6434,0,in range
GRID_07151,-77.795,161.678,418209.9,-1262923.1,SVL,c,-11.583,0.6168,0,in range
GRID_07152,-77.812,161.787,415222.8,-1261942.3,SVL,d,-9.744,0.5179,0,in range
GRID_07153,-77.394,160.66,455177.3,-1296879.2,SVL,d,-10.14,0.4017,0,in range
GRID_07154,-77.282,160.838,455188.7,-1309920.5,SVL,s,-10.435,0.7127,0,in range
GRID_07155,-77.279,160.799,456188.7,-1309921.9,SVL,c,-10.192,0.6008,0,in range
GRID_07156,-77.291,160.824,455183.6,-1308874.4,SVL,s,-9.842,0.6538,0,in range
GRID_07157,-77.288,160.785,456183.0,-1308875.8,SVL,c,-10.756,0.7271,0,in range
GRID_07158,-77.285,160.746,457182.6,-1308876.4,SVL,c,-11.329,0.6758,0,in range
GRID_07159,-77.302,160.85,454192.8,-1307938.0,SVL,c,-10.129,0.8523,0,in range
GRID_07160,-77.299,160.811,455191.4,-1307940.2,SVL,c,-10.414,0.7303,0,in range
GRID_07161,-77.296,160.771,456213.1,-1307933.6,SVL,c,-11.272,0.4898,0,in range
GRID_07162,-77.293,160.732,457212.1,-1307934.2,SVL,c,-11.239,0.7818,0,in range
GRID_07163,-77.311,160.836,454187.5,-1306892.1,SVL,c,-10.919,0.3724,0,in range
GRID_07164,-77.308,160.797,455185.5,-1306894.2,SVL,c,-12.354,0.4057,0,in range
GRID_07165,-77.346,160.913,451172.2,-1303864.2,SVL,c,-12.442,0.2582,0,in range
GRID_07166,-77.343,160.874,452167.7,-1303868.4,SVL,c,-12.376,0.2321,0,in range
GRID_07167,-77.34,160.834,453186.1,-1303864.0,SVL,c,-10.712,0.5365,0,in range
GRID_07168,-77.337,160.795,454182.0,-1303866.8,SVL,c,-11.213,0.6042,0,in range
GRID_07169,-77.354,160.899,451202.9,-1302922.6,SVL,c,-12.094,0.3821,0,in range
GRID_07170,-77.351,160.86,452197.8,-1302926.9,SVL,c,-11.671,0.6726,0,in range
GRID_07171,-77.348,160.821,453193.0,-1302930.3,SVL,c,-12.286,0.4073,0,in range
GRID_07172,-77.345,160.782,454188.3,-1302933.0,SVL,c,-11.057,0.6156,0,in range
GRID_07173,-77.342,160.742,455206.6,-1302927.1,SVL,c,-11.803,0.3503,0,in range
GRID_07174,-77.363,160.886,451174.4,-1301885.2,SVL,c,-11.101,0.2549,0,in range
GRID_07175,-77.36,160.846,452191.5,-1301881.5,SVL,c,-11.029,0.3003,0,in range
GRID_07176,-77.357,160.807,453186.0,-1301884.9,SVL,c,-10.196,0.2693,0,in range
GRID_07177,-77.371,160.872,451204.3,-1300943.8,SVL,d,-10.611,0.2044,0,in range
GRID_07178,-77.368,160.833,452198.0,-1300948.0,SVL,c,-11.7,0.4142,0,in range
GRID_07179,-77.365,160.793,453214.7,-1300943.5,SVL,d,-9.527,0.3,0,in range
GRID_07180,-77.362,160.754,454208.8,-1300946.1,SVL,c,-10.486,0.2005,0,in range
GRID_07181,-77.38,160.858,451197.7,-1299898.6,SVL,c,-10.971,0.2681,0,in range
GRID_07182,-77.377,160.819,452190.8,-1299902.8,SVL,c,-10.737,0.4929,0,in range
GRID_07183,-77.371,160.74,454200.3,-1299900.8,SVL,d,-10.396,0.4175,0,in range
GRID_07184,-77.377,160.687,455184.3,-1298857.5,SVL,d,-10.59,0.4197,0,in range
GRID_07185,-77.385,160.674,455187.9,-1297924.2,SVL,d,-10.626,0.3879,0,in range
GRID_07186,-77.173,160.792,460184.4,-1320875.8,SVL,c,-8.684,1.2684,0,in range
GRID_07187,-77.184,160.817,459210.5,-1319933.7,SVL,d,-8.71,1.4213,0,in range
GRID_07188,-77.175,160.701,462209.0,-1319935.6,SVL,d,-8.496,1.2505,0,in range
GRID_07189,-77.193,160.804,459184.4,-1318894.6,SVL,d,-8.594,1.155,0,in range
GRID_07190,-77.19,160.765,460190.8,-1318893.3,SVL,d,-8.503,1.4001,0,in range
GRID_07191,-77.195,160.713,461205.9,-1317956.0,SVL,c,-9.159,0.9127,0,in range
GRID_07192,-77.213,160.816,458185.3,-1316913.0,SVL,d,-7.84,1.7459,0,in range
GRID_07193,-77.224,160.711,460198.3,-1314929.2,SVL,d,-7.834,1.597,0,in range
GRID_07194,-77.221,160.672,461202.4,-1314927.0,SVL,s,-8.847,1.104,0,in range
GRID_07195,-77.23,160.659,461172.9,-1313888.3,SVL,s,-8.702,1.1185,0,in range
GRID_07196,-76.998,161.02,461186.5,-1340903.2,SVL,c,-9.401,1.0142,0,in range
GRID_07197,-77.09,161.222,453197.7,-1332937.0,SVL,d,-8.371,1.1769,0,in range
GRID_07198,-77.099,161.209,453181.2,-1331896.7,SVL,d,-9.153,0.9789,0,in range
GRID_07199,-77.121,161.002,457202.2,-1327962.3,SVL,d,-8.708,1.447,0,in range
GRID_07200,-77.133,161.027,456193.6,-1326913.3,SVL,d,-8.574,1.3254,0,in range
GRID_07201,-77.133,160.898,459179.9,-1325882.8,SVL,s,-9.345,1.2578,0,in range
GRID_07202,-77.127,160.821,461178.2,-1325887.9,SVL,d,-8.157,1.1131,0,in range
GRID_07203,-77.135,160.807,461212.8,-1324944.1,SVL,s,-8.043,1.3796,0,in range
GRID_07204,-77.173,161.051,454208.9,-1322942.6,SVL,d,-8.764,1.2313,0,in range
GRID_07205,-77.179,160.999,455194.5,-1321905.7,SVL,c,-8.943,1.3812,0,in range
GRID_07206,-77.176,160.96,456201.8,-1321907.5,SVL,d,-8.55,1.1046,0,in range
GRID_07207,-77.185,160.947,456178.5,-1320868.3,SVL,s,-8.582,0.9814,0,in range
GRID_07208,-77.182,160.908,457185.5,-1320869.3,SVL,d,-8.505,1.0546,0,in range
GRID_07209,-77.397,160.699,454185.4,-1296877.4,SVL,d,-9.57,0.3938,0,in range
GRID_07210,-77.414,160.804,451193.4,-1295942.4,SVL,d,-11.051,0.1632,0,in range
GRID_07211,-77.285,160.877,454188.9,-1309918.3,SVL,s,-10.158,0.8889,0,in range
GRID_07212,-77.297,160.902,453185.5,-1308869.3,SVL,c,-7.334,1.5846,0,in range
GRID_07213,-77.294,160.863,454184.4,-1308872.2,SVL,c,-10.748,0.6144,0,in range
GRID_07214,-77.311,160.967,451198.2,-1307927.2,SVL,c,-10.453,0.4088,0,in range
GRID_07215,-77.308,160.928,452196.2,-1307931.5,SVL,c,-7.074,1.6899,0,in range
GRID_07216,-77.305,160.889,453194.4,-1307935.2,SVL,c,-9.468,1.225,0,in range
GRID_07217,-77.329,161.071,448181.3,-1306871.6,SVL,c,-12.133,0.414,0,in range
GRID_07218,-77.326,161.032,449178.0,-1306878.3,SVL,c,-11.636,0.4558,0,in range
GRID_07219,-77.323,160.993,450174.9,-1306884.1,SVL,s,-10.787,0.3971,0,in range
GRID_07220,-77.317,160.914,452192.2,-1306885.7,SVL,s,-11.062,0.4385,0,in range
GRID_07221,-77.314,160.875,453189.7,-1306889.3,SVL,c,-11.69,0.3016,0,in range
GRID_07222,-77.343,161.136,446200.7,-1305922.5,SVL,c,-13.189,0.4102,0,in range
GRID_07223,-77.34,161.097,447196.4,-1305930.5,SVL,c,-12.625,0.4506,0,in range
GRID_07224,-77.337,161.058,448192.3,-1305937.9,SVL,c,-11.868,0.5131,0,in range
GRID_07225,-77.334,161.018,449211.2,-1305936.6,SVL,c,-11.567,0.3942,0,in range
GRID_07226,-77.331,160.979,450207.5,-1305942.4,SVL,d,-10.639,0.5682,0,in range
GRID_07227,-77.328,160.94,451204.1,-1305947.5,SVL,c,-10.362,0.4543,0,in range
GRID_07228,-77.325,160.901,452200.8,-1305951.8,SVL,c,-10.954,0.3742,0,in range
GRID_07229,-77.322,160.862,453197.8,-1305955.3,SVL,c,-10.326,0.3932,0,in range
GRID_07230,-77.369,161.359,440200.7,-1304940.3,SVL,c,-12.687,0.5553,0,in range
GRID_07231,-77.355,161.162,445181.9,-1304876.0,SVL,c,-12.577,0.4441,0,in range
GRID_07232,-77.352,161.123,446176.8,-1304884.8,SVL,c,-13.175,0.623,0,in range
GRID_07233,-77.349,161.083,447194.6,-1304885.0,SVL,c,-13.126,0.4508,0,in range
GRID_07234,-77.346,161.044,448189.9,-1304892.3,SVL,c,-12.92,0.3658,0,in range
GRID_07235,-77.343,161.005,449185.3,-1304898.9,SVL,c,-11.173,0.5408,0,in range
GRID_07236,-77.34,160.966,450181.0,-1304904.7,SVL,c,-12.511,0.6879,0,in range
GRID_07237,-77.363,161.148,445216.5,-1303934.7,SVL,c,-12.589,0.5269,0,in range
GRID_07238,-77.36,161.109,446210.8,-1303943.4,SVL,n,-10.55,0.7324,1,litho
GRID_07239,-77.357,161.07,447205.3,-1303951.4,SVL,c,-11.852,0.3315,0,in range
GRID_07240,-77.354,161.031,448200.0,-1303958.7,SVL,c,-13.342,0.6468,0,in range
GRID_07241,-77.352,160.991,449181.8,-1303853.4,SVL,c,-11.387,0.4826,0,in range
GRID_07242,-77.349,160.952,450176.9,-1303859.2,SVL,c,-11.9,0.6567,0,in range
GRID_07243,-77.372,161.135,445192.4,-1302897.2,SVL,c,-11.385,0.3955,0,in range
GRID_07244,-77.369,161.096,446186.0,-1302905.9,SVL,c,-11.003,0.4557,0,in range
GRID_07245,-77.366,161.056,447202.6,-1302906.1,SVL,c,-11.608,0.3062,0,in range
GRID_07246,-77.363,161.017,448196.7,-1302913.3,SVL,c,-10.999,0.4765,0,in range
GRID_07247,-77.36,160.978,449190.9,-1302919.8,SVL,c,-11.455,0.1401,0,in range
GRID_07248,-77.357,160.938,450208.2,-1302917.7,SVL,c,-11.901,0.4242,0,in range
GRID_07249,-77.381,161.122,445167.8,-1301859.8,SVL,c,-11.674,0.1865,0,in range
GRID_07250,-77.378,161.082,446183.5,-1301860.7,SVL,c,-12.168,0.2437,0,in range
GRID_07251,-77.375,161.043,447176.7,-1301868.7,SVL,d,-11.738,0.4713,0,in range
GRID_07252,-77.372,161.003,448192.9,-1301868.1,SVL,c,-11.463,0.2559,0,in range
GRID_07253,-77.369,160.964,449186.5,-1301874.5,SVL,d,-10.984,0.2458,0,in range
GRID_07254,-77.366,160.925,450180.4,-1301880.2,SVL,d,-10.654,0.2937,0,in range
GRID_07255,-77.389,161.108,445201.1,-1300918.7,SVL,c,-12.259,0.3184,0,in range
GRID_07256,-77.386,161.069,446193.5,-1300927.4,SVL,c,-11.262,0.6079,0,in range
GRID_07257,-77.383,161.029,447208.9,-1300927.5,SVL,s,-11.441,0.3251,0,in range
GRID_07258,-77.38,160.99,448201.7,-1300934.7,SVL,c,-12.235,0.3528,0,in range
GRID_07259,-77.377,160.951,449194.8,-1300941.1,SVL,d,-7.726,0.812,0,in range
GRID_07260,-77.374,160.911,450210.8,-1300938.9,SVL,d,-11.661,0.3804,0,in range
GRID_07261,-77.398,161.095,445175.6,-1299881.5,SVL,c,-12.577,0.3763,0,in range
GRID_07262,-77.395,161.055,446190.1,-1299882.4,SVL,c,-11.653,0.2907,0,in range
GRID_07263,-77.392,161.016,447182.1,-1299890.3,SVL,s,-11.818,0.4611,0,in range
GRID_07264,-77.386,160.937,449189.5,-1299896.0,SVL,d,-10.941,0.2915,0,in range
GRID_07265,-77.383,160.898,450182.1,-1299901.6,SVL,c,-12.149,0.3339,0,in range
GRID_07266,-77.403,161.042,446199.3,-1298949.2,SVL,c,-11.692,0.1661,0,in range
GRID_07267,-77.4,161.002,447213.4,-1298949.3,SVL,s,-11.002,0.5333,0,in range
GRID_07268,-77.397,160.963,448205.0,-1298956.4,SVL,d,-10.064,0.3711,0,in range
GRID_07269,-77.395,160.923,449183.6,-1298851.0,SVL,d,-11.374,0.4832,0,in range
GRID_07270,-77.392,160.884,450175.7,-1298856.6,SVL,c,-11.649,0.2859,0,in range
GRID_07271,-77.389,160.845,451167.9,-1298861.4,SVL,d,-9.239,0.3492,0,in range
GRID_07272,-77.386,160.805,452183.0,-1298857.7,SVL,c,-11.648,0.4653,0,in range
GRID_07273,-77.383,160.766,453175.7,-1298861.0,SVL,d,-10.296,0.3281,0,in range
GRID_07274,-77.421,161.147,443178.6,-1297891.9,SVL,c,-12.634,0.2158,0,in range
GRID_07275,-77.412,161.028,446195.0,-1297904.4,SVL,c,-13.231,0.4294,0,in range
GRID_07276,-77.409,160.989,447185.8,-1297912.2,SVL,c,-11.473,0.4062,0,in range
GRID_07277,-77.406,160.949,448199.4,-1297911.5,SVL,s,-10.949,0.3643,0,in range
GRID_07278,-77.4,160.87,450204.8,-1297915.5,SVL,d,-10.72,0.2439,0,in range
GRID_07279,-77.397,160.831,451196.4,-1297920.3,SVL,d,-10.047,0.3962,0,in range
GRID_07280,-77.394,160.792,452188.3,-1297924.4,SVL,d,-9.383,0.217,0,in range
GRID_07281,-77.391,160.752,453203.1,-1297919.8,SVL,d,-10.217,0.1394,0,in range
GRID_07282,-77.429,161.133,443211.3,-1296951.2,SVL,c,-12.642,0.5179,0,in range
GRID_07283,-77.427,161.094,444165.2,-1296857.3,SVL,d,-9.519,0.5214,0,in range
GRID_07284,-77.424,161.054,445177.6,-1296858.8,SVL,c,-11.687,0.4419,0,in range
GRID_07285,-77.418,160.975,447180.3,-1296867.4,SVL,c,-12.534,0.3787,0,in range
GRID_07286,-77.415,160.936,448170.7,-1296874.5,SVL,d,-10.682,0.2942,0,in range
GRID_07287,-77.412,160.896,449183.9,-1296873.0,SVL,c,-10.739,0.4546,0,in range
GRID_07288,-77.406,160.817,451188.4,-1296875.4,SVL,d,-7.753,0.9024,0,in range
GRID_07289,-77.403,160.778,452179.6,-1296879.5,SVL,d,-10.388,0.3108,0,in range
GRID_07290,-77.432,161.04,445208.7,-1295918.2,SVL,d,-11.518,0.3735,0,in range
GRID_07291,-77.429,161.001,446198.1,-1295926.7,SVL,c,-12.636,0.4465,0,in range
GRID_07292,-77.426,160.961,447210.3,-1295926.7,SVL,c,-13.216,0.5542,0,in range
GRID_07293,-77.423,160.922,448200.1,-1295933.7,SVL,c,-12.206,0.3049,0,in range
GRID_07294,-77.42,160.882,449212.7,-1295932.1,SVL,s,-11.312,0.3275,0,in range
GRID_07295,-77.417,160.843,450203.0,-1295937.6,SVL,c,-10.645,0.2823,0,in range
GRID_07296,-77.441,161.027,445181.0,-1294881.4,SVL,c,-11.623,0.3557,0,in range
GRID_07297,-77.438,160.987,446192.3,-1294882.2,SVL,c,-13.146,0.6165,0,in range
GRID_07298,-77.435,160.948,447181.3,-1294889.9,SVL,g,-10.209,0.5718,0,in range
GRID_07299,-77.432,160.908,448193.1,-1294889.1,SVL,g,-10.629,0.2615,0,in range
GRID_07300,-77.429,160.869,449182.5,-1294895.3,SVL,s,-11.078,0.4578,0,in range
GRID_07301,-77.443,160.934,447210.4,-1293949.3,SVL,c,-12.475,0.4888,0,in range
GRID_07302,-77.44,160.895,448199.0,-1293956.3,SVL,c,-11.524,0.2859,0,in range
GRID_07303,-77.437,160.855,449210.4,-1293954.6,SVL,c,-12.279,0.4483,0,in range
GRID_07304,-77.461,161.039,444195.4,-1292895.2,SVL,d,-9.705,0.3645,0,in range
GRID_07305,-77.268,160.904,454183.2,-1311898.9,SVL,d,-7.887,1.6318,0,in range
GRID_07306,-77.311,161.098,448206.6,-1308955.4,SVL,s,-9.958,0.7005,0,in range
GRID_07307,-77.323,161.124,447185.7,-1307910.0,SVL,c,-10.998,0.365,0,in range
GRID_07308,-77.317,161.045,449202.9,-1307916.2,SVL,c,-11.498,0.3531,0,in range
GRID_07309,-77.358,161.333,441180.0,-1305886.3,SVL,c,-12.673,0.7129,0,in range
GRID_07310,-77.355,161.293,442197.3,-1305890.4,SVL,c,-13.361,0.472,0,in range
GRID_07311,-77.352,161.254,443192.1,-1305901.5,SVL,c,-11.976,0.2711,0,in range
GRID_07312,-77.349,161.215,444187.2,-1305911.8,SVL,c,-12.155,0.3624,0,in range
GRID_07313,-77.366,161.319,441217.3,-1304945.1,SVL,c,-13.953,0.8138,0,in range
GRID_07314,-77.363,161.28,442211.3,-1304956.9,SVL,c,-12.933,0.814,0,in range
GRID_07315,-77.361,161.241,443170.2,-1304863.8,SVL,c,-12.121,0.4969,0,in range
GRID_07316,-77.358,161.201,444187.3,-1304866.4,SVL,c,-13.36,0.4726,0,in range
GRID_07317,-76.949,161.136,460214.2,-1346936.7,SVL,c,-9.155,1.4842,0,in range
GRID_07318,-76.964,161.2,458177.4,-1345887.3,SVL,d,-9.51,0.9556,0,in range
GRID_07319,-76.961,161.161,459200.0,-1345887.6,SVL,c,-8.862,1.4565,0,in range
GRID_07320,-76.955,161.085,461198.9,-1345901.9,SVL,c,-10.057,0.9681,0,in range
GRID_07321,-76.969,161.148,459220.9,-1344950.2,SVL,s,-8.728,1.0927,0,in range
GRID_07322,-76.966,161.11,460219.7,-1344957.7,SVL,c,-8.324,1.4813,0,in range
GRID_07323,-76.963,161.072,461218.7,-1344964.5,SVL,c,-9.277,1.3599,0,in range
GRID_07324,-76.978,161.135,459205.8,-1343908.8,SVL,d,-8.805,1.2742,0,in range
GRID_07325,-76.972,161.059,461202.4,-1343923.0,SVL,c,-9.256,0.8109,0,in range
GRID_07326,-76.992,161.071,460206.9,-1341937.7,SVL,d,-9.262,1.4653,0,in range
GRID_07327,-76.989,161.033,461204.1,-1341944.4,SVL,c,-9.404,1.3031,0,in range
GRID_07329,-78.478,163.373,359213.8,-1202888.1,SVL,a,-3.106,1.7676,0,in range
GRID_07334,-78.29,163.415,364220.9,-1222924.1,SVL,c,-11.171,0.568,0,in range
GRID_07335,-78.288,163.372,365201.4,-1222860.7,SVL,c,-11.136,0.3105,0,in range
GRID_07337,-78.299,163.402,364216.2,-1221894.7,SVL,c,-11.419,0.7846,0,in range
GRID_07340,-78.308,163.389,364211.0,-1220865.5,SVL,c,-11.159,0.5939,0,in range
GRID_07343,-78.319,163.419,363227.2,-1219898.9,SVL,c,-10.772,0.3737,0,in range
GRID_07347,-78.309,163.247,367204.0,-1219854.0,SVL,c,-11.147,0.6317,0,in range
GRID_07348,-78.328,163.407,363200.6,-1218876.2,SVL,c,-8.067,1.233,0,in range
GRID_07350,-78.323,163.32,365208.5,-1218848.9,SVL,g,-9.269,0.5239,0,in range
GRID_07352,-78.317,163.234,367227.5,-1218929.9,SVL,c,-10.605,0.514,0,in range
GRID_07353,-78.315,163.191,368205.7,-1218864.1,SVL,c,-11.48,0.87,0,in range
GRID_07354,-78.337,163.394,363194.9,-1217847.1,SVL,c,-12.482,0.7723,0,in range
GRID_07357,-78.329,163.264,366210.0,-1217860.8,SVL,g,-9.789,0.611,0,in range
GRID_07358,-78.326,163.221,367218.9,-1217900.8,SVL,n,-10.246,0.6984,1,litho
GRID_07359,-78.324,163.178,368196.4,-1217835.0,SVL,d,-10.164,0.1939,0,in range
GRID_07360,-78.348,163.424,362212.7,-1216880.1,SVL,c,-11.431,0.463,0,in range
GRID_07361,-78.345,163.381,363220.1,-1216923.4,SVL,g,-8.34,0.6798,0,in range
GRID_07362,-78.343,163.338,364196.2,-1216860.7,SVL,g,-9.022,0.3036,0,in range
GRID_07365,-78.335,163.208,367209.9,-1216871.8,SVL,d,-9.413,0.4713,0,in range
GRID_07366,-78.354,163.368,363213.5,-1215894.5,SVL,n,-10.207,0.5508,1,litho
GRID_07367,-78.352,163.325,364188.9,-1215831.9,SVL,n,-10.865,0.682,1,litho
GRID_07368,-78.349,163.282,365195.9,-1215873.5,SVL,n,-9.674,0.5994,1,litho
GRID_07369,-78.346,163.238,366224.5,-1215908.0,SVL,c,-11.38,0.4693,0,in range
GRID_07370,-78.355,163.225,366215.3,-1214879.2,SVL,c,-11.658,0.8597,0,in range
GRID_07371,-78.238,163.817,357222.5,-1230931.1,SVL,c,-3.652,1.3412,0,in range
GRID_07373,-78.245,163.761,358210.6,-1229843.6,SVL,c,-3.28,1.4485,0,in range
GRID_07374,-78.256,163.792,357208.1,-1228877.8,SVL,n,-2.077,1.8456,1,litho
GRID_07376,-78.351,163.796,354212.5,-1218890.0,SVL,c,-10.318,0.3033,0,in range
GRID_07377,-78.349,163.752,355209.9,-1218828.3,SVL,c,-9.812,0.4754,0,in range
GRID_07379,-78.36,163.783,354213.2,-1217861.1,SVL,c,-10.882,0.5509,0,in range
GRID_07380,-78.357,163.74,355219.3,-1217911.0,SVL,c,-10.366,0.4126,0,in range
GRID_07381,-78.366,163.727,355218.9,-1216882.3,SVL,c,-10.914,0.6484,0,in range
GRID_07382,-78.412,163.707,354227.4,-1211912.9,SVL,c,-10.525,0.4231,0,in range
GRID_07383,-78.426,163.782,352211.6,-1210900.4,SVL,c,-9.938,0.721,0,in range
GRID_07385,-78.435,163.769,352210.3,-1209872.2,SVL,c,-10.71,0.8022,0,in range
GRID_07386,-78.432,163.725,353231.6,-1209917.4,SVL,c,-10.639,0.5895,0,in range
GRID_07387,-78.43,163.682,354201.2,-1209862.6,SVL,c,-9.835,0.9933,0,in range
GRID_07388,-78.427,163.638,355222.9,-1209906.1,SVL,c,-10.377,0.8489,0,in range
GRID_07389,-78.425,163.595,356192.8,-1209849.7,SVL,c,-10.32,0.4194,0,in range
GRID_07390,-78.441,163.713,353208.0,-1208895.4,SVL,c,-10.232,0.4348,0,in range
GRID_07391,-78.452,163.743,352237.1,-1207921.4,SVL,c,-9.629,0.8718,0,in range
GRID_07392,-78.461,163.731,352213.4,-1206899.7,SVL,c,-9.657,0.6981,0,in range
GRID_07396,-78.377,163.758,354222.8,-1215915.3,SVL,c,-10.17,0.839,0,in range
GRID_07397,-78.391,163.832,352224.3,-1214896.1,SVL,c,-11.16,0.6761,0,in range
GRID_07401,-78.406,163.763,353226.8,-1212890.7,SVL,c,-11.42,0.7522,0,in range
GRID_07402,-78.417,163.794,352233.7,-1211922.5,SVL,c,-9.778,0.6809,0,in range
GRID_07404,-77.884,162.132,405189.9,-1256891.8,SVL,g,-9.435,0.6552,0,in range
GRID_07405,-77.904,162.146,404209.2,-1254899.7,SVL,c,-11.943,0.5078,0,in range
GRID_07406,-77.714,161.894,416211.6,-1272949.7,SVL,c,-11.684,0.4671,0,in range
GRID_07407,-77.709,161.813,418182.3,-1272882.0,SVL,c,-12.706,0.6023,0,in range
GRID_07408,-77.706,161.772,419196.2,-1272895.5,SVL,c,-12.082,0.4932,0,in range
GRID_07409,-77.723,161.88,416215.1,-1271908.1,SVL,c,-12.176,0.697,0,in range
GRID_07410,-77.72,161.84,417205.7,-1271930.4,SVL,c,-11.979,0.5133,0,in range
GRID_07411,-77.717,161.799,418218.7,-1271944.7,SVL,c,-12.615,0.5811,0,in range
GRID_07412,-77.726,161.786,418198.2,-1270910.4,SVL,c,-11.845,0.3891,0,in range
GRID_07414,-77.378,161.345,440203.0,-1303895.1,SVL,c,-13.304,0.6064,0,in range
GRID_07415,-77.389,161.372,439202.2,-1302956.2,SVL,d,-12.02,0.4448,0,in range
GRID_07416,-77.387,161.332,440182.1,-1302857.6,SVL,c,-12.163,0.2281,0,in range
GRID_07417,-77.41,161.516,435194.1,-1301866.1,SVL,c,-13.78,0.6805,0,in range
GRID_07419,-77.404,161.437,437198.7,-1301890.2,SVL,d,-12.022,0.3009,0,in range
GRID_07420,-77.401,161.398,438190.0,-1301904.9,SVL,d,-10.886,0.281,0,in range
GRID_07421,-77.398,161.358,439204.2,-1301911.2,SVL,d,-11.258,0.2841,0,in range
GRID_07422,-77.395,161.319,440196.0,-1301924.5,SVL,d,-11.259,0.2516,0,in range
GRID_07423,-77.392,161.279,441210.6,-1301929.2,SVL,c,-13.293,0.6223,0,in range
GRID_07424,-77.389,161.24,442202.8,-1301940.9,SVL,c,-12.451,0.543,0,in range
GRID_07425,-77.386,161.2,443217.9,-1301944.2,SVL,c,-12.979,0.5426,0,in range
GRID_07426,-77.418,161.503,435210.4,-1300933.2,SVL,c,-13.845,0.6524,0,in range
GRID_07427,-77.415,161.464,436200.7,-1300949.4,SVL,c,-13.754,0.7383,0,in range
GRID_07428,-77.413,161.424,437178.9,-1300853.0,SVL,c,-13.107,0.3413,0,in range
GRID_07429,-77.41,161.384,438192.2,-1300860.1,SVL,d,-11.102,0.3725,0,in range
GRID_07430,-77.407,161.345,439183.1,-1300874.0,SVL,d,-11.375,0.6478,0,in range
GRID_07431,-77.404,161.305,440196.9,-1300879.5,SVL,d,-11.411,0.2937,0,in range
GRID_07432,-77.401,161.266,441188.2,-1300892.0,SVL,c,-11.479,0.718,0,in range
GRID_07433,-77.398,161.226,442202.5,-1300895.9,SVL,c,-12.62,0.5272,0,in range
GRID_07434,-77.427,161.49,435191.5,-1299896.1,SVL,c,-14.1,0.6789,0,in range
GRID_07435,-77.424,161.45,436203.8,-1299904.7,SVL,c,-13.843,1.0862,0,in range
GRID_07436,-77.421,161.411,437193.6,-1299920.1,SVL,c,-12.722,0.5011,0,in range
GRID_07437,-77.418,161.371,438206.4,-1299927.1,SVL,c,-11.827,0.4243,0,in range
GRID_07438,-77.415,161.332,439196.7,-1299941.0,SVL,c,-13.383,0.5498,0,in range
GRID_07439,-77.412,161.292,440209.9,-1299946.5,SVL,c,-12.507,0.4463,0,in range
GRID_07440,-77.409,161.252,441223.4,-1299951.2,SVL,c,-11.658,0.5213,0,in range
GRID_07441,-77.407,161.213,442178.9,-1299858.8,SVL,c,-13.711,0.8343,0,in range
GRID_07442,-77.436,161.477,435172.0,-1298859.1,SVL,c,-12.334,0.6263,0,in range
GRID_07443,-77.433,161.437,436183.7,-1298867.7,SVL,c,-13.453,0.545,0,in range
GRID_07444,-77.43,161.397,437195.6,-1298875.4,SVL,c,-12.79,0.7513,0,in range
GRID_07445,-77.427,161.358,438185.0,-1298890.1,SVL,c,-13.898,0.912,0,in range
GRID_07446,-77.424,161.318,439197.4,-1298896.3,SVL,c,-12.691,0.5803,0,in range
GRID_07447,-77.421,161.279,440187.3,-1298909.4,SVL,c,-14.254,0.9236,0,in range
GRID_07448,-77.418,161.239,441200.1,-1298914.1,SVL,c,-13.767,0.6075,0,in range
GRID_07449,-77.415,161.2,442190.4,-1298925.7,SVL,c,-12.473,0.4796,0,in range
GRID_07450,-77.444,161.463,435209.8,-1297918.9,SVL,c,-13.18,0.5401,0,in range
GRID_07451,-77.441,161.424,436198.2,-1297935.0,SVL,c,-12.543,0.6045,0,in range
GRID_07452,-77.438,161.384,437209.5,-1297942.7,SVL,c,-14.22,0.8667,0,in range
GRID_07453,-77.435,161.344,438221.1,-1297949.6,SVL,c,-14.202,0.7676,0,in range
GRID_07454,-77.433,161.305,439174.9,-1297859.3,SVL,c,-12.95,0.8187,0,in range
GRID_07455,-77.43,161.265,440186.8,-1297864.8,SVL,c,-13.621,0.7961,0,in range
GRID_07456,-77.427,161.226,441176.3,-1297877.1,SVL,c,-12.88,0.5453,0,in range
GRID_07457,-77.424,161.186,442188.7,-1297881.0,SVL,d,-11.517,0.4031,0,in range
GRID_07458,-77.456,161.49,434179.3,-1296872.8,SVL,c,-12.858,0.4665,0,in range
GRID_07459,-77.453,161.45,435189.5,-1296882.1,SVL,c,-12.026,0.3539,0,in range
GRID_07460,-77.45,161.41,436199.9,-1296890.5,SVL,c,-11.874,0.3724,0,in range
GRID_07461,-77.447,161.371,437187.9,-1296905.9,SVL,c,-12.309,0.6096,0,in range
GRID_07462,-77.444,161.331,438198.8,-1296912.8,SVL,c,-13.925,0.7212,0,in range
GRID_07463,-77.441,161.291,439209.9,-1296918.9,SVL,c,-14.322,0.9339,0,in range
GRID_07464,-77.438,161.252,440198.6,-1296932.0,SVL,c,-13.309,0.5593,1,aspect
GRID_07465,-77.435,161.212,441210.2,-1296936.6,SVL,c,-14.112,0.8712,0,in range
GRID_07466,-77.432,161.173,442199.3,-1296948.2,SVL,c,-13.144,0.4715,0,in range
GRID_07467,-77.464,161.476,434216.7,-1295932.8,SVL,c,-12.78,0.4041,0,in range
GRID_07468,-77.461,161.437,435203.7,-1295949.5,SVL,c,-12.907,0.4234,0,in range
GRID_07469,-77.459,161.397,436178.5,-1295853.8,SVL,c,-13.089,0.4843,0,in range
GRID_07470,-77.456,161.357,437188.5,-1295861.5,SVL,c,-11.476,0.4155,0,in range
GRID_07471,-77.453,161.318,438176.1,-1295876.0,SVL,c,-12.14,0.4684,0,in range
GRID_07472,-77.45,161.278,439186.6,-1295882.2,SVL,c,-12.211,0.5276,0,in range
GRID_07473,-77.447,161.238,440197.2,-1295887.5,SVL,c,-12.797,0.592,0,in range
GRID_07474,-77.444,161.199,441185.5,-1295899.8,SVL,c,-13.267,0.9374,0,in range
GRID_07475,-77.441,161.159,442196.6,-1295903.6,SVL,c,-11.416,0.2604,0,in range
GRID_07476,-77.473,161.463,434196.2,-1294896.1,SVL,s,-10.909,0.2378,0,in range
GRID_07477,-77.47,161.423,435205.2,-1294905.3,SVL,s,-11.075,0.6337,0,in range
GRID_07478,-77.467,161.384,436191.8,-1294921.3,SVL,s,-10.789,0.4356,0,in range
GRID_07479,-77.464,161.344,437201.2,-1294929.0,SVL,c,-12.448,0.4344,0,in range
GRID_07480,-77.461,161.304,438210.8,-1294935.8,SVL,d,-10.935,0.5181,0,in range
GRID_07481,-77.458,161.264,439220.7,-1294941.9,SVL,c,-12.045,0.3632,0,in range
GRID_07482,-77.455,161.225,440208.2,-1294954.9,SVL,c,-13.204,0.4315,0,in range
GRID_07483,-77.453,161.185,441183.0,-1294855.4,SVL,c,-12.113,0.7362,0,in range
GRID_07484,-77.45,161.146,442170.9,-1294866.9,SVL,c,-13.413,0.7086,0,in range
GRID_07485,-77.447,161.106,443181.6,-1294869.9,SVL,c,-12.772,0.3087,0,in range
GRID_07486,-77.484,161.49,433202.1,-1293953.9,SVL,s,-11.23,0.4719,0,in range
GRID_07487,-77.482,161.45,434175.2,-1293859.6,SVL,s,-12.007,0.3052,0,in range
GRID_07488,-77.479,161.41,435183.6,-1293868.8,SVL,s,-11.464,0.4898,0,in range
GRID_07489,-77.476,161.37,436192.1,-1293877.1,SVL,c,-12.082,0.5974,0,in range
GRID_07490,-77.473,161.33,437200.9,-1293884.8,SVL,d,-11.235,0.3598,0,in range
GRID_07491,-77.47,161.291,438187.3,-1293899.2,SVL,s,-12.538,0.5669,0,in range
GRID_07492,-77.467,161.251,439196.5,-1293905.3,SVL,c,-11.787,0.4741,0,in range
GRID_07493,-77.464,161.211,440205.9,-1293910.6,SVL,c,-10.633,0.4871,0,in range
GRID_07494,-77.461,161.172,441193.0,-1293922.8,SVL,c,-11.921,0.2326,0,in range
GRID_07495,-77.458,161.132,442202.9,-1293926.6,SVL,c,-12.796,0.5163,0,in range
GRID_07496,-77.455,161.092,443213.0,-1293929.6,SVL,c,-11.851,0.7137,0,in range
GRID_07497,-77.522,161.875,423198.1,-1292865.6,SVL,c,-13.331,0.7276,0,in range
GRID_07498,-77.519,161.835,424203.4,-1292883.2,SVL,c,-12.643,0.7728,0,in range
GRID_07499,-77.516,161.795,425208.9,-1292900.0,SVL,g,-10.587,0.5449,0,in range
GRID_07500,-77.499,161.556,431189.6,-1292887.8,SVL,d,-12.159,0.379,0,in range
GRID_07501,-77.496,161.516,432196.6,-1292899.3,SVL,s,-11.652,0.3919,0,in range
GRID_07502,-77.493,161.476,433203.9,-1292909.9,SVL,d,-11.153,0.3612,0,in range
GRID_07503,-77.487,161.397,435196.6,-1292936.5,SVL,s,-11.596,0.3804,0,in range
GRID_07504,-77.484,161.357,436204.5,-1292944.8,SVL,c,-12.808,0.5951,0,in range
GRID_07505,-77.481,161.317,437212.7,-1292952.4,SVL,s,-12.299,0.2807,0,in range
GRID_07506,-77.479,161.277,438185.8,-1292855.1,SVL,s,-12.158,0.4019,0,in range
GRID_07507,-77.476,161.238,439171.8,-1292868.8,SVL,s,-11.905,0.4968,1,aspect
GRID_07508,-77.473,161.198,440180.6,-1292874.1,SVL,c,-12.104,0.325,0,in range
GRID_07509,-77.464,161.079,443185.7,-1292893.0,SVL,c,-10.856,0.3303,0,in range
GRID_07510,-77.507,161.543,431204.5,-1291955.8,SVL,d,-10.606,0.3049,0,in range
GRID_07511,-77.505,161.503,432176.1,-1291862.9,SVL,d,-11.528,0.2835,0,in range
GRID_07512,-77.502,161.463,433182.7,-1291873.6,SVL,c,-12.832,0.6078,0,in range
GRID_07513,-77.499,161.423,434189.6,-1291883.4,SVL,s,-11.322,0.2618,0,in range
GRID_07514,-77.493,161.343,436203.9,-1291900.8,SVL,s,-12.39,0.298,0,in range
GRID_07515,-77.49,161.304,437188.9,-1291916.0,SVL,s,-11.036,0.3585,0,in range
GRID_07516,-77.487,161.264,438196.7,-1291922.8,SVL,s,-11.189,0.2483,0,in range
GRID_07517,-77.484,161.224,439204.6,-1291928.8,SVL,s,-11.588,0.308,0,in range
GRID_07518,-77.481,161.184,440212.8,-1291934.0,SVL,s,-12.322,0.3913,0,in range
GRID_07519,-77.472,161.065,443216.2,-1291952.8,SVL,c,-12.363,0.3849,0,in range
GRID_07520,-77.464,160.946,446185.7,-1291860.8,SVL,c,-11.835,0.5056,0,in range
GRID_07521,-77.461,160.907,447172.8,-1291868.4,SVL,c,-11.581,0.2087,0,in range
GRID_07522,-77.516,161.529,431206.7,-1290912.0,SVL,g,-9.517,0.3175,0,in range
GRID_07523,-77.513,161.489,432212.5,-1290923.4,SVL,c,-12.61,0.3781,0,in range
GRID_07524,-77.502,161.33,436180.3,-1290864.5,SVL,s,-12.06,0.4158,0,in range
GRID_07525,-77.499,161.29,437187.2,-1290872.1,SVL,s,-11.207,0.423,0,in range
GRID_07526,-77.496,161.25,438194.3,-1290878.8,SVL,c,-11.337,0.4415,0,in range
GRID_07527,-77.493,161.211,439179.1,-1290892.5,SVL,s,-11.013,0.2585,0,in range
GRID_07528,-77.49,161.171,440186.6,-1290897.7,SVL,s,-10.892,0.2437,0,in range
GRID_07529,-77.481,161.052,443188.1,-1290916.4,SVL,c,-12.371,0.3512,0,in range
GRID_07530,-77.519,161.436,433196.5,-1289897.8,SVL,g,-9.637,0.3364,0,in range
GRID_07531,-77.504,161.237,438204.3,-1289946.7,SVL,c,-12.94,0.3548,0,in range
GRID_07532,-77.53,161.463,432204.2,-1288955.4,SVL,c,-13.264,0.5413,0,in range
GRID_07533,-77.525,161.383,434179.0,-1288871.5,SVL,d,-11.803,0.3573,0,in range
GRID_07534,-77.522,161.343,435184.1,-1288880.5,SVL,n,-10.713,0.5476,1,litho
GRID_07535,-77.519,161.303,436189.6,-1288888.7,SVL,c,-11.779,0.3089,0,in range
GRID_07536,-77.516,161.263,437195.2,-1288896.2,SVL,c,-12.294,0.4102,0,in range
GRID_07537,-77.504,161.104,441197.5,-1288926.0,SVL,s,-10.958,0.2855,0,in range
GRID_07538,-77.533,161.369,434212.9,-1287932.1,SVL,c,-12.988,0.3992,0,in range
GRID_07539,-77.53,161.329,435217.5,-1287941.0,SVL,c,-12.679,0.3627,0,in range
GRID_07540,-77.527,161.289,436222.4,-1287949.2,SVL,c,-12.571,0.3365,0,in range
GRID_07541,-77.525,161.25,437169.6,-1287860.2,SVL,c,-14.137,0.4519,0,in range
GRID_07542,-77.522,161.21,438174.8,-1287866.9,SVL,c,-11.762,0.4652,0,in range
GRID_07543,-77.548,161.436,432181.7,-1286876.0,SVL,c,-13.374,0.4902,0,in range
GRID_07544,-77.545,161.396,433185.2,-1286886.5,SVL,c,-12.436,0.5089,0,in range
GRID_07545,-77.542,161.356,434188.9,-1286896.2,SVL,c,-13.678,0.5642,0,in range
GRID_07546,-77.539,161.316,435192.8,-1286905.1,SVL,c,-12.566,0.3617,0,in range
GRID_07547,-77.536,161.276,436197.0,-1286913.3,SVL,c,-12.061,0.4667,0,in range
GRID_07548,-77.533,161.236,437201.4,-1286920.7,SVL,c,-12.825,0.4063,0,in range
GRID_07549,-77.53,161.196,438206.1,-1286927.3,SVL,c,-12.781,0.4227,0,in range
GRID_07550,-77.527,161.156,439210.9,-1286933.2,SVL,c,-12.311,0.3875,0,in range
GRID_07551,-77.548,161.302,435190.1,-1285861.7,SVL,d,-10.49,0.5324,0,in range
GRID_07552,-77.545,161.262,436193.7,-1285869.8,SVL,n,-12.766,0.5233,1,litho
GRID_07553,-77.542,161.222,437197.4,-1285877.2,SVL,n,-11.791,0.4433,1,litho
GRID_07554,-77.539,161.183,438178.9,-1285891.4,SVL,c,-12.36,0.3645,0,in range
GRID_07555,-77.536,161.143,439183.1,-1285897.3,SVL,c,-12.648,0.6058,0,in range
GRID_07556,-77.533,161.103,440187.6,-1285902.4,SVL,c,-13.273,0.357,0,in range
GRID_07557,-77.562,161.369,433194.6,-1284911.5,SVL,c,-12.1,0.5043,0,in range
GRID_07558,-77.559,161.329,434197.1,-1284921.2,SVL,c,-12.619,0.5144,0,in range
GRID_07559,-77.556,161.289,435199.8,-1284930.1,SVL,c,-12.252,0.5087,0,in range
GRID_07560,-77.553,161.249,436202.7,-1284938.2,SVL,n,-11.179,0.3877,1,litho
GRID_07561,-77.55,161.209,437205.9,-1284945.5,SVL,c,-12.713,0.6096,0,in range
GRID_07562,-77.547,161.169,438209.3,-1284952.1,SVL,n,-13.685,0.8318,1,litho
GRID_07563,-77.545,161.129,439177.4,-1284853.8,SVL,c,-11.133,0.3441,0,in range
GRID_07564,-77.542,161.089,440181.1,-1284858.9,SVL,c,-12.933,0.4047,0,in range
GRID_07565,-77.539,161.049,441185.1,-1284863.1,SVL,c,-12.127,0.4501,0,in range
GRID_07566,-77.536,161.009,442189.3,-1284866.6,SVL,c,-12.872,0.3208,0,in range
GRID_07567,-77.559,161.195,437201.0,-1283902.2,SVL,c,-12.691,0.269,0,in range
GRID_07568,-77.556,161.155,438203.7,-1283908.7,SVL,c,-12.25,0.2769,0,in range
GRID_07569,-77.571,161.222,436171.3,-1282859.3,SVL,n,-11.9,0.672,1,litho
GRID_07570,-77.562,161.102,439177.6,-1282878.9,SVL,c,-12.332,0.5534,0,in range
GRID_07571,-77.533,161.902,422213.2,-1291915.6,SVL,c,-12.843,0.2527,0,in range
GRID_07572,-77.53,161.862,423217.7,-1291933.9,SVL,c,-12.702,0.2661,0,in range
GRID_07573,-77.528,161.822,424188.1,-1291847.0,SVL,g,-11.469,0.6276,0,in range
GRID_07574,-77.525,161.782,425193.0,-1291863.8,SVL,g,-10.278,0.6787,0,in range
GRID_07575,-77.516,161.662,428209.0,-1291909.5,SVL,c,-12.282,0.4141,0,in range
GRID_07576,-77.51,161.582,430220.8,-1291936.1,SVL,g,-9.819,0.6051,0,in range
GRID_07577,-77.542,161.889,422198.8,-1290879.5,SVL,c,-11.879,0.3235,0,in range
GRID_07578,-77.539,161.849,423202.6,-1290897.8,SVL,c,-12.792,0.4442,0,in range
GRID_07579,-77.536,161.809,424206.7,-1290915.3,SVL,c,-12.638,0.4172,0,in range
GRID_07580,-77.55,161.876,422218.1,-1289948.0,SVL,d,-10.542,0.4484,0,in range
GRID_07581,-77.548,161.836,423187.1,-1289861.8,SVL,c,-12.59,0.4873,0,in range
GRID_07582,-77.545,161.796,424190.5,-1289879.3,SVL,c,-12.887,0.2687,0,in range
GRID_07583,-77.542,161.756,425194.2,-1289896.0,SVL,c,-13.578,0.4634,0,in range
GRID_07584,-77.559,161.863,422202.9,-1288912.1,SVL,c,-12.151,0.4035,0,in range
GRID_07585,-77.556,161.823,423205.5,-1288930.3,SVL,d,-10.627,0.6442,0,in range
GRID_07586,-77.565,161.81,423189.1,-1287894.4,SVL,c,-8.873,1.1286,0,in range
GRID_07587,-77.562,161.77,424191.3,-1287911.9,SVL,c,-12.394,0.4326,0,in range
GRID_07588,-77.559,161.729,425216.1,-1287921.1,SVL,d,-11.362,0.3785,0,in range
GRID_07589,-77.574,161.796,423194.7,-1286851.3,SVL,d,-11.371,0.3541,0,in range
GRID_07590,-77.571,161.756,424196.3,-1286868.7,SVL,c,-11.415,0.5717,0,in range
GRID_07591,-77.568,161.716,425198.0,-1286885.3,SVL,s,-12.184,0.3486,0,in range
GRID_07592,-77.582,161.783,423211.8,-1285920.0,SVL,s,-12.311,0.4685,0,in range
GRID_07593,-77.579,161.743,424212.8,-1285937.4,SVL,c,-13.211,0.5938,0,in range
GRID_07594,-77.577,161.703,425179.4,-1285849.6,SVL,s,-11.315,0.4605,0,in range
GRID_07595,-77.597,161.85,421194.3,-1284847.5,SVL,s,-11.492,0.5088,0,in range
GRID_07596,-77.594,161.81,422194.1,-1284866.3,SVL,c,-11.72,0.5062,0,in range
GRID_07597,-77.591,161.77,423194.1,-1284884.5,SVL,d,-11.299,0.4088,0,in range
GRID_07598,-77.588,161.73,424194.4,-1284901.8,SVL,c,-9.033,1.1701,0,in range
GRID_07599,-77.585,161.69,425194.9,-1284918.4,SVL,s,-11.793,0.4082,0,in range
GRID_07600,-77.605,161.837,421211.7,-1283916.4,SVL,d,-10.286,0.3987,0,in range
GRID_07601,-77.602,161.797,422210.9,-1283935.3,SVL,s,-10.797,0.5487,0,in range
GRID_07602,-77.6,161.757,423176.0,-1283849.0,SVL,s,-11.384,0.5538,0,in range
GRID_07603,-77.597,161.717,424175.6,-1283866.3,SVL,c,-11.938,0.3253,0,in range
GRID_07604,-77.594,161.676,425197.9,-1283875.4,SVL,s,-11.586,0.7167,0,in range
GRID_07605,-77.611,161.784,422193.0,-1282899.9,SVL,c,-12.97,0.5387,0,in range
GRID_07606,-77.608,161.743,423214.2,-1282910.5,SVL,d,-11.549,0.2353,0,in range
GRID_07607,-77.605,161.703,424213.3,-1282927.8,SVL,c,-12.034,0.3106,0,in range
GRID_07608,-77.602,161.663,425212.6,-1282944.3,SVL,s,-12.116,0.401,0,in range
GRID_07609,-77.617,161.73,423195.2,-1281875.2,SVL,d,-11.327,0.2547,0,in range
GRID_07610,-77.614,161.69,424193.6,-1281892.5,SVL,c,-12.228,0.3795,0,in range
GRID_07611,-77.628,161.757,422212.7,-1280926.4,SVL,d,-11.022,0.4387,0,in range
GRID_07612,-77.625,161.717,423210.2,-1280944.4,SVL,d,-11.36,0.4224,0,in range
GRID_07613,-77.375,161.569,435206.3,-1305919.0,SVL,n,-11.286,0.4689,1,litho
GRID_07615,-77.387,161.595,434197.1,-1304864.4,SVL,d,-11.186,0.5103,0,in range
GRID_07616,-77.384,161.556,435189.5,-1304881.5,SVL,d,-11.338,0.6419,0,in range
GRID_07617,-77.381,161.516,436205.0,-1304890.2,SVL,d,-11.979,0.4197,0,in range
GRID_07619,-77.392,161.543,435207.1,-1303948.3,SVL,d,-11.956,0.622,0,in range
GRID_07620,-77.375,161.306,441196.2,-1303907.6,SVL,c,-13.421,0.5982,0,in range
GRID_07621,-77.407,161.609,433184.5,-1302883.8,SVL,c,-14.054,0.8121,0,in range
GRID_07622,-77.404,161.569,434198.2,-1302894.0,SVL,c,-13.858,0.6808,0,in range
GRID_07623,-77.401,161.53,435189.5,-1302911.0,SVL,c,-11.682,0.4926,0,in range
GRID_07624,-77.384,161.293,441174.6,-1302870.1,SVL,c,-13.157,0.4994,0,in range
GRID_07625,-77.381,161.253,442190.1,-1302874.2,SVL,c,-12.957,0.6984,0,in range
GRID_07626,-77.378,161.214,443183.1,-1302885.2,SVL,c,-13.191,0.7847,0,in range
GRID_07627,-77.381,161.78,430187.9,-1306886.2,SVL,c,-12.899,0.2085,0,in range
GRID_07628,-77.378,161.74,431203.5,-1306898.8,SVL,c,-12.419,0.5842,0,in range
GRID_07629,-77.375,161.701,432196.6,-1306918.2,SVL,d,-11.923,0.6578,0,in range
GRID_07630,-77.372,161.661,433212.6,-1306929.3,SVL,c,-13.286,0.6,0,in range
GRID_07631,-77.361,161.503,437198.7,-1306876.7,SVL,c,-13.194,0.5528,0,in range
GRID_07632,-77.358,161.464,438193.1,-1306891.6,SVL,c,-12.431,0.5109,0,in range
GRID_07633,-77.409,162.044,423212.6,-1305925.9,SVL,d,-11.353,0.7682,0,in range
GRID_07634,-77.406,162.004,424226.1,-1305943.8,SVL,d,-10.919,0.8518,0,in range
GRID_07635,-77.404,161.965,425183.0,-1305863.8,SVL,g,-11.18,0.7712,0,in range
GRID_07636,-77.389,161.767,430209.2,-1305953.1,SVL,c,-13.112,0.7037,0,in range
GRID_07637,-77.387,161.727,431189.8,-1305861.3,SVL,d,-11.109,0.731,0,in range
GRID_07638,-77.384,161.688,432182.2,-1305880.6,SVL,d,-11.427,0.445,0,in range
GRID_07640,-77.369,161.49,437216.0,-1305943.3,SVL,c,-11.898,0.6414,0,in range
GRID_07641,-77.366,161.451,438209.7,-1305958.1,SVL,c,-12.919,0.494,0,in range
GRID_07642,-77.418,162.031,423203.6,-1304888.5,SVL,d,-10.307,0.7941,0,in range
GRID_07643,-77.415,161.992,424193.7,-1304913.9,SVL,d,-11.813,0.4847,0,in range
GRID_07644,-77.412,161.952,425206.7,-1304931.0,SVL,d,-10.888,0.8359,0,in range
GRID_07645,-77.398,161.754,430195.7,-1304915.7,SVL,d,-12.8,0.5014,0,in range
GRID_07646,-77.395,161.714,431210.0,-1304928.2,SVL,d,-12.859,0.5762,0,in range
GRID_07648,-77.39,161.635,433182.1,-1304854.2,SVL,c,-12.303,0.5641,0,in range
GRID_07649,-77.378,161.477,437197.9,-1304905.8,SVL,d,-11.432,0.6859,0,in range
GRID_07651,-77.429,162.058,422216.1,-1303937.3,SVL,d,-11.066,0.2034,0,in range
GRID_07652,-77.424,161.979,424183.6,-1303876.6,SVL,g,-11.63,0.889,0,in range
GRID_07653,-77.421,161.939,425196.0,-1303893.7,SVL,d,-10.898,0.6421,0,in range
GRID_07654,-77.407,161.741,430181.7,-1303878.3,SVL,d,-11.741,0.5858,0,in range
GRID_07655,-77.404,161.701,431195.4,-1303890.9,SVL,d,-11.542,0.4827,0,in range
GRID_07657,-77.398,161.622,433200.8,-1303921.1,SVL,c,-14.076,0.4621,0,in range
GRID_07658,-77.387,161.464,437179.4,-1303868.3,SVL,d,-10.752,0.5477,0,in range
GRID_07659,-77.384,161.424,438194.6,-1303875.4,SVL,d,-11.096,0.4462,0,in range
GRID_07660,-77.438,162.045,422206.9,-1302900.1,SVL,d,-10.812,0.4951,0,in range
GRID_07661,-77.432,161.966,424207.1,-1302944.0,SVL,g,-10.98,0.7485,0,in range
GRID_07662,-77.43,161.926,425184.9,-1302856.6,SVL,g,-10.874,0.6475,0,in range
GRID_07663,-77.418,161.767,429211.6,-1302924.7,SVL,g,-9.126,0.6553,0,in range
GRID_07664,-77.415,161.728,430201.7,-1302945.5,SVL,d,-10.183,0.5262,0,in range
GRID_07665,-77.413,161.688,431180.4,-1302853.6,SVL,d,-11.61,0.5916,0,in range
GRID_07666,-77.41,161.648,432193.7,-1302865.3,SVL,c,-12.732,0.3877,0,in range
GRID_07667,-77.395,161.451,437195.4,-1302935.1,SVL,d,-10.673,0.5345,0,in range
GRID_07668,-77.392,161.411,438210.1,-1302942.2,SVL,d,-12.092,0.672,0,in range
GRID_07669,-77.447,162.032,422197.3,-1301863.1,SVL,n,-11.701,0.4219,1,litho
GRID_07670,-77.444,161.992,423208.0,-1301881.7,SVL,n,-12.246,0.4431,1,litho
GRID_07671,-77.441,161.953,424196.2,-1301906.9,SVL,c,-11.784,0.3643,0,in range
GRID_07672,-77.438,161.913,425207.4,-1301924.0,SVL,g,-10.951,0.6274,0,in range
GRID_07673,-77.435,161.873,426218.8,-1301940.3,SVL,d,-11.458,0.2169,0,in range
GRID_07674,-77.433,161.833,427196.2,-1301851.3,SVL,g,-11.761,0.9276,0,in range
GRID_07675,-77.43,161.794,428185.3,-1301873.6,SVL,d,-11.047,0.41,0,in range
GRID_07676,-77.427,161.754,429197.4,-1301887.6,SVL,d,-12.013,0.3834,0,in range
GRID_07677,-77.424,161.714,430209.6,-1301900.8,SVL,g,-11.04,0.6877,0,in range
GRID_07678,-77.421,161.675,431199.4,-1301920.7,SVL,d,-11.602,0.618,0,in range
GRID_07679,-77.418,161.635,432212.1,-1301932.4,SVL,c,-13.8,0.8867,0,in range
GRID_07680,-77.415,161.596,433202.4,-1301950.9,SVL,c,-13.234,0.4591,0,in range
GRID_07681,-77.413,161.556,434180.8,-1301856.7,SVL,c,-12.767,0.6824,0,in range
GRID_07682,-77.45,161.94,424184.9,-1300869.9,SVL,g,-10.612,0.5921,0,in range
GRID_07683,-77.447,161.9,425195.4,-1300887.0,SVL,g,-10.938,1.1305,0,in range
GRID_07684,-77.444,161.86,426206.2,-1300903.2,SVL,d,-11.804,0.4452,0,in range
GRID_07685,-77.441,161.82,427217.2,-1300918.7,SVL,d,-12.136,0.4896,0,in range
GRID_07686,-77.438,161.781,428205.7,-1300940.9,SVL,d,-11.634,0.3567,0,in range
GRID_07687,-77.436,161.741,429182.7,-1300850.5,SVL,g,-10.946,0.6149,0,in range
GRID_07688,-77.433,161.701,430194.3,-1300863.7,SVL,d,-11.868,0.5344,0,in range
GRID_07689,-77.43,161.662,431183.5,-1300883.6,SVL,c,-12.81,0.5468,0,in range
GRID_07690,-77.427,161.622,432195.6,-1300895.3,SVL,c,-13.099,0.7666,0,in range
GRID_07691,-77.424,161.582,433207.9,-1300906.2,SVL,c,-14.165,0.8707,0,in range
GRID_07692,-77.421,161.543,434197.7,-1300923.9,SVL,c,-13.969,0.8552,0,in range
GRID_07693,-77.453,161.847,426193.1,-1299866.3,SVL,g,-10.082,0.6464,1,slope
GRID_07694,-77.45,161.807,427203.4,-1299881.8,SVL,g,-10.46,0.9455,0,in range
GRID_07695,-77.447,161.768,428191.3,-1299904.0,SVL,g,-11.235,0.8855,0,in range
GRID_07696,-77.444,161.728,429202.1,-1299917.9,SVL,d,-12.669,0.4154,0,in range
GRID_07697,-77.441,161.688,430213.1,-1299931.0,SVL,c,-13.666,0.7464,0,in range
GRID_07698,-77.438,161.648,431224.4,-1299943.4,SVL,c,-13.073,0.488,0,in range
GRID_07699,-77.436,161.609,432178.5,-1299858.3,SVL,c,-13.014,0.7771,0,in range
GRID_07700,-77.433,161.569,433190.2,-1299869.1,SVL,c,-13.052,0.5984,0,in range
GRID_07701,-77.43,161.529,434202.0,-1299879.2,SVL,c,-13.344,0.6857,0,in range
GRID_07702,-77.467,161.914,424194.9,-1298900.7,SVL,g,-8.155,1.2173,0,in range
GRID_07703,-77.464,161.874,425204.2,-1298917.7,SVL,g,-10.944,0.798,0,in range
GRID_07704,-77.461,161.834,426213.8,-1298933.9,SVL,c,-12.457,0.3506,0,in range
GRID_07705,-77.458,161.794,427223.6,-1298949.4,SVL,d,-12.479,0.4495,0,in range
GRID_07706,-77.456,161.755,428176.5,-1298867.1,SVL,c,-13.245,0.5325,0,in range
GRID_07707,-77.453,161.715,429186.6,-1298881.0,SVL,c,-14.4,0.9727,0,in range
GRID_07708,-77.45,161.675,430197.0,-1298894.1,SVL,c,-13.252,0.42,0,in range
GRID_07709,-77.447,161.635,431207.6,-1298906.5,SVL,c,-13.969,0.7582,0,in range
GRID_07710,-77.444,161.596,432195.8,-1298925.6,SVL,c,-13.859,0.722,0,in range
GRID_07711,-77.441,161.556,433206.8,-1298936.5,SVL,c,-13.702,0.639,0,in range
GRID_07712,-77.438,161.516,434218.1,-1298946.5,SVL,c,-12.605,0.352,0,in range
GRID_07713,-77.473,161.861,425190.9,-1297881.0,SVL,d,-11.07,0.3536,0,in range
GRID_07714,-77.47,161.821,426199.8,-1297897.2,SVL,c,-13.569,0.6721,0,in range
GRID_07715,-77.467,161.781,427208.9,-1297912.6,SVL,c,-13.107,0.4093,0,in range
GRID_07716,-77.464,161.741,428218.3,-1297927.2,SVL,c,-13.603,0.7559,0,in range
GRID_07717,-77.461,161.702,429205.2,-1297948.6,SVL,c,-14.015,0.3994,0,in range
GRID_07718,-77.459,161.662,430180.4,-1297857.3,SVL,c,-13.935,0.728,0,in range
GRID_07719,-77.456,161.622,431190.3,-1297869.6,SVL,c,-13.091,0.4954,0,in range
GRID_07720,-77.453,161.582,432200.5,-1297881.2,SVL,c,-12.72,0.3704,0,in range
GRID_07721,-77.45,161.543,433188.3,-1297899.6,SVL,c,-13.238,0.6057,0,in range
GRID_07722,-77.447,161.503,434198.9,-1297909.6,SVL,c,-13.028,0.4205,0,in range
GRID_07723,-77.484,161.888,424203.3,-1296931.9,SVL,d,-12.084,0.4776,0,in range
GRID_07724,-77.481,161.848,425211.4,-1296948.8,SVL,c,-13.825,0.568,0,in range
GRID_07725,-77.479,161.808,426185.4,-1296860.5,SVL,c,-12.878,0.2407,0,in range
GRID_07726,-77.476,161.768,427193.8,-1296875.9,SVL,c,-13.95,0.5876,0,in range
GRID_07727,-77.473,161.728,428202.5,-1296890.5,SVL,g,-11.74,0.7351,0,in range
GRID_07728,-77.47,161.688,429211.5,-1296904.3,SVL,g,-9.385,0.8261,0,in range
GRID_07729,-77.467,161.649,430198.0,-1296924.9,SVL,g,-11.634,0.7611,0,in range
GRID_07730,-77.464,161.609,431207.3,-1296937.2,SVL,d,-10.375,0.6259,0,in range
GRID_07731,-77.461,161.569,432216.9,-1296948.7,SVL,d,-11.235,0.4639,0,in range
GRID_07732,-77.459,161.529,433191.9,-1296855.2,SVL,g,-9.959,0.9699,0,in range
GRID_07733,-77.499,161.955,422175.7,-1295859.2,SVL,g,-10.633,0.4807,0,in range
GRID_07734,-77.496,161.915,423182.6,-1295877.6,SVL,g,-10.845,0.7377,0,in range
GRID_07735,-77.493,161.875,424189.8,-1295895.3,SVL,c,-12.38,0.2925,0,in range
GRID_07736,-77.49,161.835,425197.2,-1295912.2,SVL,c,-13.849,0.6775,0,in range
GRID_07737,-77.487,161.795,426204.9,-1295928.3,SVL,c,-12.235,0.5169,0,in range
GRID_07738,-77.484,161.755,427212.7,-1295943.7,SVL,g,-12.228,0.8216,0,in range
GRID_07739,-77.482,161.715,428186.4,-1295853.9,SVL,g,-11.442,0.5729,0,in range
GRID_07740,-77.479,161.675,429194.6,-1295867.7,SVL,d,-11.744,0.4261,0,in range
GRID_07741,-77.476,161.635,430203.1,-1295880.7,SVL,d,-10.732,0.6444,0,in range
GRID_07742,-77.473,161.596,431189.2,-1295900.5,SVL,s,-11.355,0.4776,0,in range
GRID_07743,-77.47,161.556,432198.2,-1295912.1,SVL,s,-12.479,0.5767,0,in range
GRID_07744,-77.467,161.516,433207.3,-1295922.8,SVL,d,-11.034,0.4003,0,in range
GRID_07745,-77.507,161.941,422219.7,-1294919.9,SVL,g,-9.941,0.5642,0,in range
GRID_07746,-77.504,161.902,423203.5,-1294945.7,SVL,g,-10.67,0.6936,0,in range
GRID_07747,-77.502,161.862,424175.8,-1294858.8,SVL,d,-11.511,0.577,0,in range
GRID_07748,-77.499,161.822,425182.6,-1294875.7,SVL,d,-10.79,0.7306,0,in range
GRID_07749,-77.496,161.782,426189.6,-1294891.8,SVL,g,-11.111,0.5429,0,in range
GRID_07750,-77.493,161.742,427196.8,-1294907.1,SVL,d,-11.095,0.3711,0,in range
GRID_07751,-77.49,161.702,428204.3,-1294921.7,SVL,d,-11.893,0.5093,0,in range
GRID_07752,-77.487,161.662,429211.9,-1294935.5,SVL,d,-10.634,0.4908,0,in range
GRID_07753,-77.484,161.622,430219.9,-1294948.5,SVL,d,-12.308,0.4528,0,in range
GRID_07754,-77.482,161.582,431193.3,-1294856.4,SVL,s,-12.33,0.4617,0,in range
GRID_07755,-77.479,161.543,432178.9,-1294875.5,SVL,s,-12.536,0.5078,0,in range
GRID_07756,-77.476,161.503,433187.5,-1294886.2,SVL,d,-12.205,0.3958,0,in range
GRID_07757,-77.516,161.928,422206.6,-1293883.6,SVL,g,-12.021,0.615,0,in range
GRID_07758,-77.513,161.888,423212.3,-1293901.9,SVL,g,-11.924,0.2855,0,in range
GRID_07759,-77.51,161.848,424218.3,-1293919.5,SVL,g,-10.944,0.6414,0,in range
GRID_07760,-77.507,161.809,425201.8,-1293943.8,SVL,d,-10.906,0.3771,0,in range
GRID_07761,-77.505,161.769,426173.9,-1293855.4,SVL,d,-10.698,0.4959,0,in range
GRID_07762,-77.502,161.729,427180.4,-1293870.7,SVL,g,-10.745,0.5194,0,in range
GRID_07763,-77.499,161.689,428187.2,-1293885.3,SVL,g,-11.102,0.5064,0,in range
GRID_07764,-77.496,161.649,429194.3,-1293899.0,SVL,d,-10.153,0.4427,0,in range
GRID_07765,-77.493,161.609,430201.5,-1293912.0,SVL,s,-12.564,0.4645,0,in range
GRID_07766,-77.49,161.569,431209.0,-1293924.2,SVL,s,-11.429,0.3548,0,in range
GRID_07767,-77.533,162.036,419190.6,-1292899.5,SVL,c,-12.331,0.3916,0,in range
GRID_07768,-77.53,161.995,420217.6,-1292912.8,SVL,c,-12.699,0.1298,0,in range
GRID_07769,-77.527,161.955,421222.3,-1292932.7,SVL,c,-13.192,0.9557,0,in range
GRID_07770,-77.525,161.915,422193.0,-1292847.3,SVL,c,-11.45,0.3362,0,in range
GRID_07771,-77.507,161.676,428204.3,-1292953.2,SVL,d,-10.395,0.6484,0,in range
GRID_07772,-77.505,161.636,429176.1,-1292862.6,SVL,d,-10.37,0.482,0,in range
GRID_07773,-77.502,161.596,430182.7,-1292875.6,SVL,s,-11.234,0.3924,0,in range
GRID_07774,-77.542,162.023,419178.6,-1291863.4,SVL,g,-11.879,0.5288,0,in range
GRID_07775,-77.539,161.982,420204.9,-1291876.7,SVL,c,-12.119,0.3612,0,in range
GRID_07776,-77.536,161.942,421209.0,-1291896.5,SVL,c,-12.209,0.4056,0,in range
GRID_07777,-77.553,162.05,418197.2,-1290910.6,SVL,d,-10.744,0.2913,0,in range
GRID_07778,-77.55,162.01,419200.1,-1290931.9,SVL,d,-9.79,0.5247,0,in range
GRID_07779,-77.547,161.969,420225.9,-1290945.2,SVL,d,-11.847,0.3744,0,in range
GRID_07780,-77.545,161.929,421195.2,-1290860.5,SVL,c,-11.417,0.4765,0,in range
GRID_07781,-77.565,162.077,417182.9,-1289852.5,SVL,d,-11.216,0.3093,0,in range
GRID_07782,-77.562,162.037,418185.0,-1289874.6,SVL,d,-10.7,0.3605,0,in range
GRID_07783,-77.556,161.956,420212.3,-1289909.2,SVL,g,-11.218,0.4882,0,in range
GRID_07784,-77.553,161.916,421215.1,-1289929.0,SVL,d,-11.635,0.476,0,in range
GRID_07785,-77.57,162.024,418206.2,-1288943.3,SVL,d,-11.023,0.3504,0,in range
GRID_07786,-77.565,161.943,420198.4,-1288873.3,SVL,d,-10.805,0.3181,0,in range
GRID_07787,-77.562,161.903,421200.5,-1288893.1,SVL,g,-11.138,0.484,0,in range
GRID_07788,-77.573,161.93,420218.1,-1287942.0,SVL,s,-10.74,0.1915,0,in range
GRID_07789,-77.571,161.89,421185.4,-1287857.3,SVL,d,-11.082,0.7255,0,in range
GRID_07790,-77.61,162.32,410206.6,-1286898.0,SVL,d,-9.554,0.3509,0,in range
GRID_07791,-77.619,162.307,410198.0,-1285862.6,SVL,d,-10.16,0.4406,0,in range
GRID_07792,-77.625,162.254,411186.3,-1284854.5,SVL,d,-10.222,0.5375,0,in range
GRID_07793,-77.619,162.173,413204.2,-1284899.7,SVL,d,-11.102,0.4482,0,in range
GRID_07794,-77.616,162.133,414202.3,-1284924.7,SVL,d,-9.838,0.488,0,in range
GRID_07795,-77.613,162.092,415223.0,-1284941.7,SVL,d,-7.296,0.946,0,in range
GRID_07796,-77.608,162.012,417186.4,-1284883.4,SVL,s,-12.067,0.2812,0,in range
GRID_07797,-77.633,162.241,411209.6,-1283923.9,SVL,d,-10.484,0.4307,0,in range
GRID_07798,-77.628,162.16,413192.7,-1283864.4,SVL,d,-9.968,0.5613,0,in range
GRID_07799,-77.622,162.079,415210.2,-1283906.4,SVL,d,-10.126,0.2904,0,in range
GRID_07800,-77.614,161.958,418193.0,-1283862.6,SVL,s,-11.934,0.313,0,in range
GRID_07801,-77.611,161.918,419191.5,-1283883.8,SVL,d,-12.4,0.4573,0,in range
GRID_07802,-77.639,162.187,412217.8,-1282908.0,SVL,d,-9.908,0.4716,0,in range
GRID_07803,-77.634,162.107,414177.5,-1282854.1,SVL,d,-8.973,0.7448,0,in range
GRID_07804,-77.631,162.066,415196.9,-1282871.1,SVL,d,-9.919,0.5237,0,in range
GRID_07805,-77.622,161.945,418211.8,-1282931.8,SVL,d,-10.873,0.4624,0,in range
GRID_07806,-77.614,161.824,421194.5,-1282881.1,SVL,d,-10.899,0.3104,0,in range
GRID_07807,-77.648,162.174,412206.1,-1281872.9,SVL,d,-9.943,0.8285,0,in range
GRID_07808,-77.639,162.053,415217.1,-1281940.4,SVL,d,-9.986,0.4802,0,in range
GRID_07809,-77.637,162.013,416179.8,-1281859.3,SVL,d,-10.914,0.4324,0,in range
GRID_07810,-77.631,161.932,418196.1,-1281896.5,SVL,d,-10.944,0.2487,0,in range
GRID_07811,-77.628,161.891,419215.8,-1281910.3,SVL,d,-11.14,0.5427,0,in range
GRID_07812,-77.622,161.811,421211.1,-1281950.2,SVL,d,-9.864,0.4439,0,in range
GRID_07813,-77.656,162.161,412227.6,-1280942.4,SVL,d,-10.116,0.3722,0,in range
GRID_07814,-77.637,161.878,419199.0,-1280875.1,SVL,c,-10.975,0.3905,0,in range
GRID_07815,-77.631,161.798,421193.0,-1280915.0,SVL,d,-10.782,0.098,0,in range
GRID_07816,-77.66,161.933,417185.3,-1278874.0,SVL,d,-11.461,0.2913,0,in range
GRID_07817,-77.677,162.041,414198.0,-1277881.0,SVL,d,-10.874,0.4124,0,in range
GRID_07818,-77.674,162.001,415191.9,-1277905.0,SVL,d,-9.25,0.7448,0,in range
GRID_07819,-77.671,161.96,416208.3,-1277921.1,SVL,d,-10.582,0.2309,0,in range
GRID_07820,-77.668,161.92,417202.7,-1277943.6,SVL,d,-10.46,0.4298,0,in range
GRID_07821,-77.666,161.879,418185.4,-1277853.6,SVL,d,-10.599,0.6069,0,in range
GRID_07822,-77.694,162.15,411193.5,-1276888.5,SVL,g,-9.686,0.252,0,in range
GRID_07823,-77.691,162.109,412208.4,-1276907.6,SVL,d,-10.414,0.3858,0,in range
GRID_07824,-77.686,162.028,414182.7,-1276846.2,SVL,d,-11.141,0.4737,0,in range
GRID_07825,-77.68,161.947,416191.7,-1276886.3,SVL,d,-11.002,0.413,0,in range
GRID_07826,-77.705,162.177,410221.8,-1275931.4,SVL,d,-10.127,0.5583,0,in range
GRID_07827,-77.703,162.137,411179.9,-1275853.9,SVL,c,-12.013,0.5529,0,in range
GRID_07828,-77.7,162.096,412194.1,-1275873.0,SVL,g,-9.429,0.537,0,in range
GRID_07829,-77.697,162.055,413208.6,-1275891.3,SVL,g,-9.902,0.6302,0,in range
GRID_07830,-77.694,162.015,414201.0,-1275916.1,SVL,d,-10.874,0.4725,0,in range
GRID_07831,-77.691,161.974,415215.9,-1275932.8,SVL,d,-7.843,0.9613,0,in range
GRID_07832,-77.689,161.934,416174.8,-1275851.6,SVL,d,-11.395,0.49,0,in range
GRID_07833,-77.714,162.164,410208.4,-1274896.9,SVL,g,-10.045,0.7777,0,in range
GRID_07834,-77.711,162.124,411199.5,-1274923.9,SVL,c,-11.027,0.6053,0,in range
GRID_07835,-77.708,162.083,412213.2,-1274943.0,SVL,c,-12.169,0.4768,0,in range
GRID_07836,-77.706,162.042,413193.1,-1274856.8,SVL,g,-9.766,0.5791,0,in range
GRID_07837,-77.703,162.002,414184.9,-1274881.5,SVL,g,-10.321,0.7409,0,in range
GRID_07838,-77.7,161.961,415199.2,-1274898.2,SVL,g,-10.558,0.469,0,in range
GRID_07839,-77.697,161.92,416213.7,-1274914.2,SVL,n,-11.764,0.4502,1,litho
GRID_07840,-77.694,161.88,417206.2,-1274936.6,SVL,n,-11.536,0.5293,1,litho
GRID_07841,-77.723,162.151,410194.5,-1273862.5,SVL,g,-10.156,0.6341,0,in range
GRID_07842,-77.72,162.11,411207.3,-1273882.3,SVL,c,-12.374,0.4354,0,in range
GRID_07843,-77.717,162.07,412198.0,-1273908.5,SVL,c,-11.654,0.4142,0,in range
GRID_07844,-77.714,162.029,413211.2,-1273926.8,SVL,c,-12.285,0.5075,0,in range
GRID_07845,-77.711,161.988,414224.6,-1273944.3,SVL,d,-11.402,0.423,0,in range
GRID_07846,-77.709,161.948,415182.0,-1273863.7,SVL,d,-10.336,0.4343,0,in range
GRID_07847,-77.706,161.907,416195.8,-1273879.7,SVL,d,-11.528,0.4842,0,in range
GRID_07848,-77.7,161.826,418201.9,-1273916.4,SVL,g,-10.436,1.0373,0,in range
GRID_07849,-77.697,161.785,419216.5,-1273930.0,SVL,d,-10.239,0.585,0,in range
GRID_07850,-77.694,161.745,420209.0,-1273950.0,SVL,g,-11.249,0.8041,0,in range
GRID_07851,-77.726,162.057,412182.3,-1272874.2,SVL,c,-11.046,0.4111,0,in range
GRID_07852,-77.723,162.016,413194.9,-1272892.4,SVL,c,-11.226,0.6428,0,in range
GRID_07853,-77.72,161.975,414207.6,-1272909.9,SVL,c,-12.244,0.5188,0,in range
GRID_07854,-77.717,161.934,415220.6,-1272926.5,SVL,c,-11.571,0.6088,0,in range
GRID_07855,-77.729,161.962,414190.2,-1271875.6,SVL,c,-12.257,0.2544,0,in range
GRID_07856,-77.726,161.921,415202.5,-1271892.2,SVL,c,-11.497,0.4247,0,in range
GRID_07857,-77.754,162.193,408219.0,-1270919.8,SVL,n,-10.647,0.4817,1,litho
GRID_07858,-77.751,162.153,409207.2,-1270948.3,SVL,n,-11.368,0.3822,1,litho
GRID_07859,-77.749,162.112,410184.1,-1270864.3,SVL,c,-11.538,0.2935,0,in range
GRID_07862,-77.755,162.058,411178.6,-1269849.9,SVL,c,-11.863,0.4935,0,in range
GRID_07863,-77.772,162.167,408190.0,-1268851.8,SVL,n,-10.399,0.6755,1,litho
GRID_07864,-77.769,162.126,409199.1,-1268873.1,SVL,d,-9.38,0.5994,0,in range
GRID_07866,-77.763,162.044,411217.9,-1268913.3,SVL,c,-13.693,0.3682,0,in range
GRID_07867,-77.76,162.004,412205.5,-1268939.4,SVL,c,-12.028,0.4629,0,in range
GRID_07870,-77.777,162.113,409217.0,-1267943.8,SVL,c,-11.015,0.5688,0,in range
GRID_07871,-77.775,162.072,410191.9,-1267859.7,SVL,g,-9.932,0.506,0,in range
GRID_07872,-77.769,161.99,412209.8,-1267898.2,SVL,g,-10.086,0.6235,0,in range
GRID_07873,-77.766,161.95,413197.0,-1267923.5,SVL,c,-11.026,0.6817,0,in range
GRID_07874,-77.792,162.182,407185.5,-1266866.7,SVL,d,-10.254,0.5224,0,in range
GRID_07875,-77.786,162.1,409200.8,-1266909.9,SVL,c,-11.351,0.6759,0,in range
GRID_07876,-77.778,161.977,412191.5,-1266864.4,SVL,g,-10.036,0.3636,0,in range
GRID_07877,-77.775,161.936,413200.1,-1266882.4,SVL,g,-8.837,0.6825,0,in range
GRID_07878,-77.772,161.895,414209.0,-1266899.7,SVL,d,-10.498,0.691,0,in range
GRID_07879,-77.8,162.169,407203.8,-1265937.6,SVL,d,-10.073,0.3806,0,in range
GRID_07880,-77.798,162.128,408177.0,-1265855.0,SVL,g,-9.642,0.2366,0,in range
GRID_07881,-77.786,161.964,412206.8,-1265935.1,SVL,s,-11.432,0.1749,0,in range
GRID_07882,-77.781,161.882,414189.0,-1265865.9,SVL,g,-9.582,0.4766,0,in range
GRID_07883,-77.778,161.841,415197.4,-1265882.4,SVL,c,-10.636,0.3613,0,in range
GRID_07884,-77.775,161.8,416206.1,-1265898.1,SVL,c,-12.043,0.571,0,in range
GRID_07885,-77.812,162.196,406204.1,-1264874.2,SVL,c,-11.449,0.459,0,in range
GRID_07886,-77.809,162.155,407210.1,-1264896.9,SVL,c,-10.028,0.8273,0,in range
GRID_07887,-77.789,161.869,414202.7,-1264936.6,SVL,d,-10.841,0.4638,0,in range
GRID_07888,-77.787,161.828,415176.3,-1264848.7,SVL,d,-10.37,0.4676,0,in range
GRID_07889,-77.815,162.101,408199.5,-1263885.3,SVL,g,-10.664,0.3059,0,in range
GRID_07890,-77.812,162.06,409205.3,-1263906.4,SVL,d,-9.685,0.4462,0,in range
GRID_07891,-77.809,162.019,410211.4,-1263926.7,SVL,d,-9.536,0.7833,0,in range
GRID_07892,-77.807,161.978,411183.7,-1263841.8,SVL,d,-10.491,0.4025,0,in range
GRID_07894,-77.792,161.773,416218.4,-1263927.8,SVL,d,-10.435,0.4609,0,in range
GRID_07895,-77.818,162.006,410192.7,-1262893.3,SVL,g,-9.693,0.7633,0,in range
GRID_07896,-77.815,161.965,411198.3,-1262912.8,SVL,d,-10.088,0.6234,0,in range
GRID_07897,-77.812,161.924,412204.2,-1262931.5,SVL,d,-10.018,0.5108,0,in range
GRID_07898,-77.81,161.883,413176.2,-1262845.1,SVL,s,-9.736,0.2688,1,slope
GRID_07899,-77.807,161.842,414182.4,-1262862.3,SVL,s,-9.771,0.3501,0,in range
GRID_07900,-77.818,161.869,413211.2,-1261908.8,SVL,d,-10.699,0.3952,0,in range
GRID_07901,-77.815,161.828,414216.9,-1261926.0,SVL,g,-9.115,0.4056,0,in range
GRID_07902,-77.341,161.622,435176.9,-1309868.9,SVL,c,-11.196,0.6302,0,in range
GRID_07903,-77.338,161.582,436195.4,-1309877.8,SVL,c,-10.729,0.693,0,in range
GRID_07906,-77.372,161.924,427209.0,-1308904.0,SVL,c,-11.517,0.3603,0,in range
GRID_07907,-77.369,161.885,428202.4,-1308926.4,SVL,c,-11.434,0.4249,0,in range
GRID_07908,-77.366,161.845,429218.9,-1308940.6,SVL,c,-10.981,0.5173,0,in range
GRID_07909,-77.364,161.806,430178.4,-1308857.1,SVL,c,-12.43,0.3973,0,in range
GRID_07910,-77.361,161.766,431195.3,-1308869.8,SVL,c,-8.481,1.411,0,in range
GRID_07911,-77.358,161.727,432189.6,-1308889.2,SVL,c,-12.559,0.4202,0,in range
GRID_07912,-77.355,161.687,433206.9,-1308900.3,SVL,c,-12.644,0.412,0,in range
GRID_07913,-77.352,161.648,434201.6,-1308918.2,SVL,c,-11.928,0.3797,0,in range
GRID_07914,-77.349,161.608,435219.4,-1308927.8,SVL,c,-10.582,1.1225,0,in range
GRID_07915,-77.346,161.569,436214.5,-1308944.2,SVL,c,-11.133,0.6575,0,in range
GRID_07916,-77.344,161.53,437175.1,-1308855.6,SVL,c,-12.325,0.7395,0,in range
GRID_07917,-77.341,161.49,438193.4,-1308862.9,SVL,c,-11.237,0.6822,0,in range
GRID_07918,-77.378,161.872,428191.5,-1307888.8,SVL,c,-11.707,0.4454,0,in range
GRID_07919,-77.375,161.832,429207.3,-1307902.9,SVL,c,-12.663,0.3318,0,in range
GRID_07920,-77.372,161.793,430200.6,-1307923.8,SVL,c,-12.624,0.2692,0,in range
GRID_07921,-77.369,161.753,431216.8,-1307936.5,SVL,c,-11.672,0.311,0,in range
GRID_07922,-77.366,161.714,432210.5,-1307955.9,SVL,c,-12.857,0.3445,0,in range
GRID_07923,-77.364,161.674,433192.7,-1307862.6,SVL,c,-12.128,0.5052,0,in range
GRID_07924,-77.361,161.635,434186.8,-1307880.5,SVL,c,-11.884,0.4075,0,in range
GRID_07925,-77.358,161.595,435203.9,-1307890.0,SVL,c,-12.079,0.3794,0,in range
GRID_07926,-77.355,161.556,436198.4,-1307906.4,SVL,c,-12.271,0.519,0,in range
GRID_07927,-77.352,161.517,437193.1,-1307922.1,SVL,c,-11.105,0.724,0,in range
GRID_07928,-77.349,161.477,438210.9,-1307929.3,SVL,c,-12.049,0.519,0,in range
GRID_07929,-77.384,161.819,429195.3,-1306865.4,SVL,c,-12.836,0.6524,0,in range
GRID_07930,-77.369,161.622,434206.1,-1306947.1,SVL,c,-12.612,0.4722,0,in range
GRID_07931,-77.367,161.582,435187.9,-1306852.3,SVL,c,-12.277,0.4398,0,in range
GRID_07932,-77.364,161.543,436181.8,-1306868.7,SVL,c,-11.952,0.5809,0,in range
GRID_07933,-77.401,161.925,426196.9,-1305880.2,SVL,g,-11.335,0.7223,0,in range
GRID_07934,-77.398,161.885,427211.0,-1305895.9,SVL,c,-12.771,0.653,0,in range
GRID_07935,-77.395,161.846,428202.6,-1305918.2,SVL,c,-13.62,0.4077,0,in range
GRID_07936,-77.392,161.806,429217.2,-1305932.3,SVL,c,-13.624,0.5516,0,in range
GRID_07937,-77.378,161.609,434190.5,-1305909.5,SVL,n,-12.079,0.6548,1,litho
GRID_07938,-77.409,161.912,426220.1,-1304947.4,SVL,g,-11.978,0.5957,0,in range
GRID_07939,-77.407,161.873,427176.6,-1304865.9,SVL,g,-12.143,0.6534,0,in range
GRID_07940,-77.404,161.833,428190.3,-1304880.8,SVL,d,-12.625,0.4617,0,in range
GRID_07941,-77.401,161.793,429204.3,-1304894.9,SVL,d,-12.595,0.4329,0,in range
GRID_07942,-77.418,161.899,426208.7,-1303910.1,SVL,d,-11.921,0.3814,0,in range
GRID_07943,-77.415,161.86,427198.8,-1303933.1,SVL,d,-10.871,0.6078,0,in range
GRID_07944,-77.412,161.82,428212.0,-1303947.9,SVL,d,-11.346,0.6737,0,in range
GRID_07945,-77.41,161.78,429190.9,-1303857.5,SVL,d,-11.324,0.4952,0,in range
GRID_07946,-77.39,161.503,436187.1,-1303852.7,SVL,d,-12.353,0.3846,0,in range
GRID_07947,-77.427,161.886,426196.9,-1302872.9,SVL,g,-11.016,0.6712,0,in range
GRID_07948,-77.424,161.847,427186.4,-1302895.9,SVL,g,-11.353,0.6465,0,in range
GRID_07949,-77.421,161.807,428198.9,-1302910.7,SVL,g,-11.246,0.6162,0,in range
GRID_07951,-77.211,161.037,453173.8,-1318878.6,SVL,d,-8.875,1.4307,0,in range
GRID_07952,-77.219,161.023,453210.0,-1317935.7,SVL,d,-8.279,1.4391,0,in range
GRID_07953,-77.228,161.01,453186.9,-1316896.8,SVL,s,-8.973,1.1483,0,in range
GRID_07954,-77.056,161.274,453188.7,-1336890.5,SVL,d,-8.484,1.172,0,in range
GRID_07955,-77.064,161.261,453209.3,-1335954.1,SVL,c,-9.945,1.1969,0,in range
GRID_07956,-77.061,161.222,454224.8,-1335957.8,SVL,c,-9.521,1.1067,0,in range
GRID_07957,-77.185,161.077,453180.4,-1321899.9,SVL,d,-8.031,1.082,0,in range
GRID_07958,-77.199,161.011,454201.8,-1319920.9,SVL,d,-8.6,1.227,0,in range
GRID_07959,-77.355,161.425,439187.6,-1306905.7,SVL,c,-11.985,0.5499,0,in range
GRID_07960,-77.352,161.385,440205.2,-1306911.4,SVL,c,-12.918,0.4593,0,in range
GRID_07961,-77.337,161.189,445205.2,-1306959.2,SVL,d,-10.973,0.4511,0,in range
GRID_07962,-77.335,161.149,446188.6,-1306856.2,SVL,d,-11.623,0.7195,0,in range
GRID_07963,-77.332,161.11,447184.8,-1306864.3,SVL,d,-11.294,0.464,0,in range
GRID_07964,-77.364,161.411,439191.5,-1305860.3,SVL,c,-13.58,0.7841,0,in range
GRID_07965,-77.361,161.372,440185.6,-1305873.7,SVL,c,-13.755,0.9454,0,in range
GRID_07966,-77.372,161.398,439207.2,-1304927.0,SVL,c,-12.164,0.633,0,in range
GRID_07967,-77.395,161.187,443194.2,-1300906.9,SVL,c,-11.651,0.4551,0,in range
GRID_07968,-77.392,161.148,444186.2,-1300917.0,SVL,c,-12.695,0.6912,0,in range
GRID_07969,-77.404,161.174,443170.1,-1299869.7,SVL,c,-13.569,0.9621,0,in range
GRID_07970,-77.401,161.134,444184.1,-1299872.1,SVL,c,-11.651,0.4215,0,in range
GRID_07971,-77.412,161.16,443203.6,-1298928.9,SVL,c,-12.046,0.468,0,in range
GRID_07972,-77.409,161.121,444194.4,-1298939.0,SVL,c,-13.764,0.9029,0,in range
GRID_07973,-77.406,161.081,445208.1,-1298940.6,SVL,c,-11.847,0.4359,0,in range
GRID_07974,-77.418,161.107,444191.4,-1297894.2,SVL,c,-11.844,0.4862,0,in range
GRID_07975,-77.415,161.068,445181.7,-1297903.6,SVL,c,-12.704,0.5805,0,in range
GRID_07976,-77.421,161.015,446167.5,-1296867.4,SVL,c,-13.598,0.758,0,in range
GRID_07977,-77.452,161.053,444200.7,-1293939.5,SVL,c,-12.018,0.652,0,in range
GRID_07978,-77.449,161.013,445211.2,-1293941.0,SVL,c,-12.066,0.7077,0,in range
GRID_07979,-77.446,160.974,446199.4,-1293949.4,SVL,c,-12.073,0.6153,0,in range
GRID_07980,-77.458,161.0,445182.7,-1292904.4,SVL,c,-10.794,0.2546,0,in range
GRID_07981,-77.455,160.96,446192.8,-1292905.0,SVL,c,-10.859,0.3139,0,in range
GRID_07982,-77.452,160.92,447203.1,-1292904.9,SVL,c,-12.597,0.2649,0,in range
GRID_07983,-76.95,161.391,454179.9,-1348867.3,SVL,c,-9.319,1.0408,0,in range
GRID_07984,-77.151,161.647,441185.1,-1329892.6,SVL,d,-6.695,1.1293,0,in range
GRID_07985,-77.148,161.608,442194.3,-1329905.1,SVL,g,-5.616,1.3551,0,in range
GRID_07986,-77.171,161.789,437200.2,-1328892.1,SVL,g,-5.6,1.1873,0,in range
GRID_07987,-77.168,161.75,438208.0,-1328907.6,SVL,c,-8.615,0.9682,0,in range
GRID_07988,-77.165,161.711,439216.0,-1328922.3,SVL,g,-5.551,1.3971,0,in range
GRID_07989,-77.162,161.673,440201.1,-1328944.0,SVL,d,-6.374,1.2148,0,in range
GRID_07990,-77.159,161.634,441209.5,-1328957.3,SVL,d,-3.572,1.9817,0,in range
GRID_07991,-77.157,161.595,442183.5,-1328865.4,SVL,g,-4.651,1.257,0,in range
GRID_07992,-77.154,161.556,443192.3,-1328877.1,SVL,n,-7.15,1.235,1,litho
GRID_07993,-77.185,161.854,435212.7,-1327923.8,SVL,g,-5.227,1.5792,0,in range
GRID_07994,-77.182,161.815,436219.5,-1327940.8,SVL,d,-6.494,1.1321,0,in range
GRID_07995,-77.179,161.776,437226.5,-1327957.0,SVL,c,-8.45,0.8819,0,in range
GRID_07996,-77.177,161.737,438199.3,-1327868.0,SVL,c,-8.363,1.253,0,in range
GRID_07997,-77.174,161.699,439183.5,-1327890.4,SVL,c,-7.802,1.3321,0,in range
GRID_07998,-77.171,161.66,440191.1,-1327904.4,SVL,d,-7.032,1.2528,0,in range
GRID_07999,-77.168,161.621,441198.9,-1327917.6,SVL,c,-7.711,1.5284,0,in range
GRID_08000,-77.162,161.543,443215.2,-1327941.8,SVL,g,-5.409,1.4476,0,in range
GRID_08001,-77.199,161.919,433228.0,-1326952.8,SVL,g,-6.717,0.6661,0,in range
GRID_08002,-77.197,161.88,434199.6,-1326866.7,SVL,g,-6.15,1.1859,0,in range
GRID_08003,-77.194,161.841,435205.5,-1326884.4,SVL,d,-7.117,1.12,0,in range
GRID_08004,-77.191,161.802,436211.6,-1326901.3,SVL,g,-5.913,1.5457,0,in range
GRID_08005,-77.188,161.764,437194.8,-1326925.1,SVL,c,-7.939,1.249,0,in range
GRID_08006,-77.185,161.725,438201.4,-1326940.6,SVL,c,-8.502,0.827,0,in range
GRID_08007,-77.182,161.686,439208.2,-1326955.3,SVL,n,-7.449,1.5008,1,litho
GRID_08008,-77.18,161.647,440180.6,-1326864.8,SVL,c,-6.903,1.6274,0,in range
GRID_08009,-77.177,161.608,441187.8,-1326878.0,SVL,c,-6.821,1.1495,0,in range
GRID_08010,-77.214,161.985,431189.0,-1325882.0,SVL,g,-5.812,1.2634,0,in range
GRID_08011,-77.211,161.946,432193.6,-1325901.9,SVL,c,-7.655,1.2329,0,in range
GRID_08012,-77.208,161.907,433198.5,-1325921.1,SVL,d,-6.246,1.6685,0,in range
GRID_08013,-77.205,161.868,434203.6,-1325939.5,SVL,c,-9.154,0.5755,0,in range
GRID_08014,-77.197,161.751,437185.9,-1325885.7,SVL,g,-6.975,1.5216,0,in range
GRID_08015,-77.194,161.712,438191.8,-1325901.2,SVL,c,-7.226,1.4573,0,in range
GRID_08016,-77.188,161.634,440204.4,-1325929.8,SVL,d,-6.913,1.0714,0,in range
GRID_08017,-77.177,161.478,444197.3,-1325873.6,SVL,c,-8.241,1.2363,0,in range
GRID_08018,-77.222,161.972,431217.5,-1324947.4,SVL,g,-6.019,1.5774,0,in range
GRID_08019,-77.22,161.933,432187.5,-1324862.7,SVL,d,-6.859,1.5681,0,in range
GRID_08020,-77.214,161.855,434196.2,-1324900.2,SVL,d,-6.891,0.9992,0,in range
GRID_08021,-77.208,161.777,436205.8,-1324934.8,SVL,n,-7.567,1.3438,1,litho
GRID_08022,-77.205,161.738,437211.0,-1324950.9,SVL,n,-6.767,0.9932,1,litho
GRID_08023,-77.203,161.699,438181.8,-1324861.8,SVL,c,-4.469,2.1282,0,in range
GRID_08024,-77.2,161.66,439187.3,-1324876.5,SVL,c,-7.998,1.3187,0,in range
GRID_08025,-77.194,161.582,441199.1,-1324903.5,SVL,d,-6.622,1.2638,0,in range
GRID_08026,-77.188,161.504,443211.7,-1324927.6,SVL,c,-8.194,1.0278,0,in range
GRID_08027,-77.185,161.465,444218.4,-1324938.4,SVL,c,-7.792,0.9135,0,in range
GRID_08028,-77.182,161.427,445202.1,-1324956.3,SVL,d,-7.492,1.1039,0,in range
GRID_08029,-77.228,161.92,432215.0,-1323928.1,SVL,d,-5.939,1.0572,0,in range
GRID_08030,-77.225,161.881,433218.7,-1323947.2,SVL,g,-6.457,1.357,0,in range
GRID_08031,-77.223,161.842,434188.3,-1323861.1,SVL,g,-5.934,1.23,0,in range
GRID_08032,-77.214,161.725,437201.2,-1323911.7,SVL,s,-6.956,0.6918,0,in range
GRID_08033,-77.211,161.686,438205.9,-1323927.0,SVL,g,-5.122,1.2896,0,in range
GRID_08034,-77.208,161.647,439210.9,-1323941.6,SVL,c,-8.46,0.8285,0,in range
GRID_08035,-77.205,161.608,440216.1,-1323955.5,SVL,g,-6.799,1.2718,0,in range
GRID_08036,-77.197,161.491,443198.0,-1323888.2,SVL,d,-6.226,1.279,0,in range
GRID_08037,-77.194,161.452,444204.1,-1323899.1,SVL,g,-6.622,1.5688,0,in range
GRID_08038,-77.191,161.413,445210.3,-1323909.2,SVL,c,-7.917,1.6075,0,in range
GRID_08039,-77.185,161.336,447200.3,-1323934.9,SVL,d,-6.245,1.1753,0,in range
GRID_08040,-77.245,162.025,429211.0,-1322939.5,SVL,c,-9.275,0.6755,0,in range
GRID_08041,-77.228,161.79,435217.8,-1322944.1,SVL,n,-8.169,0.7924,1,litho
GRID_08042,-77.223,161.712,437190.9,-1322872.5,SVL,g,-6.869,1.2531,0,in range
GRID_08043,-77.217,161.634,439199.3,-1322902.4,SVL,c,-8.004,0.8232,0,in range
GRID_08044,-77.214,161.595,440203.9,-1322916.3,SVL,d,-7.95,0.7442,0,in range
GRID_08045,-77.208,161.517,442213.7,-1322941.7,SVL,d,-6.165,1.3114,0,in range
GRID_08046,-77.203,161.439,444189.3,-1322859.8,SVL,d,-7.327,1.4326,0,in range
GRID_08047,-77.2,161.4,445194.9,-1322869.9,SVL,d,-6.279,0.9783,0,in range
GRID_08048,-77.194,161.323,447183.7,-1322895.6,SVL,d,-7.08,0.8338,0,in range
GRID_08049,-77.251,161.973,430207.3,-1321921.9,SVL,d,-7.833,1.5246,0,in range
GRID_08050,-77.234,161.738,436211.4,-1321921.9,SVL,n,-4.15,1.9982,1,litho
GRID_08051,-77.231,161.699,437214.8,-1321937.9,SVL,c,-8.47,0.8622,0,in range
GRID_08052,-77.228,161.66,438218.3,-1321953.2,SVL,d,-7.622,1.5223,0,in range
GRID_08053,-77.226,161.621,439187.4,-1321863.4,SVL,d,-7.096,1.4225,0,in range
GRID_08054,-77.223,161.582,440191.3,-1321877.2,SVL,d,-8.056,1.2121,0,in range
GRID_08055,-77.217,161.504,442199.8,-1321902.5,SVL,d,-6.441,1.3642,0,in range
GRID_08056,-77.26,161.96,430200.7,-1320883.1,SVL,c,-9.154,1.1135,0,in range
GRID_08057,-77.257,161.921,431202.1,-1320903.6,SVL,g,-6.246,1.1037,0,in range
GRID_08058,-77.248,161.804,434207.6,-1320960.7,SVL,n,-7.983,1.2671,1,litho
GRID_08059,-77.246,161.764,435198.5,-1320866.1,SVL,n,-7.253,1.0083,1,litho
GRID_08060,-77.243,161.725,436201.0,-1320882.9,SVL,d,-7.137,1.4029,0,in range
GRID_08061,-77.237,161.647,438206.5,-1320914.2,SVL,d,-6.868,1.0557,0,in range
GRID_08062,-77.231,161.569,440213.0,-1320942.5,SVL,d,-7.018,1.4778,0,in range
GRID_08063,-77.223,161.452,443189.4,-1320875.0,SVL,n,-7.001,1.478,1,litho
GRID_08064,-77.271,161.987,429204.1,-1319935.2,SVL,g,-8.11,1.4594,0,in range
GRID_08065,-77.268,161.947,430227.7,-1319948.9,SVL,g,-6.901,1.7381,0,in range
GRID_08066,-77.266,161.908,431194.4,-1319864.9,SVL,g,-7.558,1.8431,0,in range
GRID_08067,-77.263,161.869,432195.3,-1319884.6,SVL,n,-7.572,1.559,1,litho
GRID_08068,-77.254,161.752,435199.6,-1319939.4,SVL,c,-8.897,1.1522,0,in range
GRID_08069,-77.251,161.712,436224.6,-1319948.5,SVL,d,-7.457,1.3736,0,in range
GRID_08070,-77.243,161.595,439196.8,-1319889.8,SVL,g,-6.547,1.5488,0,in range
GRID_08071,-77.24,161.556,440199.5,-1319903.6,SVL,g,-7.305,1.5627,0,in range
GRID_08072,-77.237,161.517,441202.5,-1319916.5,SVL,d,-6.944,1.6463,1,slope
GRID_08073,-77.234,161.478,442205.6,-1319928.8,SVL,n,-7.592,1.1387,1,litho
GRID_08074,-77.205,161.089,452190.6,-1319913.6,SVL,d,-8.582,1.2564,0,in range
GRID_08075,-77.28,161.974,429197.3,-1318896.6,SVL,n,-7.582,1.2473,1,litho
GRID_08076,-77.266,161.778,434187.9,-1318883.1,SVL,g,-7.045,1.7173,0,in range
GRID_08077,-77.263,161.739,435189.0,-1318900.6,SVL,c,-9.334,1.2167,0,in range
GRID_08078,-77.26,161.699,436213.2,-1318909.7,SVL,d,-7.92,1.5672,0,in range
GRID_08079,-77.251,161.582,439218.3,-1318955.3,SVL,g,-7.612,1.7079,0,in range
GRID_08080,-77.249,161.543,440185.6,-1318864.7,SVL,c,-9.667,0.807,0,in range
GRID_08081,-77.246,161.504,441187.9,-1318877.7,SVL,g,-5.707,1.3349,0,in range
GRID_08082,-77.243,161.465,442190.4,-1318889.9,SVL,n,-5.973,1.4539,1,litho
GRID_08083,-77.217,161.114,451187.4,-1318862.0,SVL,d,-9.413,1.1128,0,in range
GRID_08084,-77.214,161.075,452192.0,-1318866.7,SVL,d,-8.399,1.4388,0,in range
GRID_08085,-77.289,161.961,429190.0,-1317858.1,SVL,n,-7.499,1.1525,1,litho
GRID_08086,-77.274,161.765,434211.9,-1317948.9,SVL,c,-9.34,0.8997,0,in range
GRID_08087,-77.272,161.726,435177.8,-1317861.9,SVL,c,-9.037,1.3169,0,in range
GRID_08088,-77.269,161.686,436201.4,-1317871.0,SVL,c,-5.042,2.1448,0,in range
GRID_08089,-77.266,161.647,437202.3,-1317887.0,SVL,d,-6.818,1.2006,0,in range
GRID_08090,-77.263,161.608,438203.3,-1317902.1,SVL,g,-4.143,2.1475,0,in range
GRID_08091,-77.26,161.569,439204.6,-1317916.6,SVL,c,-7.318,1.771,0,in range
GRID_08092,-77.257,161.53,440206.1,-1317930.3,SVL,c,-9.512,0.8066,0,in range
GRID_08093,-77.243,161.335,445181.8,-1317883.2,SVL,n,-7.173,1.5045,1,litho
GRID_08094,-77.24,161.296,446184.5,-1317892.4,SVL,d,-7.287,1.4409,0,in range
GRID_08095,-77.237,161.257,447187.5,-1317900.8,SVL,d,-6.833,0.9444,0,in range
GRID_08096,-77.228,161.14,450197.7,-1317921.7,SVL,s,-7.311,0.7402,0,in range
GRID_08097,-77.303,162.027,427196.6,-1316887.1,SVL,n,-7.36,1.4085,1,litho
GRID_08098,-77.294,161.909,430215.1,-1316945.3,SVL,d,-8.918,0.6488,0,in range
GRID_08099,-77.292,161.87,431179.9,-1316861.2,SVL,g,-6.494,0.9459,0,in range
GRID_08100,-77.289,161.83,432202.0,-1316873.3,SVL,g,-7.19,1.2096,0,in range
GRID_08101,-77.283,161.752,434201.0,-1316910.4,SVL,g,-7.867,1.4658,0,in range
GRID_08102,-77.28,161.713,435200.8,-1316927.8,SVL,g,-7.288,1.3524,0,in range
GRID_08103,-77.277,161.674,436200.8,-1316944.4,SVL,d,-6.775,0.9222,0,in range
GRID_08104,-77.272,161.595,438189.8,-1316863.5,SVL,g,-6.761,1.3814,0,in range
GRID_08105,-77.269,161.556,439190.5,-1316877.9,SVL,c,-9.397,0.786,0,in range
GRID_08106,-77.246,161.244,447168.2,-1316862.1,SVL,d,-6.667,1.0187,0,in range
GRID_08107,-77.303,161.896,430206.4,-1315906.9,SVL,g,-7.322,1.2716,0,in range
GRID_08108,-77.3,161.857,431204.7,-1315927.3,SVL,c,-8.825,1.1337,0,in range
GRID_08109,-77.297,161.818,432203.3,-1315946.9,SVL,n,-7.605,1.11,1,litho
GRID_08110,-77.295,161.778,433190.6,-1315853.8,SVL,g,-6.352,1.0437,0,in range
GRID_08111,-77.292,161.739,434189.6,-1315871.9,SVL,d,-7.818,0.919,0,in range
GRID_08112,-77.286,161.661,436188.2,-1315905.9,SVL,g,-6.041,1.0945,0,in range
GRID_08113,-77.283,161.621,437210.8,-1315914.2,SVL,c,-9.205,1.0312,0,in range
GRID_08114,-77.28,161.582,438210.6,-1315929.3,SVL,c,-9.025,1.0935,0,in range
GRID_08115,-77.263,161.347,444202.2,-1315892.3,SVL,c,-8.584,1.1229,0,in range
GRID_08116,-77.317,161.962,428213.5,-1314937.7,SVL,n,-7.769,1.0307,1,litho
GRID_08117,-77.314,161.923,429210.9,-1314959.5,SVL,n,-8.568,0.9763,1,litho
GRID_08118,-77.312,161.883,430197.2,-1314868.6,SVL,s,-6.739,1.0301,0,in range
GRID_08119,-77.309,161.844,431194.9,-1314889.0,SVL,g,-7.726,1.4242,0,in range
GRID_08120,-77.306,161.805,432192.8,-1314908.6,SVL,c,-9.774,0.9944,0,in range
GRID_08121,-77.297,161.687,435210.9,-1314955.3,SVL,d,-7.507,1.0799,0,in range
GRID_08122,-77.295,161.648,436175.1,-1314867.5,SVL,g,-7.344,1.6747,0,in range
GRID_08123,-77.292,161.608,437197.0,-1314875.7,SVL,c,-9.063,1.0468,0,in range
GRID_08124,-77.289,161.569,438196.3,-1314890.8,SVL,c,-9.554,0.7681,0,in range
GRID_08125,-77.277,161.412,442218.3,-1314936.0,SVL,c,-8.289,0.8767,0,in range
GRID_08126,-77.274,161.373,443218.6,-1314947.4,SVL,n,-8.209,1.2337,1,litho
GRID_08127,-77.271,161.334,444219.2,-1314958.0,SVL,c,-8.056,1.2881,0,in range
GRID_08128,-77.269,161.295,445184.7,-1314863.6,SVL,d,-6.556,1.0791,0,in range
GRID_08129,-77.323,161.91,429201.9,-1313921.3,SVL,n,-7.724,1.232,1,litho
GRID_08130,-77.317,161.831,431218.9,-1313955.2,SVL,g,-8.126,1.4607,0,in range
GRID_08131,-77.315,161.792,432181.9,-1313870.3,SVL,g,-6.287,1.6867,0,in range
GRID_08132,-77.312,161.752,433202.3,-1313881.6,SVL,g,-7.582,1.4439,0,in range
GRID_08133,-77.306,161.674,435198.0,-1313917.0,SVL,g,-6.107,1.195,0,in range
GRID_08134,-77.303,161.635,436196.2,-1313933.5,SVL,c,-7.394,1.6141,0,in range
GRID_08135,-77.3,161.595,437217.6,-1313941.7,SVL,c,-5.702,1.873,0,in range
GRID_08136,-77.295,161.517,439180.3,-1313866.8,SVL,c,-9.651,1.3161,0,in range
GRID_08137,-77.292,161.478,440179.3,-1313880.4,SVL,c,-9.177,0.7313,0,in range
GRID_08138,-77.289,161.438,441201.5,-1313885.5,SVL,c,-8.684,1.0119,0,in range
GRID_08139,-77.286,161.399,442200.9,-1313897.6,SVL,c,-7.573,1.6464,0,in range
GRID_08140,-77.283,161.36,443200.6,-1313908.9,SVL,c,-9.076,0.816,0,in range
GRID_08141,-77.28,161.321,444200.5,-1313919.5,SVL,c,-8.058,1.2841,0,in range
GRID_08142,-77.335,161.936,428196.4,-1312861.4,SVL,c,-8.823,0.9204,0,in range
GRID_08143,-77.332,161.897,429192.5,-1312883.2,SVL,g,-7.016,1.2481,0,in range
GRID_08144,-77.329,161.857,430211.7,-1312896.8,SVL,c,-8.512,1.2888,0,in range
GRID_08145,-77.326,161.818,431208.2,-1312917.1,SVL,g,-7.115,1.4689,0,in range
GRID_08146,-77.323,161.779,432204.9,-1312936.6,SVL,g,-6.043,1.1426,0,in range
GRID_08147,-77.32,161.739,433224.8,-1312947.8,SVL,g,-7.726,1.2294,0,in range
GRID_08148,-77.318,161.7,434187.4,-1312861.4,SVL,g,-7.745,1.2214,0,in range
GRID_08149,-77.315,161.661,435184.7,-1312878.7,SVL,g,-7.504,1.2549,0,in range
GRID_08150,-77.312,161.621,436205.2,-1312887.7,SVL,c,-9.069,0.8789,0,in range
GRID_08151,-77.303,161.504,439199.2,-1312932.8,SVL,c,-8.055,1.0266,0,in range
GRID_08152,-77.3,161.464,440220.6,-1312938.7,SVL,c,-9.03,0.9262,0,in range
GRID_08153,-77.297,161.425,441219.3,-1312951.4,SVL,d,-6.154,1.8503,0,in range
GRID_08154,-77.295,161.386,442183.1,-1312859.2,SVL,c,-8.136,1.2412,0,in range
GRID_08155,-77.292,161.347,443182.2,-1312870.5,SVL,s,-8.558,0.8456,0,in range
GRID_08156,-77.343,161.923,428221.3,-1311928.0,SVL,g,-7.979,1.1488,0,in range
GRID_08157,-77.34,161.884,429216.8,-1311949.7,SVL,c,-8.66,1.3474,0,in range
GRID_08158,-77.338,161.845,430178.2,-1311866.2,SVL,c,-9.622,0.6369,0,in range
GRID_08159,-77.335,161.805,431197.0,-1311879.0,SVL,g,-7.341,1.3444,0,in range
GRID_08160,-77.332,161.766,432193.1,-1311898.5,SVL,d,-6.967,0.8526,0,in range
GRID_08161,-77.329,161.726,433212.3,-1311909.7,SVL,d,-7.74,1.2861,0,in range
GRID_08162,-77.326,161.687,434208.9,-1311927.7,SVL,n,-7.038,1.062,1,litho
GRID_08163,-77.323,161.648,435205.6,-1311945.0,SVL,c,-9.179,1.1409,0,in range
GRID_08164,-77.32,161.608,436225.5,-1311953.9,SVL,c,-8.215,1.5227,0,in range
GRID_08165,-77.318,161.569,437188.0,-1311865.3,SVL,c,-9.882,0.7943,0,in range
GRID_08166,-77.315,161.53,438185.3,-1311880.3,SVL,c,-8.235,1.0541,0,in range
GRID_08167,-77.312,161.491,439182.9,-1311894.6,SVL,c,-8.259,1.2014,0,in range
GRID_08168,-77.309,161.451,440203.7,-1311900.4,SVL,d,-7.301,1.1342,0,in range
GRID_08169,-77.306,161.412,441201.7,-1311913.2,SVL,d,-7.325,1.1857,0,in range
GRID_08170,-77.303,161.373,442200.0,-1311925.2,SVL,d,-6.569,1.6229,0,in range
GRID_08171,-77.3,161.334,443198.4,-1311936.5,SVL,c,-8.448,0.9423,0,in range
GRID_08172,-77.297,161.294,444220.1,-1311939.2,SVL,s,-8.711,0.5354,0,in range
GRID_08173,-77.355,161.95,427194.2,-1310875.0,SVL,c,-9.153,0.8987,0,in range
GRID_08174,-77.352,161.911,428188.8,-1310897.5,SVL,c,-10.015,0.8006,0,in range
GRID_08175,-77.349,161.871,429206.5,-1310911.8,SVL,c,-10.291,0.7465,0,in range
GRID_08176,-77.346,161.832,430201.6,-1310932.8,SVL,c,-9.775,0.9467,0,in range
GRID_08177,-77.343,161.792,431219.8,-1310945.5,SVL,d,-8.341,1.2397,0,in range
GRID_08178,-77.341,161.753,432180.9,-1310860.5,SVL,c,-8.277,1.6627,0,in range
GRID_08179,-77.338,161.713,433199.4,-1310871.7,SVL,c,-8.248,1.6066,0,in range
GRID_08180,-77.335,161.674,434195.3,-1310889.7,SVL,c,-9.267,1.2234,0,in range
GRID_08181,-77.329,161.595,436210.7,-1310915.8,SVL,c,-9.402,0.6295,0,in range
GRID_08182,-77.326,161.556,437207.3,-1310931.5,SVL,c,-8.11,1.6516,0,in range
GRID_08183,-77.323,161.517,438204.1,-1310946.5,SVL,c,-8.416,0.9937,0,in range
GRID_08184,-77.32,161.477,439224.0,-1310953.1,SVL,d,-7.524,1.0917,0,in range
GRID_08185,-77.318,161.438,440186.3,-1310862.3,SVL,c,-9.483,0.6841,0,in range
GRID_08186,-77.315,161.399,441183.7,-1310875.0,SVL,c,-8.23,1.0772,0,in range
GRID_08187,-77.312,161.36,442181.3,-1310887.0,SVL,d,-7.149,1.5288,0,in range
GRID_08188,-77.309,161.32,443202.0,-1310890.5,SVL,c,-8.112,1.0548,0,in range
GRID_08189,-77.297,161.164,447195.6,-1310927.9,SVL,s,-7.586,1.1433,0,in range
GRID_08190,-77.366,161.977,426202.2,-1309926.0,SVL,c,-11.282,0.6214,0,in range
GRID_08191,-77.363,161.937,427218.9,-1309941.8,SVL,c,-11.265,0.7162,0,in range
GRID_08192,-77.361,161.898,428178.7,-1309859.7,SVL,c,-12.142,0.4731,0,in range
GRID_08193,-77.358,161.858,429195.8,-1309873.9,SVL,c,-10.131,1.0508,0,in range
GRID_08194,-77.355,161.819,430190.2,-1309894.9,SVL,c,-10.718,0.6507,0,in range
GRID_08195,-77.352,161.779,431207.8,-1309907.6,SVL,c,-12.255,0.3488,0,in range
GRID_08196,-77.349,161.74,432202.6,-1309927.0,SVL,c,-11.263,0.6648,0,in range
GRID_08197,-77.346,161.7,433220.6,-1309938.2,SVL,c,-11.999,0.2772,0,in range
GRID_08198,-77.343,161.661,434216.0,-1309956.1,SVL,c,-11.09,0.8843,0,in range
GRID_08201,-77.323,161.386,441200.3,-1309941.2,SVL,c,-11.973,0.4811,0,in range
GRID_08202,-77.32,161.346,442220.2,-1309945.4,SVL,d,-10.587,0.7824,0,in range
GRID_08203,-77.315,161.268,444179.7,-1309862.9,SVL,d,-9.314,0.6516,0,in range
GRID_08204,-77.312,161.229,445177.3,-1309872.6,SVL,c,-10.357,0.4149,0,in range
GRID_08205,-77.306,161.15,447196.1,-1309882.0,SVL,d,-9.297,0.3609,0,in range
GRID_08206,-77.338,161.451,439189.2,-1308877.1,SVL,c,-12.392,0.6791,0,in range
GRID_08209,-77.329,161.333,442200.6,-1308907.4,SVL,d,-10.785,0.7586,0,in range
GRID_08210,-77.326,161.294,443197.3,-1308918.6,SVL,d,-9.793,0.4899,0,in range
GRID_08211,-77.323,161.255,444194.1,-1308929.0,SVL,c,-11.142,0.5593,0,in range
GRID_08212,-77.32,161.215,445214.1,-1308930.9,SVL,c,-10.514,0.5181,0,in range
GRID_08213,-77.317,161.176,446211.4,-1308939.8,SVL,c,-10.91,0.486,0,in range
GRID_08214,-77.314,161.137,447208.9,-1308948.0,SVL,c,-10.604,0.4135,0,in range
GRID_08215,-77.303,160.98,451188.2,-1308861.2,SVL,d,-6.926,1.6135,0,in range
GRID_08216,-77.346,161.438,439206.1,-1307943.5,SVL,c,-11.96,0.7423,0,in range
GRID_08217,-77.343,161.398,440224.4,-1307949.2,SVL,c,-11.91,0.497,0,in range
GRID_08218,-77.341,161.359,441184.8,-1307857.6,SVL,c,-12.343,0.6325,0,in range
GRID_08220,-77.335,161.281,443176.6,-1307880.7,SVL,d,-9.498,0.7763,0,in range
GRID_08221,-77.332,161.241,444195.7,-1307883.3,SVL,d,-10.257,0.72,0,in range
GRID_08222,-77.329,161.202,445192.1,-1307892.9,SVL,d,-9.482,1.1803,0,in range
GRID_08223,-77.326,161.163,446188.8,-1307901.8,SVL,d,-10.696,0.6873,0,in range
GRID_08224,-77.349,161.346,441200.2,-1306924.0,SVL,c,-12.688,0.5823,0,in range
GRID_08225,-77.346,161.307,442195.4,-1306935.8,SVL,c,-12.543,0.8218,0,in range
GRID_08226,-77.343,161.267,443213.7,-1306939.2,SVL,c,-12.868,0.7228,0,in range
GRID_08227,-77.34,161.228,444209.3,-1306949.6,SVL,d,-11.975,0.5211,0,in range
GRID_08228,-77.039,161.428,450189.5,-1339876.8,SVL,d,-6.754,0.9566,0,in range
GRID_08229,-77.05,161.454,449196.5,-1338933.5,SVL,c,-7.88,0.8618,0,in range
GRID_08230,-77.047,161.415,450213.0,-1338940.3,SVL,d,-6.508,0.9933,0,in range
GRID_08231,-77.044,161.377,451206.3,-1338954.2,SVL,s,-8.703,1.1754,0,in range
GRID_08232,-77.076,161.672,443199.3,-1337917.4,SVL,g,-5.936,0.8088,0,in range
GRID_08233,-77.073,161.633,444213.9,-1337928.7,SVL,c,-6.671,1.2857,0,in range
GRID_08234,-77.07,161.595,445205.4,-1337946.9,SVL,g,-5.249,1.4136,0,in range
GRID_08235,-77.067,161.556,446220.4,-1337956.7,SVL,d,-6.208,1.223,0,in range
GRID_08236,-77.053,161.364,451193.7,-1337913.5,SVL,c,-9.464,1.3054,0,in range
GRID_08237,-77.05,161.325,452209.9,-1337918.7,SVL,d,-8.127,0.9189,0,in range
GRID_08238,-77.09,161.736,441221.9,-1336948.9,SVL,c,-7.756,1.2262,0,in range
GRID_08239,-77.088,161.698,442177.6,-1336864.9,SVL,g,-4.258,1.3685,0,in range
GRID_08240,-77.085,161.659,443191.3,-1336876.9,SVL,c,-6.003,1.3759,0,in range
GRID_08241,-77.082,161.62,444205.3,-1336888.2,SVL,d,-5.76,1.1371,0,in range
GRID_08242,-77.079,161.582,445196.1,-1336906.4,SVL,d,-6.734,1.0975,0,in range
GRID_08243,-77.076,161.543,446210.5,-1336916.1,SVL,d,-7.497,1.1254,0,in range
GRID_08244,-77.059,161.312,452196.2,-1336878.1,SVL,c,-10.26,0.8805,0,in range
GRID_08245,-77.09,161.608,444207.5,-1335959.9,SVL,c,-7.466,1.0416,0,in range
GRID_08246,-77.088,161.569,445186.4,-1335866.0,SVL,d,-5.627,1.1267,0,in range
GRID_08247,-77.085,161.53,446200.1,-1335875.7,SVL,d,-7.281,1.0951,0,in range
GRID_08248,-77.122,161.904,436206.3,-1334890.6,SVL,g,-5.712,1.3741,0,in range
GRID_08249,-77.099,161.595,444198.0,-1334919.6,SVL,c,-7.756,1.1357,0,in range
GRID_08250,-77.096,161.556,445211.0,-1334930.0,SVL,d,-7.914,0.8061,0,in range
GRID_08251,-77.093,161.518,446200.9,-1334947.5,SVL,d,-6.653,1.2835,0,in range
GRID_08252,-77.13,161.892,436212.4,-1333962.7,SVL,d,-6.282,1.1517,0,in range
GRID_08253,-77.128,161.853,437188.8,-1333874.5,SVL,g,-5.396,1.333,0,in range
GRID_08254,-77.111,161.621,443176.0,-1333868.2,SVL,g,-5.258,1.1972,0,in range
GRID_08255,-77.108,161.582,444188.1,-1333879.3,SVL,d,-6.35,0.8454,0,in range
GRID_08256,-77.105,161.543,445200.4,-1333889.7,SVL,c,-7.979,1.0116,0,in range
GRID_08257,-77.102,161.505,446189.7,-1333907.2,SVL,d,-6.87,1.0844,0,in range
GRID_08258,-77.148,161.995,433201.6,-1332861.6,SVL,g,-5.473,1.0497,0,in range
GRID_08259,-77.139,161.879,436207.1,-1332922.7,SVL,d,-5.383,1.5071,0,in range
GRID_08260,-77.131,161.763,439180.2,-1332872.7,SVL,g,-5.578,1.031,0,in range
GRID_08261,-77.119,161.608,443200.9,-1332932.4,SVL,g,-7.147,0.7129,0,in range
GRID_08262,-77.116,161.569,444212.4,-1332943.5,SVL,c,-8.383,1.2154,0,in range
GRID_08263,-77.113,161.53,445224.2,-1332953.9,SVL,c,-8.274,0.9077,0,in range
GRID_08264,-77.111,161.492,446178.0,-1332867.0,SVL,d,-6.095,1.2353,0,in range
GRID_08265,-77.108,161.453,447190.1,-1332875.9,SVL,d,-6.688,1.1877,0,in range
GRID_08266,-77.148,161.866,436201.4,-1331882.8,SVL,g,-6.084,1.337,0,in range
GRID_08267,-77.142,161.789,438197.2,-1331922.4,SVL,g,-3.208,1.7704,0,in range
GRID_08268,-77.139,161.75,439207.0,-1331937.2,SVL,d,-6.565,1.0369,0,in range
GRID_08269,-77.136,161.711,440217.1,-1331951.3,SVL,g,-4.868,1.5337,0,in range
GRID_08270,-77.122,161.517,445212.7,-1331913.8,SVL,c,-7.191,1.1734,0,in range
GRID_08271,-77.119,161.479,446200.8,-1331931.2,SVL,d,-8.184,0.5751,0,in range
GRID_08272,-77.116,161.44,447212.4,-1331940.0,SVL,d,-7.749,0.9665,0,in range
GRID_08273,-77.113,161.401,448224.2,-1331948.1,SVL,d,-6.34,1.5745,0,in range
GRID_08274,-77.165,161.97,433204.3,-1330894.2,SVL,g,-6.88,1.0878,0,in range
GRID_08275,-77.162,161.931,434212.5,-1330912.7,SVL,g,-5.418,1.4671,0,in range
GRID_08276,-77.151,161.776,438189.7,-1330882.5,SVL,g,-5.693,1.0128,1,slope
GRID_08277,-77.148,161.737,439199.0,-1330897.4,SVL,g,-7.27,0.6718,0,in range
GRID_08278,-77.145,161.698,440208.4,-1330911.4,SVL,g,-4.932,1.4862,0,in range
GRID_08279,-77.131,161.505,445177.6,-1330881.6,SVL,c,-8.147,0.7658,0,in range
GRID_08280,-77.128,161.466,446188.3,-1330891.2,SVL,d,-6.711,1.4027,0,in range
GRID_08281,-77.139,161.492,445200.2,-1329946.0,SVL,c,-7.68,1.1485,0,in range
GRID_08282,-77.136,161.453,446210.3,-1329955.5,SVL,d,-6.009,1.1251,0,in range
GRID_08283,-77.134,161.414,447185.6,-1329860.1,SVL,d,-7.288,1.5185,0,in range
GRID_08284,-77.125,161.298,450194.6,-1329889.8,SVL,d,-6.237,1.1267,1,slope
GRID_08285,-77.145,161.44,446197.0,-1328915.7,SVL,n,-5.767,1.5807,1,litho
GRID_08286,-77.142,161.401,447206.7,-1328924.5,SVL,d,-7.137,1.1223,0,in range
GRID_08287,-77.13,161.246,451224.5,-1328959.8,SVL,d,-7.992,1.4212,0,in range
GRID_08288,-77.154,161.427,446183.1,-1327875.9,SVL,c,-7.78,1.436,0,in range
GRID_08289,-77.151,161.388,447192.2,-1327884.7,SVL,d,-6.132,1.652,0,in range
GRID_08290,-77.159,161.375,447212.4,-1326949.2,SVL,g,-6.627,1.5551,0,in range
GRID_08291,-77.156,161.336,448221.1,-1326957.2,SVL,d,-6.15,1.4779,0,in range
GRID_08292,-77.154,161.298,449171.7,-1326868.0,SVL,d,-6.138,1.3938,0,in range
GRID_08293,-77.165,161.323,448205.2,-1325917.6,SVL,d,-7.308,1.1806,0,in range
GRID_08294,-77.162,161.284,449213.5,-1325924.7,SVL,d,-7.108,1.0719,0,in range
GRID_08295,-77.171,161.142,452178.2,-1323870.5,SVL,d,-8.177,1.052,0,in range
GRID_08296,-77.452,161.98,423208.6,-1300956.7,SVL,d,-11.639,0.2478,0,in range
GRID_08297,-77.464,162.006,422210.6,-1299893.9,SVL,d,-9.861,0.5449,0,in range
GRID_08298,-77.461,161.967,423197.4,-1299919.8,SVL,g,-10.755,0.2689,0,in range
GRID_08299,-77.481,161.981,422199.7,-1297932.3,SVL,s,-11.666,0.3652,0,in range
GRID_08300,-77.496,162.047,420196.0,-1296849.1,SVL,g,-11.315,0.5651,0,in range
GRID_08301,-77.493,162.007,421203.2,-1296869.1,SVL,c,-11.748,0.5369,0,in range
GRID_08302,-77.49,161.968,422187.9,-1296895.7,SVL,g,-10.943,0.9412,0,in range
GRID_08303,-77.487,161.928,423195.5,-1296914.2,SVL,g,-10.411,0.6442,0,in range
GRID_08304,-77.501,161.994,421225.6,-1295937.2,SVL,c,-12.096,0.4098,0,in range
GRID_08305,-77.524,162.049,419202.1,-1293935.7,SVL,c,-13.703,0.6468,0,in range
GRID_08306,-77.522,162.008,420195.9,-1293844.5,SVL,c,-13.226,0.4663,0,in range
GRID_08307,-77.519,161.968,421201.1,-1293864.4,SVL,c,-12.703,0.3685,0,in range
GRID_08308,-77.501,162.26,415204.6,-1297878.8,SVL,c,-11.915,0.3645,0,in range
GRID_08309,-77.495,162.18,417218.2,-1297925.7,SVL,d,-11.293,0.2718,0,in range
GRID_08310,-77.507,162.207,416203.4,-1296866.1,SVL,c,-13.89,0.4921,0,in range
GRID_08311,-77.513,162.155,417178.1,-1295860.0,SVL,c,-14.032,0.3503,0,in range
GRID_08312,-77.518,162.102,418207.7,-1294950.6,SVL,c,-12.664,0.3489,0,in range
GRID_08313,-77.001,161.825,442199.1,-1346936.6,SVL,g,-7.278,0.6787,0,in range
GRID_08314,-77.01,161.812,442195.6,-1345895.4,SVL,g,-7.331,1.5008,0,in range
GRID_08315,-77.018,161.799,442226.0,-1344958.8,SVL,c,-8.186,1.1217,0,in range
GRID_08316,-77.03,161.697,444204.9,-1342915.8,SVL,d,-5.713,0.7388,1,slope
GRID_08317,-77.039,161.684,444198.4,-1341874.9,SVL,d,-5.371,1.0797,0,in range
GRID_08318,-78.605,158.738,450189.2,-1156942.3,SVL,c,-10.922,0.2366,0,in range
GRID_08319,-78.617,158.765,449167.2,-1155927.3,SVL,s,-10.243,0.2831,0,in range
GRID_08320,-78.614,158.722,450154.0,-1155896.5,SVL,d,-10.06,0.3625,0,in range
GRID_08321,-78.622,158.705,450178.3,-1154945.3,SVL,s,-7.123,0.6078,0,in range
GRID_08322,-78.631,158.688,450162.1,-1153892.0,SVL,s,-10.181,0.3752,0,in range
GRID_08343,-79.176,158.65,429173.4,-1097940.7,SVL,w,-10.513,0.3814,0,in range
GRID_08344,-79.185,158.632,429158.9,-1096887.4,SVL,w,-10.409,0.5573,0,in range
GRID_08345,-79.253,158.489,429163.0,-1088880.5,SVL,w,-10.513,0.4363,0,in range
GRID_08346,-79.265,158.517,428149.2,-1087866.6,SVL,w,-9.982,0.4073,0,in range
GRID_08347,-79.405,157.894,434180.5,-1068936.5,SVL,w,-10.161,0.4399,0,in range
GRID_08348,-79.079,157.501,455171.6,-1098935.6,SVL,w,-9.649,0.0966,0,in range
GRID_08349,-79.107,157.598,452140.9,-1096867.3,SVL,w,-10.751,0.4005,0,in range
GRID_08350,-79.115,157.58,452151.1,-1095914.7,SVL,w,-10.909,0.4087,0,in range
GRID_08351,-79.124,157.561,452138.0,-1094853.0,SVL,w,-9.401,0.4499,0,in range
GRID_08352,-79.135,157.587,451181.4,-1093943.6,SVL,w,-9.931,0.3795,0,in range
GRID_08353,-79.132,157.543,452147.0,-1093900.7,SVL,w,-9.589,0.4074,0,in range
GRID_08354,-79.129,157.498,453131.8,-1093849.0,SVL,w,-10.059,0.2469,0,in range
GRID_08355,-79.205,157.855,443168.0,-1088936.8,SVL,w,-9.448,0.2804,0,in range
GRID_08356,-79.202,157.81,444147.2,-1088892.8,SVL,w,-9.996,0.5646,0,in range
GRID_08357,-79.167,157.36,454162.0,-1088910.8,SVL,w,-10.186,0.3982,0,in range
GRID_08358,-79.243,157.826,442147.5,-1084856.4,SVL,w,-10.263,0.6303,0,in range
GRID_08359,-79.251,157.808,442157.2,-1083905.8,SVL,w,-9.39,0.5734,0,in range
GRID_08360,-79.246,157.608,446146.8,-1082862.3,SVL,w,-9.597,0.4796,0,in range
GRID_08361,-79.256,157.481,448126.2,-1080858.5,SVL,w,-10.607,0.2933,0,in range
GRID_08362,-79.252,157.435,449162.1,-1080903.1,SVL,w,-10.312,0.3409,0,in range
GRID_08738,-78.482,163.605,354216.3,-1203911.7,SVL,a,-2.723,1.9806,0,in range
GRID_08739,-78.48,163.561,355202.8,-1203849.8,SVL,a,-2.807,1.9624,0,in range
GRID_08740,-78.568,162.806,368180.9,-1189841.5,SVL,d,-9.893,0.3237,0,in range
GRID_08741,-78.568,162.66,371211.7,-1188899.5,SVL,d,-9.009,0.4201,0,in range
GRID_08746,-78.445,163.612,355214.7,-1207849.8,SVL,c,-10.573,0.6393,0,in range
GRID_08747,-78.442,163.569,356214.2,-1207898.6,SVL,c,-10.338,0.7687,0,in range
GRID_08750,-78.451,163.556,356208.7,-1206870.6,SVL,a,-3.21,1.7292,0,in range
GRID_08751,-78.467,163.674,353228.9,-1205916.9,SVL,c,-9.578,0.5929,0,in range
GRID_08752,-78.465,163.63,354216.7,-1205855.8,SVL,c,-8.749,0.5614,0,in range
GRID_08754,-78.476,163.661,353224.7,-1204889.0,SVL,a,-2.279,1.8799,0,in range
GRID_08755,-78.474,163.618,354190.7,-1204834.2,SVL,c,-9.552,0.7984,0,in range
GRID_08824,-77.958,159.568,458174.3,-1229890.6,SVL,d,-9.065,0.6465,0,in range
GRID_08825,-78.098,159.363,457153.3,-1213855.9,SVL,s,-9.422,0.6602,0,in range
GRID_08826,-78.103,159.306,458166.6,-1212886.9,SVL,s,-9.332,0.5083,0,in range
GRID_08827,-78.445,158.807,455141.6,-1173850.4,SVL,c,-9.809,0.3488,0,in range
GRID_08828,-78.453,158.79,455172.3,-1172897.0,SVL,d,-9.736,0.4997,0,in range
GRID_08829,-78.462,158.774,455142.3,-1171849.3,SVL,d,-9.617,0.4344,0,in range
GRID_08830,-78.477,158.842,453157.1,-1170853.7,SVL,s,-9.387,0.4246,0,in range
GRID_08831,-78.473,158.8,454174.0,-1170930.4,SVL,d,-9.925,0.7309,0,in range
GRID_08832,-78.455,158.444,462166.2,-1169922.8,SVL,c,-11.18,0.3327,0,in range
GRID_08833,-78.464,158.427,462150.2,-1168867.2,SVL,c,-10.978,0.5471,0,in range
GRID_08834,-78.499,158.75,454161.7,-1167874.8,SVL,d,-10.158,0.5794,0,in range
GRID_08835,-78.472,158.41,462174.0,-1167913.9,SVL,c,-9.851,0.4943,0,in range
GRID_08836,-78.514,158.819,452160.3,-1166886.4,SVL,s,-9.217,0.438,0,in range
GRID_08837,-78.511,158.776,453155.0,-1166853.5,SVL,c,-10.639,0.3568,0,in range
GRID_08838,-78.507,158.734,454169.4,-1166930.0,SVL,d,-9.19,0.4415,0,in range
GRID_08839,-78.578,159.532,435149.4,-1165844.6,SVL,s,-9.571,0.4553,0,in range
GRID_08840,-78.574,159.489,436178.0,-1165928.7,SVL,c,-11.621,0.4763,0,in range
GRID_08841,-78.561,159.316,440200.2,-1165940.6,SVL,d,-10.324,0.4979,0,in range
GRID_08842,-78.529,158.888,450161.9,-1165894.8,SVL,s,-10.27,0.4309,0,in range
GRID_08843,-78.526,158.845,451155.6,-1165863.6,SVL,d,-9.443,0.5803,1,slope
GRID_08844,-78.586,159.516,435167.9,-1164900.9,SVL,s,-10.142,0.3359,0,in range
GRID_08845,-78.583,159.473,436157.4,-1164882.2,SVL,c,-10.657,0.4115,0,in range
GRID_08846,-78.534,158.829,451164.1,-1164919.1,SVL,d,-10.275,0.4374,0,in range
GRID_08847,-78.595,159.5,435147.4,-1163854.5,SVL,c,-11.096,0.3492,0,in range
GRID_08848,-78.591,159.456,436195.0,-1163930.9,SVL,d,-8.949,0.3244,0,in range
GRID_08849,-78.579,159.284,440152.8,-1163847.5,SVL,d,-10.811,0.6628,0,in range
GRID_08850,-78.546,158.855,450160.6,-1163895.8,SVL,s,-10.495,0.4541,0,in range
GRID_08851,-78.513,158.428,460153.1,-1163875.6,SVL,d,-9.029,0.5136,0,in range
GRID_08852,-78.603,159.483,435185.1,-1162903.5,SVL,c,-11.367,0.2764,0,in range
GRID_08853,-78.6,159.44,436173.3,-1162884.7,SVL,c,-11.015,0.2447,0,in range
GRID_08854,-78.551,158.795,451180.7,-1162912.4,SVL,d,-10.017,0.566,0,in range
GRID_08855,-78.708,160.819,404169.2,-1161856.1,SVL,d,-9.002,0.3365,0,in range
GRID_08856,-78.608,159.424,436189.6,-1161941.2,SVL,d,-9.903,0.2878,0,in range
GRID_08857,-78.605,159.381,437177.4,-1161921.5,SVL,d,-9.992,0.3548,0,in range
GRID_08858,-78.56,158.779,451148.1,-1161865.9,SVL,d,-10.18,0.4082,0,in range
GRID_08859,-78.617,159.408,436166.8,-1160895.2,SVL,d,-9.868,0.5957,0,in range
GRID_08860,-78.571,158.805,450184.5,-1160945.4,SVL,s,-10.133,0.277,0,in range
GRID_08861,-78.629,159.435,435157.3,-1159868.2,SVL,c,-11.657,0.3414,0,in range
GRID_08862,-78.737,160.817,403164.6,-1158838.1,SVL,d,-8.573,0.6111,0,in range
GRID_08863,-78.647,159.549,432158.8,-1158881.7,SVL,s,-10.372,0.3878,0,in range
GRID_08864,-78.644,159.505,433163.9,-1158857.7,SVL,d,-10.639,0.7252,0,in range
GRID_08865,-78.634,159.375,436178.5,-1158898.5,SVL,s,-10.284,0.4302,1,slope
GRID_08866,-78.597,158.755,450163.9,-1157893.7,SVL,c,-10.481,0.2636,0,in range
GRID_08867,-78.667,159.56,431170.2,-1156909.0,SVL,c,-10.66,0.4162,0,in range
GRID_08868,-78.735,159.429,431193.7,-1148937.7,SVL,d,-9.16,0.4776,0,in range
GRID_08869,-78.744,159.413,431167.5,-1147893.2,SVL,d,-10.771,0.5572,0,in range
GRID_08870,-78.753,159.396,431160.7,-1146841.3,SVL,d,-10.236,0.5024,0,in range
GRID_08871,-78.764,159.424,430176.2,-1145922.5,SVL,c,-10.774,0.1954,0,in range
GRID_08872,-78.761,159.38,431172.0,-1145899.8,SVL,s,-9.975,0.4128,0,in range
GRID_08873,-78.758,159.336,432167.9,-1145876.1,SVL,c,-10.66,0.5531,0,in range
GRID_08874,-78.755,159.292,433164.1,-1145851.7,SVL,d,-10.039,0.408,0,in range
GRID_08875,-78.858,160.197,411185.3,-1141923.6,SVL,s,-9.774,0.6181,0,in range
GRID_08876,-78.855,160.152,412193.8,-1141909.7,SVL,s,-9.829,0.4236,0,in range
GRID_08878,-78.867,160.181,411169.6,-1140880.4,SVL,g,-8.26,0.3107,0,in range
GRID_08880,-78.858,160.048,414153.6,-1140850.4,SVL,d,-9.692,0.1663,0,in range
GRID_08881,-78.879,160.209,410166.5,-1139843.2,SVL,g,-9.092,0.5951,0,in range
GRID_08882,-78.875,160.165,411190.6,-1139940.4,SVL,c,-10.384,0.4334,0,in range
GRID_08883,-78.872,160.12,412197.6,-1139926.4,SVL,d,-10.108,0.281,0,in range
GRID_08884,-78.929,160.518,402185.1,-1136870.6,SVL,g,-7.458,0.3961,0,in range
GRID_08885,-78.926,160.474,403167.9,-1136871.4,SVL,g,-9.202,0.7593,0,in range
GRID_08886,-78.898,160.072,412180.8,-1136900.7,SVL,d,-9.242,0.2944,0,in range
GRID_08887,-77.823,160.723,438185.6,-1252873.7,SVL,c,-12.071,0.5852,0,in range
GRID_08888,-77.814,160.601,441180.7,-1252870.4,SVL,s,-10.014,0.3732,0,in range
GRID_08889,-77.811,160.561,442165.0,-1252872.9,SVL,c,-11.379,0.5704,0,in range
GRID_08890,-77.808,160.52,443171.3,-1252866.9,SVL,s,-11.0,0.2918,0,in range
GRID_08891,-77.795,160.358,447192.0,-1252953.9,SVL,d,-11.014,0.416,0,in range
GRID_08892,-77.831,160.709,438201.4,-1251937.0,SVL,c,-12.354,0.5067,0,in range
GRID_08893,-77.828,160.668,439206.2,-1251934.1,SVL,c,-10.886,0.4788,0,in range
GRID_08894,-77.825,160.628,440189.4,-1251938.1,SVL,c,-11.471,0.2995,0,in range
GRID_08895,-77.822,160.587,441194.7,-1251933.6,SVL,c,-11.133,0.4149,0,in range
GRID_08896,-77.819,160.546,442200.3,-1251928.4,SVL,s,-9.959,0.2935,0,in range
GRID_08897,-77.816,160.505,443206.0,-1251922.3,SVL,s,-10.846,0.2052,0,in range
GRID_08898,-77.804,160.343,447187.4,-1251905.7,SVL,c,-11.073,0.5375,0,in range
GRID_08899,-77.84,160.695,438180.4,-1250896.8,SVL,c,-11.116,0.4065,0,in range
GRID_08900,-77.837,160.654,439184.6,-1250893.9,SVL,c,-11.979,0.671,0,in range
GRID_08901,-77.834,160.613,440189.0,-1250890.2,SVL,c,-8.092,0.815,0,in range
GRID_08902,-77.831,160.572,441193.6,-1250885.7,SVL,s,-10.63,0.4022,0,in range
GRID_08903,-77.828,160.532,442176.6,-1250888.1,SVL,d,-9.616,0.4979,0,in range
GRID_08904,-77.825,160.491,443181.7,-1250882.0,SVL,c,-11.182,0.5862,0,in range
GRID_08905,-77.822,160.45,444187.0,-1250875.1,SVL,c,-10.334,0.5106,0,in range
GRID_08906,-77.813,160.329,447160.5,-1250865.3,SVL,c,-10.914,0.2214,0,in range
GRID_08907,-77.849,160.68,438180.8,-1249849.1,SVL,c,-12.023,0.6204,0,in range
GRID_08908,-77.846,160.64,439162.5,-1249853.8,SVL,c,-11.868,0.3541,0,in range
GRID_08909,-77.843,160.599,440166.2,-1249850.0,SVL,c,-11.198,0.5952,0,in range
GRID_08910,-77.84,160.558,441170.2,-1249845.5,SVL,d,-11.097,0.3531,1,slope
GRID_08911,-77.836,160.517,442211.0,-1249943.8,SVL,c,-10.124,0.2878,0,in range
GRID_08912,-77.83,160.436,444198.3,-1249938.4,SVL,d,-10.877,0.3929,0,in range
GRID_08913,-77.857,160.666,438195.2,-1248912.7,SVL,c,-11.202,0.3613,0,in range
GRID_08914,-77.854,160.625,439198.1,-1248909.7,SVL,c,-12.256,0.7998,0,in range
GRID_08915,-77.851,160.585,440179.5,-1248913.6,SVL,c,-11.683,0.3601,0,in range
GRID_08916,-77.848,160.544,441182.8,-1248909.0,SVL,s,-11.486,0.572,0,in range
GRID_08917,-77.845,160.503,442186.4,-1248903.7,SVL,d,-10.289,0.365,0,in range
GRID_08918,-77.842,160.462,443190.2,-1248897.5,SVL,c,-11.021,0.2226,0,in range
GRID_08919,-77.839,160.422,444172.4,-1248898.3,SVL,d,-10.182,0.449,0,in range
GRID_08920,-77.866,160.652,438172.8,-1247872.8,SVL,c,-12.641,0.5606,0,in range
GRID_08921,-77.863,160.611,439175.1,-1247869.8,SVL,c,-11.767,0.2819,0,in range
GRID_08922,-77.86,160.57,440177.5,-1247866.0,SVL,c,-11.644,0.31,0,in range
GRID_08923,-77.857,160.529,441180.2,-1247861.4,SVL,c,-10.84,0.5085,0,in range
GRID_08924,-77.854,160.489,442161.3,-1247863.7,SVL,c,-11.105,0.8774,0,in range
GRID_08925,-77.851,160.448,443164.5,-1247857.5,SVL,c,-10.595,0.5537,0,in range
GRID_08926,-77.848,160.407,444167.8,-1247850.6,SVL,d,-10.686,0.5421,0,in range
GRID_08927,-77.835,160.244,448198.7,-1247925.9,SVL,s,-10.437,0.2816,0,in range
GRID_08928,-77.877,160.678,437206.7,-1246931.2,SVL,c,-12.419,0.8006,0,in range
GRID_08929,-77.874,160.637,438208.1,-1246929.0,SVL,c,-11.707,0.4023,0,in range
GRID_08930,-77.871,160.597,439188.0,-1246933.6,SVL,c,-12.348,0.724,0,in range
GRID_08931,-77.868,160.556,440189.9,-1246929.7,SVL,c,-12.744,0.5411,0,in range
GRID_08932,-77.865,160.515,441192.0,-1246925.1,SVL,c,-10.915,0.5911,0,in range
GRID_08933,-77.862,160.474,442194.3,-1246919.6,SVL,c,-11.872,0.5234,0,in range
GRID_08934,-77.859,160.433,443196.8,-1246913.4,SVL,c,-11.42,0.5786,0,in range
GRID_08935,-77.85,160.311,446184.0,-1246897.7,SVL,c,-11.121,0.2858,0,in range
GRID_08936,-77.892,160.746,435183.2,-1245893.7,SVL,s,-10.081,0.4537,0,in range
GRID_08937,-77.886,160.664,437184.0,-1245891.5,SVL,c,-12.023,0.6887,0,in range
GRID_08938,-77.883,160.623,438184.8,-1245889.2,SVL,s,-10.117,0.3511,0,in range
GRID_08939,-77.88,160.582,439185.8,-1245886.2,SVL,c,-11.29,0.2504,0,in range
GRID_08940,-77.877,160.541,440187.0,-1245882.3,SVL,c,-11.797,0.2915,0,in range
GRID_08941,-77.874,160.5,441188.4,-1245877.6,SVL,c,-12.392,0.6207,0,in range
GRID_08942,-77.871,160.46,442168.3,-1245879.9,SVL,d,-9.811,0.5093,0,in range
GRID_08943,-77.868,160.419,443170.2,-1245873.6,SVL,s,-10.786,0.395,0,in range
GRID_08944,-77.852,160.215,448198.2,-1245941.7,SVL,s,-10.531,0.6267,0,in range
GRID_08945,-77.849,160.174,449201.4,-1245930.6,SVL,s,-9.87,0.3961,0,in range
GRID_08946,-77.846,160.134,450183.1,-1245926.7,SVL,s,-10.079,0.6784,0,in range
GRID_08947,-77.843,160.093,451186.8,-1245914.1,SVL,c,-9.934,0.3995,0,in range
GRID_08948,-77.901,160.732,435161.4,-1244854.2,SVL,c,-11.339,0.4661,0,in range
GRID_08949,-77.895,160.65,437160.9,-1244851.9,SVL,d,-10.595,0.4942,0,in range
GRID_08950,-77.892,160.609,438161.0,-1244849.6,SVL,s,-10.662,0.5236,0,in range
GRID_08951,-77.888,160.568,439197.8,-1244950.1,SVL,c,-12.221,0.769,0,in range
GRID_08952,-77.885,160.527,440198.4,-1244946.2,SVL,c,-11.427,0.3536,0,in range
GRID_08953,-77.882,160.486,441199.3,-1244941.5,SVL,c,-11.441,0.3124,0,in range
GRID_08954,-77.879,160.445,442200.3,-1244936.0,SVL,c,-11.452,0.6523,0,in range
GRID_08955,-77.855,160.119,450173.1,-1244879.0,SVL,s,-9.896,0.3866,0,in range
GRID_08956,-77.852,160.078,451176.1,-1244866.4,SVL,s,-10.387,0.6722,0,in range
GRID_08957,-77.9,160.594,438194.9,-1243906.1,SVL,c,-12.27,0.5159,0,in range
GRID_08958,-77.897,160.553,439194.6,-1243902.9,SVL,s,-9.887,0.4006,0,in range
GRID_08959,-77.894,160.512,440194.5,-1243898.9,SVL,c,-12.636,0.3406,0,in range
GRID_08960,-77.891,160.471,441194.7,-1243894.2,SVL,c,-11.323,0.4128,0,in range
GRID_08961,-77.888,160.431,442173.4,-1243896.4,SVL,c,-11.602,0.5652,0,in range
GRID_08962,-77.873,160.226,447178.5,-1243856.9,SVL,s,-10.436,0.4196,0,in range
GRID_08963,-77.909,160.58,438170.1,-1242866.6,SVL,s,-10.991,0.4249,0,in range
GRID_08964,-77.906,160.539,439169.2,-1242863.4,SVL,s,-10.426,0.5657,0,in range
GRID_08965,-77.903,160.498,440168.5,-1242859.5,SVL,c,-12.156,0.7552,0,in range
GRID_08966,-77.9,160.457,441167.9,-1242854.7,SVL,c,-11.11,0.5942,0,in range
GRID_08967,-77.897,160.416,442167.6,-1242849.2,SVL,d,-9.276,0.3493,0,in range
GRID_08968,-77.926,160.688,435209.1,-1241928.2,SVL,s,-10.224,0.3907,0,in range
GRID_08969,-77.92,160.606,437204.9,-1241925.7,SVL,s,-10.614,0.3531,0,in range
GRID_08970,-77.917,160.565,438203.1,-1241923.2,SVL,s,-9.815,0.3786,0,in range
GRID_08971,-77.914,160.524,439201.6,-1241920.0,SVL,c,-12.013,0.7159,0,in range
GRID_08972,-77.911,160.483,440200.2,-1241916.0,SVL,c,-12.139,0.287,0,in range
GRID_08973,-77.908,160.442,441199.1,-1241911.2,SVL,c,-10.653,0.6975,0,in range
GRID_08974,-77.905,160.401,442198.3,-1241905.6,SVL,c,-11.291,0.5015,0,in range
GRID_08975,-77.902,160.361,443175.9,-1241906.9,SVL,c,-9.896,0.3054,0,in range
GRID_08976,-77.926,160.551,438177.4,-1240884.0,SVL,d,-11.275,0.5994,0,in range
GRID_08977,-77.923,160.51,439175.2,-1240880.8,SVL,d,-9.892,0.4613,0,in range
GRID_08978,-77.92,160.469,440173.2,-1240876.7,SVL,s,-10.448,0.3428,0,in range
GRID_08979,-77.917,160.428,441171.4,-1240871.9,SVL,d,-10.477,0.529,0,in range
GRID_08980,-77.914,160.387,442169.9,-1240866.3,SVL,c,-11.078,0.3354,0,in range
GRID_08981,-77.851,159.572,462190.5,-1240936.4,SVL,s,-9.864,0.5134,0,in range
GRID_08982,-77.931,160.495,439206.7,-1239937.5,SVL,d,-9.874,0.4517,0,in range
GRID_08983,-77.928,160.454,440204.1,-1239933.4,SVL,s,-10.259,0.3084,0,in range
GRID_08984,-77.922,160.372,442199.5,-1239922.8,SVL,c,-10.527,0.3158,1,elev
GRID_08985,-77.863,159.597,461189.5,-1239902.4,SVL,c,-9.952,0.5036,0,in range
GRID_08986,-77.86,159.557,462170.1,-1239888.9,SVL,s,-9.64,0.4592,0,in range
GRID_08987,-77.937,160.44,440176.1,-1238894.3,SVL,s,-10.02,0.3109,0,in range
GRID_08988,-77.934,160.399,441173.0,-1238889.4,SVL,s,-10.276,0.4333,1,elev
GRID_08989,-77.868,159.542,462187.5,-1238944.5,SVL,s,-9.304,0.7057,0,in range
GRID_08990,-77.946,160.425,440169.2,-1237847.7,SVL,s,-10.305,0.4094,0,in range
GRID_08991,-77.877,159.527,462166.1,-1237897.3,SVL,s,-9.585,0.453,0,in range
GRID_08992,-77.954,160.41,440198.7,-1236904.6,SVL,s,-10.821,0.3235,0,in range
GRID_08993,-77.966,160.437,439174.5,-1235870.1,SVL,s,-10.38,0.3422,0,in range
GRID_08994,-77.963,160.396,440169.3,-1235865.9,SVL,s,-9.636,0.3849,0,in range
GRID_08995,-77.974,160.422,439203.6,-1234927.2,SVL,c,-10.038,0.1286,0,in range
GRID_08996,-77.971,160.381,440197.8,-1234923.0,SVL,s,-9.23,0.223,0,in range
GRID_08997,-77.968,160.34,441192.2,-1234917.9,SVL,s,-10.145,0.5585,0,in range
GRID_08998,-77.965,160.299,442186.9,-1234912.1,SVL,s,-9.353,0.414,0,in range
GRID_08999,-77.971,160.243,443170.9,-1233859.1,SVL,d,-8.756,0.3836,0,in range
GRID_09000,-78.878,160.762,399182.3,-1143852.3,SVL,s,-9.393,0.5037,0,in range
GRID_09001,-79.106,160.135,403182.6,-1115909.1,SVL,g,-7.863,0.758,0,in range
GRID_09002,-79.118,160.164,402171.5,-1114875.9,SVL,g,-7.87,0.7545,1,slope
GRID_09003,-78.111,159.29,458194.7,-1211937.3,SVL,s,-9.412,0.4763,0,in range
GRID_09004,-78.12,159.275,458162.3,-1210893.1,SVL,d,-9.203,0.5251,0,in range
GRID_09005,-78.117,159.233,459166.6,-1210864.9,SVL,s,-9.075,0.5168,0,in range
GRID_09006,-78.113,159.192,460188.9,-1210946.6,SVL,s,-9.546,0.5985,0,in range
GRID_09007,-78.122,159.176,460175.8,-1209894.4,SVL,d,-9.486,0.7793,0,in range
GRID_09008,-78.127,159.119,461183.5,-1208923.1,SVL,s,-9.622,0.4116,0,in range
GRID_09009,-78.285,159.015,457165.6,-1191889.6,SVL,s,-9.866,0.7853,0,in range
GRID_09010,-78.29,158.957,458174.8,-1190914.0,SVL,c,-10.503,0.5445,0,in range
GRID_09011,-78.399,158.602,461180.3,-1176914.2,SVL,d,-6.708,0.7602,0,in range
GRID_09012,-77.739,160.634,443191.5,-1260898.1,SVL,d,-9.705,0.6323,0,in range
GRID_09013,-77.736,160.594,444181.2,-1260899.3,SVL,d,-11.142,0.3806,0,in range
GRID_09014,-77.742,160.539,445171.7,-1259850.7,SVL,d,-10.604,0.5409,0,in range
GRID_09015,-77.759,160.511,445164.2,-1257872.2,SVL,d,-10.563,0.4865,0,in range
GRID_09016,-77.743,160.308,450210.4,-1257942.3,SVL,d,-9.592,0.2536,0,in range
GRID_09017,-77.773,160.577,443203.4,-1256933.5,SVL,c,-11.886,0.5111,0,in range
GRID_09018,-77.764,160.456,446187.6,-1256926.6,SVL,s,-10.764,0.3495,0,in range
GRID_09019,-77.761,160.415,447197.5,-1256917.5,SVL,c,-11.618,0.4908,0,in range
GRID_09020,-77.758,160.375,448185.5,-1256915.5,SVL,s,-9.42,0.1174,0,in range
GRID_09021,-77.752,160.294,450184.3,-1256901.3,SVL,d,-7.049,0.8548,0,in range
GRID_09022,-77.788,160.644,441187.1,-1255896.1,SVL,s,-10.443,0.5874,0,in range
GRID_09023,-77.785,160.603,442195.1,-1255891.0,SVL,d,-10.225,0.4893,0,in range
GRID_09024,-77.782,160.563,443181.5,-1255892.8,SVL,c,-11.68,0.4382,0,in range
GRID_09025,-77.773,160.441,446185.7,-1255878.0,SVL,d,-9.309,0.4589,0,in range
GRID_09026,-77.77,160.401,447172.9,-1255876.7,SVL,c,-10.976,0.6824,0,in range
GRID_09027,-77.767,160.36,448182.2,-1255866.8,SVL,c,-11.206,0.3562,0,in range
GRID_09028,-77.764,160.32,449169.9,-1255864.0,SVL,d,-10.232,0.2193,0,in range
GRID_09029,-77.761,160.28,450157.8,-1255860.4,SVL,c,-9.931,0.5468,0,in range
GRID_09030,-77.794,160.589,442173.4,-1254850.3,SVL,c,-11.302,0.5464,0,in range
GRID_09031,-77.791,160.549,443159.1,-1254852.1,SVL,c,-11.536,0.5359,0,in range
GRID_09032,-77.781,160.427,446198.1,-1254940.8,SVL,c,-10.705,0.4432,0,in range
GRID_09033,-77.778,160.386,447206.6,-1254931.6,SVL,c,-11.003,0.4549,0,in range
GRID_09034,-77.775,160.346,448193.5,-1254929.5,SVL,s,-10.253,0.2867,0,in range
GRID_09035,-77.772,160.305,449202.4,-1254918.8,SVL,c,-10.937,0.299,0,in range
GRID_09036,-77.805,160.615,441202.8,-1253910.8,SVL,s,-9.91,0.3279,0,in range
GRID_09037,-77.802,160.575,442187.7,-1253913.3,SVL,s,-10.874,0.4048,0,in range
GRID_09038,-77.799,160.534,443194.7,-1253907.3,SVL,s,-7.198,0.7667,0,in range
GRID_09039,-77.79,160.413,446173.2,-1253900.1,SVL,c,-10.348,0.4255,0,in range
GRID_09040,-77.787,160.372,447181.1,-1253891.0,SVL,c,-10.711,0.2427,0,in range
GRID_09041,-77.784,160.331,448189.2,-1253881.0,SVL,c,-10.758,0.4367,0,in range
GRID_09042,-77.781,160.291,449175.6,-1253878.1,SVL,d,-10.142,0.2434,0,in range
GRID_09043,-77.792,160.317,448199.5,-1252943.9,SVL,d,-10.082,0.5584,0,in range
GRID_09044,-77.834,160.75,437196.7,-1251939.1,SVL,c,-12.077,0.5465,0,in range
GRID_09045,-77.843,160.736,437176.4,-1250899.0,SVL,c,-11.129,0.4296,0,in range
GRID_09046,-77.81,160.288,448166.6,-1250855.3,SVL,c,-10.229,0.6022,0,in range
GRID_09047,-77.803,160.207,450194.9,-1250944.0,SVL,c,-10.02,0.3676,0,in range
GRID_09048,-77.855,160.762,436174.4,-1249852.6,SVL,s,-10.74,0.4811,0,in range
GRID_09049,-77.818,160.273,448197.4,-1249910.6,SVL,s,-9.638,0.2075,0,in range
GRID_09050,-77.812,160.192,450187.4,-1249895.9,SVL,c,-10.981,0.3796,0,in range
GRID_09051,-77.809,160.152,451171.7,-1249891.3,SVL,s,-9.192,0.5387,0,in range
GRID_09052,-77.863,160.748,436190.0,-1248916.3,SVL,s,-10.838,0.3164,0,in range
GRID_09053,-77.86,160.707,437192.5,-1248914.9,SVL,c,-12.137,0.6198,0,in range
GRID_09054,-77.827,160.259,448168.9,-1248870.4,SVL,c,-10.881,0.6083,0,in range
GRID_09055,-77.906,160.676,436196.1,-1243910.0,SVL,d,-10.435,0.5989,0,in range
GRID_09056,-77.903,160.635,437195.4,-1243908.4,SVL,s,-9.797,0.2708,0,in range
GRID_09057,-77.918,160.703,435174.3,-1242871.4,SVL,d,-10.816,0.563,0,in range
GRID_09058,-77.915,160.662,436172.7,-1242870.6,SVL,s,-11.24,0.3598,0,in range
GRID_09059,-77.912,160.621,437171.3,-1242869.0,SVL,s,-10.13,0.3105,0,in range
GRID_09062,-79.944,159.568,382165.9,-1025859.1,SVL,g,-7.011,0.9368,0,in range
GRID_09063,-80.1,160.192,365186.0,-1013898.8,SVL,g,-0.891,1.4998,0,in range
GRID_09064,-80.074,159.626,376174.3,-1012908.9,SVL,g,-8.045,0.4924,0,in range
GRID_09065,-80.141,159.764,371197.8,-1006933.4,SVL,g,-7.417,0.6974,0,in range
GRID_09164,-79.733,158.474,410157.6,-1039861.8,SVL,g,-9.136,0.6957,0,in range
GRID_09165,-79.738,158.408,411153.7,-1038879.6,SVL,g,-8.764,0.5989,0,in range
GRID_09166,-79.783,158.916,400154.5,-1037887.4,SVL,g,-9.745,0.4261,0,in range
GRID_09167,-79.78,158.868,401142.2,-1037858.1,SVL,g,-8.792,0.4591,0,in range
GRID_09168,-79.75,158.437,410145.0,-1037865.7,SVL,g,-9.883,0.3755,0,in range
GRID_09169,-79.746,158.389,411175.6,-1037928.9,SVL,d,-10.153,0.644,0,in range
GRID_09170,-79.801,159.041,397184.3,-1036917.7,SVL,g,-9.75,0.2354,0,in range
GRID_09171,-79.798,158.993,398170.6,-1036891.2,SVL,g,-10.015,0.1844,0,in range
GRID_09172,-79.795,158.945,399157.1,-1036863.8,SVL,g,-9.337,0.2324,0,in range
GRID_09173,-79.791,158.897,400183.3,-1036937.6,SVL,g,-9.425,0.3207,0,in range
GRID_09174,-79.788,158.849,401170.3,-1036908.2,SVL,g,-8.9,0.3731,0,in range
GRID_09175,-79.758,158.418,410167.0,-1036915.2,SVL,g,-9.717,0.4276,0,in range
GRID_09176,-79.81,159.023,397157.4,-1035873.0,SVL,g,-9.747,0.384,0,in range
GRID_09177,-79.806,158.975,398182.1,-1035948.6,SVL,g,-9.786,0.1886,0,in range
GRID_09178,-79.803,158.927,399167.9,-1035921.1,SVL,g,-8.283,0.6389,0,in range
GRID_09179,-79.8,158.878,400172.1,-1035885.7,SVL,g,-10.164,0.2096,0,in range
GRID_09180,-79.797,158.83,401158.4,-1035856.4,SVL,g,-8.404,0.564,0,in range
GRID_09181,-79.818,159.004,397187.1,-1034923.6,SVL,g,-8.443,0.6887,0,in range
GRID_09182,-79.815,158.956,398171.9,-1034897.0,SVL,g,-9.898,0.3213,0,in range
GRID_09183,-79.812,158.908,399156.9,-1034869.5,SVL,g,-10.104,0.2066,0,in range
GRID_09184,-79.808,158.86,400181.6,-1034943.1,SVL,g,-10.171,0.1995,0,in range
GRID_09185,-79.805,158.812,401167.2,-1034913.7,SVL,g,-9.991,0.3139,0,in range
GRID_09186,-79.775,158.38,410168.9,-1034912.8,SVL,g,-9.222,0.3245,0,in range
GRID_09187,-79.827,158.986,397158.9,-1033879.1,SVL,g,-9.999,0.0378,0,in range
GRID_09188,-79.824,158.938,398142.9,-1033852.5,SVL,g,-10.714,0.3396,0,in range
GRID_09189,-79.82,158.889,399184.6,-1033920.1,SVL,g,-10.751,0.8472,0,in range
GRID_09190,-79.817,158.841,400169.2,-1033891.6,SVL,g,-10.449,0.2854,0,in range
GRID_09191,-79.814,158.793,401154.0,-1033862.1,SVL,g,-9.34,0.7437,0,in range
GRID_09192,-79.81,158.745,402178.7,-1033933.8,SVL,g,-10.633,0.4196,0,in range
GRID_09193,-79.807,158.697,403164.1,-1033902.5,SVL,g,-10.089,0.5256,0,in range
GRID_09194,-79.804,158.649,404149.7,-1033870.2,SVL,c,-11.189,0.3474,0,in range
GRID_09195,-79.8,158.601,405175.4,-1033939.0,SVL,c,-10.803,0.617,0,in range
GRID_09196,-79.797,158.553,406161.6,-1033904.8,SVL,c,-11.58,0.5433,0,in range
GRID_09197,-79.794,158.505,407147.9,-1033869.8,SVL,g,-9.982,0.4247,0,in range
GRID_09198,-79.79,158.457,408174.7,-1033935.6,SVL,g,-10.284,0.3203,0,in range
GRID_09199,-79.852,159.209,392160.5,-1032858.6,SVL,g,-9.188,0.5267,0,in range
GRID_09200,-79.848,159.161,393181.4,-1032938.9,SVL,c,-9.869,0.7481,0,in range
GRID_09201,-79.835,158.967,397187.4,-1032929.9,SVL,g,-10.548,0.3126,0,in range
GRID_09202,-79.832,158.919,398170.7,-1032903.2,SVL,g,-10.61,0.4439,0,in range
GRID_09203,-79.829,158.871,399154.3,-1032875.6,SVL,g,-8.904,0.3679,0,in range
GRID_09204,-79.825,158.823,400177.6,-1032949.2,SVL,g,-10.637,0.3202,0,in range
GRID_09205,-79.822,158.774,401179.8,-1032912.7,SVL,g,-8.299,0.6862,0,in range
GRID_09206,-79.819,158.726,402164.1,-1032882.3,SVL,c,-10.636,0.7887,0,in range
GRID_09207,-79.809,158.582,405158.5,-1032887.4,SVL,c,-11.697,0.5178,0,in range
GRID_09208,-79.806,158.534,406143.8,-1032853.2,SVL,c,-11.984,0.4376,0,in range
GRID_09209,-79.802,158.486,407169.6,-1032920.0,SVL,c,-8.023,1.0128,0,in range
GRID_09210,-79.799,158.438,408155.5,-1032883.9,SVL,g,-9.248,0.3407,0,in range
GRID_09211,-79.795,158.39,409181.9,-1032948.7,SVL,g,-9.534,0.5098,0,in range
GRID_09212,-79.876,159.434,387178.6,-1031931.0,SVL,g,-9.471,0.4146,0,in range
GRID_09213,-79.873,159.385,388176.6,-1031906.9,SVL,g,-9.647,0.1609,0,in range
GRID_09214,-79.87,159.336,389174.9,-1031881.8,SVL,g,-10.424,0.1635,0,in range
GRID_09215,-79.867,159.288,390155.3,-1031862.5,SVL,g,-10.057,0.1505,0,in range
GRID_09216,-79.863,159.239,391192.9,-1031937.9,SVL,g,-8.581,0.4704,0,in range
GRID_09217,-79.86,159.191,392173.9,-1031916.8,SVL,g,-9.097,0.5918,0,in range
GRID_09218,-79.857,159.142,393173.2,-1031887.9,SVL,g,-8.603,0.5744,0,in range
GRID_09219,-79.854,159.094,394154.7,-1031864.9,SVL,g,-8.597,0.3133,0,in range
GRID_09220,-79.837,158.852,399180.8,-1031926.5,SVL,g,-10.891,0.4965,0,in range
GRID_09221,-79.834,158.804,400163.9,-1031897.9,SVL,g,-9.923,0.1934,0,in range
GRID_09222,-79.807,158.419,408175.8,-1031934.1,SVL,g,-9.534,0.4652,0,in range
GRID_09223,-79.801,158.323,410146.9,-1031859.2,SVL,g,-9.927,0.7387,0,in range
GRID_09224,-79.882,159.367,388153.7,-1030862.9,SVL,g,-10.504,0.4805,0,in range
GRID_09225,-79.878,159.318,389189.8,-1030940.2,SVL,g,-9.43,0.1753,0,in range
GRID_09226,-79.875,159.269,390187.5,-1030914.1,SVL,g,-8.522,0.7152,0,in range
GRID_09227,-79.872,159.221,391167.5,-1030893.9,SVL,g,-9.256,0.378,0,in range
GRID_09228,-79.869,159.172,392165.8,-1030865.9,SVL,g,-8.473,0.6674,0,in range
GRID_09229,-79.862,159.075,394184.1,-1030916.2,SVL,g,-9.776,0.1777,0,in range
GRID_09230,-79.859,159.027,395165.2,-1030892.2,SVL,g,-8.151,0.7571,0,in range
GRID_09231,-79.887,159.3,389165.4,-1029896.4,SVL,g,-9.635,0.3787,0,in range
GRID_09232,-79.884,159.251,390162.4,-1029870.2,SVL,g,-9.247,0.2853,0,in range
GRID_09233,-79.88,159.202,391198.5,-1029945.5,SVL,g,-9.196,0.339,0,in range
GRID_09234,-79.877,159.154,392178.0,-1029924.3,SVL,g,-8.511,0.5826,0,in range
GRID_09235,-79.874,159.105,393175.8,-1029895.3,SVL,g,-8.915,0.4383,0,in range
GRID_09236,-79.871,159.057,394155.8,-1029872.2,SVL,g,-8.205,0.7481,0,in range
GRID_09237,-79.896,159.281,389158.4,-1028845.9,SVL,g,-9.167,0.6772,0,in range
GRID_09238,-79.892,159.233,390175.4,-1028928.9,SVL,g,-8.184,0.7646,0,in range
GRID_09239,-79.889,159.184,391171.9,-1028901.7,SVL,c,-11.264,0.3152,0,in range
GRID_09240,-79.886,159.135,392168.7,-1028873.7,SVL,g,-9.441,0.3168,0,in range
GRID_09241,-79.883,159.087,393147.7,-1028851.5,SVL,g,-8.125,0.8059,0,in range
GRID_09242,-79.879,159.038,394184.1,-1028923.7,SVL,g,-7.395,1.079,0,in range
GRID_09243,-79.876,158.99,395163.6,-1028899.7,SVL,g,-6.903,0.8624,0,in range
GRID_09244,-79.873,158.941,396161.4,-1028867.8,SVL,g,-7.362,0.8498,0,in range
GRID_09245,-79.901,159.214,390167.0,-1027878.4,SVL,g,-10.405,0.4216,0,in range
GRID_09246,-79.898,159.165,391162.7,-1027851.3,SVL,g,-9.106,0.5675,0,in range
GRID_09247,-79.894,159.117,392179.7,-1027932.3,SVL,g,-8.906,0.1192,0,in range
GRID_09248,-79.891,159.068,393176.0,-1027903.2,SVL,g,-10.002,0.4584,0,in range
GRID_09249,-79.888,159.02,394154.6,-1027880.0,SVL,g,-9.013,0.3122,0,in range
GRID_09250,-79.885,158.971,395151.3,-1027849.1,SVL,g,-9.014,0.4283,0,in range
GRID_09251,-79.881,158.923,396169.7,-1027926.2,SVL,g,-9.559,0.2572,0,in range
GRID_09252,-79.878,158.874,397167.0,-1027893.3,SVL,g,-8.751,0.3934,0,in range
GRID_09253,-79.932,158.81,396178.5,-1021938.2,SVL,g,-8.4,0.5713,0,in range
GRID_09254,-79.926,158.712,398164.3,-1021870.9,SVL,g,-9.073,0.3731,1,slope
GRID_09255,-79.951,158.937,393165.0,-1020873.3,SVL,g,-8.73,0.3701,0,in range
GRID_09256,-79.928,158.596,400152.5,-1020858.9,SVL,g,-8.034,0.7058,0,in range
GRID_09262,-79.961,159.084,390153.8,-1020856.3,SVL,g,-8.693,0.4657,0,in range
GRID_09263,-79.957,159.035,391183.3,-1020931.1,SVL,g,-8.462,0.3273,0,in range
GRID_09264,-79.981,159.096,389159.0,-1018893.2,SVL,g,-9.006,0.5092,0,in range
GRID_09265,-79.974,158.998,391175.7,-1018941.3,SVL,g,-9.277,0.2146,0,in range
GRID_09266,-79.993,159.126,388157.5,-1017869.8,SVL,g,-9.411,0.2622,0,in range
GRID_09267,-79.989,159.077,389184.2,-1017946.3,SVL,g,-9.355,0.4011,0,in range
GRID_09268,-79.986,159.028,390172.1,-1017919.7,SVL,g,-9.015,0.2493,0,in range
GRID_09269,-80.012,158.971,390163.6,-1014875.2,SVL,g,-8.86,0.1467,0,in range
GRID_09270,-79.068,159.181,423186.6,-1112934.6,SVL,d,-11.53,0.6744,0,in range
GRID_09271,-79.072,158.967,427183.1,-1110937.0,SVL,w,-9.878,0.5634,0,in range
GRID_09272,-79.126,159.581,413188.8,-1109904.4,SVL,g,-8.716,0.429,0,in range
GRID_09273,-79.146,159.593,412192.0,-1107936.6,SVL,g,-8.137,0.6055,0,in range
GRID_09274,-79.143,159.548,413176.9,-1107920.6,SVL,w,-9.87,0.5815,0,in range
GRID_09275,-79.155,159.576,412176.5,-1106889.9,SVL,w,-9.744,0.5039,0,in range
GRID_09276,-79.237,159.777,405184.8,-1099897.2,SVL,g,-9.748,0.363,0,in range
GRID_09277,-79.234,159.732,406162.4,-1099887.0,SVL,g,-8.197,0.3945,0,in range
GRID_09278,-79.231,159.686,407159.4,-1099868.9,SVL,w,-8.647,0.3849,0,in range
GRID_09279,-79.247,159.497,410171.2,-1096877.7,SVL,w,-6.227,0.8781,0,in range
GRID_09280,-79.255,159.48,410189.4,-1095935.0,SVL,w,-9.571,0.3085,0,in range
GRID_09281,-79.242,158.879,422175.6,-1092900.8,SVL,w,-9.333,0.5583,0,in range
GRID_09282,-79.311,159.578,406173.3,-1090884.9,SVL,g,-8.158,0.3439,0,in range
GRID_09283,-79.319,159.561,406190.9,-1089943.0,SVL,g,-9.315,0.5141,0,in range
GRID_09284,-79.369,159.567,404164.4,-1084852.4,SVL,g,-8.894,0.7412,0,in range
GRID_09285,-79.374,159.504,405165.2,-1083894.3,SVL,g,-7.558,0.6051,0,in range
GRID_09286,-79.371,159.457,406169.5,-1083869.3,SVL,g,-7.74,0.7819,0,in range
GRID_09287,-79.53,158.805,412180.2,-1062939.2,SVL,g,-8.988,0.407,0,in range
GRID_09288,-79.546,158.88,410157.1,-1061843.2,SVL,g,-9.554,0.489,0,in range
GRID_09289,-79.542,158.834,411167.7,-1061922.1,SVL,g,-9.513,0.432,0,in range
GRID_09290,-79.529,158.646,415168.3,-1061893.3,SVL,w,-9.812,0.5239,0,in range
GRID_09291,-79.557,158.909,409186.1,-1060926.7,SVL,g,-8.235,0.7707,0,in range
GRID_09292,-79.554,158.862,410174.7,-1060897.2,SVL,g,-8.739,0.9342,0,in range
GRID_09293,-79.551,158.815,411163.6,-1060866.7,SVL,g,-9.635,0.3272,0,in range
GRID_09294,-79.572,158.985,407189.4,-1059935.1,SVL,g,-9.378,0.4106,0,in range
GRID_09295,-79.563,158.844,410152.3,-1059849.0,SVL,g,-8.424,0.5309,0,in range
GRID_09296,-79.583,158.855,409158.7,-1057885.0,SVL,d,-9.669,0.4866,0,in range
GRID_09297,-79.58,158.808,410145.1,-1057855.3,SVL,g,-9.858,0.5,0,in range
GRID_09298,-79.576,158.761,411171.4,-1057926.8,SVL,d,-10.869,0.5436,0,in range
GRID_09299,-79.588,158.789,410178.9,-1056902.5,SVL,g,-9.206,0.8287,0,in range
GRID_09300,-79.597,158.771,410154.1,-1055854.9,SVL,g,-10.257,0.7015,0,in range
GRID_09301,-79.593,158.724,411179.0,-1055926.2,SVL,d,-11.053,0.5014,0,in range
GRID_09302,-79.59,158.677,412164.5,-1055894.6,SVL,d,-9.715,0.6439,0,in range
GRID_09303,-79.608,158.8,409184.0,-1054939.3,SVL,g,-10.018,0.4271,0,in range
GRID_09304,-79.605,158.753,410168.3,-1054909.5,SVL,g,-8.756,0.5124,0,in range
GRID_09305,-79.617,158.782,409158.7,-1053891.9,SVL,c,-11.5,0.6001,0,in range
GRID_09306,-79.614,158.735,410142.2,-1053862.1,SVL,c,-10.589,0.5043,0,in range
GRID_09307,-79.61,158.687,411184.2,-1053926.2,SVL,d,-9.601,0.6839,0,in range
GRID_09308,-79.642,159.0,404164.8,-1052885.3,SVL,g,-9.716,0.5979,0,in range
GRID_09309,-79.639,158.953,405146.3,-1052860.0,SVL,d,-9.789,0.4262,0,in range
GRID_09310,-79.625,158.763,409190.8,-1052939.6,SVL,c,-11.947,0.592,0,in range
GRID_09311,-79.622,158.716,410173.7,-1052909.7,SVL,c,-10.887,0.6899,0,in range
GRID_09312,-79.619,158.669,411156.7,-1052878.9,SVL,d,-9.738,0.6069,0,in range
GRID_09313,-79.615,158.622,412179.9,-1052949.2,SVL,d,-10.915,0.4868,0,in range
GRID_09314,-79.647,158.934,405180.6,-1051908.2,SVL,c,-9.778,0.9314,0,in range
GRID_09315,-79.644,158.887,406161.7,-1051881.9,SVL,g,-10.036,0.3661,0,in range
GRID_09316,-79.641,158.84,407143.0,-1051854.7,SVL,g,-8.885,0.537,0,in range
GRID_09317,-79.634,158.745,409164.3,-1051892.6,SVL,c,-11.159,0.5543,0,in range
GRID_09318,-79.631,158.698,410146.4,-1051862.6,SVL,c,-11.059,0.385,0,in range
GRID_09319,-79.627,158.65,411186.9,-1051926.6,SVL,g,-9.797,0.5876,0,in range
GRID_09320,-79.652,158.869,406176.3,-1050937.1,SVL,g,-7.96,0.8467,0,in range
GRID_09321,-79.649,158.821,407175.3,-1050902.8,SVL,g,-8.164,0.5282,0,in range
GRID_09322,-79.646,158.774,408156.1,-1050874.7,SVL,c,-11.481,0.6012,0,in range
GRID_09323,-79.642,158.727,409176.9,-1050947.6,SVL,c,-11.452,0.6864,0,in range
GRID_09324,-79.639,158.679,410176.7,-1050910.5,SVL,d,-9.163,0.5984,0,in range
GRID_09325,-79.636,158.632,411158.3,-1050879.6,SVL,d,-10.42,0.4513,0,in range
GRID_09326,-79.658,158.803,407149.1,-1049856.0,SVL,d,-10.069,0.5885,0,in range
GRID_09327,-79.654,158.756,408168.8,-1049929.9,SVL,c,-11.322,0.6159,0,in range
GRID_09328,-79.651,158.708,409167.6,-1049893.7,SVL,c,-10.58,0.7234,0,in range
GRID_09329,-79.648,158.661,410148.2,-1049863.6,SVL,d,-10.636,0.5444,0,in range
GRID_09330,-79.644,158.614,411169.0,-1049934.7,SVL,g,-10.256,0.5494,0,in range
GRID_09331,-79.656,158.642,410177.3,-1048911.8,SVL,g,-10.041,0.7808,0,in range
GRID_09332,-79.653,158.595,411157.5,-1048880.8,SVL,g,-6.583,0.9703,0,in range
GRID_09333,-79.203,160.415,394161.2,-1107850.9,SVL,g,-1.6,1.6412,0,in range
GRID_09334,-79.235,160.458,392156.7,-1104841.8,SVL,g,-1.357,1.8595,0,in range
GRID_09335,-79.241,159.978,401173.6,-1100900.1,SVL,g,-9.326,0.2082,0,in range
GRID_09336,-79.238,159.932,402170.2,-1100886.4,SVL,g,-7.358,0.7947,0,in range
GRID_09337,-79.229,159.794,405161.2,-1100840.1,SVL,g,-6.313,0.9459,0,in range
GRID_09338,-79.268,160.082,398166.8,-1098845.0,SVL,g,-8.496,0.3721,0,in range
GRID_09339,-79.264,159.881,402170.0,-1097852.9,SVL,g,-9.57,0.3663,0,in range
GRID_09340,-79.35,159.868,399176.1,-1088915.0,SVL,g,-8.878,0.2296,0,in range
GRID_09341,-79.423,159.935,395158.8,-1081869.5,SVL,g,-9.662,0.5069,0,in range
GRID_09342,-79.407,159.701,400182.0,-1081890.5,SVL,g,-9.735,0.7792,0,in range
GRID_09343,-79.529,159.775,394164.7,-1069867.4,SVL,g,-2.095,1.7038,0,in range
GRID_09344,-79.522,159.681,396185.6,-1069938.3,SVL,n,-6.292,1.1854,1,litho
GRID_09345,-79.519,159.634,397177.5,-1069920.9,SVL,n,-9.075,0.2414,1,litho
GRID_09346,-79.544,159.852,392160.7,-1068853.9,SVL,g,-2.597,1.7064,1,slope
GRID_09347,-79.583,159.718,393178.8,-1063927.6,SVL,d,-3.236,1.5412,0,in range
GRID_09348,-79.58,159.239,402176.0,-1060910.6,SVL,g,-8.255,0.7643,0,in range
GRID_09349,-79.618,159.647,393163.9,-1059846.0,SVL,g,-9.636,0.3179,0,in range
GRID_09350,-79.582,159.127,404171.0,-1059917.8,SVL,n,-10.354,0.4792,1,litho
GRID_09351,-79.579,159.08,405157.7,-1059892.7,SVL,n,-9.767,0.4698,1,litho
GRID_09352,-79.636,159.772,390169.2,-1058851.8,SVL,g,-2.103,1.6581,0,in range
GRID_09353,-79.632,159.725,391189.4,-1058942.2,SVL,g,-8.684,0.5083,0,in range
GRID_09354,-79.647,159.803,389180.4,-1057932.3,SVL,g,-2.13,1.5241,0,in range
GRID_09355,-79.644,159.755,390180.2,-1057914.1,SVL,g,-8.044,0.843,0,in range
GRID_09356,-79.653,159.737,390171.3,-1056866.9,SVL,g,-8.942,0.6124,0,in range
GRID_09357,-79.654,159.464,395164.1,-1054893.3,SVL,g,-8.917,0.6164,0,in range
GRID_09358,-79.659,159.398,396186.3,-1053925.0,SVL,g,-8.828,0.6409,0,in range
GRID_09359,-79.687,159.667,390168.6,-1052898.6,SVL,g,-9.742,0.2274,0,in range
GRID_09360,-79.702,159.745,388166.3,-1051888.0,SVL,c,-11.194,0.2886,0,in range
GRID_09361,-79.663,159.172,400184.7,-1051944.7,SVL,g,-8.573,0.4966,0,in range
GRID_09362,-79.714,159.775,387161.2,-1050858.2,SVL,c,-10.684,0.4033,0,in range
GRID_09363,-79.71,159.727,388193.2,-1050944.3,SVL,c,-7.377,1.0074,0,in range
GRID_09364,-79.722,159.757,387188.3,-1049914.7,SVL,c,-11.147,0.3715,0,in range
GRID_09365,-79.719,159.709,388181.6,-1049898.1,SVL,c,-10.301,0.493,0,in range
GRID_09366,-79.677,159.088,401179.3,-1049924.9,SVL,g,-9.783,0.2025,0,in range
GRID_09367,-79.734,159.788,386166.2,-1048891.2,SVL,c,-11.015,0.6453,0,in range
GRID_09368,-79.731,159.74,387158.6,-1048875.4,SVL,c,-10.857,0.5565,0,in range
GRID_09369,-79.721,159.595,390193.5,-1048918.4,SVL,g,-8.982,0.7392,0,in range
GRID_09370,-79.743,159.77,386155.0,-1047845.2,SVL,c,-11.156,0.4243,0,in range
GRID_09371,-79.739,159.722,387184.5,-1047932.1,SVL,c,-10.256,0.6834,0,in range
GRID_09372,-79.736,159.674,388176.4,-1047915.4,SVL,g,-9.155,0.5639,0,in range
GRID_09373,-79.73,159.578,390160.8,-1047879.2,SVL,g,-9.201,0.3531,0,in range
GRID_09374,-79.751,159.752,386181.1,-1046902.1,SVL,c,-11.537,0.4826,0,in range
GRID_09375,-79.748,159.704,387171.9,-1046886.3,SVL,c,-10.688,0.6726,0,in range
GRID_09376,-79.745,159.656,388163.0,-1046869.5,SVL,g,-8.533,0.5192,0,in range
GRID_09377,-79.76,159.734,386168.6,-1045856.4,SVL,c,-11.283,0.456,0,in range
GRID_09378,-79.756,159.686,387196.7,-1045943.2,SVL,c,-11.307,0.3556,0,in range
GRID_09379,-79.753,159.638,388187.1,-1045926.4,SVL,g,-9.742,0.228,0,in range
GRID_09380,-79.75,159.59,389177.7,-1045908.6,SVL,g,-9.116,0.5396,0,in range
GRID_09381,-79.768,159.717,386175.3,-1044920.3,SVL,c,-10.42,0.7323,0,in range
GRID_09382,-79.765,159.668,387182.9,-1044897.6,SVL,c,-11.094,0.356,0,in range
GRID_09383,-79.762,159.62,388172.5,-1044880.8,SVL,g,-9.938,0.0941,0,in range
GRID_09384,-79.759,159.572,389162.4,-1044863.0,SVL,g,-9.458,0.4168,0,in range
GRID_09385,-79.739,159.284,395184.1,-1044941.7,SVL,g,-9.395,0.4372,0,in range
GRID_09386,-79.72,158.997,401158.9,-1044891.1,SVL,g,-7.953,0.7622,0,in range
GRID_09387,-79.717,158.949,402152.1,-1044861.2,SVL,g,-9.473,0.2671,0,in range
GRID_09388,-79.777,159.699,386161.7,-1043874.8,SVL,c,-12.418,0.4033,0,in range
GRID_09389,-79.774,159.65,387168.5,-1043852.1,SVL,c,-10.939,0.6084,0,in range
GRID_09390,-79.77,159.602,388195.5,-1043937.8,SVL,g,-9.685,0.2051,0,in range
GRID_09391,-79.767,159.554,389184.7,-1043920.0,SVL,g,-9.414,0.2985,0,in range
GRID_09392,-79.764,159.506,390174.1,-1043901.2,SVL,g,-10.216,0.3466,0,in range
GRID_09393,-79.748,159.266,395163.5,-1043896.0,SVL,g,-9.566,0.5698,0,in range
GRID_09394,-79.745,159.218,396154.4,-1043871.6,SVL,g,-9.137,0.405,0,in range
GRID_09395,-79.785,159.681,386185.5,-1042932.1,SVL,c,-11.168,0.1844,0,in range
GRID_09396,-79.782,159.633,387173.4,-1042916.1,SVL,c,-11.7,0.157,0,in range
GRID_09397,-79.779,159.584,388179.8,-1042892.4,SVL,g,-10.189,0.1349,0,in range
GRID_09398,-79.776,159.536,389168.1,-1042874.6,SVL,g,-9.728,0.3102,0,in range
GRID_09399,-79.773,159.488,390156.8,-1042855.8,SVL,g,-8.549,0.5155,0,in range
GRID_09400,-79.757,159.247,395160.5,-1042843.5,SVL,g,-9.525,0.6118,0,in range
GRID_09401,-79.753,159.199,396189.5,-1042921.4,SVL,g,-9.055,0.3743,0,in range
GRID_09402,-79.794,159.663,386170.7,-1041886.9,SVL,c,-11.417,0.4718,0,in range
GRID_09403,-79.791,159.615,387157.9,-1041870.9,SVL,c,-12.212,0.3259,0,in range
GRID_09404,-79.788,159.566,388163.4,-1041847.2,SVL,c,-10.848,0.6253,0,in range
GRID_09405,-79.784,159.518,389189.3,-1041931.8,SVL,g,-8.601,0.5609,0,in range
GRID_09406,-79.781,159.47,390177.2,-1041913.0,SVL,g,-7.679,1.0336,0,in range
GRID_09407,-79.778,159.422,391165.4,-1041893.2,SVL,g,-7.372,1.0905,0,in range
GRID_09408,-79.768,159.277,394188.3,-1041923.9,SVL,g,-9.731,0.1929,0,in range
GRID_09409,-79.765,159.229,395177.5,-1041900.4,SVL,g,-8.633,0.4616,0,in range
GRID_09410,-79.726,158.655,407149.6,-1041866.1,SVL,d,-8.781,0.7148,0,in range
GRID_09411,-79.722,158.607,408182.0,-1041932.4,SVL,d,-9.298,0.5721,0,in range
GRID_09412,-79.802,159.645,386193.4,-1040944.5,SVL,c,-6.895,1.0213,0,in range
GRID_09413,-79.799,159.597,387179.8,-1040928.4,SVL,c,-12.191,0.2498,0,in range
GRID_09414,-79.796,159.548,388184.7,-1040904.6,SVL,c,-11.393,0.5486,0,in range
GRID_09415,-79.793,159.5,389171.6,-1040886.6,SVL,g,-8.739,0.5857,0,in range
GRID_09416,-79.79,159.452,390158.7,-1040867.8,SVL,g,-7.426,1.0966,0,in range
GRID_09417,-79.787,159.404,391146.1,-1040848.0,SVL,g,-8.626,0.523,0,in range
GRID_09418,-79.777,159.259,394166.7,-1040878.6,SVL,g,-9.797,0.1175,0,in range
GRID_09419,-79.774,159.211,395155.1,-1040855.0,SVL,g,-9.575,0.5361,0,in range
GRID_09420,-79.77,159.163,396182.7,-1040932.9,SVL,g,-8.597,0.5649,0,in range
GRID_09421,-79.751,158.875,402159.7,-1040868.6,SVL,g,-8.475,0.4479,0,in range
GRID_09422,-79.747,158.827,403189.7,-1040939.7,SVL,g,-7.531,0.7305,0,in range
GRID_09423,-79.744,158.779,404180.5,-1040907.7,SVL,g,-8.086,0.7738,0,in range
GRID_09424,-79.741,158.732,405153.3,-1040881.9,SVL,g,-7.7,0.819,0,in range
GRID_09425,-79.734,158.636,407176.0,-1040915.3,SVL,g,-8.391,0.6606,0,in range
GRID_09426,-79.731,158.588,408167.8,-1040879.6,SVL,d,-9.779,0.4694,0,in range
GRID_09427,-79.728,158.541,409141.6,-1040850.2,SVL,d,-9.472,0.3947,1,slope
GRID_09428,-79.724,158.493,410174.0,-1040914.5,SVL,d,-9.904,0.4418,0,in range
GRID_09429,-79.808,159.579,387163.1,-1039883.4,SVL,c,-7.062,1.1138,0,in range
GRID_09430,-79.805,159.53,388167.1,-1039859.5,SVL,c,-10.845,0.6432,0,in range
GRID_09431,-79.801,159.482,389191.6,-1039944.1,SVL,g,-10.012,0.2575,0,in range
GRID_09432,-79.798,159.434,390178.0,-1039925.2,SVL,g,-8.698,0.5373,0,in range
GRID_09433,-79.756,158.809,403160.5,-1039894.3,SVL,g,-7.791,0.7562,0,in range
GRID_09434,-79.753,158.761,404150.5,-1039862.3,SVL,g,-8.255,0.7154,0,in range
GRID_09435,-79.749,158.713,405180.5,-1039931.4,SVL,g,-9.436,0.5576,0,in range
GRID_09436,-79.739,158.57,408174.7,-1039936.0,SVL,d,-9.749,0.4501,0,in range
GRID_09437,-79.736,158.522,409166.1,-1039899.4,SVL,d,-10.093,0.5103,0,in range
GRID_09438,-79.813,159.512,388187.2,-1038917.2,SVL,c,-3.083,1.5744,0,in range
GRID_09439,-79.81,159.464,389172.7,-1038899.1,SVL,c,-11.894,0.3508,0,in range
GRID_09440,-79.807,159.416,390158.3,-1038880.2,SVL,g,-9.668,0.3385,0,in range
GRID_09441,-79.761,158.742,404177.8,-1038912.0,SVL,g,-8.564,0.5619,1,slope
GRID_09442,-79.758,158.694,405167.3,-1038879.0,SVL,g,-9.192,0.2108,0,in range
GRID_09443,-79.755,158.647,406139.0,-1038852.2,SVL,c,-11.55,0.4839,0,in range
GRID_09444,-79.751,158.599,407168.9,-1038919.3,SVL,c,-12.025,0.3791,0,in range
GRID_09445,-79.748,158.551,408159.3,-1038883.5,SVL,c,-10.761,0.5197,0,in range
GRID_09446,-79.745,158.503,409149.8,-1038846.8,SVL,c,-12.107,0.4368,0,in range
GRID_09447,-79.831,159.64,385179.7,-1037934.5,SVL,c,-1.818,1.1863,0,in range
GRID_09448,-79.828,159.591,386181.8,-1037912.5,SVL,c,-2.799,1.3304,0,in range
GRID_09449,-79.819,159.446,389153.1,-1037854.3,SVL,c,-8.905,1.1807,0,in range
GRID_09450,-79.815,159.397,390194.6,-1037931.0,SVL,g,-8.797,0.6942,0,in range
GRID_09451,-79.812,159.349,391179.9,-1037911.1,SVL,g,-9.874,0.2933,0,in range
GRID_09452,-79.809,159.301,392165.3,-1037890.2,SVL,g,-8.703,0.6276,0,in range
GRID_09453,-79.806,159.253,393151.0,-1037868.4,SVL,g,-9.91,0.1894,0,in range
GRID_09454,-79.802,159.204,394193.9,-1037941.2,SVL,g,-10.346,0.1522,0,in range
GRID_09455,-79.766,158.676,405175.2,-1037935.8,SVL,g,-9.244,0.3568,0,in range
GRID_09456,-79.763,158.628,406164.3,-1037901.8,SVL,c,-10.972,0.6256,0,in range
GRID_09457,-79.76,158.58,407153.6,-1037867.0,SVL,c,-12.038,0.2454,0,in range
GRID_09458,-79.756,158.532,408183.2,-1037933.0,SVL,c,-11.347,0.5021,0,in range
GRID_09459,-79.753,158.484,409173.1,-1037896.3,SVL,c,-11.556,0.4241,0,in range
GRID_09460,-79.84,159.622,385162.7,-1036889.9,SVL,c,-8.83,1.0631,0,in range
GRID_09461,-79.837,159.573,386164.0,-1036867.8,SVL,c,-11.05,0.5048,0,in range
GRID_09462,-79.834,159.525,387147.4,-1036851.6,SVL,c,-7.892,0.1349,0,in range
GRID_09463,-79.83,159.476,388187.5,-1036930.2,SVL,c,-2.403,1.3536,0,in range
GRID_09464,-79.827,159.428,389171.4,-1036912.1,SVL,c,-8.527,0.748,0,in range
GRID_09465,-79.824,159.379,390173.7,-1036886.3,SVL,g,-10.038,0.3193,0,in range
GRID_09466,-79.821,159.331,391158.2,-1036866.3,SVL,g,-9.609,0.2843,0,in range
GRID_09467,-79.817,159.283,392181.6,-1036947.8,SVL,g,-9.981,0.4974,0,in range
GRID_09468,-79.814,159.234,393184.7,-1036919.1,SVL,g,-9.809,0.3523,0,in range
GRID_09469,-79.811,159.186,394169.9,-1036896.3,SVL,g,-9.57,0.499,0,in range
GRID_09470,-79.808,159.138,395155.4,-1036872.6,SVL,g,-8.488,0.8371,0,in range
GRID_09471,-79.804,159.09,396180.2,-1036950.3,SVL,g,-10.001,0.1568,0,in range
GRID_09472,-79.785,158.801,402157.6,-1036878.0,SVL,g,-8.721,0.3031,0,in range
GRID_09473,-79.768,158.561,407177.6,-1036916.7,SVL,g,-9.485,0.4383,0,in range
GRID_09474,-79.765,158.513,408166.5,-1036880.8,SVL,g,-9.131,0.6902,0,in range
GRID_09475,-79.848,159.603,385201.4,-1035941.3,SVL,c,-10.997,0.3298,0,in range
GRID_09476,-79.845,159.555,386183.8,-1035925.9,SVL,c,-10.85,0.1845,0,in range
GRID_09477,-79.842,159.506,387184.6,-1035902.9,SVL,c,-11.977,0.2851,0,in range
GRID_09478,-79.839,159.458,388167.5,-1035885.7,SVL,g,-9.668,0.5445,0,in range
GRID_09479,-79.836,159.409,389168.8,-1035860.7,SVL,g,-9.742,0.3008,0,in range
GRID_09480,-79.832,159.361,390190.8,-1035944.1,SVL,g,-9.148,0.5241,0,in range
GRID_09481,-79.829,159.313,391174.5,-1035924.1,SVL,g,-9.689,0.333,0,in range
GRID_09482,-79.826,159.264,392176.6,-1035896.3,SVL,g,-10.016,0.1502,0,in range
GRID_09483,-79.823,159.216,393160.8,-1035874.4,SVL,g,-10.136,0.0961,0,in range
GRID_09484,-79.82,159.168,394145.3,-1035851.6,SVL,g,-9.523,0.3204,0,in range
GRID_09485,-79.816,159.119,395187.1,-1035923.3,SVL,g,-9.316,0.3846,0,in range
GRID_09486,-79.813,159.071,396172.1,-1035898.6,SVL,g,-9.377,0.4265,0,in range
GRID_09487,-79.793,158.782,402184.5,-1035928.1,SVL,g,-9.655,0.5725,0,in range
GRID_09488,-79.79,158.734,403171.3,-1035896.9,SVL,g,-8.258,0.6485,0,in range
GRID_09489,-79.777,158.542,407161.0,-1035864.6,SVL,g,-9.286,0.5234,0,in range
GRID_09490,-79.857,159.585,385183.2,-1034896.9,SVL,c,-7.413,1.0249,0,in range
GRID_09491,-79.854,159.537,386164.8,-1034881.5,SVL,c,-10.588,0.6187,0,in range
GRID_09492,-79.851,159.488,387164.8,-1034858.5,SVL,c,-10.769,0.4527,0,in range
GRID_09493,-79.847,159.44,388185.4,-1034943.7,SVL,g,-10.202,0.2847,0,in range
GRID_09494,-79.844,159.391,389185.9,-1034918.7,SVL,g,-10.318,0.2547,0,in range
GRID_09495,-79.841,159.343,390168.6,-1034899.6,SVL,g,-8.547,0.6233,0,in range
GRID_09496,-79.838,159.294,391169.7,-1034872.8,SVL,g,-6.673,0.8227,0,in range
GRID_09497,-79.835,159.246,392152.9,-1034851.8,SVL,g,-9.349,0.18,0,in range
GRID_09498,-79.831,159.198,393175.2,-1034932.2,SVL,g,-9.86,0.1919,0,in range
GRID_09499,-79.828,159.149,394177.0,-1034902.5,SVL,g,-10.06,0.4678,0,in range
GRID_09500,-79.825,159.101,395161.0,-1034878.7,SVL,g,-9.221,0.3207,0,in range
GRID_09501,-79.822,159.053,396145.3,-1034854.0,SVL,g,-9.712,0.2227,0,in range
GRID_09502,-79.802,158.764,402153.1,-1034883.4,SVL,g,-10.917,0.6266,0,in range
GRID_09503,-79.799,158.716,403139.1,-1034852.1,SVL,g,-10.208,0.5149,0,in range
GRID_09504,-79.795,158.668,404165.2,-1034921.9,SVL,c,-11.855,0.1864,0,in range
GRID_09505,-79.785,158.524,407165.8,-1034921.6,SVL,g,-9.386,0.7261,0,in range
GRID_09506,-79.782,158.476,408153.1,-1034885.7,SVL,g,-9.834,0.5676,0,in range
GRID_09507,-79.866,159.567,385164.3,-1033852.7,SVL,c,-2.362,1.7961,0,in range
GRID_09508,-79.862,159.519,386183.5,-1033939.8,SVL,c,-10.786,0.4016,0,in range
GRID_09509,-79.859,159.47,387182.8,-1033916.7,SVL,c,-9.946,0.7486,0,in range
GRID_09510,-79.856,159.422,388164.2,-1033899.4,SVL,g,-9.89,0.066,0,in range
GRID_09511,-79.853,159.373,389164.0,-1033874.4,SVL,g,-10.038,0.2115,0,in range
GRID_09512,-79.85,159.324,390164.0,-1033848.5,SVL,g,-10.067,0.0912,0,in range
GRID_09513,-79.846,159.276,391184.9,-1033930.8,SVL,g,-10.114,0.1464,0,in range
GRID_09514,-79.843,159.228,392167.4,-1033909.7,SVL,c,-10.225,0.5455,0,in range
GRID_09515,-79.84,159.179,393168.2,-1033880.9,SVL,g,-8.431,0.658,0,in range
GRID_09516,-79.833,159.082,395191.5,-1033929.6,SVL,g,-9.292,0.2384,0,in range
GRID_09517,-79.83,159.034,396175.1,-1033904.8,SVL,g,-9.531,0.3301,0,in range
GRID_09518,-79.871,159.5,386181.4,-1032889.0,SVL,g,-7.983,0.7539,0,in range
GRID_09519,-79.868,159.452,387161.8,-1032872.6,SVL,g,-9.259,0.4249,0,in range
GRID_09520,-79.865,159.403,388160.5,-1032848.5,SVL,g,-9.64,0.2215,0,in range
GRID_09521,-79.861,159.355,389180.0,-1032932.6,SVL,g,-8.892,0.378,0,in range
GRID_09522,-79.858,159.306,390179.3,-1032906.6,SVL,g,-8.235,0.7723,0,in range
GRID_09523,-79.855,159.258,391160.8,-1032886.5,SVL,g,-9.185,0.5483,0,in range
GRID_09524,-79.686,158.795,406186.7,-1046940.9,SVL,g,-9.932,0.5776,0,in range
GRID_09525,-79.698,158.824,405182.1,-1045921.2,SVL,g,-10.089,0.361,0,in range
GRID_09526,-79.695,158.777,406158.9,-1045894.6,SVL,g,-8.384,0.4757,0,in range
GRID_09527,-79.692,158.729,407154.1,-1045860.1,SVL,g,-9.591,0.3534,0,in range
GRID_09528,-79.707,158.806,405154.4,-1044875.1,SVL,g,-9.792,0.3182,0,in range
GRID_09529,-79.703,158.758,406188.3,-1044943.5,SVL,g,-9.354,0.3635,0,in range
GRID_09530,-79.715,158.787,405184.0,-1043924.1,SVL,g,-9.852,0.5562,0,in range
GRID_09531,-79.712,158.74,406159.3,-1043897.5,SVL,g,-9.895,0.5448,0,in range
GRID_09532,-78.642,162.009,382188.6,-1176884.4,SVL,g,-9.555,0.1793,0,in range
GRID_09535,-78.659,161.98,382207.3,-1174917.6,SVL,g,-8.88,0.6162,0,in range
GRID_09536,-78.702,162.055,379215.9,-1170930.0,SVL,g,-8.004,0.4155,0,in range
GRID_09537,-78.765,162.443,369193.7,-1166883.7,SVL,g,-9.423,0.438,0,in range
GRID_09538,-78.771,162.384,370196.0,-1165875.8,SVL,g,-9.726,0.5374,0,in range
GRID_09539,-78.765,162.295,372206.6,-1165926.2,SVL,g,-8.744,0.4471,0,in range
GRID_09540,-78.757,162.161,375201.2,-1165887.6,SVL,g,-7.962,0.4291,0,in range
GRID_09541,-78.78,162.37,370181.9,-1164844.7,SVL,d,-9.232,0.3801,0,in range
GRID_09542,-78.771,162.236,373206.3,-1164915.6,SVL,g,-7.659,0.761,0,in range
GRID_09543,-78.769,162.191,374188.2,-1164831.0,SVL,g,-4.465,0.6144,0,in range
GRID_09544,-78.883,162.497,364202.2,-1154891.1,SVL,g,-5.922,0.4793,0,in range
GRID_09545,-78.841,161.674,382201.0,-1153912.3,SVL,g,-3.098,0.8044,0,in range
GRID_09546,-78.861,161.689,381209.9,-1151930.4,SVL,g,-7.36,0.7283,0,in range
GRID_09547,-78.859,161.644,382183.6,-1151838.7,SVL,g,-8.344,0.3627,0,in range
GRID_09548,-78.946,162.593,360200.4,-1148908.9,SVL,g,-1.526,1.9625,0,in range
GRID_09549,-78.997,161.857,373187.8,-1138874.3,SVL,s,-8.164,0.6098,0,in range
GRID_09550,-79.034,161.994,369209.8,-1135906.2,SVL,s,-1.98,1.9769,0,in range
GRID_09551,-78.522,162.54,375215.1,-1192933.5,SVL,s,-9.259,0.3499,0,in range
GRID_09552,-78.52,162.496,376197.1,-1192854.3,SVL,d,-8.569,0.3603,0,in range
GRID_09553,-78.528,162.482,376224.3,-1191925.3,SVL,s,-8.676,0.2093,0,in range
GRID_09554,-78.534,162.425,377211.1,-1190922.9,SVL,d,-5.753,1.0677,0,in range
GRID_09555,-78.543,162.411,377203.8,-1189889.5,SVL,d,-7.964,0.556,0,in range
GRID_09556,-78.566,162.326,378202.5,-1186924.4,SVL,g,-7.407,0.8158,0,in range
GRID_09557,-78.575,162.312,378192.5,-1185891.3,SVL,g,-7.97,0.3901,0,in range
GRID_09558,-78.711,160.863,403168.9,-1161855.3,SVL,s,-9.171,0.4646,0,in range
GRID_09559,-78.731,160.876,402186.7,-1159874.3,SVL,s,-9.196,0.479,0,in range
GRID_09560,-77.82,160.683,439169.2,-1252878.5,SVL,c,-12.079,0.5435,0,in range
GRID_09561,-77.817,160.642,440174.8,-1252874.8,SVL,c,-12.364,0.4375,0,in range
GRID_09562,-77.869,160.693,437170.8,-1247875.0,SVL,s,-10.894,0.1971,0,in range
GRID_09563,-77.886,160.801,434203.7,-1246933.3,SVL,s,-12.015,0.5508,0,in range
GRID_09564,-77.883,160.76,435204.5,-1246933.4,SVL,c,-12.074,0.547,0,in range
GRID_09565,-77.88,160.719,436205.5,-1246932.7,SVL,s,-10.876,0.4799,0,in range
GRID_09566,-77.889,160.705,436183.5,-1245893.0,SVL,s,-10.09,0.3508,0,in range
GRID_09567,-77.898,160.691,436161.0,-1244853.4,SVL,s,-11.007,0.4367,0,in range
GRID_09568,-77.959,161.142,424183.2,-1241907.7,SVL,c,-11.069,0.325,0,in range
GRID_09569,-77.956,161.1,425200.2,-1241908.2,SVL,d,-10.815,0.836,0,in range
GRID_09570,-77.929,160.73,434189.8,-1241935.8,SVL,c,-11.022,0.4916,0,in range
GRID_09571,-77.971,161.169,423172.6,-1240860.1,SVL,c,-11.572,0.4111,0,in range
GRID_09572,-77.968,161.127,424188.6,-1240861.3,SVL,d,-9.685,0.6559,0,in range
GRID_09573,-77.965,161.086,425183.2,-1240869.2,SVL,d,-10.748,0.7825,0,in range
GRID_09574,-77.979,161.155,423191.9,-1239925.2,SVL,s,-10.546,0.347,0,in range
GRID_09575,-77.976,161.113,424207.4,-1239926.3,SVL,c,-11.072,0.3559,0,in range
GRID_09576,-77.973,161.072,425201.4,-1239934.1,SVL,s,-9.36,0.5781,0,in range
GRID_09577,-77.988,161.14,423197.0,-1238879.0,SVL,c,-11.46,0.4317,0,in range
GRID_09578,-77.985,161.099,424190.2,-1238887.5,SVL,c,-10.042,0.2585,0,in range
GRID_09579,-77.997,161.126,423180.0,-1237840.3,SVL,c,-10.94,0.2457,0,in range
GRID_09580,-77.994,161.085,424172.5,-1237848.8,SVL,c,-11.824,0.4349,0,in range
GRID_09581,-78.005,161.112,423198.0,-1236905.6,SVL,c,-11.147,0.3502,0,in range
GRID_09582,-78.002,161.071,424189.9,-1236914.1,SVL,c,-10.309,0.2582,0,in range
GRID_09583,-78.014,161.098,423180.1,-1235867.1,SVL,c,-9.799,0.3141,0,in range
GRID_09584,-78.011,161.056,424192.9,-1235868.2,SVL,s,-9.778,0.6042,0,in range
GRID_09585,-78.022,161.084,423197.2,-1234932.6,SVL,d,-9.836,0.5011,0,in range
GRID_09586,-78.019,161.042,424209.4,-1234933.6,SVL,d,-9.921,0.5205,0,in range
GRID_09587,-78.028,161.028,424189.8,-1233895.2,SVL,d,-9.382,0.4998,0,in range
GRID_09588,-78.025,160.987,425180.0,-1233902.9,SVL,d,-9.687,0.6532,0,in range
GRID_09589,-78.608,161.92,385173.7,-1179834.7,SVL,s,-9.556,0.5584,0,in range
GRID_09591,-78.616,161.905,385210.0,-1178899.7,SVL,s,-8.904,0.7915,0,in range
GRID_09593,-78.625,161.891,385191.1,-1177867.2,SVL,s,-9.501,0.5264,0,in range
GRID_09597,-78.634,161.877,385171.9,-1176834.8,SVL,s,-10.141,0.4459,0,in range
GRID_09603,-78.654,161.892,384181.9,-1174850.5,SVL,b,-8.041,1.2558,1,litho
GRID_09604,-78.665,161.922,383192.3,-1173904.5,SVL,g,-7.08,0.7005,0,in range
GRID_09605,-78.683,161.305,395178.4,-1167839.9,SVL,g,-8.74,0.5504,0,in range
GRID_09606,-78.677,161.217,397183.5,-1167854.6,SVL,g,-7.984,0.6719,0,in range
GRID_09607,-78.665,161.042,401176.3,-1167880.8,SVL,d,-8.889,0.3914,0,in range
GRID_09608,-78.674,161.027,401161.1,-1166842.2,SVL,d,-9.627,0.417,0,in range
GRID_09609,-78.685,161.055,400199.1,-1165897.0,SVL,d,-9.206,0.3397,0,in range
GRID_09613,-78.731,161.171,396209.5,-1161929.7,SVL,n,-9.282,0.3855,1,litho
GRID_09615,-78.737,161.112,397192.8,-1160898.5,SVL,d,-8.861,0.3714,0,in range
GRID_09618,-78.81,161.629,384178.5,-1156837.8,SVL,g,-1.688,1.6027,0,in range
GRID_09619,-78.821,161.659,383193.2,-1155893.8,SVL,g,-2.084,1.8235,0,in range
GRID_09620,-79.048,161.008,388202.5,-1127933.6,SVL,g,-8.38,0.5621,0,in range
GRID_09621,-79.054,160.947,389188.5,-1126898.0,SVL,g,-1.6,1.7706,0,in range
GRID_09622,-79.051,160.902,390181.0,-1126902.7,SVL,g,0.984,1.4816,1,slope
GRID_09623,-79.048,160.856,391193.5,-1126899.8,SVL,g,-2.115,1.5158,0,in range
GRID_09624,-78.305,160.987,415165.4,-1204839.8,SVL,d,-11.039,0.6137,0,in range
GRID_09625,-78.302,160.944,416177.0,-1204839.1,SVL,d,-7.256,0.9709,0,in range
GRID_09626,-78.607,160.898,406192.2,-1172880.6,SVL,g,-9.22,0.2622,0,in range
GRID_09627,-78.604,160.855,407180.2,-1172886.3,SVL,d,-9.776,0.4405,0,in range
GRID_09628,-78.647,160.925,404205.5,-1168925.1,SVL,d,-10.385,0.7408,0,in range
GRID_09629,-77.633,160.763,444189.2,-1272890.4,SVL,d,-9.646,0.4866,0,in range
GRID_09630,-77.63,160.723,445186.6,-1272891.2,SVL,d,-10.026,0.4407,1,slope
GRID_09631,-77.627,160.683,446184.2,-1272891.2,SVL,d,-11.036,0.2372,0,in range
GRID_09632,-77.621,160.603,448180.0,-1272888.9,SVL,d,-9.952,0.1498,0,in range
GRID_09633,-77.618,160.563,449178.3,-1272886.7,SVL,d,-10.212,0.305,0,in range
GRID_09634,-77.642,160.749,444174.1,-1271848.0,SVL,c,-10.417,0.5686,0,in range
GRID_09635,-77.638,160.709,445207.2,-1271952.5,SVL,c,-11.64,0.3611,0,in range
GRID_09636,-77.635,160.669,446204.2,-1271952.5,SVL,d,-9.819,0.287,1,slope
GRID_09637,-77.65,160.735,444194.8,-1270909.5,SVL,c,-10.957,0.219,0,in range
GRID_09638,-77.647,160.695,445191.0,-1270910.3,SVL,c,-11.239,0.2363,0,in range
GRID_09639,-77.644,160.655,446187.3,-1270910.2,SVL,d,-10.595,0.4317,1,slope
GRID_09640,-77.641,160.615,447183.9,-1270909.4,SVL,d,-10.7,0.3944,0,in range
GRID_09641,-77.656,160.681,445174.3,-1269868.1,SVL,s,-9.818,0.2225,0,in range
GRID_09642,-77.653,160.641,446170.0,-1269868.0,SVL,d,-9.924,0.2528,0,in range
GRID_09643,-77.658,160.586,447206.1,-1268920.9,SVL,s,-9.379,0.2516,0,in range
GRID_09644,-77.649,160.466,450193.5,-1268913.6,SVL,d,-10.774,0.2552,0,in range
GRID_09645,-77.742,160.675,442180.0,-1260903.9,SVL,s,-9.942,0.3025,0,in range
GRID_09646,-77.757,160.741,440183.6,-1259856.5,SVL,s,-10.711,0.4782,0,in range
GRID_09647,-77.748,160.62,443171.4,-1259856.9,SVL,c,-11.126,0.6059,0,in range
GRID_09648,-77.745,160.58,444160.4,-1259858.1,SVL,c,-11.066,0.7052,0,in range
GRID_09649,-77.753,160.565,444197.8,-1258912.9,SVL,c,-11.617,0.6079,0,in range
GRID_09650,-77.75,160.525,445186.5,-1258913.2,SVL,c,-11.607,0.4212,0,in range
GRID_09651,-77.768,160.632,442178.8,-1257876.7,SVL,d,-9.288,0.3809,0,in range
GRID_09652,-77.765,160.591,443188.3,-1257870.8,SVL,d,-10.534,0.4082,0,in range
GRID_09653,-77.762,160.551,444176.1,-1257871.9,SVL,c,-11.812,0.4815,0,in range
GRID_09654,-77.756,160.47,446174.3,-1257864.0,SVL,c,-8.789,0.654,0,in range
GRID_09655,-77.75,160.389,448173.4,-1257853.0,SVL,c,-11.188,0.3613,0,in range
GRID_09656,-77.747,160.349,449162.3,-1257850.2,SVL,c,-10.667,0.3421,0,in range
GRID_09657,-77.892,162.255,402222.9,-1256921.8,SVL,d,-10.473,0.5969,0,in range
GRID_09658,-77.779,160.658,441207.7,-1256936.8,SVL,d,-10.143,0.2755,1,slope
GRID_09659,-77.776,160.618,442194.5,-1256939.4,SVL,d,-10.107,0.3228,0,in range
GRID_09660,-77.77,160.537,444190.6,-1256934.6,SVL,c,-11.075,0.287,0,in range
GRID_09661,-77.767,160.496,445200.0,-1256927.1,SVL,s,-9.867,0.1844,0,in range
GRID_09662,-77.755,160.334,449195.8,-1256904.9,SVL,c,-10.976,0.3168,0,in range
GRID_09663,-77.806,160.888,435187.2,-1255895.0,SVL,s,-10.031,0.311,0,in range
GRID_09664,-77.803,160.847,436194.0,-1255894.6,SVL,s,-10.384,0.4507,0,in range
GRID_09665,-77.791,160.685,440179.2,-1255900.4,SVL,s,-11.131,0.2391,0,in range
GRID_09666,-77.87,161.651,416211.3,-1254905.6,SVL,c,-12.759,0.4423,0,in range
GRID_09667,-77.829,161.078,430200.8,-1254941.0,SVL,c,-11.889,0.6227,0,in range
GRID_09668,-77.823,160.996,432211.0,-1254947.3,SVL,c,-11.074,0.3233,0,in range
GRID_09669,-77.821,160.955,433180.6,-1254845.4,SVL,c,-10.754,0.441,0,in range
GRID_09670,-77.818,160.915,434164.3,-1254854.1,SVL,c,-11.586,0.4528,0,in range
GRID_09671,-77.815,160.874,435170.1,-1254854.5,SVL,s,-10.097,0.3406,0,in range
GRID_09672,-77.812,160.833,436176.2,-1254854.1,SVL,s,-10.612,0.1775,0,in range
GRID_09673,-77.809,160.792,437182.5,-1254852.8,SVL,c,-11.304,0.7459,0,in range
GRID_09674,-77.806,160.752,438167.1,-1254858.5,SVL,s,-10.388,0.3431,0,in range
GRID_09675,-77.803,160.711,439173.8,-1254855.7,SVL,c,-12.333,0.5335,0,in range
GRID_09676,-77.8,160.67,440180.7,-1254852.1,SVL,c,-11.812,0.3388,0,in range
GRID_09677,-77.797,160.63,441166.0,-1254855.4,SVL,c,-12.363,0.3978,0,in range
GRID_09678,-77.921,162.257,401208.3,-1253902.0,SVL,s,-10.591,0.396,0,in range
GRID_09679,-77.876,161.597,417185.7,-1253887.4,SVL,c,-13.193,0.3731,0,in range
GRID_09680,-77.844,161.146,428178.6,-1253891.3,SVL,s,-11.075,0.4417,0,in range
GRID_09681,-77.832,160.982,432195.4,-1253906.9,SVL,c,-11.848,0.7397,0,in range
GRID_09682,-77.829,160.941,433200.2,-1253908.8,SVL,s,-10.825,0.6363,0,in range
GRID_09683,-77.826,160.9,434205.2,-1253909.9,SVL,c,-11.662,0.3139,0,in range
GRID_09684,-77.823,160.86,435188.6,-1253917.8,SVL,c,-11.649,0.1935,0,in range
GRID_09685,-77.82,160.819,436194.0,-1253917.4,SVL,s,-10.201,0.383,0,in range
GRID_09686,-77.817,160.778,437199.7,-1253916.1,SVL,c,-10.135,0.5186,0,in range
GRID_09687,-77.814,160.738,438183.7,-1253921.7,SVL,c,-10.661,0.4411,0,in range
GRID_09688,-77.811,160.697,439189.9,-1253918.9,SVL,c,-11.902,0.375,0,in range
GRID_09689,-77.808,160.656,440196.2,-1253915.3,SVL,c,-10.488,0.2736,0,in range
GRID_09690,-77.91,161.954,408208.0,-1252911.5,SVL,c,-12.208,0.7127,0,in range
GRID_09691,-77.855,161.173,427197.7,-1252949.2,SVL,c,-11.01,0.4454,0,in range
GRID_09692,-77.853,161.132,428165.2,-1252851.1,SVL,d,-10.746,0.6212,0,in range
GRID_09693,-77.841,160.968,432179.4,-1252866.6,SVL,c,-12.432,0.5125,0,in range
GRID_09694,-77.838,160.927,433183.5,-1252868.5,SVL,c,-11.352,0.6324,0,in range
GRID_09695,-77.835,160.886,434187.9,-1252869.6,SVL,s,-10.721,0.4547,0,in range
GRID_09696,-77.832,160.846,435170.6,-1252877.5,SVL,c,-11.873,0.2393,0,in range
GRID_09697,-77.829,160.805,436175.3,-1252877.0,SVL,d,-10.44,0.2327,0,in range
GRID_09698,-77.826,160.764,437180.3,-1252875.7,SVL,c,-11.232,0.7324,0,in range
GRID_09699,-77.947,162.355,398197.4,-1251865.0,SVL,s,-10.804,0.4725,0,in range
GRID_09700,-77.941,162.272,400211.1,-1251914.6,SVL,g,-8.437,0.8259,0,in range
GRID_09701,-77.924,162.023,406224.3,-1251939.5,SVL,d,-10.227,0.5371,0,in range
GRID_09702,-77.922,161.982,407188.0,-1251857.4,SVL,c,-11.168,0.5709,0,in range
GRID_09703,-77.919,161.941,408185.8,-1251879.0,SVL,c,-11.269,0.5486,0,in range
GRID_09704,-77.916,161.899,409205.8,-1251892.7,SVL,c,-12.448,0.4001,0,in range
GRID_09705,-77.902,161.693,414187.2,-1251873.2,SVL,c,-11.845,0.5108,0,in range
GRID_09706,-77.896,161.61,416208.1,-1251897.3,SVL,s,-10.332,0.4208,0,in range
GRID_09707,-77.893,161.569,417208.1,-1251911.8,SVL,d,-10.651,0.4913,0,in range
GRID_09708,-77.867,161.2,426182.4,-1251902.5,SVL,s,-10.235,0.3433,0,in range
GRID_09709,-77.864,161.159,427184.5,-1251909.1,SVL,s,-10.64,0.5921,0,in range
GRID_09710,-77.861,161.118,428186.9,-1251914.9,SVL,d,-10.239,0.4059,0,in range
GRID_09711,-77.852,160.995,431195.5,-1251927.6,SVL,c,-12.342,0.4856,0,in range
GRID_09712,-77.849,160.954,432198.7,-1251930.2,SVL,d,-10.932,0.4187,0,in range
GRID_09713,-77.846,160.913,433202.3,-1251932.1,SVL,c,-12.386,0.3993,0,in range
GRID_09714,-77.843,160.872,434206.0,-1251933.1,SVL,c,-11.989,0.553,0,in range
GRID_09715,-77.84,160.831,435210.0,-1251933.4,SVL,s,-11.357,0.2802,0,in range
GRID_09716,-77.944,162.176,402207.3,-1250928.6,SVL,d,-10.328,0.4887,0,in range
GRID_09717,-77.939,162.093,404187.9,-1250867.2,SVL,c,-10.995,0.7818,0,in range
GRID_09718,-77.936,162.051,405206.2,-1250884.0,SVL,d,-9.45,0.8821,0,in range
GRID_09719,-77.933,162.01,406203.0,-1250907.1,SVL,d,-10.665,0.6648,0,in range
GRID_09720,-77.93,161.969,407200.0,-1250929.5,SVL,c,-11.614,0.6491,0,in range
GRID_09721,-77.928,161.927,408185.0,-1250839.5,SVL,c,-13.1,0.4235,0,in range
GRID_09722,-77.925,161.886,409182.5,-1250860.2,SVL,c,-11.354,0.7749,0,in range
GRID_09723,-77.91,161.679,414216.8,-1250937.8,SVL,c,-11.369,0.9141,0,in range
GRID_09724,-77.908,161.638,415181.1,-1250849.6,SVL,c,-11.566,0.2484,0,in range
GRID_09725,-77.905,161.597,416180.1,-1250864.8,SVL,s,-11.1,0.2662,0,in range
GRID_09726,-77.902,161.556,417179.3,-1250879.3,SVL,s,-11.604,0.3425,0,in range
GRID_09727,-77.899,161.514,418200.7,-1250885.7,SVL,d,-10.88,0.5751,0,in range
GRID_09728,-77.896,161.473,419200.4,-1250898.5,SVL,d,-10.686,0.5188,0,in range
GRID_09729,-77.887,161.35,422200.9,-1250932.4,SVL,s,-10.959,0.4785,0,in range
GRID_09730,-77.87,161.104,428172.6,-1250874.9,SVL,s,-10.653,0.5278,0,in range
GRID_09731,-77.864,161.022,430176.8,-1250884.1,SVL,s,-11.047,0.4116,0,in range
GRID_09732,-77.861,160.981,431179.2,-1250887.5,SVL,c,-11.683,0.3181,0,in range
GRID_09733,-77.858,160.94,432181.8,-1250890.1,SVL,c,-12.564,0.4172,0,in range
GRID_09734,-77.855,160.899,433184.6,-1250892.0,SVL,c,-12.207,0.3004,0,in range
GRID_09735,-77.852,160.858,434187.7,-1250893.0,SVL,s,-10.888,0.3871,0,in range
GRID_09736,-77.849,160.817,435191.0,-1250893.2,SVL,s,-10.563,0.3682,1,slope
GRID_09737,-77.95,162.121,403205.6,-1249914.8,SVL,c,-12.329,0.4373,0,in range
GRID_09738,-77.942,161.996,406203.1,-1249867.8,SVL,c,-11.487,0.7793,0,in range
GRID_09739,-77.939,161.955,407199.5,-1249890.1,SVL,c,-10.985,0.4372,0,in range
GRID_09740,-77.936,161.914,408196.1,-1249911.6,SVL,c,-11.858,0.6185,0,in range
GRID_09741,-77.933,161.872,409214.7,-1249925.2,SVL,c,-12.441,0.7263,0,in range
GRID_09742,-77.919,161.666,414189.7,-1249905.4,SVL,c,-11.9,0.8767,0,in range
GRID_09743,-77.916,161.624,415209.7,-1249914.2,SVL,s,-10.592,0.6479,0,in range
GRID_09744,-77.913,161.583,416208.1,-1249929.4,SVL,s,-11.036,0.3678,0,in range
GRID_09745,-77.91,161.542,417206.8,-1249943.8,SVL,s,-10.085,0.3818,0,in range
GRID_09746,-77.908,161.501,418170.8,-1249853.3,SVL,s,-11.324,0.503,0,in range
GRID_09747,-77.902,161.418,420190.9,-1249870.9,SVL,s,-10.371,0.4865,0,in range
GRID_09748,-77.896,161.336,422190.2,-1249892.6,SVL,s,-11.475,0.5323,0,in range
GRID_09749,-77.893,161.295,423190.2,-1249902.3,SVL,s,-10.229,0.4529,0,in range
GRID_09750,-77.89,161.254,424190.4,-1249911.2,SVL,d,-10.909,0.4703,0,in range
GRID_09751,-77.867,160.926,432164.3,-1249850.1,SVL,c,-12.373,0.7452,0,in range
GRID_09752,-77.864,160.885,433166.5,-1249851.9,SVL,c,-12.428,0.6015,0,in range
GRID_09753,-77.861,160.844,434168.9,-1249853.0,SVL,c,-12.06,0.6629,0,in range
GRID_09754,-77.858,160.803,435171.5,-1249853.2,SVL,c,-12.152,0.722,0,in range
GRID_09755,-77.852,160.721,437177.5,-1249851.2,SVL,s,-10.813,0.3585,0,in range
GRID_09756,-77.967,162.232,400213.6,-1248915.5,SVL,g,-10.026,0.3363,0,in range
GRID_09757,-77.964,162.191,401208.0,-1248942.5,SVL,c,-10.928,0.6416,0,in range
GRID_09758,-77.959,162.108,403185.5,-1248882.6,SVL,d,-9.771,0.5219,0,in range
GRID_09759,-77.956,162.066,404202.3,-1248900.2,SVL,s,-10.574,0.3938,0,in range
GRID_09760,-77.953,162.025,405197.6,-1248924.0,SVL,s,-11.172,0.7177,0,in range
GRID_09761,-77.95,161.983,406214.9,-1248940.0,SVL,c,-11.92,0.7772,0,in range
GRID_09762,-77.948,161.942,407176.6,-1248857.8,SVL,c,-10.598,0.392,0,in range
GRID_09763,-77.945,161.9,408194.4,-1248872.2,SVL,c,-11.216,0.7077,0,in range
GRID_09764,-77.942,161.859,409190.5,-1248892.9,SVL,c,-12.513,0.9822,0,in range
GRID_09765,-77.928,161.652,414183.9,-1248865.9,SVL,d,-11.312,0.7938,0,in range
GRID_09766,-77.925,161.611,415181.4,-1248881.9,SVL,s,-10.776,0.6422,0,in range
GRID_09767,-77.922,161.569,416201.0,-1248889.8,SVL,s,-10.752,0.5443,0,in range
GRID_09768,-77.919,161.528,417199.0,-1248904.2,SVL,s,-10.971,0.4952,0,in range
GRID_09769,-77.916,161.487,418197.2,-1248917.8,SVL,s,-10.968,0.5151,0,in range
GRID_09770,-77.91,161.404,420216.1,-1248935.3,SVL,s,-10.869,0.3836,0,in range
GRID_09771,-77.908,161.363,421179.9,-1248842.5,SVL,s,-11.684,0.533,0,in range
GRID_09772,-77.902,161.281,423178.3,-1248862.6,SVL,s,-11.215,0.4541,0,in range
GRID_09773,-77.899,161.24,424177.8,-1248871.5,SVL,s,-10.935,0.4232,0,in range
GRID_09774,-77.896,161.199,425177.6,-1248879.5,SVL,d,-10.659,0.5742,0,in range
GRID_09775,-77.881,160.993,430201.7,-1248900.6,SVL,s,-11.01,0.5041,0,in range
GRID_09776,-77.878,160.952,431202.8,-1248904.0,SVL,s,-11.481,0.5872,0,in range
GRID_09777,-77.875,160.911,432204.1,-1248906.5,SVL,c,-12.208,0.7056,0,in range
GRID_09778,-77.872,160.871,433183.9,-1248915.8,SVL,s,-11.158,0.5391,0,in range
GRID_09779,-77.869,160.83,434185.7,-1248916.8,SVL,s,-8.007,0.6996,0,in range
GRID_09780,-77.866,160.789,435187.8,-1248916.9,SVL,s,-10.6,0.2505,0,in range
GRID_09781,-77.976,162.219,400195.1,-1247883.5,SVL,d,-10.192,0.7469,0,in range
GRID_09782,-77.973,162.177,401210.6,-1247903.4,SVL,d,-9.679,0.4963,0,in range
GRID_09783,-77.968,162.094,403186.8,-1247843.4,SVL,s,-10.949,0.4695,0,in range
GRID_09784,-77.962,162.011,405197.5,-1247884.8,SVL,s,-11.284,0.4131,0,in range
GRID_09785,-77.959,161.97,406192.4,-1247907.9,SVL,c,-11.903,0.6169,0,in range
GRID_09786,-77.956,161.928,407209.2,-1247923.0,SVL,d,-10.754,0.8321,0,in range
GRID_09787,-77.953,161.887,408204.5,-1247944.5,SVL,c,-11.741,0.5669,0,in range
GRID_09788,-77.951,161.845,409187.7,-1247853.6,SVL,c,-10.323,1.2156,0,in range
GRID_09789,-77.936,161.638,414212.3,-1247930.7,SVL,d,-10.568,0.9003,0,in range
GRID_09790,-77.934,161.597,415174.5,-1247842.5,SVL,d,-10.948,0.6641,0,in range
GRID_09791,-77.931,161.556,416171.6,-1247857.6,SVL,s,-10.743,0.3393,0,in range
GRID_09792,-77.928,161.514,417190.7,-1247864.7,SVL,s,-11.481,0.432,0,in range
GRID_09793,-77.919,161.39,420205.8,-1247895.8,SVL,s,-11.048,0.6602,0,in range
GRID_09794,-77.916,161.349,421204.0,-1247906.9,SVL,s,-10.757,0.5241,0,in range
GRID_09795,-77.913,161.308,422202.5,-1247917.4,SVL,s,-11.254,0.2456,0,in range
GRID_09796,-77.89,160.979,430184.6,-1247860.9,SVL,s,-9.943,0.3781,0,in range
GRID_09797,-77.887,160.938,431185.1,-1247864.2,SVL,s,-11.887,0.4756,0,in range
GRID_09798,-77.884,160.897,432185.8,-1247866.7,SVL,c,-12.848,0.302,0,in range
GRID_09799,-77.881,160.856,433186.7,-1247868.4,SVL,s,-11.409,0.3947,0,in range
GRID_09800,-77.878,160.815,434187.8,-1247869.3,SVL,s,-10.576,0.4446,0,in range
GRID_09801,-77.875,160.774,435189.2,-1247869.5,SVL,s,-10.21,0.2766,0,in range
GRID_09802,-77.982,162.164,401191.0,-1246871.4,SVL,s,-9.408,0.6005,0,in range
GRID_09803,-77.973,162.039,404215.1,-1246933.5,SVL,s,-11.129,0.4753,0,in range
GRID_09804,-77.971,161.998,405175.2,-1246852.8,SVL,s,-11.006,0.636,0,in range
GRID_09805,-77.968,161.956,406191.1,-1246868.7,SVL,c,-12.517,0.2281,0,in range
GRID_09806,-77.965,161.914,407207.3,-1246883.8,SVL,c,-11.382,0.4451,0,in range
GRID_09807,-77.962,161.873,408201.9,-1246905.3,SVL,c,-12.087,0.3561,0,in range
GRID_09808,-77.945,161.624,414205.6,-1246891.4,SVL,d,-10.337,0.6683,0,in range
GRID_09809,-77.942,161.583,415201.8,-1246907.3,SVL,d,-10.259,0.5119,0,in range
GRID_09810,-77.939,161.542,416198.3,-1246922.4,SVL,d,-10.791,0.5733,0,in range
GRID_09811,-77.895,160.924,431202.8,-1246928.3,SVL,s,-10.807,0.319,0,in range
GRID_09812,-77.892,160.883,432202.9,-1246930.8,SVL,s,-10.686,0.6336,0,in range
GRID_09813,-77.889,160.842,433203.2,-1246932.4,SVL,s,-10.7,0.453,0,in range
GRID_09814,-77.99,162.15,401226.3,-1245937.1,SVL,s,-11.841,0.2854,0,in range
GRID_09815,-77.988,162.109,402185.3,-1245858.7,SVL,c,-11.244,0.6602,0,in range
GRID_09816,-77.982,162.026,404193.0,-1245901.5,SVL,s,-10.162,0.5969,0,in range
GRID_09817,-77.979,161.984,405208.1,-1245918.2,SVL,s,-10.473,0.5105,0,in range
GRID_09818,-77.976,161.942,406223.4,-1245934.1,SVL,c,-11.734,0.5631,0,in range
GRID_09819,-77.951,161.569,415193.9,-1245868.0,SVL,d,-11.406,0.5393,0,in range
GRID_09820,-77.948,161.528,416189.8,-1245883.1,SVL,d,-10.036,0.4112,1,slope
GRID_09821,-78.007,162.262,398221.3,-1244940.8,SVL,s,-10.185,0.5456,0,in range
GRID_09822,-77.994,162.054,403178.0,-1244845.2,SVL,s,-11.33,0.3926,0,in range
GRID_09823,-77.991,162.012,404192.2,-1244862.6,SVL,s,-11.033,0.4246,0,in range
GRID_09824,-77.988,161.97,405206.6,-1244879.3,SVL,c,-11.879,0.5238,0,in range
GRID_09825,-77.985,161.929,406199.5,-1244902.2,SVL,d,-10.169,0.8613,0,in range
GRID_09826,-78.016,162.249,398202.4,-1243909.1,SVL,s,-10.896,0.3459,0,in range
GRID_09827,-78.013,162.207,399214.8,-1243930.6,SVL,s,-10.365,0.5226,0,in range
GRID_09828,-77.999,161.999,404203.1,-1243935.3,SVL,s,-10.843,0.5579,0,in range
GRID_09829,-77.997,161.957,405182.9,-1243847.5,SVL,d,-10.214,0.7395,0,in range
GRID_09830,-78.022,162.194,399194.8,-1242899.0,SVL,s,-10.88,0.3263,0,in range
GRID_09831,-78.011,162.027,403188.5,-1242879.2,SVL,s,-10.843,0.3349,0,in range
GRID_09832,-78.008,161.985,404201.4,-1242896.6,SVL,s,-10.241,0.7543,0,in range
GRID_09833,-78.005,161.943,405214.5,-1242913.2,SVL,d,-10.227,0.3953,0,in range
GRID_09834,-77.988,161.694,411198.6,-1242913.0,SVL,c,-11.342,0.5163,0,in range
GRID_09835,-77.985,161.652,412213.3,-1242923.9,SVL,c,-10.911,0.6101,0,in range
GRID_09836,-77.927,160.826,432180.5,-1242869.1,SVL,c,-11.726,0.5812,0,in range
GRID_09837,-78.017,161.971,404199.2,-1241858.0,SVL,d,-9.733,0.8403,0,in range
GRID_09838,-78.0,161.722,410177.8,-1241862.4,SVL,s,-10.282,0.4455,0,in range
GRID_09839,-77.997,161.68,411191.6,-1241874.1,SVL,d,-10.656,0.8521,0,in range
GRID_09840,-77.988,161.555,414212.7,-1241911.7,SVL,c,-11.496,0.5763,0,in range
GRID_09841,-78.045,162.25,397209.8,-1240883.1,SVL,s,-10.098,0.4122,0,in range
GRID_09842,-78.011,161.75,409192.5,-1240915.4,SVL,d,-10.303,0.7661,0,in range
GRID_09843,-78.008,161.708,410205.5,-1240928.0,SVL,s,-10.597,0.7471,0,in range
GRID_09844,-77.997,161.542,414181.5,-1240880.2,SVL,s,-9.836,0.7067,0,in range
GRID_09845,-77.994,161.5,415195.5,-1240888.7,SVL,c,-12.621,0.4887,0,in range
GRID_09846,-77.974,161.21,422178.4,-1240850.7,SVL,d,-11.666,0.4675,0,in range
GRID_09847,-78.054,162.237,397189.8,-1239851.7,SVL,s,-10.598,0.5454,0,in range
GRID_09848,-78.051,162.195,398199.3,-1239873.9,SVL,s,-9.713,0.5354,0,in range
GRID_09849,-78.037,161.986,403194.8,-1239875.1,SVL,s,-9.537,0.5621,0,in range
GRID_09850,-78.034,161.944,404205.7,-1239892.5,SVL,s,-10.424,0.3633,0,in range
GRID_09851,-78.008,161.569,413214.8,-1239929.1,SVL,d,-9.622,0.777,0,in range
GRID_09852,-78.005,161.528,414206.3,-1239945.6,SVL,s,-9.9,0.6783,0,in range
GRID_09853,-78.003,161.486,415184.9,-1239849.9,SVL,s,-10.476,0.4207,0,in range
GRID_09854,-78.0,161.445,416176.8,-1239864.9,SVL,c,-11.163,0.507,0,in range
GRID_09855,-77.985,161.237,421205.0,-1239905.6,SVL,c,-11.588,0.5168,0,in range
GRID_09856,-77.982,161.196,422198.4,-1239915.8,SVL,c,-11.596,0.4493,0,in range
GRID_09857,-78.065,162.266,396194.3,-1238902.1,SVL,s,-10.399,0.5905,0,in range
GRID_09858,-78.062,162.224,397202.9,-1238925.1,SVL,s,-10.363,0.3054,0,in range
GRID_09859,-78.06,162.182,398178.2,-1238842.7,SVL,s,-10.521,0.3157,0,in range
GRID_09860,-78.043,161.931,404180.5,-1238861.1,SVL,s,-10.599,0.4629,0,in range
GRID_09861,-78.02,161.597,412192.7,-1238880.5,SVL,s,-10.507,0.6381,0,in range
GRID_09862,-78.017,161.555,413205.0,-1238890.6,SVL,s,-9.658,0.6105,0,in range
GRID_09863,-78.014,161.514,414195.9,-1238907.0,SVL,s,-10.095,0.6305,0,in range
GRID_09864,-78.008,161.431,416200.0,-1238930.3,SVL,d,-9.864,0.7424,0,in range
GRID_09865,-77.991,161.182,422182.5,-1238877.0,SVL,d,-11.078,0.4405,0,in range
GRID_09866,-78.074,162.252,396195.8,-1237864.1,SVL,s,-10.013,0.423,1,elev
GRID_09867,-78.071,162.21,397203.7,-1237887.0,SVL,s,-10.093,0.5418,1,elev
GRID_09868,-78.063,162.084,400195.2,-1237846.3,SVL,s,-9.63,0.6302,1,elev
GRID_09869,-78.031,161.625,411206.5,-1237935.4,SVL,s,-9.523,0.5022,0,in range
GRID_09870,-78.029,161.583,412183.2,-1237842.1,SVL,c,-10.669,0.7896,0,in range
GRID_09871,-78.026,161.542,413173.2,-1237859.3,SVL,s,-10.084,0.6366,0,in range
GRID_09872,-78.023,161.5,414185.0,-1237868.5,SVL,s,-10.198,0.4435,0,in range
GRID_09873,-78.082,162.239,396208.7,-1236937.6,SVL,s,-9.985,0.5734,1,elev
GRID_09874,-78.071,162.071,400205.7,-1236919.7,SVL,s,-10.106,0.5522,0,in range
GRID_09875,-78.04,161.611,411197.2,-1236897.1,SVL,s,-10.111,0.6661,0,in range
GRID_09876,-78.034,161.528,413197.3,-1236925.0,SVL,s,-7.244,1.1234,0,in range
GRID_09877,-78.031,161.486,414208.5,-1236934.2,SVL,s,-10.303,0.4649,0,in range
GRID_09878,-78.008,161.154,422184.8,-1236903.7,SVL,d,-10.146,0.477,0,in range
GRID_09879,-78.102,162.393,392218.3,-1235904.9,SVL,d,-9.48,0.4425,1,elev
GRID_09880,-78.099,162.351,393224.1,-1235930.9,SVL,s,-9.483,0.4638,1,elev
GRID_09881,-78.04,161.472,414196.7,-1235895.9,SVL,s,-10.58,0.5049,0,in range
GRID_09882,-78.037,161.43,415207.4,-1235904.2,SVL,s,-10.459,0.5939,0,in range
GRID_09883,-78.023,161.222,420186.3,-1235844.3,SVL,s,-10.034,0.5798,0,in range
GRID_09884,-78.017,161.139,422189.1,-1235857.8,SVL,d,-9.39,0.3762,0,in range
GRID_09885,-78.111,162.38,392199.6,-1234874.1,SVL,s,-10.228,0.3071,1,elev
GRID_09886,-78.094,162.128,398199.9,-1234913.6,SVL,s,-9.895,0.4051,1,elev
GRID_09887,-78.125,162.451,390205.6,-1233893.5,SVL,s,-9.952,0.4189,1,elev
GRID_09888,-78.12,162.367,392180.4,-1233843.3,SVL,s,-9.787,0.3211,1,elev
GRID_09889,-78.089,161.904,403195.3,-1233869.3,SVL,s,-10.135,0.5411,0,in range
GRID_09890,-78.125,162.311,393219.4,-1232936.4,SVL,s,-9.95,0.5124,1,elev
GRID_09891,-78.1,161.932,402217.7,-1232917.9,SVL,d,-9.749,0.594,0,in range
GRID_09892,-78.078,161.597,410182.1,-1232837.3,SVL,s,-10.885,0.5958,0,in range
GRID_09893,-78.112,161.961,401185.6,-1231868.5,SVL,s,-10.049,0.4544,1,elev
GRID_09894,-78.134,162.158,396207.6,-1230941.3,SVL,d,-9.609,0.6302,1,elev
GRID_09895,-78.132,162.115,397198.7,-1230852.6,SVL,d,-10.195,0.5546,1,elev
GRID_09896,-78.143,162.144,396205.4,-1229904.0,SVL,s,-9.951,0.4177,1,elev
GRID_09897,-78.155,162.173,395179.5,-1228850.1,SVL,s,-9.791,0.4671,1,elev
GRID_09898,-78.169,162.103,396208.2,-1226903.8,SVL,s,-10.204,0.6115,1,elev
GRID_09899,-78.175,162.047,397204.1,-1225889.3,SVL,s,-9.258,0.56,1,elev
GRID_09900,-78.296,161.427,406215.4,-1208928.9,SVL,d,-9.796,0.4687,0,in range
GRID_09901,-78.386,161.183,408174.1,-1197838.4,SVL,n,-8.521,0.5574,1,litho
GRID_09902,-78.388,161.083,410192.9,-1196916.6,SVL,n,-9.486,0.6147,1,litho
GRID_09903,-78.397,161.068,410185.8,-1195874.9,SVL,n,-9.677,0.4914,1,litho
GRID_09904,-78.391,160.982,412194.9,-1195880.4,SVL,g,-9.767,0.9218,0,in range
GRID_09905,-78.408,161.096,409210.3,-1194933.2,SVL,n,-9.018,0.4008,1,litho
GRID_09906,-78.4,160.968,412165.1,-1194846.0,SVL,g,-9.656,0.592,0,in range
GRID_09907,-78.501,161.613,395192.6,-1188893.4,SVL,n,-9.626,0.5567,1,litho
GRID_09908,-78.498,161.57,396188.8,-1188908.7,SVL,d,-9.916,0.3871,0,in range
GRID_09909,-78.51,161.598,395192.1,-1187852.9,SVL,g,-8.285,0.3035,0,in range
GRID_09910,-78.507,161.555,396187.6,-1187868.2,SVL,d,-9.192,0.7971,0,in range
GRID_09911,-78.501,161.468,398200.1,-1187889.4,SVL,g,-9.425,0.3994,0,in range
GRID_09912,-78.575,161.002,405205.3,-1176935.2,SVL,d,-9.091,0.5186,0,in range
GRID_09913,-77.639,160.843,442195.1,-1272886.5,SVL,c,-11.679,0.3418,0,in range
GRID_09914,-77.65,160.87,441199.1,-1271952.6,SVL,c,-12.013,0.7448,0,in range
GRID_09915,-77.647,160.829,442217.4,-1271948.0,SVL,c,-10.787,0.3427,0,in range
GRID_09916,-77.665,160.936,439195.2,-1270902.0,SVL,c,-11.974,0.5078,0,in range
GRID_09917,-77.662,160.896,440190.2,-1270906.6,SVL,c,-11.673,0.2519,0,in range
GRID_09918,-77.656,160.815,442203.2,-1270905.8,SVL,s,-11.216,0.3552,0,in range
GRID_09919,-77.594,160.377,454193.9,-1273906.3,SVL,d,-9.693,0.7878,1,aspect
GRID_09920,-77.626,160.414,452192.2,-1270885.9,SVL,d,-10.026,0.4636,0,in range
GRID_09923,-78.504,161.945,388195.0,-1190850.4,SVL,g,-8.162,0.6553,0,in range
GRID_09924,-78.51,161.888,389174.8,-1189837.9,SVL,s,-10.25,0.4548,0,in range
GRID_09925,-78.53,161.903,388181.7,-1187854.0,SVL,g,-7.794,0.6297,1,slope
GRID_09926,-78.538,161.889,388199.1,-1186924.9,SVL,g,-9.45,0.4294,0,in range
GRID_09932,-78.579,161.919,386181.6,-1182852.2,SVL,s,-9.482,0.2512,0,in range
GRID_09935,-78.582,161.817,388184.0,-1181850.2,SVL,b,-8.186,0.9646,1,litho
GRID_09936,-78.59,161.803,388198.7,-1180921.6,SVL,n,-9.136,0.4657,1,litho
GRID_09937,-78.665,161.335,395198.7,-1169917.1,SVL,g,-7.232,0.8143,0,in range
GRID_09938,-78.688,161.393,393209.3,-1167925.7,SVL,d,-6.926,1.0304,0,in range
GRID_09939,-78.29,162.336,387185.2,-1215848.6,SVL,s,-9.529,0.2613,1,"elev, slope"
GRID_09940,-78.316,162.295,387187.3,-1212852.7,SVL,n,-9.896,0.3493,1,litho
GRID_09941,-78.313,162.252,388197.8,-1212875.4,SVL,n,-9.549,0.3763,1,"slope, litho"
GRID_09942,-78.235,162.375,388185.5,-1221865.6,SVL,s,-10.442,0.2748,1,elev
GRID_09943,-78.278,162.307,388200.9,-1216907.3,SVL,d,-9.583,0.3959,1,"elev, slope"
GRID_09944,-77.434,160.816,450199.5,-1293960.1,SVL,c,-11.869,0.5038,0,in range
GRID_09945,-77.432,160.776,451175.1,-1293853.1,SVL,d,-9.833,0.2037,0,in range
GRID_09946,-77.429,160.737,452164.5,-1293857.0,SVL,c,-11.62,0.3065,0,in range
GRID_09947,-77.425,160.697,453213.0,-1293956.1,SVL,d,-10.079,0.5268,0,in range
GRID_09948,-77.422,160.658,454203.0,-1293958.5,SVL,d,-10.106,0.3549,0,in range
GRID_09949,-77.443,160.802,450190.2,-1292915.6,SVL,c,-11.028,0.6033,0,in range
GRID_09950,-77.44,160.762,451201.4,-1292912.4,SVL,d,-10.386,0.4027,0,in range
GRID_09951,-77.437,160.723,452190.3,-1292916.3,SVL,d,-10.854,0.3189,0,in range
GRID_09952,-77.431,160.644,454191.2,-1292913.9,SVL,d,-9.705,0.4884,0,in range
GRID_09953,-77.422,160.526,457182.8,-1292908.7,SVL,d,-8.598,0.7984,0,in range
GRID_09954,-77.419,160.486,458195.5,-1292900.1,SVL,s,-10.236,0.1244,0,in range
GRID_09955,-77.413,160.408,460176.4,-1292896.6,SVL,d,-10.135,0.1128,0,in range
GRID_09956,-77.446,160.709,452179.3,-1291871.9,SVL,c,-10.718,0.1671,0,in range
GRID_09957,-77.44,160.63,454178.9,-1291869.5,SVL,d,-10.132,0.3585,0,in range
GRID_09958,-77.437,160.591,455167.7,-1291871.1,SVL,c,-10.993,0.2978,0,in range
GRID_09959,-77.431,160.512,457168.6,-1291864.1,SVL,d,-10.91,0.5949,0,in range
GRID_09960,-77.428,160.472,458180.6,-1291855.5,SVL,s,-9.48,0.1272,0,in range
GRID_09961,-77.424,160.433,459207.2,-1291957.7,SVL,s,-10.59,0.2478,1,elev
GRID_09962,-77.454,160.695,452204.2,-1290931.3,SVL,d,-10.529,0.4337,0,in range
GRID_09963,-77.451,160.656,453192.0,-1290934.4,SVL,d,-10.516,0.4632,0,in range
GRID_09964,-77.448,160.616,454202.6,-1290928.8,SVL,d,-10.39,0.266,0,in range
GRID_09965,-77.445,160.577,455190.9,-1290930.4,SVL,d,-10.588,0.362,0,in range
GRID_09966,-77.442,160.537,456201.9,-1290923.2,SVL,c,-10.367,0.2674,0,in range
GRID_09967,-77.433,160.419,459191.2,-1290913.2,SVL,s,-9.918,0.2214,0,in range
GRID_09968,-77.457,160.602,454189.4,-1289884.5,SVL,c,-10.623,0.1949,0,in range
GRID_09969,-77.454,160.563,455177.1,-1289886.1,SVL,d,-10.269,0.3686,0,in range
GRID_09970,-77.451,160.523,456187.4,-1289878.9,SVL,c,-10.989,0.357,0,in range
GRID_09971,-77.471,160.667,452216.3,-1288946.6,SVL,d,-10.051,0.2194,0,in range
GRID_09972,-77.462,160.549,455199.4,-1288945.5,SVL,d,-9.955,0.3987,0,in range
GRID_09973,-77.477,160.614,453189.5,-1287905.6,SVL,d,-10.312,0.3902,0,in range
GRID_09974,-77.468,160.495,456193.7,-1287894.2,SVL,d,-10.301,0.3483,0,in range
GRID_09975,-77.5,160.665,451205.8,-1285922.7,SVL,d,-9.479,0.4664,0,in range
GRID_09976,-77.497,160.626,452190.4,-1285926.3,SVL,d,-9.975,0.2609,0,in range
GRID_09977,-77.494,160.586,453197.6,-1285921.4,SVL,d,-10.081,0.2304,0,in range
GRID_09978,-77.491,160.547,454182.6,-1285923.6,SVL,d,-7.148,0.973,0,in range
GRID_09979,-77.509,160.651,451192.2,-1284878.9,SVL,d,-10.587,0.3356,0,in range
GRID_09980,-77.503,160.572,453182.7,-1284877.6,SVL,d,-10.22,0.1818,0,in range
GRID_09981,-77.517,160.638,451192.1,-1283946.9,SVL,s,-10.757,0.4226,0,in range
GRID_09982,-77.514,160.598,452197.9,-1283942.6,SVL,s,-10.412,0.5197,0,in range
GRID_09983,-77.511,160.558,453204.0,-1283937.6,SVL,s,-11.017,0.5787,0,in range
GRID_09984,-77.508,160.519,454187.8,-1283939.7,SVL,d,-10.327,0.4129,0,in range
GRID_09985,-77.505,160.479,455194.2,-1283933.1,SVL,d,-9.971,0.2333,0,in range
GRID_09986,-77.545,160.369,456181.2,-1278915.5,SVL,c,-11.417,0.2499,0,in range
GRID_09987,-77.539,160.289,458188.9,-1278898.2,SVL,d,-10.43,0.5288,0,in range
GRID_09988,-77.536,160.25,459170.7,-1278896.4,SVL,s,-10.811,0.2638,0,in range
GRID_09989,-77.533,160.21,460175.1,-1278885.8,SVL,s,-9.726,0.2432,0,in range
GRID_09990,-77.572,160.593,450191.6,-1277890.1,SVL,s,-10.007,0.2089,1,slope
GRID_09991,-77.566,160.514,452173.2,-1277889.9,SVL,d,-9.441,0.2615,0,in range
GRID_09992,-77.563,160.474,453175.4,-1277884.7,SVL,d,-10.581,0.1767,1,slope
GRID_09993,-77.557,160.394,455180.5,-1277871.9,SVL,d,-10.649,0.4414,0,in range
GRID_09994,-77.554,160.354,456183.4,-1277864.4,SVL,d,-10.474,0.5023,0,in range
GRID_09995,-77.551,160.315,457164.2,-1277864.0,SVL,d,-10.714,0.2969,0,in range
GRID_09996,-77.548,160.275,458167.5,-1277855.0,SVL,s,-10.92,0.4652,0,in range
GRID_09997,-77.544,160.235,459208.1,-1277948.6,SVL,s,-10.651,0.3655,0,in range
GRID_09998,-77.541,160.196,460189.6,-1277946.0,SVL,d,-10.695,0.5174,0,in range
GRID_09999,-77.538,160.156,461193.6,-1277934.5,SVL,d,-10.211,0.4076,0,in range
GRID_10000,-77.593,160.739,446172.5,-1276854.2,SVL,d,-10.636,0.3124,0,in range
GRID_10001,-77.59,160.699,447172.8,-1276853.6,SVL,c,-11.848,0.2903,0,in range
GRID_10002,-77.587,160.659,448173.3,-1276852.3,SVL,c,-10.821,0.3085,0,in range
GRID_10003,-77.584,160.619,449174.0,-1276850.1,SVL,c,-11.226,0.3905,0,in range
GRID_10004,-77.58,160.579,450211.5,-1276950.8,SVL,s,-11.003,0.552,0,in range
GRID_10005,-77.577,160.539,451212.7,-1276947.1,SVL,d,-9.645,0.3736,0,in range
GRID_10006,-77.574,160.5,452191.9,-1276950.5,SVL,d,-9.995,0.3072,0,in range
GRID_10007,-77.571,160.46,453193.5,-1276945.2,SVL,d,-10.243,0.2255,0,in range
GRID_10008,-77.559,160.301,457180.0,-1276924.4,SVL,d,-10.201,0.2075,0,in range
GRID_10009,-77.556,160.261,458182.7,-1276915.3,SVL,s,-10.181,0.2829,0,in range
GRID_10010,-77.55,160.181,460188.8,-1276894.8,SVL,d,-9.609,0.453,0,in range
GRID_10011,-77.547,160.142,461169.8,-1276891.4,SVL,s,-10.733,0.1359,0,in range
GRID_10012,-77.607,160.805,444195.5,-1275914.2,SVL,c,-10.859,0.3512,0,in range
GRID_10013,-77.604,160.765,445194.8,-1275915.1,SVL,c,-12.083,0.2836,0,in range
GRID_10014,-77.601,160.725,446194.3,-1275915.2,SVL,d,-9.702,0.4667,0,in range
GRID_10015,-77.598,160.685,447194.0,-1275914.6,SVL,d,-11.354,0.2647,0,in range
GRID_10016,-77.595,160.645,448193.9,-1275913.1,SVL,c,-11.485,0.2772,0,in range
GRID_10017,-77.592,160.605,449194.0,-1275910.9,SVL,s,-10.867,0.3838,0,in range
GRID_10018,-77.589,160.565,450194.4,-1275908.0,SVL,s,-11.195,0.1772,0,in range
GRID_10019,-77.583,160.485,452195.7,-1275899.7,SVL,d,-10.287,0.2394,0,in range
GRID_10020,-77.58,160.446,453174.5,-1275902.3,SVL,d,-10.162,0.3304,0,in range
GRID_10021,-77.568,160.286,457180.6,-1275873.5,SVL,s,-10.647,0.1599,0,in range
GRID_10022,-77.562,160.207,459162.7,-1275862.4,SVL,d,-10.57,0.4967,0,in range
GRID_10023,-77.558,160.167,460202.4,-1275955.1,SVL,c,-9.862,0.2816,0,in range
GRID_10024,-77.555,160.127,461205.2,-1275943.6,SVL,s,-10.733,0.4692,0,in range
GRID_10025,-77.552,160.088,462185.9,-1275939.4,SVL,s,-7.415,0.8583,0,in range
GRID_10026,-77.616,160.791,444181.8,-1274871.6,SVL,c,-10.462,0.4697,0,in range
GRID_10027,-77.613,160.751,445180.4,-1274872.4,SVL,c,-11.83,0.4971,0,in range
GRID_10028,-77.607,160.671,447178.3,-1274871.9,SVL,d,-10.203,0.158,0,in range
GRID_10029,-77.604,160.631,448177.6,-1274870.4,SVL,c,-11.373,0.5145,0,in range
GRID_10030,-77.601,160.591,449177.1,-1274868.2,SVL,d,-10.434,0.5505,0,in range
GRID_10031,-77.598,160.551,450176.8,-1274865.2,SVL,d,-10.057,0.3287,0,in range
GRID_10032,-77.589,160.431,453177.2,-1274851.6,SVL,d,-10.227,0.466,0,in range
GRID_10033,-77.567,160.153,460178.3,-1274912.2,SVL,c,-10.034,0.5439,0,in range
GRID_10034,-77.564,160.113,461180.5,-1274900.7,SVL,c,-9.814,0.4324,0,in range
GRID_10035,-77.624,160.777,444203.8,-1273932.8,SVL,d,-10.77,0.3419,0,in range
GRID_10036,-77.621,160.737,445201.9,-1273933.6,SVL,c,-11.059,0.3389,0,in range
GRID_10037,-77.618,160.697,446200.1,-1273933.7,SVL,d,-10.242,0.5066,0,in range
GRID_10038,-77.615,160.657,447198.6,-1273933.0,SVL,d,-10.935,0.3792,0,in range
GRID_10039,-77.609,160.577,449196.2,-1273929.2,SVL,d,-7.429,0.7481,0,in range
GRID_10040,-77.606,160.537,450195.3,-1273926.2,SVL,d,-9.749,0.3515,0,in range
GRID_10041,-77.603,160.497,451194.6,-1273922.4,SVL,c,-10.121,0.2937,0,in range
GRID_10042,-77.449,160.881,448191.1,-1292911.8,SVL,d,-11.272,0.268,0,in range
GRID_10043,-77.452,160.788,450180.6,-1291871.2,SVL,d,-9.574,0.2871,0,in range
GRID_10044,-77.449,160.749,451168.5,-1291875.9,SVL,d,-10.487,0.3603,0,in range
GRID_10045,-77.457,160.735,451194.0,-1290935.3,SVL,d,-10.249,0.2681,0,in range
GRID_10046,-77.477,160.747,450198.6,-1288954.1,SVL,d,-10.576,0.1923,1,slope
GRID_10047,-77.474,160.707,451207.3,-1288950.7,SVL,d,-9.446,0.4348,0,in range
GRID_10048,-77.498,160.891,446202.0,-1287900.2,SVL,s,-10.132,0.2054,0,in range
GRID_10049,-77.489,160.772,449201.7,-1287904.8,SVL,c,-11.991,0.3699,0,in range
GRID_10050,-77.507,160.878,446170.1,-1286864.1,SVL,s,-11.301,0.2663,1,slope
GRID_10051,-77.501,160.798,448183.4,-1286862.8,SVL,d,-9.814,0.244,0,in range
GRID_10052,-77.498,160.759,449167.9,-1286868.8,SVL,d,-10.197,0.1398,0,in range
GRID_10053,-77.495,160.719,450175.1,-1286866.2,SVL,d,-10.552,0.5726,0,in range
GRID_10054,-77.512,160.824,447202.2,-1285923.9,SVL,s,-11.788,0.5119,0,in range
GRID_10055,-77.503,160.705,450198.9,-1285926.1,SVL,s,-10.418,0.3968,0,in range
GRID_10056,-77.512,160.691,450186.0,-1284882.4,SVL,c,-11.468,0.3727,0,in range
GRID_10057,-77.523,160.717,449203.6,-1283945.2,SVL,c,-12.153,0.3152,0,in range
GRID_10058,-77.593,160.873,443185.1,-1277894.2,SVL,c,-12.102,0.353,0,in range
GRID_10059,-77.604,160.899,442209.5,-1276952.8,SVL,c,-11.302,0.2491,0,in range
GRID_10060,-77.602,160.859,443173.0,-1276851.4,SVL,s,-7.558,0.7445,0,in range
GRID_10061,-77.613,160.885,442197.6,-1275910.1,SVL,s,-10.774,0.3942,0,in range
GRID_10062,-77.61,160.845,443196.4,-1275912.6,SVL,d,-11.317,0.5121,0,in range
GRID_10063,-77.622,160.871,442185.2,-1274867.5,SVL,c,-11.401,0.4433,0,in range
GRID_10064,-77.619,160.831,443183.4,-1274869.9,SVL,d,-10.197,0.4994,0,in range
GRID_10065,-77.63,160.857,442208.4,-1273928.9,SVL,d,-9.963,0.2796,1,slope
GRID_10066,-77.479,160.388,458192.2,-1285900.9,SVL,d,-9.409,0.2077,0,in range
GRID_10067,-77.476,160.349,459178.3,-1285899.3,SVL,d,-10.649,0.2268,0,in range
GRID_10068,-77.86,162.349,401226.1,-1260929.6,SVL,g,-9.893,0.4477,0,in range
GRID_10069,-77.872,162.378,400188.8,-1259876.2,SVL,g,-9.155,0.451,0,in range
GRID_10070,-77.869,162.336,401212.2,-1259896.5,SVL,g,-9.831,0.4488,0,in range
GRID_10071,-77.895,162.297,401201.2,-1256902.4,SVL,d,-10.291,0.4802,0,in range
GRID_10072,-77.873,161.693,415187.8,-1254897.5,SVL,c,-12.189,0.2065,0,in range
GRID_10073,-77.902,161.968,408173.9,-1253846.8,SVL,c,-12.156,0.3595,0,in range
GRID_10074,-77.913,161.995,407209.5,-1252889.9,SVL,c,-12.408,0.53,0,in range
GRID_10075,-77.803,162.346,403191.1,-1266875.4,SVL,c,-12.534,0.1161,0,in range
GRID_10076,-77.8,162.305,404197.7,-1266900.6,SVL,n,-10.737,0.4063,1,litho
GRID_10077,-77.797,162.264,405204.6,-1266925.0,SVL,d,-9.816,0.3796,0,in range
GRID_10078,-77.411,160.632,455191.2,-1294893.2,SVL,d,-9.9,0.3509,0,in range
GRID_10079,-77.405,160.554,457173.2,-1294894.4,SVL,c,-10.338,0.3877,0,in range
GRID_10080,-77.419,160.618,455215.7,-1293952.3,SVL,d,-10.103,0.4463,0,in range
GRID_10081,-77.416,160.579,456206.0,-1293953.2,SVL,d,-10.256,0.4196,0,in range
GRID_10082,-77.413,160.54,457196.5,-1293953.3,SVL,c,-10.965,0.1162,0,in range
GRID_10083,-77.41,160.5,458209.9,-1293944.8,SVL,c,-10.013,0.3559,0,in range
GRID_10084,-77.428,160.605,455180.6,-1292915.6,SVL,d,-10.82,0.4521,0,in range
GRID_10085,-77.425,160.565,456192.9,-1292908.5,SVL,d,-9.907,0.392,0,in range
GRID_10086,-77.261,160.565,462193.4,-1309914.7,SVL,s,-9.815,0.9997,0,in range
GRID_10087,-77.276,160.629,460182.7,-1308873.9,SVL,c,-10.184,0.6872,0,in range
GRID_10088,-77.273,160.59,461183.2,-1308871.5,SVL,c,-11.309,0.8475,0,in range
GRID_10089,-77.284,160.615,460210.5,-1307931.5,SVL,d,-9.827,0.6944,0,in range
GRID_10090,-77.281,160.577,461187.6,-1307937.1,SVL,s,-9.228,1.0903,0,in range
GRID_10091,-77.278,160.538,462187.7,-1307933.9,SVL,c,-11.18,0.5244,0,in range
GRID_10092,-77.296,160.641,459179.5,-1306895.1,SVL,c,-11.091,0.5886,0,in range
GRID_10093,-77.293,160.602,460178.5,-1306893.4,SVL,d,-10.721,0.4098,0,in range
GRID_10094,-77.29,160.563,461177.8,-1306891.0,SVL,d,-10.57,0.2624,0,in range
GRID_10095,-77.287,160.524,462177.3,-1306887.8,SVL,d,-10.418,0.3859,0,in range
GRID_10096,-77.319,160.822,454217.8,-1305950.2,SVL,d,-10.889,0.4547,0,in range
GRID_10097,-77.304,160.627,459207.0,-1305952.9,SVL,d,-10.858,0.376,0,in range
GRID_10098,-77.301,160.588,460205.5,-1305951.2,SVL,c,-11.566,0.3499,0,in range
GRID_10099,-77.298,160.549,461204.2,-1305948.7,SVL,d,-10.057,0.2784,0,in range
GRID_10100,-77.322,160.731,456182.5,-1304915.7,SVL,c,-11.088,0.3763,0,in range
GRID_10101,-77.319,160.691,457202.5,-1304908.3,SVL,d,-10.384,0.3279,0,in range
GRID_10102,-77.316,160.652,458199.9,-1304908.0,SVL,c,-10.578,0.6509,0,in range
GRID_10103,-77.313,160.613,459197.5,-1304907.0,SVL,s,-10.699,0.3668,0,in range
GRID_10104,-77.31,160.574,460195.4,-1304905.3,SVL,c,-11.363,0.3818,0,in range
GRID_10105,-77.307,160.535,461193.4,-1304902.8,SVL,c,-10.863,0.3197,0,in range
GRID_10106,-77.334,160.756,455178.2,-1303868.8,SVL,d,-10.888,0.3007,0,in range
GRID_10107,-77.331,160.717,456174.5,-1303870.1,SVL,d,-9.52,0.3141,0,in range
GRID_10108,-77.328,160.678,457171.1,-1303870.6,SVL,d,-10.039,0.5266,0,in range
GRID_10109,-77.322,160.6,459164.9,-1303869.3,SVL,c,-11.803,0.291,0,in range
GRID_10110,-77.319,160.56,460184.8,-1303859.5,SVL,s,-10.657,0.3786,0,in range
GRID_10111,-77.316,160.521,461182.2,-1303857.0,SVL,s,-10.93,0.1633,0,in range
GRID_10112,-77.339,160.703,456202.4,-1302928.3,SVL,d,-10.501,0.3859,0,in range
GRID_10113,-77.336,160.664,457198.4,-1302928.7,SVL,d,-9.429,0.2667,0,in range
GRID_10114,-77.33,160.586,459191.0,-1302927.4,SVL,c,-11.467,0.4588,0,in range
GRID_10115,-77.327,160.547,460187.7,-1302925.6,SVL,s,-11.254,0.4556,0,in range
GRID_10116,-77.324,160.508,461184.5,-1302923.0,SVL,s,-10.476,0.2486,0,in range
GRID_10117,-77.348,160.689,456193.5,-1301882.8,SVL,c,-11.215,0.2316,0,in range
GRID_10118,-77.345,160.65,457188.8,-1301883.2,SVL,c,-7.395,0.9964,0,in range
GRID_10119,-77.342,160.611,458184.4,-1301882.9,SVL,c,-8.016,0.889,0,in range
GRID_10120,-77.339,160.572,459180.2,-1301881.8,SVL,c,-11.409,0.45,0,in range
GRID_10121,-77.336,160.533,460176.2,-1301880.0,SVL,c,-10.347,0.2935,0,in range
GRID_10122,-77.333,160.494,461172.4,-1301877.4,SVL,c,-10.868,0.3286,0,in range
GRID_10123,-77.33,160.455,462168.8,-1301874.1,SVL,d,-10.533,0.3164,0,in range
GRID_10124,-77.356,160.676,456197.8,-1300949.1,SVL,d,-9.929,0.3422,0,in range
GRID_10125,-77.353,160.637,457192.6,-1300949.5,SVL,s,-10.976,0.229,0,in range
GRID_10126,-77.35,160.597,458210.3,-1300941.2,SVL,d,-9.804,0.3331,0,in range
GRID_10127,-77.347,160.558,459205.5,-1300940.0,SVL,c,-11.261,0.2112,0,in range
GRID_10128,-77.344,160.519,460200.9,-1300938.2,SVL,c,-10.48,0.414,0,in range
GRID_10129,-77.341,160.48,461196.6,-1300935.5,SVL,s,-9.715,0.4031,0,in range
GRID_10130,-77.374,160.78,453184.1,-1299906.1,SVL,c,-10.126,0.621,0,in range
GRID_10131,-77.359,160.584,458176.5,-1299903.8,SVL,s,-10.421,0.2968,0,in range
GRID_10132,-77.35,160.466,461183.5,-1299890.1,SVL,d,-10.606,0.3727,0,in range
GRID_10133,-77.374,160.648,456177.6,-1298858.6,SVL,d,-10.507,0.3119,0,in range
GRID_10134,-77.407,160.461,459200.8,-1293943.4,SVL,s,-10.557,0.4924,0,in range
GRID_10135,-77.404,160.422,460192.0,-1293941.3,SVL,c,-10.977,0.1242,0,in range
GRID_10136,-77.218,160.633,462206.8,-1314924.0,SVL,d,-8.496,1.5773,0,in range
GRID_10137,-77.235,160.606,462205.5,-1312942.4,SVL,s,-8.181,1.4829,0,in range
GRID_10138,-77.244,160.592,462197.3,-1311895.8,SVL,s,-8.702,1.1218,0,in range
GRID_10139,-77.259,160.657,460162.3,-1310862.7,SVL,s,-9.795,1.2369,0,in range
GRID_10140,-77.255,160.618,461200.5,-1310964.2,SVL,s,-9.009,1.3631,0,in range
GRID_10141,-77.411,160.764,452206.7,-1295938.5,SVL,c,-11.372,0.5068,0,in range
GRID_10142,-77.423,160.79,451184.5,-1294897.7,SVL,d,-10.785,0.4839,0,in range
GRID_10143,-77.42,160.75,452197.1,-1294893.8,SVL,c,-11.454,0.2883,0,in range
GRID_10144,-77.417,160.711,453187.4,-1294897.0,SVL,d,-10.28,0.1893,0,in range
GRID_10145,-77.414,160.672,454177.9,-1294899.5,SVL,d,-11.006,0.3953,0,in range
GRID_10146,-77.426,160.829,450194.7,-1294893.0,SVL,c,-11.601,0.359,0,in range
GRID_10513,-79.155,157.334,455162.9,-1089918.1,SVL,w,-9.876,0.2934,0,in range
GRID_10514,-79.16,157.271,456149.3,-1088911.6,SVL,w,-9.383,0.3501,0,in range
GRID_10515,-79.169,157.252,456129.0,-1087850.7,SVL,w,-9.578,0.4213,0,in range
GRID_10516,-79.244,157.454,449139.7,-1081861.6,SVL,w,-10.346,0.4019,0,in range
GRID_10517,-79.24,157.409,450157.6,-1081913.2,SVL,w,-9.029,0.4077,0,in range
GRID_10518,-79.237,157.364,451133.7,-1081862.7,SVL,w,-9.97,0.3419,0,in range
GRID_10519,-79.249,157.39,450137.2,-1080853.5,SVL,w,-9.34,0.4877,0,in range
GRID_10520,-79.227,157.12,456162.9,-1080941.3,SVL,w,-10.131,0.4103,0,in range
GRID_10521,-79.281,157.688,443178.4,-1079936.3,SVL,w,-10.644,0.5405,0,in range
GRID_10522,-79.315,157.614,443154.1,-1075918.6,SVL,w,-9.473,0.3643,0,in range
GRID_10523,-79.305,157.477,446145.2,-1075868.0,SVL,w,-8.981,0.4679,0,in range
GRID_10524,-79.324,157.595,443135.1,-1074860.0,SVL,w,-9.949,0.3697,0,in range
GRID_10766,-80.025,159.619,378165.4,-1017889.2,SVL,g,-6.966,0.9823,0,in range
GRID_10767,-80.027,159.501,380184.3,-1016903.2,SVL,g,-8.664,0.2567,0,in range
GRID_10768,-80.068,159.526,378171.2,-1012865.8,SVL,g,-9.601,0.3696,0,in range
GRID_10769,-80.065,159.477,379152.4,-1012849.5,SVL,g,-8.873,0.193,0,in range
GRID_10770,-80.161,159.609,373158.1,-1003874.4,SVL,g,-8.258,0.5581,0,in range
GRID_10771,-80.166,159.54,374175.5,-1002911.8,SVL,g,-9.021,0.5093,0,in range
GRID_10772,-80.18,159.452,375177.8,-1000901.7,SVL,g,-5.293,0.9149,0,in range
GRID_10773,-80.191,159.314,377162.3,-998869.3,SVL,g,-9.285,0.3498,1,slope
GRID_10774,-80.187,159.264,378188.8,-998949.0,SVL,g,-7.231,0.8798,0,in range
GRID_10775,-80.196,159.245,378171.1,-997902.8,SVL,g,-7.539,0.6726,1,slope
GRID_10776,-80.201,159.176,379178.2,-996935.4,SVL,g,-7.749,0.9318,0,in range
GRID_10777,-80.207,159.106,380161.8,-995858.1,SVL,g,-8.701,0.3059,0,in range
GRID_11064,-79.778,158.428,409181.0,-1034950.6,SVL,d,-10.145,0.5563,0,in range
GRID_11065,-79.792,158.342,410168.3,-1032910.8,SVL,d,-10.057,0.558,0,in range
GRID_11066,-79.814,158.515,406165.6,-1031903.5,SVL,c,-11.027,0.4693,0,in range
GRID_11067,-79.811,158.467,407150.5,-1031868.4,SVL,c,-10.88,0.6837,0,in range
GRID_11068,-79.804,158.371,409161.3,-1031897.1,SVL,d,-9.739,0.7755,0,in range
GRID_11069,-79.819,158.448,407170.9,-1030918.8,SVL,c,-11.913,0.483,0,in range
GRID_11070,-79.816,158.4,408155.3,-1030882.7,SVL,g,-9.633,0.4107,0,in range
GRID_11071,-79.812,158.352,409180.3,-1030947.4,SVL,g,-10.098,0.5104,0,in range
GRID_11072,-79.824,158.381,408174.5,-1029933.1,SVL,d,-9.192,0.657,0,in range
GRID_11073,-79.821,158.333,409158.4,-1029896.0,SVL,d,-8.239,0.7656,0,in range
GRID_11074,-79.833,158.362,408152.7,-1028881.9,SVL,s,-9.179,0.1984,0,in range
GRID_11075,-79.829,158.314,409176.3,-1028946.5,SVL,g,-8.236,0.4604,0,in range
GRID_11076,-79.841,158.343,408170.7,-1027932.6,SVL,c,-9.817,0.8177,0,in range
GRID_11077,-79.838,158.295,409153.2,-1027895.4,SVL,d,-9.142,0.6158,0,in range
GRID_11164,-80.02,158.952,390185.6,-1013928.7,SVL,g,-8.573,0.2731,0,in range
GRID_11165,-80.046,158.895,390169.6,-1010885.6,SVL,g,-8.324,0.9896,0,in range
GRID_11190,-79.339,158.199,431169.4,-1077945.8,SVL,s,-10.093,0.3073,0,in range
GRID_11191,-79.431,158.106,429160.4,-1067893.1,SVL,w,-10.085,0.699,0,in range
GRID_11192,-79.428,158.06,430140.4,-1067853.0,SVL,w,-10.177,0.5484,0,in range
GRID_11193,-79.421,157.968,432142.1,-1067871.7,SVL,w,-10.356,0.385,0,in range
GRID_11194,-79.433,157.995,431146.3,-1066856.5,SVL,w,-10.098,0.4165,0,in range
GRID_11195,-79.429,157.949,432167.2,-1066916.2,SVL,w,-9.14,0.4044,0,in range
GRID_11196,-79.438,157.93,432150.6,-1065859.2,SVL,w,-10.205,0.4046,0,in range
GRID_11197,-79.489,158.087,427143.6,-1061856.7,SVL,w,-10.529,0.3151,0,in range
GRID_11198,-79.482,157.994,429153.8,-1061872.9,SVL,w,-9.907,0.3873,0,in range
GRID_11199,-79.478,157.948,430170.7,-1061934.1,SVL,w,-9.042,0.6069,0,in range
GRID_11200,-79.494,158.022,428143.0,-1060863.6,SVL,w,-9.604,0.5724,0,in range
GRID_11201,-79.49,157.976,429158.8,-1060925.7,SVL,w,-11.1,0.7454,0,in range
GRID_11202,-79.487,157.929,430152.4,-1060877.8,SVL,w,-10.728,0.7696,0,in range
GRID_11203,-79.762,158.466,409137.4,-1036851.1,SVL,d,-9.679,0.52,0,in range
GRID_11204,-79.773,158.495,408171.1,-1035937.7,SVL,d,-9.587,0.7936,0,in range
GRID_11205,-79.77,158.447,409159.5,-1035900.8,SVL,d,-9.249,0.7936,0,in range
GRID_11206,-79.789,158.572,406138.6,-1034854.7,SVL,c,-10.784,0.5975,0,in range
GRID_12139,-77.505,168.299,276267.4,-1333927.4,SVL,c,-3.445,0.9962,0,in range
GRID_12141,-77.508,167.952,284272.1,-1331907.3,SVL,c,-3.528,0.9955,0,in range
GRID_12142,-77.506,167.911,285271.1,-1331918.5,SVL,c,-3.504,1.2166,0,in range
GRID_12147,-77.501,167.4,297258.4,-1329857.7,SVL,c,-3.069,0.6489,0,in range
GRID_12153,-77.515,167.3,299240.7,-1327835.6,SVL,a,3.461,2.4723,1,elev
GRID_12154,-77.464,169.278,254274.2,-1342881.4,SVL,c,11.529,1.0743,0,in range
GRID_12155,-77.462,169.237,255276.1,-1342915.1,SVL,c,0.289,0.5837,0,in range
GRID_12157,-77.475,169.312,253253.0,-1341843.8,SVL,c,-0.168,0.5863,0,in range
GRID_12158,-77.473,169.27,254277.4,-1341873.8,SVL,a,3.443,2.4398,0,in range
GRID_12159,-77.471,169.229,255278.7,-1341907.5,SVL,c,-2.703,0.7792,0,in range
GRID_12160,-77.47,169.188,256259.5,-1341832.5,SVL,c,-3.472,1.0676,0,in range
GRID_12162,-77.464,169.064,259288.0,-1341922.4,SVL,c,-3.41,0.9176,0,in range
GRID_12165,-77.482,169.263,254257.1,-1340870.7,SVL,c,-2.06,1.2403,0,in range
GRID_12166,-77.48,169.221,255281.0,-1340899.9,SVL,c,-3.465,0.8178,0,in range
GRID_12167,-77.478,169.18,256281.8,-1340932.8,SVL,c,-2.618,1.1472,0,in range
GRID_12168,-77.477,169.139,257262.0,-1340857.1,SVL,c,-3.517,0.9855,0,in range
GRID_12169,-77.475,169.098,258263.0,-1340888.5,SVL,c,-3.301,0.7419,0,in range
GRID_12170,-77.472,169.015,260268.0,-1340836.8,SVL,c,-3.258,0.8191,0,in range
GRID_12171,-77.494,169.337,252281.0,-1339901.6,SVL,c,5.362,1.7034,0,in range
GRID_12175,-77.487,169.172,256283.1,-1339925.3,SVL,c,-2.378,1.0452,0,in range
GRID_12176,-77.486,169.131,257262.6,-1339849.5,SVL,c,-2.289,0.8157,0,in range
GRID_12178,-77.481,169.007,260266.5,-1339829.2,SVL,c,0.246,0.8432,0,in range
GRID_12179,-77.477,168.925,262268.3,-1339886.9,SVL,c,-3.3,0.8527,0,in range
GRID_12180,-77.472,168.802,265250.8,-1339859.9,SVL,c,-2.476,0.8589,0,in range
GRID_12183,-77.503,169.329,252284.9,-1338894.1,SVL,c,-3.392,0.7695,0,in range
GRID_12184,-77.501,169.288,253283.8,-1338929.2,SVL,c,-3.453,1.1195,0,in range
GRID_12185,-77.5,169.247,254262.3,-1338855.6,SVL,c,-3.066,1.0764,0,in range
GRID_12187,-77.493,169.082,258262.6,-1338873.4,SVL,c,-3.159,0.8738,0,in range
GRID_12190,-77.482,168.835,264266.2,-1338934.0,SVL,c,-2.272,0.9701,0,in range
GRID_12192,-77.477,168.711,267270.9,-1338897.9,SVL,c,-3.824,0.5135,0,in range
GRID_12193,-77.512,169.322,252265.1,-1337891.0,SVL,a,3.841,2.4372,0,in range
GRID_12195,-77.509,169.239,254264.5,-1337848.2,SVL,a,4.194,2.6908,0,in range
GRID_12197,-77.502,169.074,258262.0,-1337865.9,SVL,c,-3.178,0.9057,0,in range
GRID_12199,-77.498,168.991,260283.8,-1337922.0,SVL,c,-3.313,0.6933,0,in range
GRID_12202,-77.486,168.703,267264.0,-1337890.4,SVL,c,-3.145,0.7077,0,in range
GRID_12203,-77.472,168.374,275252.1,-1337841.1,SVL,c,-2.85,0.7172,0,in range
GRID_12206,-77.514,169.148,256285.6,-1336902.9,SVL,c,-3.489,0.6785,0,in range
GRID_12207,-77.512,169.107,257283.7,-1336935.0,SVL,c,-2.868,1.0041,0,in range
GRID_12208,-77.509,169.025,259259.6,-1336889.2,SVL,c,-3.6,0.8782,0,in range
GRID_12210,-77.502,168.86,263257.2,-1336892.0,SVL,c,-3.382,0.6395,0,in range
GRID_12212,-77.497,168.736,266257.2,-1336858.2,SVL,c,-3.508,0.6108,0,in range
GRID_12217,-77.488,168.53,271258.7,-1336861.8,SVL,c,-3.417,0.6664,0,in range
GRID_12221,-77.528,169.265,253268.4,-1335911.4,SVL,c,-3.658,0.8321,0,in range
GRID_12223,-77.525,169.182,255265.2,-1335867.0,SVL,c,-3.527,0.9296,0,in range
GRID_12224,-77.523,169.141,256262.5,-1335899.9,SVL,c,-3.801,0.879,0,in range
GRID_12225,-77.521,169.099,257283.3,-1335927.6,SVL,c,-3.149,0.8954,0,in range
GRID_12226,-77.518,169.017,259257.8,-1335881.8,SVL,c,-3.075,0.78,0,in range
GRID_12228,-77.509,168.81,264274.4,-1335906.9,SVL,c,-3.22,0.7147,0,in range
GRID_12230,-77.502,168.645,268271.9,-1335894.7,SVL,c,-3.626,0.7253,0,in range
GRID_12231,-77.5,168.604,269271.3,-1335917.9,SVL,c,-3.163,0.8363,0,in range
GRID_12233,-77.497,168.522,271248.5,-1335854.4,SVL,c,-3.704,0.8305,0,in range
GRID_12237,-77.488,168.316,276250.0,-1335839.4,SVL,c,-3.702,1.1079,0,in range
GRID_12238,-77.536,169.215,254269.5,-1334826.1,SVL,c,-3.078,0.3238,0,in range
GRID_12239,-77.529,169.05,258258.7,-1334843.7,SVL,c,-2.795,0.7941,0,in range
GRID_12240,-77.509,168.596,269262.2,-1334910.5,SVL,c,-3.237,0.7807,1,elev
GRID_12243,-77.502,168.431,273259.6,-1334883.4,SVL,c,-2.774,0.9006,0,in range
GRID_12245,-77.531,168.876,262268.8,-1333837.6,SVL,c,-3.539,0.6742,0,in range
GRID_12247,-77.525,168.752,265283.5,-1333913.7,SVL,c,-3.544,0.6929,0,in range
GRID_12249,-77.552,169.158,255266.5,-1332845.2,SVL,c,-3.523,0.8167,0,in range
GRID_12251,-77.563,168.976,259267.8,-1330840.8,SVL,c,-3.375,0.8184,0,in range
GRID_12252,-78.173,166.62,298251.3,-1253869.1,SVL,c,2.598,1.6429,0,in range
GRID_12253,-78.171,166.577,299243.2,-1253858.5,SVL,c,0.061,1.9356,0,in range
GRID_12256,-78.197,166.73,295238.7,-1251875.0,SVL,c,7.372,2.2786,0,in range
GRID_12257,-78.195,166.686,296250.5,-1251861.6,SVL,c,1.392,1.272,0,in range
GRID_12258,-78.193,166.643,297240.7,-1251852.5,SVL,c,-4.632,0.9635,0,in range
GRID_12259,-78.189,166.557,299221.4,-1251832.0,SVL,c,-7.287,0.7723,0,in range
GRID_12260,-78.206,166.72,295230.2,-1250861.9,SVL,c,0.487,1.9393,0,in range
GRID_12261,-78.204,166.676,296241.3,-1250848.4,SVL,c,-7.182,0.6933,0,in range
GRID_12262,-78.202,166.633,297230.8,-1250839.4,SVL,c,-7.105,0.924,0,in range
GRID_12263,-78.215,166.525,299255.5,-1248889.1,SVL,c,-7.639,0.3791,0,in range
GRID_12264,-78.224,166.515,299243.0,-1247876.1,SVL,c,-7.353,0.5778,0,in range
GRID_12265,-78.233,166.505,299230.3,-1246863.1,SVL,c,-6.087,0.3722,0,in range
GRID_12266,-78.242,166.494,299238.9,-1245845.1,SVL,c,-7.204,0.6509,0,in range
GRID_12267,-78.251,166.484,299225.5,-1244832.2,SVL,c,-7.233,0.6773,0,in range
GRID_12270,-78.151,167.146,287265.1,-1258909.1,SVL,c,-8.206,0.9051,0,in range
GRID_12272,-78.196,167.097,287238.5,-1253847.4,SVL,c,-7.655,0.7021,0,in range
GRID_12275,-78.037,167.497,282257.5,-1272865.7,SVL,c,-6.524,0.9015,0,in range
GRID_12276,-78.033,167.412,284241.2,-1272874.3,SVL,c,1.056,1.9666,0,in range
GRID_12279,-78.042,167.402,284247.8,-1271860.1,SVL,c,0.153,1.5695,0,in range
GRID_12281,-78.055,167.478,282251.0,-1270842.5,SVL,c,-6.792,0.7845,0,in range
GRID_12282,-78.051,167.392,284254.1,-1270846.0,SVL,c,0.024,2.0909,0,in range
GRID_12283,-78.064,167.469,282236.2,-1269833.4,SVL,c,-7.037,0.8744,0,in range
GRID_12284,-78.062,167.426,283236.9,-1269835.6,SVL,c,-6.273,0.7026,0,in range
GRID_12285,-78.06,167.383,284237.8,-1269836.9,SVL,c,-0.21,1.8514,0,in range
GRID_12286,-78.074,167.502,281267.1,-1268923.7,SVL,c,-7.137,0.3877,0,in range
GRID_12288,-78.083,167.493,281252.4,-1267914.7,SVL,c,-6.465,0.7225,0,in range
GRID_12290,-78.079,167.407,283251.0,-1267919.8,SVL,c,-7.102,0.7149,0,in range
GRID_12291,-78.077,167.364,284250.5,-1267921.1,SVL,c,-6.657,0.5087,0,in range
GRID_12292,-78.092,167.483,281259.6,-1266900.9,SVL,c,-6.914,0.4886,0,in range
GRID_12294,-78.101,167.474,281244.2,-1265892.0,SVL,c,-7.018,0.4318,0,in range
GRID_12295,-78.104,167.335,284242.3,-1264884.6,SVL,c,-7.015,0.6033,0,in range
GRID_12297,-78.119,167.454,281256.8,-1263864.6,SVL,c,-7.277,0.9104,0,in range
GRID_12299,-78.118,167.229,286242.1,-1262857.4,SVL,c,-4.317,1.1258,0,in range
GRID_12301,-78.152,167.555,278247.6,-1260820.4,SVL,c,-7.348,0.4837,0,in range
GRID_12303,-78.272,165.257,325226.5,-1235910.1,SVL,c,-7.197,0.4439,0,in range
GRID_12304,-78.288,165.375,322237.1,-1234878.0,SVL,c,-7.276,0.4222,0,in range
GRID_12305,-78.286,165.332,323219.3,-1234848.2,SVL,c,-7.228,0.468,0,in range
GRID_12306,-78.283,165.288,324251.2,-1234918.1,SVL,c,-7.554,0.3949,0,in range
GRID_12307,-78.311,165.625,316219.1,-1233826.9,SVL,c,-7.216,0.4073,0,in range
GRID_12308,-78.308,165.581,317248.5,-1233902.6,SVL,c,-7.106,0.3925,0,in range
GRID_12311,-78.322,165.657,315230.9,-1232833.6,SVL,c,-5.524,0.9096,0,in range
GRID_12312,-78.319,165.614,316237.8,-1232915.6,SVL,c,-7.634,0.4138,0,in range
GRID_12314,-78.313,165.483,319221.0,-1232826.9,SVL,c,-7.52,0.3341,0,in range
GRID_12315,-78.31,165.44,320228.9,-1232905.7,SVL,c,-7.53,0.3865,0,in range
GRID_12317,-78.282,164.919,332226.1,-1232910.2,SVL,c,-5.421,0.6086,0,in range
GRID_12318,-78.326,165.559,317229.6,-1231867.5,SVL,c,-8.045,0.3269,0,in range
GRID_12319,-78.324,165.515,318230.4,-1231836.1,SVL,c,-7.503,0.5092,0,in range
GRID_12320,-78.321,165.472,319237.4,-1231915.6,SVL,c,-7.23,0.4291,0,in range
GRID_12327,-78.289,164.864,333208.9,-1231849.1,SVL,c,0.191,1.6736,0,in range
GRID_12331,-78.33,165.461,319225.9,-1230898.2,SVL,c,-6.962,0.6331,0,in range
GRID_12334,-78.346,165.58,316231.5,-1229857.8,SVL,c,-7.367,0.5505,0,in range
GRID_12335,-78.344,165.537,317209.2,-1229832.7,SVL,c,-7.378,0.4186,0,in range
GRID_12336,-78.341,165.493,318236.0,-1229907.5,SVL,c,-6.761,0.5649,0,in range
GRID_12337,-78.339,165.449,319235.6,-1229875.2,SVL,c,-7.471,0.1956,0,in range
GRID_12338,-78.337,165.406,320213.8,-1229847.7,SVL,c,-6.839,0.4637,0,in range
GRID_12340,-78.357,165.613,315223.1,-1228870.4,SVL,c,0.741,1.2173,0,in range
GRID_12341,-78.355,165.569,316221.4,-1228840.5,SVL,c,-6.875,0.554,0,in range
GRID_12342,-78.352,165.525,317247.3,-1228916.1,SVL,c,-7.599,0.14,0,in range
GRID_12343,-78.35,165.482,318224.5,-1228890.2,SVL,c,-7.456,0.6371,0,in range
GRID_12346,-78.366,165.601,315234.9,-1227847.7,SVL,c,-0.508,1.2979,0,in range
GRID_12347,-78.361,165.514,317236.2,-1227898.9,SVL,c,-8.48,0.4249,0,in range
GRID_12348,-78.359,165.47,318234.1,-1227867.3,SVL,c,-7.887,0.3643,0,in range
GRID_12349,-78.357,165.427,319210.7,-1227840.6,SVL,c,-7.261,0.3858,0,in range
GRID_12350,-78.354,165.383,320236.6,-1227913.7,SVL,c,-6.184,0.6913,0,in range
GRID_12352,-78.37,165.503,317224.6,-1226881.7,SVL,c,-7.41,0.5733,0,in range
GRID_12353,-78.368,165.459,318221.8,-1226850.2,SVL,c,-7.44,0.1988,0,in range
GRID_12354,-78.363,165.371,320244.3,-1226890.9,SVL,c,-7.031,0.4208,0,in range
GRID_12355,-78.349,165.11,326224.7,-1226904.2,SVL,c,-7.551,0.8728,0,in range
GRID_12356,-78.347,165.066,327223.4,-1226865.4,SVL,c,-4.131,0.8805,0,in range
GRID_12357,-78.381,165.535,316237.8,-1225889.8,SVL,c,-6.886,0.4533,0,in range
GRID_12358,-78.379,165.491,317234.1,-1225859.0,SVL,c,-7.512,0.6219,0,in range
GRID_12360,-78.358,165.098,326227.6,-1225881.4,SVL,c,-6.587,0.6845,0,in range
GRID_12361,-78.356,165.054,327225.6,-1225842.5,SVL,c,-6.498,0.6763,0,in range
GRID_12362,-78.385,165.436,318245.2,-1224916.6,SVL,c,-6.7,0.5143,0,in range
GRID_12364,-78.367,165.086,326230.2,-1224858.6,SVL,a,-0.098,1.9053,0,in range
GRID_12365,-78.378,165.118,325236.0,-1223873.9,SVL,c,-7.001,0.6259,0,in range
GRID_12366,-78.376,165.075,326210.9,-1223841.5,SVL,a,-0.132,1.8788,0,in range
GRID_12367,-78.408,165.501,316223.4,-1222833.3,SVL,a,-0.785,1.5273,0,in range
GRID_12368,-77.639,166.427,316238.5,-1309873.9,SVL,a,23.144,2.567,0,in range
GRID_12371,-78.114,166.188,309243.1,-1257875.1,SVL,c,8.173,1.0178,1,aspect
GRID_12374,-78.118,166.092,311244.7,-1256928.9,SVL,c,6.772,1.6903,0,in range
GRID_12379,-78.127,166.081,311248.3,-1255909.9,SVL,c,-5.59,0.9101,0,in range
GRID_12384,-78.141,166.156,309236.3,-1254823.9,SVL,c,8.203,1.1913,0,in range
GRID_12387,-78.147,166.103,310238.7,-1253897.8,SVL,c,4.045,1.9566,0,in range
GRID_12388,-78.163,166.221,307237.2,-1252828.0,SVL,c,0.248,1.178,0,in range
GRID_12389,-78.118,165.362,327233.4,-1252861.4,SVL,c,-6.488,0.6321,0,in range
GRID_12390,-78.171,166.211,307246.6,-1251921.4,SVL,c,0.538,1.0602,0,in range
GRID_12392,-78.18,166.2,307251.2,-1250902.9,SVL,c,-0.62,1.286,0,in range
GRID_12393,-78.178,166.157,308242.5,-1250885.1,SVL,c,4.01,1.9932,0,in range
GRID_12395,-78.135,165.34,327242.1,-1250929.9,SVL,c,-7.792,0.7744,0,in range
GRID_12396,-78.189,166.19,307233.7,-1249889.7,SVL,c,0.523,0.8883,0,in range
GRID_12397,-78.187,166.146,308246.0,-1249866.6,SVL,c,7.343,1.2232,0,in range
GRID_12398,-78.137,165.2,330241.6,-1249914.3,SVL,c,6.575,2.3412,0,in range
GRID_12399,-78.198,166.179,307237.6,-1248871.3,SVL,c,0.42,1.3217,0,in range
GRID_12400,-78.155,165.36,326250.4,-1248919.6,SVL,c,-7.964,0.9017,0,in range
GRID_12402,-78.151,165.275,328214.5,-1248858.9,SVL,c,-7.356,0.6586,0,in range
GRID_12403,-78.148,165.232,329235.6,-1248930.7,SVL,c,-7.135,0.9243,0,in range
GRID_12404,-78.146,165.189,330229.0,-1248895.6,SVL,c,-0.619,1.8155,0,in range
GRID_12405,-78.207,166.168,307241.2,-1247853.0,SVL,c,1.58,1.4782,0,in range
GRID_12407,-78.162,165.306,327232.4,-1247868.2,SVL,c,-8.099,0.7529,0,in range
GRID_12408,-78.16,165.263,328224.7,-1247834.6,SVL,c,-6.837,0.614,0,in range
GRID_12409,-78.157,165.22,329245.1,-1247906.4,SVL,c,-7.279,0.6881,0,in range
GRID_12411,-78.216,166.158,307222.6,-1246840.0,SVL,c,3.732,1.442,0,in range
GRID_12412,-78.173,165.338,326229.8,-1246882.4,SVL,c,-7.399,0.5661,0,in range
GRID_12414,-78.168,165.252,328240.7,-1246922.2,SVL,c,-7.824,1.3998,0,in range
GRID_12415,-78.166,165.209,329232.4,-1246887.8,SVL,c,-2.716,1.1186,0,in range
GRID_12416,-78.164,165.166,330224.3,-1246852.6,SVL,c,-0.519,1.7878,0,in range
GRID_12417,-78.224,166.147,307251.7,-1245928.4,SVL,c,6.678,1.6898,0,in range
GRID_12418,-78.182,165.327,326218.9,-1245863.9,SVL,c,-6.437,0.779,0,in range
GRID_12419,-78.18,165.284,327209.6,-1245831.1,SVL,c,-7.274,0.7025,0,in range
GRID_12420,-78.177,165.241,328228.3,-1245903.7,SVL,c,-4.095,0.4795,0,in range
GRID_12421,-78.175,165.198,329219.4,-1245869.3,SVL,c,7.728,1.6453,0,in range
GRID_12422,-78.191,165.315,326229.3,-1244839.8,SVL,c,-0.489,0.8975,0,in range
GRID_12423,-78.188,165.272,327247.2,-1244913.2,SVL,c,4.624,1.1307,0,in range
GRID_12424,-78.197,165.261,327234.8,-1243894.8,SVL,c,2.978,1.262,0,in range
GRID_12425,-78.206,165.25,327222.1,-1242876.5,SVL,c,0.882,0.9035,0,in range
GRID_12426,-78.204,165.207,328210.8,-1242842.9,SVL,c,0.923,1.818,0,in range
GRID_12427,-78.244,165.432,322223.2,-1239872.4,SVL,c,-4.727,1.0265,0,in range
GRID_12428,-78.255,165.464,321227.6,-1238883.3,SVL,c,-5.722,0.3332,0,in range
GRID_12429,-78.268,165.539,319249.3,-1237921.0,SVL,c,0.694,0.8288,0,in range
GRID_12430,-78.264,165.453,321217.3,-1237865.4,SVL,c,-6.617,0.7374,0,in range
GRID_12431,-78.248,165.15,328209.2,-1237847.0,SVL,c,6.946,1.3956,0,in range
GRID_12432,-78.282,165.615,317225.2,-1236854.9,SVL,c,0.865,1.2751,0,in range
GRID_12433,-78.28,165.571,318229.7,-1236823.5,SVL,c,-0.892,1.7293,0,in range
GRID_12434,-78.277,165.528,319240.1,-1236903.2,SVL,c,-5.755,0.4281,0,in range
GRID_12435,-78.275,165.485,320223.3,-1236875.8,SVL,c,-7.232,0.974,0,in range
GRID_12436,-78.273,165.441,321228.3,-1236842.0,SVL,c,-7.492,0.5751,0,in range
GRID_12437,-78.261,165.225,326224.7,-1236895.8,SVL,c,-8.128,0.6147,0,in range
GRID_12438,-78.259,165.181,327230.6,-1236857.1,SVL,c,-7.128,0.5642,0,in range
GRID_12439,-78.256,165.138,328243.2,-1236929.5,SVL,c,-5.372,0.5182,0,in range
GRID_12440,-78.293,165.647,316235.1,-1235862.2,SVL,c,-0.317,1.23,0,in range
GRID_12441,-78.291,165.604,317217.1,-1235837.1,SVL,c,-6.405,0.8512,0,in range
GRID_12442,-78.288,165.56,318248.2,-1235912.0,SVL,c,-7.165,0.6646,0,in range
GRID_12443,-78.286,165.517,319230.5,-1235885.4,SVL,c,-6.114,0.7885,0,in range
GRID_12444,-78.284,165.473,320234.6,-1235852.4,SVL,c,-6.861,0.4342,0,in range
GRID_12445,-78.275,165.3,324215.3,-1235835.4,SVL,c,-7.514,0.7667,0,in range
GRID_12446,-78.27,165.213,326231.6,-1235872.3,SVL,c,-7.512,0.6371,0,in range
GRID_12447,-78.265,165.127,328227.1,-1235911.7,SVL,c,-7.851,0.6742,0,in range
GRID_12448,-78.263,165.083,329232.6,-1235871.4,SVL,c,-5.229,0.6855,0,in range
GRID_12449,-78.261,165.04,330216.7,-1235836.0,SVL,c,7.477,2.3348,0,in range
GRID_12450,-78.302,165.636,316227.3,-1234844.5,SVL,c,-6.936,0.6465,0,in range
GRID_12451,-78.299,165.593,317235.9,-1234925.7,SVL,c,-7.161,0.3248,0,in range
GRID_12452,-78.297,165.549,318238.9,-1234894.3,SVL,c,-7.676,0.2008,0,in range
GRID_12453,-78.295,165.506,319220.5,-1234867.7,SVL,c,-7.696,0.1848,0,in range
GRID_12454,-78.272,165.072,329215.4,-1234853.6,SVL,a,-0.575,1.7219,0,in range
GRID_12455,-78.269,165.028,330248.7,-1234918.5,SVL,c,-6.627,0.5522,0,in range
GRID_12456,-78.267,164.985,331232.3,-1234882.4,SVL,c,7.333,1.9609,0,in range
GRID_12458,-78.281,165.06,329219.3,-1233830.1,SVL,c,-7.08,0.6073,0,in range
GRID_12459,-78.278,165.017,330230.4,-1233900.8,SVL,c,-7.755,0.4608,0,in range
GRID_12460,-78.276,164.974,331213.2,-1233864.6,SVL,c,-5.688,0.9667,0,in range
GRID_12461,-78.273,164.93,332246.3,-1233927.9,SVL,c,7.106,2.5165,0,in range
GRID_12464,-78.289,165.049,329229.7,-1232918.5,SVL,a,-0.825,1.7,0,in range
GRID_12465,-78.287,165.005,330233.2,-1232877.4,SVL,c,-7.153,0.7452,0,in range
GRID_12466,-78.019,165.442,328216.3,-1263838.9,SVL,c,6.707,1.5373,1,aspect
GRID_12467,-78.027,165.431,328237.9,-1262925.6,SVL,c,2.544,1.287,0,in range
GRID_12469,-78.039,165.462,327223.8,-1261827.4,SVL,c,-0.439,0.9227,0,in range
GRID_12470,-78.036,165.42,328231.6,-1261906.0,SVL,c,0.265,1.0786,0,in range
GRID_12471,-78.054,165.579,324236.2,-1260897.7,SVL,c,5.851,2.0956,0,in range
GRID_12472,-78.052,165.536,325237.2,-1260866.7,SVL,c,-0.278,1.1479,0,in range
GRID_12473,-78.05,165.494,326216.4,-1260840.5,SVL,c,-5.946,0.8443,0,in range
GRID_12474,-78.047,165.451,327245.3,-1260914.2,SVL,c,-1.465,1.3752,0,in range
GRID_12475,-78.045,165.409,328224.9,-1260886.5,SVL,c,-0.26,0.9078,0,in range
GRID_12476,-78.043,165.366,329226.5,-1260852.4,SVL,c,6.777,1.4142,1,aspect
GRID_12477,-78.065,165.611,323231.7,-1259908.6,SVL,c,7.348,1.4854,0,in range
GRID_12478,-78.063,165.568,324231.9,-1259878.3,SVL,c,2.017,0.7401,0,in range
GRID_12479,-78.061,165.525,325232.3,-1259847.3,SVL,c,-6.482,0.6195,0,in range
GRID_12480,-78.058,165.483,326238.3,-1259927.5,SVL,c,-5.988,0.8473,0,in range
GRID_12481,-78.056,165.44,327238.9,-1259894.8,SVL,c,-7.064,1.0586,0,in range
GRID_12482,-78.054,165.398,328217.8,-1259867.1,SVL,c,1.0,1.1287,0,in range
GRID_12483,-78.074,165.6,323227.8,-1258889.3,SVL,c,6.572,1.8649,0,in range
GRID_12484,-78.072,165.557,324227.3,-1258859.1,SVL,c,-5.715,0.407,0,in range
GRID_12485,-78.07,165.514,325226.9,-1258828.0,SVL,c,-6.968,1.0679,0,in range
GRID_12486,-78.067,165.472,326232.2,-1258908.1,SVL,c,-6.89,0.9705,0,in range
GRID_12487,-78.065,165.429,327232.2,-1258875.5,SVL,c,-7.441,1.145,0,in range
GRID_12488,-78.063,165.386,328232.3,-1258842.1,SVL,c,0.787,1.353,0,in range
GRID_12489,-78.083,165.589,323223.6,-1257870.1,SVL,c,6.444,2.5979,0,in range
GRID_12491,-78.078,165.503,325248.7,-1257915.1,SVL,c,-6.709,0.6563,0,in range
GRID_12493,-78.074,165.418,327225.1,-1257856.2,SVL,c,-7.372,0.8165,0,in range
GRID_12494,-78.071,165.375,328252.2,-1257929.0,SVL,c,2.743,1.8382,0,in range
GRID_12495,-78.092,165.578,323218.9,-1256850.9,SVL,c,2.444,1.1374,0,in range
GRID_12496,-78.089,165.535,324244.4,-1256927.0,SVL,c,-7.674,0.8959,0,in range
GRID_12497,-78.087,165.492,325242.6,-1256895.9,SVL,c,-6.972,0.9215,0,in range
GRID_12499,-78.083,165.407,327217.6,-1256837.0,SVL,c,-7.205,0.7569,0,in range
GRID_12500,-78.08,165.364,328243.9,-1256909.8,SVL,c,3.856,1.6416,0,in range
GRID_12501,-78.103,165.61,322216.8,-1255861.4,SVL,c,7.009,2.2546,0,in range
GRID_12502,-78.101,165.567,323213.9,-1255831.9,SVL,c,-5.465,0.6427,0,in range
GRID_12503,-78.098,165.524,324238.7,-1255907.9,SVL,c,-6.606,0.7589,0,in range
GRID_12504,-78.096,165.481,325236.2,-1255876.8,SVL,c,-7.059,0.8387,0,in range
GRID_12505,-78.094,165.438,326233.8,-1255844.9,SVL,c,-7.957,0.8009,0,in range
GRID_12508,-78.112,165.599,322212.1,-1254842.3,SVL,c,1.73,1.547,0,in range
GRID_12509,-78.109,165.556,323235.9,-1254919.2,SVL,c,-6.87,0.6256,0,in range
GRID_12510,-78.107,165.513,324232.6,-1254888.8,SVL,c,-7.779,1.219,0,in range
GRID_12511,-78.105,165.47,325229.4,-1254857.7,SVL,c,-7.803,0.6076,0,in range
GRID_12512,-78.103,165.427,326226.3,-1254825.8,SVL,c,-7.392,0.5411,0,in range
GRID_12513,-78.1,165.385,327229.1,-1254905.1,SVL,c,-6.603,0.6794,0,in range
GRID_12514,-78.098,165.342,328226.4,-1254871.6,SVL,c,-6.72,0.918,0,in range
GRID_12515,-78.096,165.299,329223.8,-1254837.3,SVL,c,6.094,1.4289,0,in range
GRID_12516,-78.12,165.588,322234.4,-1253929.7,SVL,c,5.884,1.8529,0,in range
GRID_12517,-78.118,165.545,323230.2,-1253900.2,SVL,c,-6.803,0.4628,0,in range
GRID_12518,-78.116,165.502,324226.1,-1253869.9,SVL,c,-7.719,0.9799,0,in range
GRID_12521,-78.109,165.373,327242.4,-1253880.4,SVL,c,-7.515,0.8454,0,in range
GRID_12522,-78.107,165.331,328217.1,-1253852.6,SVL,c,-7.909,0.9443,0,in range
GRID_12523,-78.104,165.288,329241.6,-1253924.5,SVL,c,-3.465,1.2885,0,in range
GRID_12524,-78.129,165.576,322250.9,-1252905.2,SVL,c,7.925,1.7181,0,in range
GRID_12526,-78.125,165.491,324219.3,-1252850.9,SVL,c,-7.593,0.8324,0,in range
GRID_12529,-78.116,165.32,328207.4,-1252833.6,SVL,c,-7.049,0.9542,0,in range
GRID_12530,-78.113,165.277,329231.2,-1252905.5,SVL,c,-6.51,0.774,0,in range
GRID_12531,-78.138,165.565,322245.1,-1251886.4,SVL,c,8.134,1.4063,0,in range
GRID_12532,-78.136,165.523,323217.6,-1251862.4,SVL,c,-6.146,0.6909,0,in range
GRID_12536,-78.124,165.308,328247.0,-1251915.2,SVL,c,-7.305,0.6061,0,in range
GRID_12538,-78.12,165.223,330215.9,-1251851.5,SVL,c,8.525,1.9344,0,in range
GRID_12539,-78.145,165.511,323232.5,-1250838.0,SVL,c,3.062,1.4821,0,in range
GRID_12540,-78.142,165.469,324232.0,-1250919.6,SVL,c,-7.098,0.8051,0,in range
GRID_12541,-78.14,165.426,325226.0,-1250888.4,SVL,c,-7.456,0.8375,0,in range
GRID_12543,-78.131,165.254,329231.1,-1250862.1,SVL,c,-6.988,0.8483,0,in range
GRID_12544,-78.129,165.211,330225.8,-1250826.9,SVL,c,6.374,1.9413,0,in range
GRID_12545,-78.153,165.5,323252.7,-1249925.6,SVL,c,6.739,2.052,0,in range
GRID_12546,-78.151,165.457,324245.8,-1249895.2,SVL,c,-0.891,1.2478,0,in range
GRID_12547,-78.149,165.415,325217.3,-1249869.7,SVL,c,-7.01,0.7041,0,in range
GRID_12549,-78.144,165.329,327232.0,-1249911.2,SVL,c,-7.966,0.7563,0,in range
GRID_12551,-78.14,165.243,329219.6,-1249843.3,SVL,c,-7.543,0.8639,0,in range
GRID_12552,-78.16,165.446,324237.5,-1248876.5,SVL,c,8.454,1.512,0,in range
GRID_12554,-78.169,165.435,324228.8,-1247858.0,SVL,c,7.888,1.8339,0,in range
GRID_12555,-78.167,165.392,325220.6,-1247826.7,SVL,c,-7.501,0.8874,0,in range
GRID_12556,-78.175,165.381,325238.5,-1246914.4,SVL,c,-4.146,0.8504,0,in range
GRID_12557,-78.184,165.37,325228.3,-1245896.0,SVL,c,5.616,1.9142,0,in range
GRID_12560,-77.795,166.736,305236.9,-1294876.3,SVL,c,8.78,1.832,0,in range
GRID_12561,-77.828,166.654,306252.9,-1290910.7,SVL,c,1.688,1.5598,0,in range
GRID_12565,-77.85,166.718,304255.5,-1288899.8,SVL,c,3.872,1.9051,0,in range
GRID_12566,-77.848,166.676,305250.9,-1288890.2,SVL,c,9.068,1.2574,0,in range
GRID_12567,-77.573,166.24,322237.3,-1315880.3,SVL,a,24.605,2.1266,0,in range
GRID_12568,-76.965,166.94,321247.1,-1384856.2,SVL,c,0.258,1.1846,0,in range
GRID_12570,-77.471,167.173,303257.0,-1331885.2,SVL,c,-3.163,1.0187,0,in range
GRID_12574,-77.507,166.963,307243.8,-1326909.3,SVL,a,4.442,2.8468,0,in range
GRID_12575,-77.516,166.953,307252.1,-1325891.9,SVL,a,3.186,2.4903,0,in range
GRID_12576,-77.514,166.912,308250.6,-1325885.8,SVL,a,3.447,2.6118,0,in range
GRID_12577,-77.525,166.944,307236.9,-1324879.9,SVL,a,3.314,2.5831,0,in range
GRID_12578,-77.536,166.975,306247.5,-1323867.9,SVL,a,2.905,2.5481,0,in range
GRID_12579,-77.534,166.934,307244.4,-1323862.5,SVL,a,3.202,2.7657,0,in range
GRID_12580,-77.532,166.893,308241.5,-1323856.5,SVL,a,4.167,3.0237,0,in range
GRID_12585,-77.504,167.268,300248.7,-1328847.7,SVL,a,3.172,2.3328,1,elev
GRID_12586,-77.502,167.227,301248.2,-1328846.9,SVL,a,6.212,2.914,1,elev
GRID_12587,-77.5,167.186,302247.7,-1328845.4,SVL,a,3.531,2.402,1,elev
GRID_12588,-77.498,167.145,303247.5,-1328843.1,SVL,a,3.442,2.0942,1,elev
GRID_12589,-77.496,167.104,304247.4,-1328840.1,SVL,a,3.159,2.3403,1,elev
GRID_12590,-77.494,167.063,305247.4,-1328836.3,SVL,a,3.229,2.2241,0,in range
GRID_12591,-77.492,167.022,306247.6,-1328831.8,SVL,a,2.976,2.3433,0,in range
GRID_12592,-77.489,166.982,307249.5,-1328938.9,SVL,a,3.278,2.014,0,in range
GRID_12593,-77.487,166.941,308250.1,-1328932.9,SVL,a,4.161,2.8873,0,in range
GRID_12594,-77.513,167.259,300239.3,-1327835.5,SVL,a,3.011,2.2852,1,elev
GRID_12595,-77.511,167.218,301238.0,-1327834.8,SVL,a,3.57,2.0373,1,elev
GRID_12596,-77.509,167.177,302236.9,-1327833.2,SVL,a,3.445,2.3405,1,elev
GRID_12597,-77.506,167.136,303260.4,-1327938.1,SVL,a,3.02,2.3686,1,elev
GRID_12598,-77.504,167.095,304259.7,-1327935.1,SVL,a,3.358,2.3706,1,elev
GRID_12599,-77.502,167.054,305259.1,-1327931.3,SVL,a,3.274,2.2251,1,elev
GRID_12600,-77.5,167.013,306258.7,-1327926.7,SVL,a,3.666,2.4475,0,in range
GRID_12601,-77.498,166.972,307258.4,-1327921.4,SVL,a,4.3,2.7874,0,in range
GRID_12602,-77.521,167.25,300253.8,-1326930.7,SVL,a,3.52,2.5517,1,elev
GRID_12603,-77.519,167.209,301251.9,-1326929.9,SVL,a,3.054,2.1666,1,elev
GRID_12605,-77.515,167.127,303248.6,-1326926.0,SVL,a,3.354,2.0818,1,elev
GRID_12606,-77.513,167.086,304247.2,-1326922.9,SVL,a,3.25,2.4164,1,elev
GRID_12607,-77.511,167.045,305245.9,-1326919.1,SVL,a,3.335,2.5476,1,elev
GRID_12608,-77.509,167.004,306244.8,-1326914.6,SVL,a,3.327,2.5871,0,in range
GRID_12609,-77.53,167.24,300266.8,-1325913.4,SVL,a,3.389,2.5251,1,elev
GRID_12611,-77.522,167.076,304257.5,-1325905.6,SVL,a,3.231,2.6706,1,elev
GRID_12612,-77.52,167.035,305255.5,-1325901.8,SVL,a,3.574,2.4579,1,elev
GRID_12613,-77.518,166.994,306253.7,-1325897.2,SVL,a,2.73,2.6292,0,in range
GRID_12614,-77.537,167.19,301253.2,-1324900.5,SVL,a,3.29,2.3476,1,elev
GRID_12615,-77.535,167.149,302250.1,-1324899.0,SVL,a,3.376,2.3374,1,elev
GRID_12616,-77.533,167.108,303247.2,-1324896.6,SVL,a,3.572,2.5344,1,elev
GRID_12617,-77.531,167.067,304244.4,-1324893.6,SVL,a,3.559,2.2046,1,elev
GRID_12618,-77.529,167.026,305241.7,-1324889.7,SVL,a,3.238,2.4945,1,elev
GRID_12619,-77.527,166.985,306239.2,-1324885.2,SVL,a,2.881,2.7872,0,in range
GRID_12620,-77.542,167.098,303257.5,-1323879.4,SVL,a,3.29,2.1846,1,elev
GRID_12621,-77.54,167.057,304254.0,-1323876.3,SVL,a,4.204,2.745,1,elev
GRID_12622,-77.538,167.016,305250.7,-1323872.5,SVL,a,3.361,2.5783,1,elev
GRID_12623,-77.547,167.007,305236.2,-1322860.6,SVL,a,3.538,2.219,0,in range
GRID_12624,-77.517,166.78,311229.0,-1324851.1,SVL,a,6.986,2.1555,0,in range
GRID_12625,-77.583,166.794,309247.9,-1317864.5,SVL,a,3.131,2.3067,0,in range
GRID_12627,-78.158,166.501,301239.3,-1254848.3,SVL,c,1.585,1.3392,0,in range
GRID_12628,-78.156,166.458,302232.3,-1254835.3,SVL,c,0.948,1.761,0,in range
GRID_12629,-78.153,166.415,303251.4,-1254928.3,SVL,c,0.737,1.7662,0,in range
GRID_12630,-78.169,166.534,300235.2,-1253847.1,SVL,c,-7.253,0.7491,0,in range
GRID_12631,-78.167,166.491,301227.4,-1253834.9,SVL,c,-6.647,0.8544,0,in range
GRID_12632,-78.164,166.448,302245.5,-1253928.7,SVL,c,-7.751,0.9408,0,in range
GRID_12633,-78.162,166.404,303260.0,-1253909.6,SVL,c,-7.194,0.5283,0,in range
GRID_12636,-78.178,166.524,300223.8,-1252833.8,SVL,c,-6.588,0.6885,0,in range
GRID_12637,-78.175,166.48,301262.8,-1252923.1,SVL,c,-7.245,0.4342,0,in range
GRID_12639,-78.171,166.394,303246.4,-1252896.4,SVL,c,-3.737,0.6279,0,in range
GRID_12640,-78.169,166.351,304238.4,-1252881.8,SVL,c,-7.838,0.7956,0,in range
GRID_12641,-78.167,166.308,305230.6,-1252866.4,SVL,c,-7.583,0.7116,0,in range
GRID_12642,-78.165,166.265,306222.9,-1252850.3,SVL,c,-5.234,0.7478,0,in range
GRID_12644,-78.182,166.427,302241.3,-1251896.9,SVL,c,-6.944,0.5548,0,in range
GRID_12645,-78.18,166.384,303232.5,-1251883.1,SVL,c,-6.208,0.5333,0,in range
GRID_12646,-78.178,166.34,304245.6,-1251863.2,SVL,c,-7.13,0.4885,0,in range
GRID_12647,-78.176,166.297,305237.1,-1251847.9,SVL,c,-8.348,0.8337,0,in range
GRID_12648,-78.174,166.254,306228.6,-1251831.7,SVL,c,-6.747,0.7292,0,in range
GRID_12649,-78.195,166.503,300247.4,-1250909.0,SVL,c,-6.98,0.57,0,in range
GRID_12652,-78.189,166.373,303240.0,-1250864.7,SVL,c,-6.824,0.6163,0,in range
GRID_12653,-78.187,166.33,304230.6,-1250850.1,SVL,c,-3.989,0.6593,0,in range
GRID_12654,-78.185,166.287,305221.3,-1250834.7,SVL,c,-7.343,0.5936,0,in range
GRID_12655,-78.182,166.243,306260.1,-1250919.8,SVL,c,-7.117,0.5243,0,in range
GRID_12656,-78.204,166.493,300235.0,-1249895.9,SVL,c,-7.076,0.7538,0,in range
GRID_12657,-78.202,166.449,301246.2,-1249878.4,SVL,c,-6.033,0.3902,0,in range
GRID_12658,-78.2,166.406,302235.7,-1249865.4,SVL,c,-6.979,0.5554,0,in range
GRID_12660,-78.196,166.319,304237.1,-1249831.6,SVL,c,-7.702,0.6754,0,in range
GRID_12661,-78.193,166.276,305253.1,-1249922.9,SVL,c,-8.868,0.789,0,in range
GRID_12664,-78.209,166.395,302243.3,-1248847.0,SVL,c,-6.277,0.477,0,in range
GRID_12665,-78.207,166.352,303232.2,-1248833.2,SVL,c,-6.487,0.4972,0,in range
GRID_12666,-78.204,166.309,304247.3,-1248925.3,SVL,c,-6.713,0.4756,0,in range
GRID_12667,-78.202,166.266,305236.7,-1248909.8,SVL,c,-7.818,0.4905,0,in range
GRID_12669,-78.22,166.428,301240.6,-1247847.1,SVL,c,-7.406,0.4578,0,in range
GRID_12675,-78.231,166.461,300239.1,-1246846.4,SVL,c,-7.28,0.767,0,in range
GRID_12677,-78.226,166.374,302261.3,-1246922.5,SVL,c,-6.561,0.2812,0,in range
GRID_12678,-78.224,166.331,303248.9,-1246908.6,SVL,c,-6.725,0.4072,0,in range
GRID_12680,-78.22,166.244,305246.3,-1246873.2,SVL,c,-7.041,0.3927,0,in range
GRID_12689,-78.244,166.353,302252.1,-1244891.5,SVL,c,-6.859,0.4634,0,in range
GRID_12690,-78.24,166.267,304224.6,-1244863.0,SVL,c,-3.744,1.042,0,in range
GRID_12696,-78.275,166.409,300235.6,-1241878.9,SVL,c,-4.719,1.1065,0,in range
GRID_12697,-78.271,166.322,302224.8,-1241848.2,SVL,c,-6.593,0.868,0,in range
GRID_12701,-78.098,164.014,357221.0,-1246927.6,SVL,c,-13.168,0.2711,0,in range
GRID_12702,-78.096,163.971,358217.4,-1246870.2,SVL,c,-12.59,0.375,0,in range
GRID_12703,-78.093,163.929,359222.5,-1246923.8,SVL,c,-12.136,0.5088,0,in range
GRID_12704,-78.091,163.886,360219.1,-1246864.9,SVL,g,-9.49,0.4686,0,in range
GRID_12705,-78.088,163.844,361224.7,-1246916.9,SVL,n,-9.925,1.1912,1,litho
GRID_12706,-78.112,164.086,355232.3,-1245897.2,SVL,c,-10.4,0.5977,0,in range
GRID_12707,-78.11,164.044,356205.9,-1245847.6,SVL,c,-10.848,0.283,0,in range
GRID_12708,-78.107,164.001,357231.6,-1245896.6,SVL,c,-11.572,0.5167,0,in range
GRID_12709,-78.105,163.959,358205.4,-1245845.4,SVL,c,-11.521,0.3687,0,in range
GRID_12710,-78.102,163.917,359209.9,-1245899.0,SVL,c,-11.313,0.4659,0,in range
GRID_12711,-78.128,164.202,352230.9,-1244923.5,SVL,c,3.143,1.6143,0,in range
GRID_12712,-78.126,164.159,353225.1,-1244870.1,SVL,c,-10.432,0.421,0,in range
GRID_12713,-78.123,164.117,354227.6,-1244927.6,SVL,c,-11.415,0.5436,0,in range
GRID_12714,-78.121,164.074,355222.1,-1244872.6,SVL,c,-12.224,0.3313,0,in range
GRID_12715,-78.118,164.032,356225.2,-1244928.5,SVL,c,-11.097,0.8028,0,in range
GRID_12718,-78.111,163.904,359218.6,-1244868.1,SVL,n,-10.799,0.3241,1,litho
GRID_12719,-78.108,163.862,360222.6,-1244920.8,SVL,n,-9.616,0.6031,1,litho
GRID_12720,-78.137,164.19,352222.4,-1243899.0,SVL,c,2.913,1.3188,0,in range
GRID_12724,-78.127,164.02,356213.9,-1243903.9,SVL,n,-10.788,0.3271,1,litho
GRID_12725,-78.125,163.977,357207.9,-1243847.3,SVL,d,-10.674,0.5893,0,in range
GRID_12726,-78.122,163.935,358210.7,-1243901.6,SVL,d,-10.998,0.4686,0,in range
GRID_12727,-78.12,163.892,359205.1,-1243843.4,SVL,d,-11.376,0.3981,0,in range
GRID_12728,-78.117,163.85,360208.4,-1243896.2,SVL,g,-8.047,0.9934,0,in range
GRID_12729,-78.143,164.135,353236.2,-1242926.6,SVL,c,-9.655,0.9872,0,in range
GRID_12730,-78.141,164.093,354207.4,-1242878.5,SVL,n,-10.112,0.4888,1,litho
GRID_12732,-78.136,164.007,356223.8,-1242873.2,SVL,n,-10.741,0.3403,1,litho
GRID_12733,-78.133,163.965,357225.8,-1242928.3,SVL,n,-9.414,0.6416,1,litho
GRID_12734,-78.131,163.922,358219.3,-1242870.8,SVL,d,-10.568,0.8325,0,in range
GRID_12735,-78.128,163.88,359221.7,-1242924.3,SVL,d,-10.231,0.2312,0,in range
GRID_12736,-78.126,163.837,360215.6,-1242865.3,SVL,g,-10.383,0.2177,0,in range
GRID_12737,-78.152,164.123,353226.2,-1241902.2,SVL,c,4.256,0.9407,0,in range
GRID_12738,-78.15,164.08,354218.4,-1241847.9,SVL,c,-7.907,0.6099,0,in range
GRID_12739,-78.147,164.038,355219.2,-1241904.6,SVL,c,-11.618,0.6183,0,in range
GRID_12740,-78.145,163.995,356211.7,-1241848.7,SVL,n,-10.866,0.4153,1,litho
GRID_12741,-78.142,163.953,357213.0,-1241903.8,SVL,n,-11.365,0.148,1,litho
GRID_12742,-78.14,163.91,358205.7,-1241846.4,SVL,g,-9.375,0.5283,0,in range
GRID_12743,-78.137,163.867,359229.2,-1241893.6,SVL,c,-11.451,0.667,0,in range
GRID_12744,-78.156,164.026,355207.4,-1240880.2,SVL,c,-3.453,0.9602,0,in range
GRID_12745,-78.153,163.983,356229.4,-1240929.9,SVL,c,-12.822,0.6402,0,in range
GRID_12746,-78.151,163.94,357221.4,-1240873.2,SVL,c,-11.783,0.6632,0,in range
GRID_12747,-78.148,163.898,358222.2,-1240927.5,SVL,c,-11.569,0.3639,0,in range
GRID_12748,-78.146,163.855,359214.5,-1240869.2,SVL,c,-12.252,0.4273,0,in range
GRID_12749,-78.162,163.971,356216.5,-1239905.6,SVL,c,-4.338,1.1746,0,in range
GRID_12750,-78.16,163.928,357207.7,-1239848.9,SVL,c,-9.245,0.5459,0,in range
GRID_12751,-78.157,163.885,358229.5,-1239896.9,SVL,c,-11.023,0.5177,0,in range
GRID_12752,-78.155,163.843,359199.4,-1239844.8,SVL,d,-9.714,0.2436,0,in range
GRID_12753,-78.171,163.958,356224.7,-1238875.1,SVL,c,-1.352,1.1411,0,in range
GRID_12754,-78.168,163.916,357224.0,-1238930.1,SVL,c,-9.066,0.5226,0,in range
GRID_12755,-78.166,163.873,358214.7,-1238872.6,SVL,g,-10.077,0.5909,0,in range
GRID_12756,-78.177,163.903,357231.2,-1237899.7,SVL,c,-4.325,1.5499,0,in range
GRID_12757,-78.175,163.861,358199.5,-1237848.4,SVL,c,-10.184,0.6606,0,in range
GRID_12758,-78.183,163.848,358236.1,-1236923.5,SVL,c,-4.259,1.2339,0,in range
GRID_12759,-78.192,163.836,358220.1,-1235899.5,SVL,c,0.059,1.3321,0,in range
GRID_12764,-77.968,164.374,353224.6,-1262895.6,SVL,c,-11.032,0.681,0,in range
GRID_12765,-77.966,164.332,354209.6,-1262847.8,SVL,c,-11.588,0.2375,0,in range
GRID_12771,-77.951,164.08,360212.3,-1262861.9,SVL,n,-9.323,0.7384,1,litho
GRID_12772,-77.938,163.871,365213.2,-1262911.2,SVL,g,-9.399,0.1719,0,in range
GRID_12773,-77.977,164.362,353222.7,-1261869.7,SVL,c,-11.274,0.372,0,in range
GRID_12774,-77.974,164.32,354236.6,-1261927.7,SVL,c,-11.619,0.5492,0,in range
GRID_12775,-77.972,164.278,355221.1,-1261879.1,SVL,c,-12.227,0.2803,0,in range
GRID_12776,-77.969,164.236,356235.5,-1261935.4,SVL,c,-12.419,0.2154,0,in range
GRID_12782,-77.947,163.858,365224.9,-1261878.8,SVL,n,-11.675,0.2963,1,litho
GRID_12783,-77.986,164.35,353220.3,-1260843.9,SVL,c,-7.661,1.0505,0,in range
GRID_12784,-77.983,164.308,354233.6,-1260901.9,SVL,b,-9.255,0.8518,1,litho
GRID_12785,-77.981,164.266,355217.3,-1260853.3,SVL,b,-8.642,1.234,1,litho
GRID_12786,-77.978,164.224,356231.1,-1260909.6,SVL,c,-10.269,0.5604,0,in range
GRID_12788,-77.994,164.339,353225.2,-1259930.1,SVL,n,-10.725,0.3223,1,litho
GRID_12789,-77.992,164.296,354230.1,-1259876.1,SVL,n,-10.549,0.4947,1,litho
GRID_12791,-77.987,164.212,356226.2,-1259883.8,SVL,n,-10.898,0.2877,1,litho
GRID_12792,-77.985,164.17,357209.6,-1259833.7,SVL,n,-9.384,0.5279,1,litho
GRID_12793,-77.982,164.128,358223.1,-1259888.4,SVL,n,-10.617,0.3746,1,litho
GRID_12795,-77.97,163.918,363203.5,-1259833.3,SVL,n,-9.361,0.7064,1,litho
GRID_12796,-77.967,163.876,364218.4,-1259883.3,SVL,n,-11.533,0.498,1,litho
GRID_12797,-78.003,164.327,353222.1,-1258904.5,SVL,d,-8.78,0.7573,0,in range
GRID_12800,-77.996,164.2,356221.0,-1258858.2,SVL,c,-11.439,0.1431,0,in range
GRID_12801,-77.993,164.158,357233.6,-1258913.6,SVL,n,-10.333,0.4781,1,litho
GRID_12802,-77.991,164.116,358216.4,-1258862.7,SVL,n,-10.143,0.44,1,litho
GRID_12803,-77.981,163.948,362209.7,-1258862.4,SVL,n,-9.2,0.4862,1,litho
GRID_12807,-78.005,164.188,356215.3,-1257832.5,SVL,c,-10.723,0.7792,0,in range
GRID_12808,-78.002,164.146,357227.2,-1257888.0,SVL,n,-9.141,0.6557,1,litho
GRID_12810,-77.995,164.02,360204.2,-1257838.4,SVL,n,-10.441,0.353,1,litho
GRID_12811,-78.021,164.303,353214.6,-1256853.4,SVL,n,-8.812,0.6153,1,litho
GRID_12814,-78.013,164.176,356239.2,-1256912.7,SVL,n,-9.571,0.6799,1,litho
GRID_12815,-78.011,164.134,357220.5,-1256862.4,SVL,c,-10.565,0.7766,0,in range
GRID_12817,-78.006,164.05,359213.6,-1256865.3,SVL,n,-9.169,0.5964,1,litho
GRID_12818,-78.003,164.008,360225.6,-1256918.4,SVL,n,-9.471,0.2987,1,litho
GRID_12819,-78.001,163.966,361207.6,-1256865.1,SVL,g,-9.123,0.44,0,in range
GRID_12820,-78.029,164.291,353239.9,-1255933.7,SVL,c,0.548,0.6255,0,in range
GRID_12821,-78.025,164.207,355200.4,-1255837.2,SVL,c,-5.914,1.2592,0,in range
GRID_12822,-78.022,164.165,356210.8,-1255893.4,SVL,c,-11.096,0.5849,0,in range
GRID_12823,-78.02,164.122,357213.3,-1255837.0,SVL,c,-11.587,0.4765,0,in range
GRID_12824,-78.017,164.08,358224.1,-1255891.6,SVL,c,-12.006,0.4366,0,in range
GRID_12825,-78.015,164.038,359205.1,-1255839.8,SVL,c,-11.585,0.3055,0,in range
GRID_12826,-78.012,163.996,360216.4,-1255892.9,SVL,c,-10.79,0.3823,0,in range
GRID_12827,-78.005,163.87,363190.9,-1255836.1,SVL,n,-10.423,0.5001,1,litho
GRID_12828,-78.041,164.322,352204.2,-1254855.9,SVL,c,3.163,1.1367,0,in range
GRID_12829,-78.038,164.279,353235.2,-1254908.4,SVL,c,-4.442,0.804,0,in range
GRID_12830,-78.036,164.237,354214.6,-1254860.4,SVL,c,-11.265,0.779,0,in range
GRID_12831,-78.033,164.195,355224.1,-1254917.4,SVL,c,-9.814,0.508,0,in range
GRID_12832,-78.031,164.153,356203.9,-1254868.0,SVL,c,-4.642,0.8398,0,in range
GRID_12833,-78.028,164.11,357235.8,-1254917.2,SVL,c,-11.602,0.5314,0,in range
GRID_12834,-78.026,164.068,358215.9,-1254866.2,SVL,n,-10.257,0.4816,1,litho
GRID_12835,-78.023,164.026,359226.3,-1254920.0,SVL,c,-12.001,0.1749,0,in range
GRID_12836,-78.016,163.899,362220.2,-1254859.2,SVL,c,-12.211,0.1055,0,in range
GRID_12838,-78.049,164.31,352229.5,-1253936.4,SVL,c,2.631,1.6097,0,in range
GRID_12839,-78.047,164.267,353230.0,-1253883.1,SVL,c,-11.642,0.6626,0,in range
GRID_12840,-78.045,164.225,354208.8,-1253835.2,SVL,c,-11.373,0.4013,0,in range
GRID_12841,-78.042,164.183,355217.6,-1253892.1,SVL,n,-10.871,0.751,1,litho
GRID_12842,-78.04,164.141,356196.6,-1253842.7,SVL,n,-10.413,0.5172,1,litho
GRID_12843,-78.037,164.098,357227.8,-1253891.8,SVL,n,-9.51,0.4988,1,litho
GRID_12844,-78.035,164.056,358207.2,-1253840.8,SVL,c,-10.141,0.8906,0,in range
GRID_12845,-78.032,164.014,359216.9,-1253894.6,SVL,n,-9.627,0.6335,1,litho
GRID_12846,-78.03,163.972,360196.6,-1253842.0,SVL,n,-9.154,0.55,1,litho
GRID_12847,-78.025,163.887,362208.7,-1253833.8,SVL,c,-11.328,0.4033,0,in range
GRID_12849,-78.056,164.255,353224.4,-1252857.9,SVL,n,-9.943,0.4337,1,litho
GRID_12850,-78.053,164.213,354232.4,-1252915.6,SVL,n,-9.813,0.2971,1,litho
GRID_12851,-78.051,164.171,355210.6,-1252866.9,SVL,n,-9.477,0.5938,1,litho
GRID_12852,-78.048,164.129,356219.0,-1252923.0,SVL,n,-10.76,0.4292,1,litho
GRID_12855,-78.041,164.002,359207.2,-1252869.3,SVL,n,-10.538,0.3978,1,litho
GRID_12856,-78.038,163.96,360216.5,-1252922.2,SVL,g,-8.898,0.6721,0,in range
GRID_12857,-78.036,163.917,361217.5,-1252862.6,SVL,g,-8.086,0.8953,0,in range
GRID_12858,-78.033,163.875,362227.3,-1252913.9,SVL,g,-9.842,0.3201,0,in range
GRID_12859,-78.067,164.286,352219.4,-1251886.0,SVL,c,-11.691,0.6382,0,in range
GRID_12860,-78.065,164.244,353196.6,-1251838.9,SVL,c,-11.851,0.4543,0,in range
GRID_12861,-78.062,164.201,354225.7,-1251890.4,SVL,c,-11.974,0.3709,0,in range
GRID_12862,-78.06,164.159,355203.2,-1251841.7,SVL,n,-11.578,0.3386,1,litho
GRID_12863,-78.057,164.117,356210.9,-1251897.8,SVL,n,-10.091,0.6504,1,litho
GRID_12865,-78.052,164.032,358218.8,-1251895.9,SVL,g,-9.144,0.5276,0,in range
GRID_12866,-78.05,163.99,359197.0,-1251844.1,SVL,g,-9.283,0.6021,0,in range
GRID_12869,-78.042,163.863,362215.0,-1251888.7,SVL,g,-10.95,0.178,0,in range
GRID_12870,-78.076,164.274,352213.7,-1250861.0,SVL,d,-9.457,0.7143,0,in range
GRID_12871,-78.073,164.232,353220.1,-1250919.5,SVL,c,-10.509,0.6951,0,in range
GRID_12872,-78.071,164.189,354218.6,-1250865.4,SVL,d,-10.751,0.4572,0,in range
GRID_12873,-78.068,164.147,355225.4,-1250922.2,SVL,d,-9.276,0.737,0,in range
GRID_12874,-78.066,164.104,356224.3,-1250866.5,SVL,c,-11.427,0.2681,0,in range
GRID_12875,-78.063,164.062,357231.6,-1250921.8,SVL,c,-11.611,0.1709,0,in range
GRID_12876,-78.061,164.02,358208.9,-1250870.7,SVL,c,-11.372,0.5289,0,in range
GRID_12877,-78.053,163.893,361224.4,-1250917.7,SVL,g,-11.115,0.4134,0,in range
GRID_12878,-78.051,163.851,362202.4,-1250863.5,SVL,g,-8.459,0.8507,0,in range
GRID_12879,-78.085,164.262,352207.6,-1249836.0,SVL,n,-10.98,0.3197,1,litho
GRID_12880,-78.082,164.22,353213.3,-1249894.5,SVL,n,-10.452,0.603,1,litho
GRID_12881,-78.08,164.177,354211.1,-1249840.3,SVL,g,-8.144,1.0228,0,in range
GRID_12882,-78.077,164.135,355217.3,-1249897.2,SVL,d,-9.42,0.7208,0,in range
GRID_12883,-78.075,164.092,356215.4,-1249841.5,SVL,c,-10.284,0.7533,0,in range
GRID_12884,-78.072,164.05,357222.0,-1249896.8,SVL,d,-11.165,0.4302,0,in range
GRID_12885,-78.07,164.008,358198.6,-1249845.7,SVL,d,-9.486,0.4578,0,in range
GRID_12886,-78.067,163.965,359227.5,-1249893.1,SVL,d,-11.347,0.4008,0,in range
GRID_12887,-78.06,163.838,362211.1,-1249832.1,SVL,g,-7.448,0.8824,0,in range
GRID_12888,-78.093,164.25,352231.0,-1248916.8,SVL,g,-9.596,0.3555,0,in range
GRID_12889,-78.091,164.208,353206.1,-1248869.6,SVL,g,-9.338,0.5255,0,in range
GRID_12890,-78.088,164.165,354233.2,-1248921.0,SVL,n,-11.253,0.3124,1,litho
GRID_12891,-78.086,164.123,355208.7,-1248872.3,SVL,c,-12.925,0.299,0,in range
GRID_12892,-78.083,164.08,356236.2,-1248922.1,SVL,n,-10.03,0.4551,1,litho
GRID_12893,-78.081,164.038,357212.0,-1248871.8,SVL,d,-10.31,0.6862,0,in range
GRID_12894,-78.078,163.996,358218.2,-1248926.2,SVL,g,-10.09,0.402,0,in range
GRID_12895,-78.076,163.953,359216.1,-1248868.1,SVL,d,-10.253,0.3028,0,in range
GRID_12896,-78.073,163.911,360222.8,-1248921.0,SVL,d,-10.252,0.7327,0,in range
GRID_12897,-78.071,163.868,361221.0,-1248861.2,SVL,g,-8.197,0.828,0,in range
GRID_12898,-78.102,164.238,352224.1,-1247892.0,SVL,c,-10.954,0.7373,0,in range
GRID_12899,-78.1,164.196,353198.6,-1247844.7,SVL,n,-10.773,0.313,1,litho
GRID_12900,-78.097,164.153,354224.9,-1247896.2,SVL,n,-10.743,0.5206,1,litho
GRID_12901,-78.095,164.111,355199.7,-1247847.4,SVL,n,-10.28,0.757,1,litho
GRID_12902,-78.092,164.068,356226.5,-1247897.2,SVL,n,-10.396,0.6203,1,litho
GRID_12903,-78.09,164.026,357201.6,-1247846.9,SVL,d,-9.304,0.9138,0,in range
GRID_12904,-78.087,163.983,358228.9,-1247895.1,SVL,d,-8.659,0.8679,0,in range
GRID_12905,-78.085,163.941,359204.3,-1247843.2,SVL,d,-8.526,0.9213,0,in range
GRID_12906,-78.082,163.899,360210.3,-1247896.0,SVL,g,-9.529,0.716,0,in range
GRID_12907,-78.08,163.856,361207.8,-1247836.3,SVL,g,-9.396,0.8041,0,in range
GRID_12908,-78.111,164.226,352216.8,-1246867.2,SVL,c,-7.518,0.3293,0,in range
GRID_12909,-78.108,164.184,353220.5,-1246925.6,SVL,c,-11.918,0.606,0,in range
GRID_12910,-78.106,164.141,354216.2,-1246871.4,SVL,c,-13.559,0.5651,0,in range
GRID_12911,-78.103,164.099,355220.4,-1246928.2,SVL,n,-11.63,0.4899,1,litho
GRID_12912,-78.101,164.056,356216.4,-1246872.4,SVL,c,-12.643,0.3618,0,in range
GRID_12913,-78.117,164.171,353233.9,-1245894.7,SVL,c,-10.587,0.7144,0,in range
GRID_12914,-78.115,164.129,354207.1,-1245846.7,SVL,c,-8.663,1.223,0,in range
GRID_12915,-77.853,164.347,357227.8,-1274892.0,SVL,c,-13.384,0.3015,0,in range
GRID_12916,-77.862,164.336,357205.6,-1273871.5,SVL,c,-11.137,0.39,0,in range
GRID_12917,-77.871,164.324,357205.3,-1272844.8,SVL,c,-11.718,0.2215,0,in range
GRID_12918,-77.868,164.282,358227.5,-1272899.8,SVL,c,-10.358,0.5297,0,in range
GRID_12919,-77.861,164.157,361213.6,-1272855.0,SVL,c,-11.551,0.3056,0,in range
GRID_12920,-77.858,164.115,362236.8,-1272906.8,SVL,c,-10.08,0.6001,0,in range
GRID_12921,-77.879,164.312,357234.3,-1271923.9,SVL,c,-10.581,0.4842,0,in range
GRID_12922,-77.867,164.104,362210.4,-1271886.4,SVL,n,-9.557,0.3892,1,litho
GRID_12923,-77.864,164.062,363233.1,-1271937.4,SVL,n,-10.717,0.3673,1,litho
GRID_12924,-77.876,164.092,362205.8,-1270859.7,SVL,n,-7.146,1.106,1,litho
GRID_12925,-77.873,164.05,363227.8,-1270910.7,SVL,n,-11.222,0.3738,1,litho
GRID_12926,-77.868,163.967,365220.2,-1270911.1,SVL,n,-11.862,0.2984,1,litho
GRID_12927,-77.866,163.925,366212.6,-1270854.2,SVL,n,-9.756,0.6206,1,litho
GRID_12928,-77.884,164.08,362230.9,-1269938.8,SVL,n,-10.981,0.2206,1,litho
GRID_12929,-77.882,164.038,363222.1,-1269884.1,SVL,n,-11.176,0.3942,1,litho
GRID_12930,-77.874,163.913,366235.2,-1269933.1,SVL,n,-10.552,0.464,1,litho
GRID_12931,-77.872,163.872,367204.9,-1269881.7,SVL,n,-9.96,0.4837,1,litho
GRID_12933,-77.901,163.877,366209.5,-1266853.6,SVL,n,-10.091,0.5257,1,litho
GRID_12937,-77.794,164.157,363223.0,-1279935.8,SVL,n,-10.559,0.2539,1,litho
GRID_12938,-77.803,164.145,363221.0,-1278908.5,SVL,n,-10.733,0.3923,1,litho
GRID_12939,-77.801,164.103,364218.5,-1278853.2,SVL,n,-10.732,0.2733,1,litho
GRID_12940,-77.798,164.062,365224.1,-1278909.2,SVL,n,-10.742,0.4856,1,litho
GRID_12941,-77.86,164.472,354239.7,-1274927.4,SVL,c,-6.27,0.6121,0,in range
GRID_12942,-77.858,164.431,355210.9,-1274885.3,SVL,c,-12.152,0.2408,0,in range
GRID_12943,-77.856,164.389,356204.5,-1274836.1,SVL,c,-12.302,0.481,0,in range
GRID_12944,-77.872,164.502,353219.9,-1273842.5,SVL,c,-6.447,0.6967,0,in range
GRID_12945,-77.869,164.461,354219.6,-1273906.9,SVL,c,-12.611,0.4219,0,in range
GRID_12946,-77.867,164.419,355212.4,-1273858.5,SVL,c,-11.829,0.4672,0,in range
GRID_12947,-77.864,164.377,356234.8,-1273915.2,SVL,c,-10.755,0.5025,0,in range
GRID_12948,-77.883,164.533,352208.4,-1272868.9,SVL,c,-0.982,1.4027,0,in range
GRID_12949,-77.88,164.491,353229.5,-1272927.9,SVL,c,-10.873,0.559,0,in range
GRID_12950,-77.878,164.449,354221.4,-1272880.3,SVL,c,-11.929,0.5362,0,in range
GRID_12951,-77.876,164.407,355213.4,-1272831.9,SVL,c,-11.637,0.249,0,in range
GRID_12952,-77.873,164.366,356213.0,-1272894.7,SVL,c,-11.475,0.2532,0,in range
GRID_12953,-77.892,164.521,352211.1,-1271842.3,SVL,c,-3.545,1.281,0,in range
GRID_12954,-77.889,164.479,353231.5,-1271901.3,SVL,c,-12.056,0.5782,0,in range
GRID_12955,-77.887,164.437,354222.7,-1271853.7,SVL,c,-11.572,0.2517,0,in range
GRID_12956,-77.884,164.396,355221.4,-1271917.3,SVL,c,-10.825,0.288,0,in range
GRID_12957,-77.882,164.354,356212.9,-1271868.1,SVL,c,-11.03,0.1793,0,in range
GRID_12958,-77.877,164.27,358226.1,-1271873.1,SVL,c,-10.141,0.5515,0,in range
GRID_12959,-77.874,164.229,359225.7,-1271933.6,SVL,c,-10.581,0.4732,0,in range
GRID_12960,-77.872,164.187,360217.8,-1271881.3,SVL,n,-10.452,0.4344,1,litho
GRID_12961,-77.869,164.145,361240.1,-1271933.9,SVL,n,-10.369,0.255,1,litho
GRID_12962,-77.903,164.551,351223.3,-1270862.0,SVL,c,2.833,1.4164,0,in range
GRID_12963,-77.9,164.509,352242.8,-1270921.7,SVL,c,-10.208,0.646,0,in range
GRID_12964,-77.898,164.468,353211.0,-1270881.0,SVL,c,-11.267,0.5421,0,in range
GRID_12965,-77.895,164.426,354231.0,-1270939.2,SVL,c,-11.521,0.3714,0,in range
GRID_12966,-77.893,164.384,355221.7,-1270890.7,SVL,c,-11.452,0.2855,0,in range
GRID_12967,-77.881,164.175,360214.6,-1270854.7,SVL,n,-10.86,0.2918,1,"aspect, litho"
GRID_12968,-77.878,164.133,361236.2,-1270907.3,SVL,n,-10.158,0.5039,1,litho
GRID_12969,-77.912,164.54,351203.8,-1269841.7,SVL,c,4.113,1.2491,0,in range
GRID_12970,-77.909,164.498,352222.6,-1269901.5,SVL,c,-11.638,0.4603,0,in range
GRID_12971,-77.918,164.486,352224.1,-1268875.2,SVL,c,-9.788,0.5727,0,in range
GRID_12972,-77.906,164.277,357207.5,-1268850.6,SVL,n,-9.808,0.4492,1,litho
GRID_12973,-77.903,164.235,358227.0,-1268905.6,SVL,c,-10.723,0.4506,0,in range
GRID_12974,-77.929,164.516,351237.2,-1267895.1,SVL,c,4.146,1.1175,0,in range
GRID_12975,-77.927,164.475,352203.1,-1267855.0,SVL,c,-4.754,0.9158,0,in range
GRID_12976,-77.924,164.433,353220.9,-1267913.9,SVL,c,-12.148,0.3748,0,in range
GRID_12977,-77.922,164.391,354209.3,-1267866.3,SVL,c,-11.724,0.5637,0,in range
GRID_12978,-77.919,164.349,355227.5,-1267923.6,SVL,c,-11.296,0.321,0,in range
GRID_12979,-77.917,164.307,356216.3,-1267874.3,SVL,c,-11.403,0.4874,0,in range
GRID_12980,-77.914,164.265,357234.9,-1267930.0,SVL,n,-9.813,0.7133,1,litho
GRID_12981,-77.912,164.223,358224.0,-1267879.2,SVL,n,-8.492,0.8121,1,litho
GRID_12982,-77.907,164.14,360210.4,-1267887.2,SVL,n,-10.055,0.3656,1,litho
GRID_12983,-77.94,164.547,350229.2,-1266920.4,SVL,c,4.588,1.5106,0,in range
GRID_12984,-77.938,164.505,351216.5,-1266875.0,SVL,c,3.642,1.5813,0,in range
GRID_12985,-77.935,164.463,352233.3,-1266934.7,SVL,c,-9.743,0.5254,0,in range
GRID_12986,-77.933,164.421,353220.9,-1266887.7,SVL,c,-12.01,0.4568,0,in range
GRID_12987,-77.931,164.379,354208.7,-1266840.0,SVL,c,-13.214,0.3201,0,in range
GRID_12988,-77.928,164.337,355226.2,-1266897.3,SVL,c,-10.67,0.3951,0,in range
GRID_12989,-77.926,164.295,356214.2,-1266848.0,SVL,c,-11.312,0.4248,0,in range
GRID_12992,-77.916,164.128,360205.6,-1266860.9,SVL,n,-11.001,0.4671,1,litho
GRID_12993,-77.947,164.493,351217.5,-1265848.9,SVL,c,-9.696,0.6725,0,in range
GRID_12994,-77.944,164.451,352233.7,-1265908.6,SVL,c,-12.022,0.5563,0,in range
GRID_12995,-77.942,164.409,353220.6,-1265861.6,SVL,c,-12.002,0.4802,0,in range
GRID_12996,-77.939,164.367,354237.2,-1265919.6,SVL,n,-11.332,0.5055,1,litho
GRID_12997,-77.937,164.325,355224.4,-1265871.1,SVL,c,-11.69,0.2574,0,in range
GRID_12998,-77.934,164.283,356241.5,-1265927.6,SVL,c,-10.421,0.5554,0,in range
GRID_13001,-77.958,164.524,350210.2,-1264874.4,SVL,c,3.671,1.7286,0,in range
GRID_13002,-77.955,164.482,351225.5,-1264934.9,SVL,c,-11.746,0.5069,0,in range
GRID_13003,-77.953,164.44,352211.5,-1264888.7,SVL,c,-11.4,0.4943,0,in range
GRID_13004,-77.951,164.397,353219.8,-1264835.5,SVL,c,-11.118,0.2774,0,in range
GRID_13006,-77.946,164.314,355200.2,-1264851.2,SVL,c,-11.085,0.1883,0,in range
GRID_13008,-77.967,164.512,350211.2,-1263848.5,SVL,c,3.13,2.213,0,in range
GRID_13009,-77.964,164.47,351225.7,-1263908.9,SVL,c,-11.258,0.8845,0,in range
GRID_13010,-77.962,164.428,352211.1,-1263862.7,SVL,c,-11.68,0.2803,0,in range
GRID_13011,-77.959,164.386,353226.2,-1263921.5,SVL,c,-11.237,0.8141,0,in range
GRID_13012,-77.957,164.344,354211.8,-1263873.7,SVL,c,-11.35,0.4237,0,in range
GRID_13015,-77.975,164.5,350241.1,-1262928.5,SVL,c,-2.951,1.9972,0,in range
GRID_13016,-77.973,164.458,351225.6,-1262883.0,SVL,c,-11.844,0.6129,0,in range
GRID_13017,-77.971,164.416,352210.3,-1262836.8,SVL,c,-10.336,0.5585,0,in range
GRID_13018,-77.984,164.489,350219.2,-1261908.8,SVL,c,-8.357,1.1379,0,in range
GRID_13019,-77.982,164.446,351225.0,-1261857.2,SVL,c,-10.252,0.7126,0,in range
GRID_13020,-77.979,164.404,352238.5,-1261916.7,SVL,c,-11.433,0.4964,0,in range
GRID_13021,-77.995,164.519,349236.0,-1260927.8,SVL,c,4.422,1.6297,0,in range
GRID_13022,-77.993,164.477,350219.0,-1260883.1,SVL,c,-10.508,0.7879,0,in range
GRID_13023,-77.991,164.435,351202.1,-1260837.6,SVL,c,-10.384,0.6953,0,in range
GRID_13024,-77.988,164.393,352214.9,-1260897.1,SVL,c,-11.499,0.2143,0,in range
GRID_13025,-78.004,164.507,349236.0,-1259902.1,SVL,c,-2.427,1.504,0,in range
GRID_13026,-78.002,164.465,350218.3,-1259857.4,SVL,c,-11.642,0.4359,0,in range
GRID_13027,-77.999,164.423,351230.2,-1259917.7,SVL,c,-10.163,0.8106,0,in range
GRID_13028,-77.997,164.381,352212.8,-1259871.4,SVL,c,-11.391,0.49,0,in range
GRID_13029,-78.013,164.496,349213.7,-1258882.7,SVL,c,-2.671,1.4183,0,in range
GRID_13030,-78.011,164.453,350217.3,-1258831.8,SVL,c,-11.73,0.5553,0,in range
GRID_13031,-78.008,164.411,351228.5,-1258892.1,SVL,c,-10.569,0.5447,0,in range
GRID_13032,-78.006,164.369,352210.4,-1258845.8,SVL,n,-10.66,0.3148,1,litho
GRID_13033,-78.019,164.442,350223.3,-1257918.2,SVL,c,-8.535,0.587,0,in range
GRID_13034,-78.017,164.399,351226.3,-1257866.6,SVL,c,-10.248,0.6617,0,in range
GRID_13035,-78.014,164.357,352237.1,-1257926.0,SVL,n,-10.445,0.2668,1,litho
GRID_13036,-78.026,164.388,351201.8,-1256847.2,SVL,c,1.755,2.1133,0,in range
GRID_13037,-78.023,164.345,352233.9,-1256900.5,SVL,c,-8.862,0.8798,0,in range
GRID_13038,-78.063,164.383,350217.7,-1252903.6,SVL,c,2.226,1.4828,0,in range
GRID_13039,-78.061,164.34,351217.2,-1252851.8,SVL,c,-3.236,1.886,0,in range
GRID_13040,-78.074,164.413,349237.1,-1251923.3,SVL,c,3.104,1.6744,0,in range
GRID_13041,-78.072,164.371,350213.9,-1251878.5,SVL,c,-9.59,0.45,0,in range
GRID_13042,-78.069,164.328,351242.3,-1251932.5,SVL,c,-10.83,0.908,0,in range
GRID_13043,-78.083,164.401,349233.6,-1250898.3,SVL,c,3.523,2.0664,0,in range
GRID_13044,-78.081,164.359,350209.6,-1250853.5,SVL,c,-11.837,0.4854,0,in range
GRID_13045,-78.078,164.316,351237.3,-1250907.4,SVL,n,-12.82,0.3707,1,litho
GRID_13046,-78.089,164.347,350234.6,-1249934.2,SVL,c,-2.664,1.9326,0,in range
GRID_13047,-78.087,164.304,351232.0,-1249882.4,SVL,c,-11.061,0.4199,0,in range
GRID_13048,-78.098,164.335,350229.5,-1248909.4,SVL,c,4.096,1.6304,0,in range
GRID_13049,-78.096,164.293,351204.4,-1248863.7,SVL,c,-11.218,0.7944,0,in range
GRID_13050,-78.105,164.281,351198.2,-1247838.9,SVL,c,4.25,1.3208,0,in range
GRID_13052,-77.553,166.393,319239.4,-1318872.7,SVL,a,6.766,2.1401,0,in range
GRID_13053,-77.549,166.311,321230.7,-1318841.6,SVL,a,6.987,2.4303,0,in range
GRID_13054,-77.546,166.27,322252.6,-1318931.7,SVL,c,1.438,0.6598,0,in range
GRID_13055,-77.544,166.229,323248.7,-1318914.3,SVL,c,1.117,0.9525,0,in range
GRID_13056,-77.542,166.188,324244.9,-1318896.1,SVL,c,11.635,2.0331,0,in range
GRID_13057,-77.562,166.383,319236.7,-1317855.5,SVL,a,6.699,2.2305,0,in range
GRID_13058,-77.557,166.301,321252.6,-1317931.2,SVL,a,7.227,2.412,0,in range
GRID_13059,-77.553,166.219,323243.2,-1317897.1,SVL,c,15.493,1.7351,0,in range
GRID_13060,-77.551,166.178,324238.7,-1317878.9,SVL,a,24.286,0.9926,0,in range
GRID_13061,-77.571,166.373,319233.7,-1316838.4,SVL,a,9.662,2.5035,0,in range
GRID_13062,-77.568,166.332,320253.8,-1316930.0,SVL,a,7.609,2.7536,0,in range
GRID_13063,-77.566,166.291,321248.2,-1316914.1,SVL,c,0.76,1.1617,0,in range
GRID_13064,-77.564,166.25,322242.7,-1316897.4,SVL,c,17.331,2.0223,0,in range
GRID_13065,-77.579,166.363,319256.2,-1315928.2,SVL,a,7.863,2.9044,0,in range
GRID_13066,-77.577,166.322,320249.8,-1315913.0,SVL,a,11.675,2.1512,0,in range
GRID_13067,-77.575,166.281,321243.5,-1315897.0,SVL,c,5.485,1.4359,0,in range
GRID_13068,-77.235,166.402,327252.7,-1352907.0,SVL,c,15.105,1.281,0,in range
GRID_13069,-77.244,166.393,327232.3,-1351893.5,SVL,c,10.679,1.5982,0,in range
GRID_13071,-77.253,166.383,327235.2,-1350874.3,SVL,c,14.518,2.0235,0,in range
GRID_13072,-77.262,166.373,327237.8,-1349855.2,SVL,c,16.256,1.2867,0,in range
GRID_13073,-77.273,166.403,326246.5,-1348850.5,SVL,c,6.863,1.79,0,in range
GRID_13075,-77.504,166.361,321246.1,-1323928.4,SVL,c,8.702,1.7359,0,in range
GRID_13076,-77.52,166.474,318223.0,-1322849.4,SVL,a,7.543,2.6293,0,in range
GRID_13077,-77.531,166.505,317225.1,-1321845.6,SVL,a,7.344,2.6253,0,in range
GRID_13078,-77.528,166.464,318248.1,-1321938.9,SVL,a,7.038,2.4865,0,in range
GRID_13079,-77.52,166.3,322238.9,-1321876.9,SVL,a,9.888,2.3085,0,in range
GRID_13080,-77.516,166.218,324235.1,-1321841.4,SVL,a,24.231,1.5609,0,in range
GRID_13081,-77.533,166.372,320240.8,-1320892.0,SVL,a,7.495,2.5537,0,in range
GRID_13082,-77.529,166.29,322235.1,-1320859.5,SVL,a,10.705,2.3586,0,in range
GRID_13083,-77.544,166.403,319241.8,-1319889.9,SVL,a,6.962,2.0875,0,in range
GRID_13084,-77.535,166.239,323253.8,-1319931.6,SVL,a,7.95,1.9993,0,in range
GRID_13085,-77.533,166.198,324250.7,-1319913.4,SVL,a,20.47,1.6292,0,in range
GRID_13086,-77.555,166.434,318244.0,-1318887.1,SVL,a,6.76,1.9623,0,in range
GRID_13088,-77.456,166.501,319241.9,-1329840.4,SVL,a,7.49,2.6755,0,in range
GRID_13089,-77.778,164.044,366229.9,-1280907.0,SVL,n,-10.531,0.5589,1,litho
GRID_13090,-77.776,164.003,367206.9,-1280855.9,SVL,n,-9.952,0.5741,1,litho
GRID_13092,-77.704,163.921,371230.7,-1287930.6,SVL,c,-10.551,0.3939,0,in range
GRID_13093,-77.702,163.88,372213.3,-1287875.7,SVL,c,-2.258,1.1653,0,in range
GRID_13094,-77.713,163.909,371226.4,-1286902.6,SVL,c,-11.31,0.4884,0,in range
GRID_13095,-77.711,163.868,372208.2,-1286847.7,SVL,c,-10.512,0.5777,0,in range
GRID_13096,-77.722,163.897,371221.6,-1285874.7,SVL,n,-10.069,0.3342,1,litho
GRID_13097,-77.719,163.856,372233.3,-1285925.4,SVL,n,-10.394,0.3165,1,litho
GRID_13098,-77.733,163.927,370213.6,-1284907.5,SVL,c,-10.888,0.4088,0,in range
GRID_13099,-77.731,163.885,371216.4,-1284846.9,SVL,n,-10.257,0.4734,1,litho
GRID_13100,-77.774,164.139,364225.7,-1281935.3,SVL,n,-10.159,0.1951,1,litho
GRID_13101,-77.772,164.097,365225.5,-1281879.2,SVL,n,-8.729,0.8045,1,litho
GRID_13103,-77.756,163.985,368215.5,-1282852.6,SVL,n,-10.938,0.4304,1,litho
GRID_13104,-77.759,163.891,370228.3,-1281930.1,SVL,n,-10.376,0.3546,1,litho
GRID_13106,-77.501,163.842,379215.0,-1308846.9,SVL,c,6.453,1.3302,0,in range
GRID_13112,-78.211,166.623,297220.5,-1249826.3,SVL,c,-7.335,0.5247,0,in range
GRID_13117,-78.217,166.569,298245.3,-1248905.0,SVL,c,-7.003,0.4778,0,in range
GRID_13118,-78.232,166.689,295249.8,-1247924.5,SVL,c,-5.72,0.6049,0,in range
GRID_13119,-78.23,166.645,296258.8,-1247911.0,SVL,c,-7.527,0.4502,0,in range
GRID_13122,-78.237,166.592,297234.8,-1246889.0,SVL,c,-7.027,0.3936,0,in range
GRID_13125,-78.489,166.384,295248.9,-1218923.1,SVL,c,-6.843,0.7621,0,in range
GRID_13126,-78.487,166.34,296236.7,-1218909.2,SVL,c,-6.371,0.7043,0,in range
GRID_13127,-78.485,166.295,297245.9,-1218889.4,SVL,c,-7.848,0.6824,0,in range
GRID_13128,-78.5,166.418,294242.1,-1217924.9,SVL,c,-7.375,0.5863,0,in range
GRID_13129,-78.494,166.284,297245.8,-1217873.0,SVL,c,-6.829,0.5775,0,in range
GRID_13130,-78.492,166.24,298233.1,-1217857.5,SVL,c,-8.153,0.5294,0,in range
GRID_13133,-78.282,166.355,301224.7,-1240848.7,SVL,c,0.518,1.5141,0,in range
GRID_13134,-78.288,166.3,302259.7,-1239919.2,SVL,c,-6.912,0.7099,0,in range
GRID_13135,-78.286,166.257,303242.3,-1239905.2,SVL,c,-7.464,0.6939,0,in range
GRID_13136,-78.284,166.213,304246.7,-1239885.2,SVL,a,2.214,2.0812,0,in range
GRID_13137,-78.297,166.29,302242.0,-1238906.7,SVL,c,-6.498,0.6981,0,in range
GRID_13138,-78.295,166.246,303245.5,-1238887.4,SVL,a,-0.064,1.819,0,in range
GRID_13141,-78.29,165.419,321233.4,-1234912.7,SVL,c,-6.891,0.4822,0,in range
GRID_13142,-78.281,165.245,325233.8,-1234886.7,SVL,c,-6.697,0.3509,0,in range
GRID_13144,-78.306,165.538,318229.3,-1233876.7,SVL,c,-7.542,0.3973,0,in range
GRID_13145,-78.304,165.494,319231.7,-1233844.5,SVL,c,-7.006,0.4772,0,in range
GRID_13146,-78.301,165.451,320240.3,-1233923.2,SVL,c,-7.544,0.3622,0,in range
GRID_13147,-78.299,165.407,321243.1,-1233889.4,SVL,c,-7.331,0.6214,0,in range
GRID_13148,-78.297,165.364,322224.5,-1233860.3,SVL,c,-7.299,0.4602,0,in range
GRID_13149,-78.295,165.321,323206.1,-1233830.5,SVL,c,-7.254,0.4194,0,in range
GRID_13150,-78.317,165.57,317239.3,-1232885.0,SVL,c,-7.314,0.4957,0,in range
GRID_13151,-78.308,165.396,321231.0,-1232871.8,SVL,c,-5.224,0.6325,0,in range
GRID_13152,-78.306,165.353,322211.6,-1232842.7,SVL,c,-6.886,0.4674,0,in range
GRID_13154,-78.299,165.222,325225.5,-1232845.7,SVL,c,-7.641,0.4247,0,in range
GRID_13155,-78.285,164.962,331215.3,-1232841.2,SVL,a,-0.114,1.642,0,in range
GRID_13156,-78.33,165.646,315249.9,-1231922.5,SVL,c,-0.21,1.1865,0,in range
GRID_13157,-78.328,165.603,316228.9,-1231898.1,SVL,c,-7.367,0.4521,0,in range
GRID_13158,-78.317,165.385,321218.4,-1231854.3,SVL,c,-7.17,0.385,0,in range
GRID_13159,-78.314,165.341,322247.6,-1231925.8,SVL,c,-6.5,0.6852,0,in range
GRID_13160,-78.312,165.298,323227.8,-1231895.9,SVL,c,-7.469,0.6459,0,in range
GRID_13162,-78.293,164.95,331245.5,-1231923.9,SVL,a,-0.675,1.4866,0,in range
GRID_13163,-78.291,164.907,332227.1,-1231886.9,SVL,a,-0.771,1.6562,0,in range
GRID_13165,-78.326,165.373,321227.0,-1230831.2,SVL,c,-7.025,0.5192,0,in range
GRID_13174,-78.297,164.852,333237.4,-1230931.7,SVL,a,-0.283,1.5694,0,in range
GRID_13175,-78.295,164.809,334218.6,-1230893.1,SVL,a,8.494,1.1364,0,in range
GRID_13176,-78.35,165.668,314233.5,-1229916.7,SVL,c,0.335,1.3932,0,in range
GRID_13177,-78.334,165.362,321241.4,-1229920.0,SVL,c,-7.063,0.3905,0,in range
GRID_13180,-78.327,165.231,324248.4,-1229925.2,SVL,a,0.077,2.0096,0,in range
GRID_13181,-78.325,165.188,325227.5,-1229893.7,SVL,a,0.368,2.0622,0,in range
GRID_13187,-78.306,164.84,333236.9,-1229908.4,SVL,a,2.194,2.0504,0,in range
GRID_13188,-78.304,164.797,334217.4,-1229869.8,SVL,c,-7.098,0.6731,0,in range
GRID_13189,-78.302,164.753,335219.5,-1229824.6,SVL,c,9.317,1.9448,0,in range
GRID_13190,-78.359,165.656,314246.4,-1228894.0,SVL,a,8.254,1.3004,0,in range
GRID_13201,-78.315,164.828,333235.9,-1228885.2,SVL,a,-0.704,1.5232,0,in range
GRID_13202,-78.313,164.785,334215.7,-1228846.6,SVL,c,-7.64,0.5635,0,in range
GRID_13203,-78.31,164.742,335224.5,-1228913.1,SVL,c,6.797,2.0982,0,in range
GRID_13206,-78.347,165.252,323238.8,-1227921.2,SVL,c,-6.708,0.6263,0,in range
GRID_13207,-78.345,165.208,324237.8,-1227884.9,SVL,c,-6.934,0.7199,0,in range
GRID_13212,-78.331,164.947,330226.8,-1227878.9,SVL,c,-6.865,0.5576,0,in range
GRID_13214,-78.324,164.817,333213.2,-1227867.9,SVL,c,-7.406,0.4849,0,in range
GRID_13215,-78.321,164.773,334242.5,-1227929.4,SVL,c,-7.402,0.671,0,in range
GRID_13219,-78.356,165.24,323244.4,-1226898.4,SVL,c,-7.225,0.7267,0,in range
GRID_13220,-78.354,165.197,324221.1,-1226867.6,SVL,c,-7.555,0.778,0,in range
GRID_13224,-78.34,164.935,330227.3,-1226855.9,SVL,a,-0.123,1.8422,0,in range
GRID_13225,-78.337,164.892,331233.7,-1226925.6,SVL,c,-6.882,0.6672,0,in range
GRID_13235,-78.353,165.011,328230.6,-1225914.7,SVL,c,-6.553,0.6902,0,in range
GRID_13236,-78.351,164.967,329228.9,-1225874.2,SVL,c,-7.299,0.4256,0,in range
GRID_13237,-78.349,164.924,330205.9,-1225838.7,SVL,a,-0.969,1.6892,0,in range
GRID_13238,-78.346,164.88,331233.0,-1225902.6,SVL,c,-6.904,0.5394,0,in range
GRID_13246,-78.357,164.912,330234.1,-1224921.8,SVL,a,0.594,2.0927,0,in range
GRID_13247,-78.355,164.868,331231.9,-1224879.8,SVL,a,-0.021,1.944,0,in range
GRID_13254,-78.364,164.856,331230.4,-1223856.9,SVL,c,-7.147,0.6588,0,in range
GRID_13255,-78.361,164.813,332235.1,-1223925.7,SVL,c,-6.69,0.6086,0,in range
GRID_13259,-78.219,165.325,325233.3,-1241923.2,SVL,c,0.451,1.244,0,in range
GRID_13260,-78.217,165.281,326242.8,-1241885.5,SVL,c,-1.718,1.7476,0,in range
GRID_13261,-78.215,165.238,327230.6,-1241852.6,SVL,c,-6.371,0.7458,0,in range
GRID_13262,-78.212,165.195,328246.7,-1241925.0,SVL,c,-4.7,0.7799,0,in range
GRID_13263,-78.21,165.152,329234.9,-1241890.6,SVL,c,5.214,2.1534,0,in range
GRID_13264,-78.231,165.357,324206.7,-1240830.2,SVL,c,-6.279,0.8846,0,in range
GRID_13265,-78.228,165.313,325243.0,-1240899.4,SVL,c,-5.79,0.917,0,in range
GRID_13266,-78.226,165.27,326230.0,-1240867.3,SVL,c,-6.942,0.5882,0,in range
GRID_13267,-78.224,165.227,327217.1,-1240834.4,SVL,c,-7.018,0.508,0,in range
GRID_13268,-78.221,165.184,328232.5,-1240906.9,SVL,c,-6.807,1.1174,0,in range
GRID_13269,-78.219,165.141,329220.0,-1240872.4,SVL,c,7.104,2.056,0,in range
GRID_13270,-78.239,165.345,324244.4,-1239912.7,SVL,c,-6.364,0.6041,0,in range
GRID_13271,-78.237,165.302,325230.5,-1239881.3,SVL,c,-6.564,0.3453,0,in range
GRID_13272,-78.235,165.259,326216.8,-1239849.2,SVL,c,-7.158,0.6921,0,in range
GRID_13273,-78.232,165.216,327231.2,-1239922.5,SVL,c,-6.612,0.6058,0,in range
GRID_13274,-78.23,165.172,328239.5,-1239883.0,SVL,c,-1.708,0.8612,0,in range
GRID_13275,-78.253,165.42,322234.2,-1238848.8,SVL,c,-5.614,0.8599,0,in range
GRID_13276,-78.25,165.377,323247.0,-1238925.2,SVL,c,-6.294,0.8814,0,in range
GRID_13277,-78.248,165.334,324232.3,-1238894.7,SVL,c,-7.048,0.5576,0,in range
GRID_13278,-78.246,165.291,325217.7,-1238863.3,SVL,c,-6.702,0.5147,0,in range
GRID_13279,-78.244,165.247,326224.9,-1238825.5,SVL,c,-7.067,0.8331,0,in range
GRID_13280,-78.241,165.204,327238.6,-1238898.7,SVL,c,-6.771,0.7278,0,in range
GRID_13281,-78.239,165.161,328224.5,-1238865.0,SVL,c,-1.721,1.1764,0,in range
GRID_13282,-78.262,165.409,322223.2,-1237830.8,SVL,c,-6.31,0.8392,0,in range
GRID_13283,-78.259,165.366,323235.2,-1237907.3,SVL,c,-6.973,0.4259,0,in range
GRID_13284,-78.257,165.323,324219.8,-1237876.7,SVL,c,-7.462,0.4705,0,in range
GRID_13285,-78.255,165.279,325226.1,-1237839.7,SVL,c,-6.924,0.6056,0,in range
GRID_13286,-78.252,165.236,326238.9,-1237913.7,SVL,c,-6.287,0.7488,0,in range
GRID_13287,-78.25,165.193,327224.0,-1237880.7,SVL,c,-6.861,0.9906,0,in range
GRID_13288,-78.27,165.398,322239.4,-1236919.2,SVL,c,-6.654,0.5038,0,in range
GRID_13289,-78.268,165.355,323223.1,-1236889.4,SVL,c,-7.548,0.2355,0,in range
GRID_13290,-78.266,165.311,324228.6,-1236853.2,SVL,c,-6.658,0.551,0,in range
GRID_13291,-78.263,165.268,325240.5,-1236928.0,SVL,c,-7.214,0.4697,0,in range
GRID_13292,-78.281,165.43,321244.8,-1235930.4,SVL,c,-7.458,0.4436,0,in range
GRID_13293,-78.279,165.387,322227.7,-1235901.4,SVL,c,-6.928,0.4139,0,in range
GRID_13294,-78.277,165.343,323232.2,-1235865.9,SVL,c,-7.455,0.3561,0,in range
GRID_13295,-78.268,165.17,327215.2,-1235839.3,SVL,c,-8.038,0.499,0,in range
GRID_13296,-78.293,165.462,320223.9,-1234834.7,SVL,c,-7.683,0.1844,0,in range
GRID_13297,-78.279,165.202,326216.5,-1234854.5,SVL,c,-7.027,0.6047,0,in range
GRID_13298,-78.276,165.158,327249.1,-1234921.9,SVL,c,-7.261,0.4132,0,in range
GRID_13299,-78.274,165.115,328232.2,-1234888.1,SVL,c,-7.148,0.7159,0,in range
GRID_13300,-78.288,165.19,326222.6,-1233831.1,SVL,c,-7.408,0.5604,0,in range
GRID_13301,-78.285,165.147,327232.9,-1233904.2,SVL,c,-7.15,0.4224,0,in range
GRID_13302,-78.294,165.135,327237.9,-1232880.9,SVL,c,-7.653,0.4937,0,in range
GRID_13304,-78.2,166.222,306248.0,-1248888.3,SVL,c,-6.752,0.6765,0,in range
GRID_13305,-78.457,165.908,306220.0,-1219833.7,SVL,c,0.244,1.5012,0,in range
GRID_13307,-78.45,165.775,309239.5,-1219864.1,SVL,c,-7.047,0.4615,0,in range
GRID_13310,-78.461,165.808,308240.9,-1218871.9,SVL,c,-6.571,0.652,0,in range
GRID_13311,-78.459,165.764,309230.8,-1218847.5,SVL,c,-6.796,0.6166,0,in range
GRID_13315,-78.474,165.886,306233.5,-1217907.0,SVL,c,-5.933,0.7701,0,in range
GRID_13316,-78.472,165.841,307243.6,-1217878.9,SVL,c,-7.305,0.6122,0,in range
GRID_13317,-78.468,165.753,309221.8,-1217831.0,SVL,c,-8.189,0.4016,0,in range
GRID_13318,-78.496,166.14,300253.1,-1216909.0,SVL,c,-7.335,0.2476,0,in range
GRID_13469,-78.449,164.175,343209.4,-1210859.6,SVL,c,-7.414,0.5459,0,in range
GRID_13470,-78.444,164.087,345219.2,-1210858.7,SVL,c,-4.56,1.0123,0,in range
GRID_13472,-78.455,164.119,344212.6,-1209890.3,SVL,c,-7.627,0.5448,0,in range
GRID_13473,-78.448,163.987,347211.0,-1209832.4,SVL,c,-5.782,0.7851,0,in range
GRID_13475,-78.464,164.106,344216.7,-1208862.4,SVL,c,-8.156,0.5224,0,in range
GRID_13476,-78.456,163.975,347222.0,-1208916.0,SVL,c,-6.78,0.7863,0,in range
GRID_13477,-78.451,163.887,349230.6,-1208908.3,SVL,c,-10.023,0.5823,0,in range
GRID_13479,-78.475,164.138,343211.6,-1207893.5,SVL,c,-7.985,0.4807,0,in range
GRID_13481,-78.465,163.962,347223.5,-1207888.0,SVL,c,-7.306,0.4969,0,in range
GRID_13482,-78.476,163.993,346237.1,-1206915.6,SVL,c,-7.244,0.8799,0,in range
GRID_13483,-78.474,163.95,347203.4,-1206866.3,SVL,c,-7.003,0.3658,0,in range
GRID_13485,-78.244,163.903,355191.9,-1230833.1,SVL,c,-10.358,0.5477,0,in range
GRID_13487,-78.255,163.933,354213.2,-1229858.6,SVL,n,-1.953,1.7046,1,litho
GRID_13490,-78.319,164.73,335221.7,-1227889.9,SVL,c,0.855,1.8901,0,in range
GRID_13492,-78.334,164.149,347205.9,-1222843.9,SVL,c,-7.436,0.6321,0,in range
GRID_13493,-78.352,164.31,343234.1,-1221912.8,SVL,c,-7.882,0.661,0,in range
GRID_13494,-78.35,164.267,344210.6,-1221866.2,SVL,c,-7.892,0.5616,0,in range
GRID_13495,-78.347,164.223,345238.3,-1221918.3,SVL,c,-8.226,0.6294,0,in range
GRID_13496,-78.345,164.18,346215.1,-1221870.1,SVL,c,-7.175,0.7155,0,in range
GRID_13497,-78.342,164.137,347222.0,-1221926.6,SVL,c,-6.95,0.6022,0,in range
GRID_13498,-78.364,164.341,342217.5,-1220830.3,SVL,c,-5.969,0.7689,0,in range
GRID_13499,-78.361,164.298,343222.7,-1220890.1,SVL,c,-7.624,0.6644,0,in range
GRID_13500,-78.359,164.255,344198.4,-1220843.4,SVL,c,-7.489,0.5341,0,in range
GRID_13501,-78.356,164.211,345225.5,-1220895.5,SVL,c,-7.883,0.5566,0,in range
GRID_13502,-78.354,164.168,346201.5,-1220847.3,SVL,c,-8.232,0.8399,0,in range
GRID_13503,-78.351,164.124,347229.0,-1220897.7,SVL,c,-7.086,0.3152,0,in range
GRID_13504,-78.372,164.329,342236.0,-1219913.3,SVL,c,-7.178,0.5044,0,in range
GRID_13505,-78.37,164.286,343210.9,-1219867.4,SVL,c,-7.678,0.4327,0,in range
GRID_13506,-78.367,164.242,344237.0,-1219920.3,SVL,c,-7.734,0.5264,0,in range
GRID_13507,-78.365,164.199,345212.2,-1219872.8,SVL,c,-7.964,0.4154,0,in range
GRID_13508,-78.362,164.155,346238.8,-1219924.1,SVL,c,-7.179,0.5175,0,in range
GRID_13509,-78.36,164.112,347214.3,-1219875.0,SVL,c,-7.504,0.66,0,in range
GRID_13511,-78.376,164.23,344224.1,-1218897.7,SVL,c,-8.026,0.2336,0,in range
GRID_13512,-78.371,164.143,346224.4,-1218901.4,SVL,c,-8.17,1.1246,0,in range
GRID_13513,-78.369,164.1,347199.2,-1218852.3,SVL,c,-7.665,1.0609,0,in range
GRID_13514,-78.354,163.839,353206.0,-1218839.2,SVL,c,-11.006,0.2159,0,in range
GRID_13516,-78.387,164.261,343237.1,-1217921.8,SVL,c,-4.677,0.8724,0,in range
GRID_13517,-78.385,164.218,344210.7,-1217875.1,SVL,c,-8.18,0.4177,0,in range
GRID_13518,-78.382,164.174,345235.7,-1217927.1,SVL,c,-8.109,0.4277,0,in range
GRID_13519,-78.38,164.131,346209.6,-1217878.8,SVL,c,-6.479,0.4338,0,in range
GRID_13521,-78.396,164.249,343224.0,-1216899.3,SVL,c,-7.5,0.7891,0,in range
GRID_13522,-78.394,164.205,344218.2,-1216846.6,SVL,c,-7.645,0.7937,0,in range
GRID_13523,-78.391,164.162,345221.2,-1216904.6,SVL,c,-7.39,0.4552,0,in range
GRID_13525,-78.374,163.857,352212.9,-1216841.8,SVL,c,-10.566,0.2986,0,in range
GRID_13529,-78.405,164.237,343210.6,-1215876.9,SVL,c,-7.2,0.7586,0,in range
GRID_13530,-78.402,164.193,344233.9,-1215929.8,SVL,c,-7.128,0.7085,0,in range
GRID_13531,-78.398,164.106,346200.0,-1215827.8,SVL,c,-7.31,0.8096,0,in range
GRID_13534,-78.382,163.845,352223.4,-1215924.7,SVL,c,-11.06,0.5172,0,in range
GRID_13535,-78.419,164.312,341203.3,-1214846.1,SVL,c,-7.654,0.4195,0,in range
GRID_13536,-78.416,164.268,342225.4,-1214900.6,SVL,c,-7.676,0.5139,0,in range
GRID_13537,-78.414,164.224,343217.9,-1214848.6,SVL,c,-7.678,0.4319,0,in range
GRID_13538,-78.411,164.181,344219.3,-1214907.4,SVL,c,-7.775,0.5477,0,in range
GRID_13542,-78.422,164.212,343233.5,-1213931.9,SVL,c,-7.687,0.4308,0,in range
GRID_13545,-78.431,164.2,343218.9,-1212909.7,SVL,c,-6.743,0.42,0,in range
GRID_13546,-78.429,164.156,344210.1,-1212856.9,SVL,c,-6.893,0.7032,0,in range
GRID_13548,-78.438,164.144,344194.3,-1211834.8,SVL,c,-7.668,0.6437,0,in range
GRID_13806,-78.598,167.104,277239.6,-1210880.3,SVL,c,-6.645,0.9866,0,in range
GRID_13815,-78.535,166.942,282223.8,-1216824.3,SVL,c,-6.806,0.4626,0,in range
GRID_13816,-78.532,166.897,283254.0,-1216922.8,SVL,c,-7.294,0.4241,0,in range
GRID_13817,-78.53,166.852,284259.6,-1216913.6,SVL,c,-7.156,0.5866,0,in range
GRID_13818,-78.528,166.808,285244.1,-1216908.6,SVL,c,-4.439,1.1166,0,in range
GRID_13822,-78.503,166.273,297245.2,-1216856.6,SVL,c,-6.511,0.7209,0,in range
GRID_13823,-78.501,166.229,298231.9,-1216841.1,SVL,c,-7.384,0.6666,0,in range
GRID_13824,-78.552,167.11,278238.6,-1215828.5,SVL,c,0.125,1.9189,0,in range
GRID_13827,-78.543,166.931,282258.9,-1215915.1,SVL,c,-7.665,0.3942,0,in range
GRID_13828,-78.541,166.886,283263.6,-1215906.7,SVL,c,-7.548,0.1682,0,in range
GRID_13829,-78.539,166.842,284247.2,-1215902.5,SVL,c,-7.228,0.5218,0,in range
GRID_13830,-78.537,166.797,285252.2,-1215892.5,SVL,c,-7.477,0.3277,0,in range
GRID_13831,-78.535,166.753,286236.1,-1215886.7,SVL,c,-7.117,0.4006,0,in range
GRID_13834,-78.52,166.441,293238.7,-1215909.8,SVL,c,-7.559,0.5946,0,in range
GRID_13836,-78.56,167.1,278254.8,-1214924.4,SVL,c,-4.205,0.5338,0,in range
GRID_13837,-78.556,167.01,280261.5,-1214913.4,SVL,a,-0.817,1.3476,0,in range
GRID_13838,-78.554,166.966,281243.9,-1214911.6,SVL,c,-6.902,0.6415,0,in range
GRID_13839,-78.552,166.921,282247.7,-1214904.1,SVL,c,-7.042,0.4022,0,in range
GRID_13840,-78.55,166.876,283251.6,-1214895.7,SVL,c,-7.322,0.3631,0,in range
GRID_13841,-78.546,166.787,285238.7,-1214881.5,SVL,c,-7.472,0.2941,0,in range
GRID_13842,-78.544,166.742,286243.1,-1214870.6,SVL,c,-6.794,0.5822,0,in range
GRID_13844,-78.538,166.608,289236.0,-1214838.2,SVL,c,-7.434,0.3143,0,in range
GRID_13845,-78.533,166.519,291250.6,-1214920.9,SVL,c,-7.472,0.5838,0,in range
GRID_13848,-78.516,166.163,299239.8,-1214898.8,SVL,c,-6.683,0.4751,0,in range
GRID_13849,-78.571,167.134,277265.1,-1213912.9,SVL,c,7.625,2.2107,0,in range
GRID_13851,-78.567,167.045,279248.8,-1213908.4,SVL,a,0.018,1.8537,0,in range
GRID_13852,-78.565,167.0,280251.5,-1213902.4,SVL,a,-0.36,1.7034,0,in range
GRID_13853,-78.563,166.955,281254.3,-1213895.7,SVL,a,-0.274,1.774,0,in range
GRID_13856,-78.555,166.776,285246.1,-1213865.5,SVL,c,-6.636,0.4463,0,in range
GRID_13857,-78.551,166.687,287232.3,-1213848.0,SVL,c,-6.537,0.6582,0,in range
GRID_13866,-78.578,167.079,278258.6,-1212897.7,SVL,a,-0.478,1.7877,0,in range
GRID_13876,-78.587,167.069,278249.3,-1211886.8,SVL,c,-6.302,0.8713,0,in range
GRID_13877,-78.585,167.024,279250.3,-1211881.7,SVL,c,-6.975,0.6037,0,in range
GRID_13878,-78.531,164.629,331219.3,-1204865.9,SVL,c,-6.144,0.7056,0,in range
GRID_13885,-78.559,164.447,334221.3,-1200848.3,SVL,c,-6.597,0.5499,0,in range
GRID_13897,-78.431,163.869,350220.1,-1210906.7,SVL,c,-10.509,0.8205,0,in range
GRID_13898,-78.469,163.862,349209.1,-1206858.6,SVL,c,-11.275,0.4972,0,in range
GRID_13899,-78.478,163.849,349208.2,-1205830.8,SVL,c,-10.55,0.5688,0,in range
GRID_13900,-78.486,163.837,349216.4,-1204914.5,SVL,c,-10.265,0.7341,0,in range
GRID_13901,-78.419,165.721,311228.0,-1222868.7,SVL,c,-4.265,0.77,0,in range
GRID_13902,-78.43,165.754,310226.6,-1221877.8,SVL,c,-6.358,0.7397,0,in range
GRID_13906,-78.42,163.838,351211.2,-1211876.4,SVL,c,-9.498,1.049,0,in range
GRID_13910,-78.445,165.687,311248.3,-1219919.3,SVL,c,-7.313,0.3149,0,in range
GRID_13912,-78.452,165.632,312228.6,-1218875.9,SVL,c,-7.024,0.5205,0,in range
GRID_13915,-78.465,165.709,310238.2,-1217912.1,SVL,c,-6.742,0.4475,0,in range
GRID_13918,-78.488,165.963,304223.9,-1216827.2,SVL,c,-6.986,0.618,0,in range
GRID_15242,-78.6,167.149,276239.7,-1210883.8,SVL,a,-0.088,1.7597,0,in range
GRID_15243,-78.609,167.138,276252.4,-1209868.2,SVL,a,0.429,2.0846,0,in range
GRID_15244,-78.62,167.173,275245.4,-1208860.2,SVL,a,0.184,1.9818,0,in range
GRID_15245,-78.629,167.163,275237.1,-1207849.6,SVL,a,-0.463,1.5944,0,in range
GRID_15247,-78.638,167.152,275249.4,-1206834.2,SVL,a,-0.164,1.6292,0,in range
GRID_15248,-78.649,167.187,274244.6,-1205825.6,SVL,a,0.174,1.6079,1,slope
GRID_15249,-78.657,167.177,274260.3,-1204922.1,SVL,a,-0.116,1.749,0,in range
GRID_15250,-78.666,167.167,274251.3,-1203911.7,SVL,c,-3.876,0.9626,0,in range
GRID_15707,-76.529,162.16,450235.8,-1398964.2,SVL,g,-7.453,1.3466,0,in range
GRID_15708,-76.527,162.123,451206.8,-1398882.8,SVL,g,-6.247,1.3009,0,in range
GRID_15709,-76.532,162.074,452233.5,-1397972.4,SVL,d,-6.614,0.89,0,in range
GRID_15710,-76.541,162.062,452220.9,-1396934.6,SVL,g,-6.269,1.292,0,in range
GRID_15711,-76.625,161.656,459196.6,-1384913.8,SVL,c,-9.336,0.6771,0,in range
GRID_15712,-76.639,161.718,457214.1,-1383946.0,SVL,g,-5.659,0.6751,0,in range
GRID_15713,-76.636,161.681,458211.6,-1383964.1,SVL,g,-6.095,0.6571,0,in range
GRID_15714,-76.631,161.606,460196.5,-1383885.6,SVL,g,-6.806,0.9888,0,in range
GRID_15715,-76.654,161.78,455199.8,-1382871.0,SVL,d,-3.991,1.781,0,in range
GRID_15716,-76.648,161.706,457192.8,-1382909.2,SVL,d,-7.696,1.1877,0,in range
GRID_15717,-76.645,161.668,458213.8,-1382919.3,SVL,d,-7.482,1.365,0,in range
GRID_15718,-76.639,161.594,460208.2,-1382953.3,SVL,d,-8.207,1.1572,0,in range
GRID_15719,-76.662,161.768,455213.8,-1381938.9,SVL,d,-7.49,1.451,0,in range
GRID_15720,-76.671,161.756,455193.0,-1380902.3,SVL,d,-6.984,0.9453,0,in range
GRID_15721,-76.659,161.606,459223.6,-1380959.8,SVL,d,-7.107,1.3703,0,in range
GRID_15722,-76.679,161.743,455230.3,-1379962.4,SVL,d,-7.873,0.4753,0,in range
GRID_15723,-76.688,161.731,455208.6,-1378926.0,SVL,g,-7.405,0.9164,0,in range
GRID_15724,-76.567,161.655,461231.2,-1390968.8,SVL,d,-7.833,0.8339,0,in range
GRID_15725,-76.702,162.043,447217.8,-1379917.9,SVL,g,-7.236,0.4117,0,in range
GRID_15726,-76.736,162.37,438201.3,-1378880.1,SVL,g,-6.041,1.3393,0,in range
GRID_15727,-76.711,162.031,447201.1,-1378881.6,SVL,g,-5.827,0.842,0,in range
GRID_15728,-76.744,162.358,438223.1,-1377948.9,SVL,g,-8.054,1.1703,0,in range
GRID_15729,-76.719,162.019,447218.0,-1377950.1,SVL,g,-6.479,1.3682,0,in range
GRID_15730,-76.716,161.981,448234.0,-1377967.3,SVL,d,-7.652,1.1642,0,in range
GRID_15731,-76.753,162.346,438211.2,-1376912.9,SVL,g,-6.027,1.5107,0,in range
GRID_15732,-76.747,162.271,440214.4,-1376967.3,SVL,c,-9.115,0.8497,0,in range
GRID_15733,-76.745,162.233,441194.7,-1376884.8,SVL,c,-8.446,1.2676,0,in range
GRID_15734,-76.725,161.969,448215.8,-1376931.1,SVL,d,-8.255,0.7597,0,in range
GRID_15735,-76.781,162.599,431205.1,-1375893.0,SVL,c,-0.919,1.4897,0,in range
GRID_15736,-76.764,162.372,437219.6,-1375957.5,SVL,g,-6.782,1.0607,0,in range
GRID_15737,-76.756,162.258,440224.9,-1375923.7,SVL,c,-7.379,1.4003,0,in range
GRID_15738,-76.753,162.221,441214.1,-1375953.6,SVL,g,-5.514,0.9674,0,in range
GRID_15739,-76.751,162.183,442194.0,-1375870.3,SVL,g,-6.713,0.4648,0,in range
GRID_15740,-76.748,162.145,443207.7,-1375891.1,SVL,g,-5.64,1.2436,0,in range
GRID_15741,-76.722,161.807,452210.3,-1375972.1,SVL,d,-8.18,1.1263,0,in range
GRID_15742,-76.72,161.769,453191.7,-1375881.0,SVL,d,-7.892,0.9661,0,in range
GRID_15743,-76.767,162.284,439231.9,-1374969.7,SVL,g,-6.522,0.6516,0,in range
GRID_15744,-76.765,162.246,440210.9,-1374887.8,SVL,c,-8.45,1.354,0,in range
GRID_15745,-76.762,162.209,441199.6,-1374917.7,SVL,d,-7.322,1.1144,0,in range
GRID_15746,-76.759,162.171,442212.5,-1374939.2,SVL,d,-7.386,1.33,0,in range
GRID_15747,-76.793,162.499,433208.6,-1373878.4,SVL,g,-0.39,1.7127,0,in range
GRID_15748,-76.79,162.461,434219.2,-1373905.7,SVL,g,0.048,1.2713,0,in range
GRID_15749,-76.776,162.272,439218.2,-1373933.9,SVL,g,-6.51,1.4672,0,in range
GRID_15750,-76.773,162.234,440230.1,-1373956.8,SVL,c,-8.181,0.6042,0,in range
GRID_15751,-76.771,162.196,441208.6,-1373874.2,SVL,d,-7.551,0.6098,0,in range
GRID_15752,-76.759,162.045,445235.0,-1373963.4,SVL,g,-6.592,1.0988,0,in range
GRID_15753,-76.79,162.336,437215.5,-1372955.1,SVL,g,0.658,1.4064,0,in range
GRID_15754,-76.788,162.298,438193.0,-1372874.6,SVL,g,-7.278,0.6961,0,in range
GRID_15755,-76.785,162.26,439204.0,-1372898.2,SVL,g,-7.205,1.2532,0,in range
GRID_15756,-76.768,162.033,445217.2,-1372927.6,SVL,d,-7.315,0.9374,0,in range
GRID_15757,-76.804,162.399,435239.6,-1371966.0,SVL,g,0.563,1.7689,0,in range
GRID_15758,-76.799,162.324,437202.2,-1371919.5,SVL,c,-1.367,1.2415,0,in range
GRID_15759,-76.796,162.286,438212.5,-1371943.8,SVL,g,-5.187,1.3842,0,in range
GRID_15760,-76.793,162.248,439223.0,-1371967.4,SVL,c,-8.566,0.6404,0,in range
GRID_15761,-76.791,162.21,440200.1,-1371885.5,SVL,g,-6.185,1.4041,0,in range
GRID_15762,-76.782,162.097,443209.5,-1371957.4,SVL,d,-7.254,1.6018,0,in range
GRID_15763,-76.816,162.425,434218.1,-1370904.0,SVL,g,-4.733,1.2564,0,in range
GRID_15764,-76.813,162.387,435227.1,-1370930.5,SVL,g,-4.803,0.8201,0,in range
GRID_15765,-76.805,162.274,438198.2,-1370908.3,SVL,g,-3.86,1.2456,0,in range
GRID_15766,-76.802,162.236,439208.1,-1370931.9,SVL,g,-6.928,0.4877,0,in range
GRID_15767,-76.799,162.198,440218.2,-1370954.7,SVL,g,-6.201,1.3611,0,in range
GRID_15768,-76.797,162.16,441194.8,-1370872.0,SVL,g,-6.749,1.6165,0,in range
GRID_15769,-76.83,162.489,432222.8,-1369918.5,SVL,c,-0.732,1.2726,0,in range
GRID_15770,-76.827,162.451,433230.9,-1369946.4,SVL,g,-5.587,1.0985,0,in range
GRID_15771,-76.822,162.375,435214.3,-1369895.1,SVL,g,-5.578,0.9198,0,in range
GRID_15772,-76.819,162.337,436222.9,-1369920.8,SVL,g,-4.593,1.0103,0,in range
GRID_15773,-76.816,162.299,437231.8,-1369945.8,SVL,g,0.624,1.375,0,in range
GRID_15774,-76.814,162.262,438183.5,-1369872.9,SVL,g,-5.607,1.1771,0,in range
GRID_15775,-76.78,161.808,450192.7,-1369913.6,SVL,d,-7.731,1.3283,0,in range
GRID_15776,-76.828,162.325,436209.0,-1368885.5,SVL,g,-6.231,1.3053,0,in range
GRID_15777,-76.803,161.984,445199.4,-1368882.2,SVL,g,-5.346,1.1596,0,in range
GRID_15778,-76.786,161.757,451205.2,-1368885.0,SVL,d,-8.234,1.2483,0,in range
GRID_15779,-76.847,162.465,432232.8,-1367953.0,SVL,g,-6.072,1.2691,0,in range
GRID_15780,-76.839,162.351,435220.7,-1367929.4,SVL,g,-6.282,1.2111,0,in range
GRID_15781,-76.836,162.313,436228.2,-1367955.1,SVL,g,-6.45,1.4168,0,in range
GRID_15782,-76.822,162.123,441235.2,-1367967.7,SVL,g,-7.016,1.4978,0,in range
GRID_15783,-76.853,162.415,433226.9,-1366945.7,SVL,g,-6.59,0.7881,0,in range
GRID_15784,-76.828,162.073,442225.5,-1366953.7,SVL,g,-5.917,0.9487,0,in range
GRID_15785,-76.845,162.175,439218.5,-1365957.3,SVL,g,-6.838,1.3235,0,in range
GRID_15786,-76.835,161.771,449183.3,-1363871.9,SVL,d,-7.18,1.2549,0,in range
GRID_15787,-76.843,161.758,449217.1,-1362933.6,SVL,c,-8.568,1.4212,0,in range
GRID_15788,-76.561,162.075,451226.0,-1394941.2,SVL,d,-4.447,1.7765,0,in range
GRID_15789,-76.596,162.027,451205.0,-1390896.0,SVL,g,-6.159,1.3399,0,in range
GRID_15790,-76.657,162.726,432208.4,-1389882.4,SVL,n,1.45,1.6428,1,litho
GRID_15791,-76.616,162.164,447203.3,-1389874.2,SVL,n,-8.369,1.4229,1,litho
GRID_15792,-76.613,162.127,448202.1,-1389899.6,SVL,g,-7.022,1.2474,0,in range
GRID_15793,-76.604,162.015,451224.2,-1389963.5,SVL,g,-6.487,1.2134,0,in range
GRID_15794,-76.621,162.115,448222.7,-1388967.2,SVL,g,-5.479,1.0733,0,in range
GRID_15795,-76.666,162.465,438236.6,-1386954.2,SVL,g,-3.668,0.9225,0,in range
GRID_15796,-76.707,162.906,426221.5,-1385971.0,SVL,n,-6.458,1.2633,1,litho
GRID_15797,-76.675,162.454,438204.1,-1385925.1,SVL,g,-7.585,1.567,0,in range
GRID_15798,-76.721,162.97,424221.6,-1384972.4,SVL,n,-0.736,1.3537,1,litho
GRID_15799,-76.733,162.996,423206.7,-1383901.3,SVL,n,7.14,1.669,1,litho
GRID_15800,-76.673,162.167,445208.3,-1383922.3,SVL,g,-6.466,1.0548,0,in range
GRID_15801,-76.739,162.946,424220.5,-1382899.9,SVL,n,7.541,1.7165,1,litho
GRID_15802,-76.682,162.155,445194.4,-1382885.7,SVL,g,-7.027,1.5274,0,in range
GRID_15803,-76.679,162.117,446212.9,-1382904.5,SVL,g,-6.437,0.5927,0,in range
GRID_15804,-76.676,161.955,450223.5,-1381951.5,SVL,g,-6.079,1.5955,0,in range
GRID_15805,-76.707,162.243,442230.4,-1380946.3,SVL,g,-6.11,1.245,0,in range
GRID_15806,-76.685,161.943,450205.8,-1380914.9,SVL,d,-7.583,1.414,0,in range
GRID_15807,-76.768,162.949,423211.9,-1379869.7,SVL,n,-0.748,1.5456,1,litho
GRID_15808,-76.716,162.231,442217.2,-1379910.0,SVL,c,-7.648,1.6185,0,in range
GRID_15809,-76.71,162.156,444225.5,-1379958.8,SVL,g,-5.376,1.1374,0,in range
GRID_15810,-76.696,161.968,449228.3,-1379959.5,SVL,d,-6.68,1.1832,0,in range
GRID_15811,-76.719,162.144,444210.7,-1378922.5,SVL,g,-6.809,1.088,0,in range
GRID_15812,-76.728,162.132,444195.5,-1377886.3,SVL,g,-5.865,1.5421,0,in range
GRID_15813,-76.725,162.094,445210.8,-1377905.7,SVL,g,-6.58,0.6559,0,in range
GRID_15814,-76.734,162.082,445194.5,-1376869.6,SVL,g,-6.541,1.5443,0,in range
GRID_15815,-76.731,162.044,446209.4,-1376888.2,SVL,d,-7.707,0.89,0,in range
GRID_15816,-76.816,162.967,421230.5,-1374950.2,SVL,g,6.813,1.4346,0,in range
GRID_15817,-75.902,162.558,461222.3,-1467990.1,SVL,g,2.936,2.2225,0,in range
GRID_15818,-76.127,162.382,458219.9,-1442919.0,SVL,g,-3.516,0.9878,0,in range
GRID_15819,-76.147,162.395,457225.6,-1440921.4,SVL,g,1.505,2.2275,0,in range
GRID_15820,-75.68,162.878,460227.1,-1493950.2,SVL,g,3.688,2.1958,0,in range
GRID_15821,-75.689,162.867,460221.3,-1492912.7,SVL,g,4.191,2.2555,0,in range
GRID_15822,-75.937,162.513,461215.1,-1463945.5,SVL,g,0.381,1.6198,0,in range
GRID_15823,-76.11,162.286,461207.1,-1443934.6,SVL,g,-7.422,1.6609,0,in range
GRID_15831,-76.309,162.017,461209.2,-1420890.3,SVL,g,-5.883,0.6946,0,in range
GRID_15832,-76.306,161.981,462204.1,-1420914.6,SVL,g,-6.87,1.3001,0,in range
GRID_15833,-76.317,162.006,461209.6,-1419963.3,SVL,g,-6.759,0.9231,0,in range
GRID_15834,-76.314,161.969,462228.8,-1419979.5,SVL,g,-6.724,0.487,0,in range
GRID_15835,-76.331,162.067,459222.6,-1418985.7,SVL,g,-6.554,0.5245,0,in range
GRID_15836,-76.329,162.03,460206.8,-1418898.5,SVL,d,-6.904,0.8696,0,in range
GRID_15837,-76.34,162.055,459214.2,-1417946.0,SVL,d,-6.585,0.9552,0,in range
GRID_15838,-76.352,162.08,458188.6,-1416888.1,SVL,g,-6.603,0.9283,0,in range
GRID_15839,-76.392,162.106,456191.4,-1412901.6,SVL,g,-7.005,0.7344,0,in range
GRID_15840,-76.4,162.094,456216.3,-1411967.3,SVL,g,-6.887,1.1981,0,in range
GRID_15841,-76.409,162.082,456207.0,-1410928.2,SVL,g,-6.49,1.0961,0,in range
GRID_15842,-76.466,162.329,448214.1,-1406898.5,SVL,g,-6.449,1.0069,0,in range
GRID_15843,-76.441,161.997,457210.0,-1406897.0,SVL,g,-7.849,0.8534,0,in range
GRID_15844,-76.452,162.022,456222.0,-1405943.7,SVL,g,-6.263,0.5941,0,in range
GRID_15845,-76.449,161.985,457232.1,-1405963.1,SVL,d,-7.075,1.5986,1,slope
GRID_15846,-76.472,162.158,452208.5,-1404925.3,SVL,g,-6.943,1.4161,0,in range
GRID_15847,-76.478,162.109,453206.8,-1403909.1,SVL,g,-6.723,1.0763,0,in range
GRID_15848,-76.509,162.147,451228.6,-1400958.9,SVL,g,-6.717,1.3926,0,in range
GRID_15849,-76.481,161.778,461206.2,-1400953.6,SVL,d,-8.457,0.9863,0,in range
GRID_15850,-76.515,162.098,452223.4,-1399943.6,SVL,g,-6.878,0.679,0,in range
GRID_15851,-76.49,161.765,461213.9,-1399907.2,SVL,d,-8.581,1.1172,0,in range
GRID_15852,-76.546,162.26,447223.0,-1397964.4,SVL,g,-6.414,1.3629,0,in range
GRID_15853,-76.544,162.223,448192.9,-1397885.1,SVL,g,-5.735,0.8431,0,in range
GRID_15854,-76.549,162.174,449219.6,-1396977.0,SVL,g,-5.815,0.5926,0,in range
GRID_15855,-76.332,161.945,462208.8,-1417899.9,SVL,g,-6.602,1.2408,0,in range
GRID_15856,-76.558,162.162,449208.6,-1395939.3,SVL,g,-7.475,0.7678,0,in range
GRID_15857,-76.575,162.261,446225.4,-1394930.0,SVL,g,-7.048,1.1882,0,in range
GRID_15858,-76.57,162.187,448195.1,-1394876.8,SVL,g,-7.424,1.139,0,in range
GRID_15859,-76.564,162.113,450199.2,-1394925.7,SVL,g,-6.025,0.6854,0,in range
GRID_15860,-76.581,162.212,447216.3,-1393918.7,SVL,g,-6.536,1.0485,0,in range
GRID_15861,-76.598,162.312,444213.9,-1392913.3,SVL,n,-6.422,1.0442,1,litho
GRID_15862,-76.595,162.275,445213.9,-1392940.9,SVL,n,-7.176,1.3627,1,litho
GRID_15863,-76.584,162.126,449206.7,-1392931.4,SVL,g,-6.212,0.8328,0,in range
GRID_15864,-76.601,162.226,446203.3,-1391930.4,SVL,g,-6.905,1.2799,0,in range
GRID_15865,-76.595,162.151,448227.5,-1391974.1,SVL,g,-6.349,0.8355,0,in range
GRID_15866,-76.612,162.251,445226.6,-1390971.2,SVL,n,-7.605,1.0818,1,litho
GRID_15867,-76.604,162.139,448215.0,-1390936.8,SVL,g,-7.193,0.7593,0,in range
GRID_15868,-76.601,162.102,449214.7,-1390961.5,SVL,g,-6.581,1.3162,0,in range
GRID_15869,-76.302,162.187,457227.3,-1422986.9,SVL,g,-6.651,1.2909,0,in range
GRID_15870,-76.3,162.15,458213.7,-1422901.1,SVL,g,-6.9,1.2795,0,in range
GRID_15871,-76.308,162.139,458216.4,-1421974.0,SVL,g,-5.919,0.8318,0,in range
GRID_15872,-76.317,162.127,458209.9,-1420934.1,SVL,g,-7.16,0.8232,0,in range
GRID_15873,-76.714,161.694,455199.8,-1375913.8,SVL,d,-8.157,1.307,0,in range
GRID_15874,-76.76,161.418,460208.6,-1368904.6,SVL,d,-9.66,0.7692,0,in range
GRID_15875,-76.685,161.694,456202.8,-1378945.4,SVL,c,-9.843,0.8499,0,in range
GRID_15876,-76.702,161.669,456215.7,-1376969.3,SVL,d,-9.025,0.8456,0,in range
GRID_15877,-76.7,161.631,457198.2,-1376875.4,SVL,c,-8.619,1.4758,0,in range
GRID_15878,-76.771,161.318,462209.2,-1366952.1,SVL,s,-10.136,1.0295,0,in range
GRID_15879,-76.78,161.305,462201.7,-1365908.6,SVL,s,-8.929,0.9274,0,in range
GRID_15880,-76.812,161.342,460192.6,-1362869.2,SVL,s,-9.529,1.3555,0,in range
GRID_15881,-76.809,161.305,461178.4,-1362884.6,SVL,s,-6.36,1.7124,0,in range
GRID_15882,-76.806,161.267,462188.3,-1362891.2,SVL,c,-9.898,1.3062,0,in range
GRID_15883,-76.82,161.33,460196.1,-1361938.5,SVL,s,-9.779,1.3302,0,in range
GRID_15884,-76.817,161.292,461205.2,-1361945.8,SVL,d,-9.28,0.8681,0,in range
GRID_15885,-76.829,161.317,460187.7,-1360895.6,SVL,d,-9.191,0.986,0,in range
GRID_15886,-76.826,161.279,461196.2,-1360902.8,SVL,d,-9.234,0.8207,0,in range
GRID_15887,-76.823,161.241,462204.9,-1360909.3,SVL,d,-8.176,1.2024,0,in range
GRID_15888,-76.84,161.342,459206.5,-1359949.0,SVL,s,-9.045,1.0343,0,in range
GRID_15889,-76.837,161.304,460214.2,-1359957.0,SVL,d,-8.245,0.6425,0,in range
GRID_15890,-76.834,161.266,461222.1,-1359964.2,SVL,d,-9.036,1.2816,0,in range
GRID_15891,-76.849,161.329,459197.9,-1358906.3,SVL,c,-10.459,0.8671,0,in range
GRID_15892,-76.846,161.291,460205.0,-1358914.2,SVL,s,-8.831,0.8916,1,slope
GRID_15893,-76.688,161.482,461197.0,-1376934.7,SVL,c,-9.996,1.0463,0,in range
GRID_15894,-76.7,161.506,460201.0,-1375874.7,SVL,c,-10.452,0.9371,0,in range
GRID_15895,-76.697,161.469,461194.4,-1375890.4,SVL,c,-8.404,1.5923,0,in range
GRID_15896,-76.694,161.432,462188.0,-1375905.4,SVL,c,-8.511,1.7552,0,in range
GRID_15897,-76.711,161.531,459217.0,-1374926.6,SVL,c,-10.451,0.9146,0,in range
GRID_15898,-76.708,161.494,460209.6,-1374943.0,SVL,c,-9.509,1.2248,0,in range
GRID_15899,-76.702,161.419,462219.5,-1374965.6,SVL,c,-10.084,1.363,0,in range
GRID_15900,-76.72,161.519,459190.8,-1373890.5,SVL,d,-9.269,0.8126,0,in range
GRID_15901,-76.714,161.444,461199.0,-1373914.6,SVL,s,-9.101,1.6775,0,in range
GRID_15902,-76.711,161.406,462215.5,-1373921.4,SVL,s,-8.892,0.6017,0,in range
GRID_15903,-76.731,161.544,458207.9,-1372941.9,SVL,s,-10.001,1.1513,0,in range
GRID_15904,-76.72,161.394,462187.1,-1372885.5,SVL,s,-9.254,0.8985,0,in range
GRID_15905,-76.829,161.443,457193.9,-1361904.3,SVL,c,-9.877,1.0103,0,in range
GRID_15906,-76.826,161.405,458202.3,-1361913.8,SVL,c,-10.51,1.454,0,in range
GRID_15907,-76.823,161.367,459211.0,-1361922.5,SVL,c,-10.333,1.5176,0,in range
GRID_15908,-76.837,161.43,457222.4,-1360965.7,SVL,c,-9.606,1.3743,0,in range
GRID_15909,-76.835,161.392,458195.2,-1360870.8,SVL,c,-8.688,1.5206,0,in range
GRID_15910,-76.832,161.355,459179.5,-1360887.6,SVL,s,-9.676,0.9883,0,in range
GRID_15911,-76.846,161.417,457215.5,-1359922.9,SVL,c,-10.008,1.3541,0,in range
GRID_15912,-76.843,161.38,458199.0,-1359940.3,SVL,c,-10.233,1.3302,0,in range
GRID_15913,-76.852,161.367,458191.1,-1358897.6,SVL,c,-10.139,1.2428,0,in range
