grid_id,lat,lon,proj_x_epsg3031,proj_y_epsg3031,region,litho,d15n_mean,d15n_sd,outside_envelope,mask_reason
GRID_00001,-84.753,-179.937,-626.9,-570095.2,TAM,d,0.851,0.4646,0,in range
GRID_00002,-84.772,-179.937,-624.6,-568027.9,TAM,s,0.854,0.6779,0,in range
GRID_00003,-84.79,-179.937,-622.4,-566069.3,TAM,s,0.912,0.6622,0,in range
GRID_00004,-84.827,-179.835,-1618.6,-562041.6,TAM,s,0.488,0.288,0,in range
GRID_00005,-84.836,-179.834,-1625.5,-561062.3,TAM,s,0.335,0.4256,0,in range
GRID_00006,-84.845,-179.834,-1622.7,-560083.1,TAM,s,-0.305,0.5613,1,elev
GRID_00007,-84.704,-114.351,-524235.4,-237263.4,TAM,s,-6.508,1.2178,1,coast
GRID_00008,-84.723,-114.119,-523304.9,-234293.9,TAM,g,-5.861,0.8197,1,coast
GRID_00009,-84.732,-114.16,-522243.5,-234267.5,TAM,c,-7.044,1.3883,1,coast
GRID_00010,-84.735,-114.069,-522316.9,-233304.6,TAM,s,-6.198,1.2337,1,coast
GRID_00011,-84.735,-113.845,-523225.0,-231260.8,TAM,s,-5.979,0.9592,1,coast
GRID_00012,-84.721,-113.673,-525312.1,-230300.7,TAM,s,-6.098,1.266,1,coast
GRID_00013,-84.742,-113.662,-523263.3,-229282.8,TAM,s,-5.838,1.1679,1,coast
GRID_00014,-84.753,-116.262,-511250.4,-252253.9,TAM,c,-4.847,0.8012,1,coast
GRID_00015,-84.761,-116.306,-510276.2,-252260.7,TAM,c,-6.179,0.9871,1,coast
GRID_00016,-84.769,-116.351,-509297.9,-252275.0,TAM,c,-5.584,0.7301,1,coast
GRID_00017,-84.761,-116.082,-511258.5,-250263.8,TAM,c,-6.939,1.217,1,coast
GRID_00018,-84.794,-116.26,-507258.4,-250262.3,TAM,g,-5.322,0.8237,1,coast
GRID_00019,-84.802,-116.304,-506285.8,-250266.0,TAM,g,-5.612,0.7839,1,coast
GRID_00020,-84.765,-115.991,-511264.1,-249260.8,TAM,g,-5.005,1.3255,1,coast
GRID_00021,-84.798,-116.169,-507264.7,-249264.3,TAM,g,-5.475,0.8645,1,coast
GRID_00022,-84.806,-116.213,-506292.2,-249269.3,TAM,g,-6.011,0.9424,1,coast
GRID_00023,-84.777,-115.945,-510290.0,-248279.0,TAM,g,-5.406,0.9445,1,coast
GRID_00024,-84.794,-116.033,-508246.0,-248250.6,TAM,g,-5.853,0.922,1,coast
GRID_00025,-84.773,-115.585,-512232.4,-245255.8,TAM,g,-4.416,0.9029,1,coast
GRID_00026,-84.785,-115.537,-511259.6,-244263.7,TAM,g,-5.267,0.858,1,coast
GRID_00027,-84.789,-115.446,-511253.9,-243264.4,TAM,g,-4.515,0.5867,1,coast
GRID_00028,-84.776,-115.042,-514238.0,-240252.2,TAM,g,-6.273,0.8139,1,coast
GRID_00029,-84.761,-114.192,-519234.2,-233266.0,TAM,s,-5.862,1.1247,1,coast
GRID_00030,-84.805,-113.854,-516222.7,-228262.8,TAM,s,-5.366,1.1144,1,coast
GRID_00031,-84.808,-113.761,-516293.8,-227293.0,TAM,s,-5.846,1.1535,1,coast
GRID_00032,-84.803,-113.627,-517322.4,-226303.0,TAM,d,-5.525,0.9712,1,"elev, coast"
GRID_00033,-84.829,-113.75,-514246.1,-226273.7,TAM,s,-5.844,1.143,1,"elev, coast"
GRID_00034,-84.837,-113.791,-513287.5,-226290.5,TAM,s,-6.045,1.281,1,coast
GRID_00035,-84.846,-113.832,-512229.8,-226262.1,TAM,s,-4.898,1.0699,1,coast
GRID_00036,-84.79,-113.454,-519301.0,-225302.9,TAM,d,-5.881,0.894,1,"elev, coast"
GRID_00037,-84.832,-113.656,-514317.6,-225298.7,TAM,d,-5.556,0.7204,1,"elev, coast"
GRID_00038,-84.777,-113.281,-521278.2,-224293.0,TAM,d,-6.567,1.1153,1,coast
GRID_00039,-84.781,-113.188,-521241.5,-223275.2,TAM,d,-4.895,0.3985,1,coast
GRID_00040,-86.146,-152.468,-193496.9,-371197.8,TAM,c,-6.435,0.8489,0,in range
GRID_00041,-86.154,-152.404,-193508.6,-370210.7,TAM,c,-5.946,0.7795,0,in range
GRID_00042,-86.163,-152.341,-193461.4,-369131.2,TAM,c,-6.442,0.8182,0,in range
GRID_00043,-86.162,-152.034,-195487.5,-368185.4,TAM,g,-5.458,0.6921,0,in range
GRID_00044,-86.166,-152.155,-194506.4,-368212.9,TAM,c,-7.029,0.7195,0,in range
GRID_00045,-86.171,-152.277,-193469.1,-368145.1,TAM,g,-5.778,0.9039,0,in range
GRID_00046,-86.174,-152.091,-194510.5,-367227.0,TAM,g,-6.627,0.7135,0,in range
GRID_00047,-86.179,-152.213,-193474.8,-367159.5,TAM,g,-6.162,0.7508,0,in range
GRID_00048,-86.523,-148.287,-198505.6,-321245.0,TAM,c,-4.559,0.7925,0,in range
GRID_00049,-86.572,-148.145,-196490.8,-316229.0,TAM,s,-1.839,0.659,0,in range
GRID_00050,-85.543,-151.17,-233469.2,-424152.7,TAM,g,-7.735,0.5352,0,in range
GRID_00051,-85.551,-151.113,-233470.8,-423158.6,TAM,g,-8.785,0.4793,0,in range
GRID_00052,-85.555,-150.952,-234447.8,-422120.6,TAM,g,-6.694,0.4372,0,in range
GRID_00053,-85.564,-151.16,-232441.7,-422111.6,TAM,g,-8.136,1.2556,0,in range
GRID_00054,-85.565,-150.467,-237476.5,-419174.8,TAM,g,-6.397,0.7877,0,in range
GRID_00055,-85.579,-150.778,-234454.5,-419129.0,TAM,g,-7.169,0.5535,0,in range
GRID_00056,-85.583,-150.883,-233474.4,-419177.9,TAM,g,-8.051,0.4639,0,in range
GRID_00057,-85.573,-150.408,-237478.4,-418173.6,TAM,g,-7.368,0.6017,0,in range
GRID_00058,-85.581,-150.35,-237471.3,-417176.9,TAM,g,-7.333,0.5948,0,in range
GRID_00059,-85.599,-150.766,-233480.2,-417182.1,TAM,g,-6.864,0.6347,0,in range
GRID_00060,-85.604,-150.871,-232450.6,-417134.3,TAM,g,-6.384,0.546,0,in range
GRID_00061,-85.594,-150.394,-236452.4,-416130.1,TAM,g,-7.758,0.6807,0,in range
GRID_00062,-85.573,-149.449,-244444.1,-414140.3,TAM,g,-7.847,0.5452,0,in range
GRID_00063,-85.636,-150.635,-232460.5,-413140.8,TAM,g,-8.332,0.556,0,in range
GRID_00064,-85.644,-150.576,-232458.4,-412143.5,TAM,g,-7.038,0.7938,0,in range
GRID_00065,-85.682,-150.988,-227484.9,-410191.0,TAM,g,-5.771,0.4956,0,in range
GRID_00066,-85.687,-151.095,-226455.7,-410139.1,TAM,g,-5.134,0.6145,0,in range
GRID_00067,-85.672,-150.503,-231484.3,-409197.1,TAM,g,-6.378,0.7708,0,in range
GRID_00068,-85.634,-149.392,-241478.7,-408188.0,TAM,g,-7.048,0.8156,0,in range
GRID_00069,-85.68,-150.443,-231483.6,-408197.7,TAM,g,-6.148,0.9437,0,in range
GRID_00070,-85.666,-149.854,-236432.0,-407113.0,TAM,g,-6.533,0.9137,0,in range
GRID_00071,-85.65,-149.269,-241465.3,-406173.2,TAM,g,-5.593,0.4613,0,in range
GRID_00072,-85.715,-150.749,-227440.6,-406107.8,TAM,g,-5.023,0.7167,0,in range
GRID_00073,-85.719,-150.857,-226462.9,-406156.0,TAM,g,-5.666,0.6129,0,in range
GRID_00074,-85.723,-150.689,-227440.0,-405111.0,TAM,g,-5.422,0.7031,0,in range
GRID_00075,-85.724,-149.971,-232444.2,-402134.9,TAM,g,-5.611,0.9291,0,in range
GRID_00076,-85.726,-149.527,-235443.1,-400134.2,TAM,g,-4.671,0.4977,0,in range
GRID_00077,-85.727,-149.083,-238480.9,-398204.4,TAM,g,-4.755,0.5756,0,in range
GRID_00078,-85.751,-149.615,-233453.4,-398150.5,TAM,g,-4.7,0.7029,0,in range
GRID_00079,-86.152,-150.075,-208501.6,-362229.6,TAM,g,-3.922,0.2824,0,in range
GRID_00080,-86.275,-151.105,-195496.3,-354213.9,TAM,g,-3.863,0.351,0,in range
GRID_00081,-86.215,-149.208,-210453.2,-353150.6,TAM,g,-2.597,0.483,0,in range
GRID_00082,-86.283,-151.036,-195501.6,-353217.5,TAM,g,-3.891,0.2817,0,in range
GRID_00083,-86.288,-151.16,-194474.6,-353163.7,TAM,g,-3.71,0.3205,0,in range
GRID_00084,-86.218,-149.017,-211461.4,-352167.5,TAM,g,-2.87,0.7945,0,in range
GRID_00085,-86.291,-150.967,-195504.8,-352221.5,TAM,g,-4.524,0.6656,0,in range
GRID_00086,-86.296,-151.092,-194473.2,-352171.4,TAM,g,-1.426,0.3431,0,in range
GRID_00087,-86.3,-151.216,-193501.3,-352210.5,TAM,g,-3.923,0.377,0,in range
GRID_00088,-86.299,-150.898,-195506.0,-351226.0,TAM,g,-3.961,0.6562,0,in range
GRID_00089,-86.304,-151.023,-194476.0,-351176.3,TAM,c,-4.122,0.5775,0,in range
GRID_00090,-86.308,-151.148,-193499.6,-351219.0,TAM,g,-3.049,0.5131,0,in range
GRID_00091,-86.252,-149.355,-207496.5,-350229.3,TAM,g,-2.7,0.8836,0,in range
GRID_00092,-86.312,-150.953,-194482.7,-350178.3,TAM,g,-3.434,0.1688,0,in range
GRID_00093,-86.316,-151.078,-193508.0,-350221.2,TAM,g,-3.111,0.3527,0,in range
GRID_00094,-86.26,-149.283,-207492.3,-349220.8,TAM,g,-3.914,0.3784,0,in range
GRID_00095,-86.32,-150.884,-194481.2,-349184.2,TAM,g,-3.292,0.5454,0,in range
GRID_00096,-86.324,-151.009,-193508.2,-349227.4,TAM,g,-3.628,0.356,0,in range
GRID_00097,-86.259,-148.968,-209465.1,-348167.9,TAM,g,-4.455,0.4179,0,in range
GRID_00098,-86.268,-149.211,-207485.9,-348212.8,TAM,g,-3.987,0.3351,0,in range
GRID_00099,-86.262,-148.775,-210467.7,-347181.5,TAM,c,-4.937,0.5586,0,in range
GRID_00100,-86.271,-149.017,-208495.8,-347228.7,TAM,g,-4.108,0.3926,0,in range
GRID_00101,-86.276,-149.138,-207483.3,-347201.7,TAM,g,-3.702,0.4192,0,in range
GRID_00102,-86.281,-149.26,-206465.8,-347175.6,TAM,g,-3.72,0.5903,0,in range
GRID_00103,-86.284,-149.065,-207478.5,-346191.2,TAM,g,-4.231,0.6487,0,in range
GRID_00104,-86.289,-149.187,-206462.5,-346165.5,TAM,g,-3.915,0.4958,0,in range
GRID_00105,-86.278,-148.628,-210452.4,-345155.5,TAM,c,-3.967,0.5669,0,in range
GRID_00106,-86.292,-148.992,-207471.5,-345181.3,TAM,g,-4.384,0.6046,0,in range
GRID_00107,-86.285,-148.554,-210501.1,-344234.3,TAM,g,-3.346,0.2351,0,in range
GRID_00108,-86.311,-148.649,-208459.7,-342169.5,TAM,c,-4.498,0.7055,0,in range
GRID_00109,-86.304,-148.209,-211482.0,-341205.3,TAM,c,-5.035,0.3291,0,in range
GRID_00110,-86.309,-148.331,-210469.7,-341192.3,TAM,c,-3.586,0.5392,0,in range
GRID_00111,-86.314,-148.452,-209464.4,-341172.9,TAM,c,-4.319,0.3887,0,in range
GRID_00112,-86.319,-148.574,-208454.1,-341154.4,TAM,c,-4.06,0.4302,0,in range
GRID_00113,-86.323,-148.697,-207495.3,-341229.6,TAM,g,-3.71,0.1538,0,in range
GRID_00114,-86.292,-147.651,-215492.8,-340231.4,TAM,g,-6.36,0.8443,0,in range
GRID_00115,-86.297,-147.771,-214490.0,-340222.3,TAM,g,-6.075,0.7829,0,in range
GRID_00116,-86.302,-147.892,-213482.1,-340214.1,TAM,g,-3.639,0.2429,0,in range
GRID_00117,-86.307,-148.013,-212475.3,-340203.3,TAM,g,-4.119,0.4369,0,in range
GRID_00118,-86.312,-148.134,-211469.5,-340189.7,TAM,g,-3.419,0.6206,0,in range
GRID_00119,-86.317,-148.256,-210458.7,-340177.1,TAM,c,-4.269,0.524,0,in range
GRID_00120,-86.322,-148.377,-209454.9,-340158.0,TAM,c,-3.321,0.8384,0,in range
GRID_00121,-86.326,-148.5,-208497.0,-340236.2,TAM,c,-3.589,0.6696,0,in range
GRID_00122,-86.331,-148.622,-207489.1,-340215.4,TAM,g,-2.927,0.545,0,in range
GRID_00123,-86.336,-148.745,-206476.3,-340195.5,TAM,g,-3.936,0.3445,0,in range
GRID_00124,-86.325,-148.18,-210451.3,-339158.8,TAM,c,-5.197,0.4795,0,in range
GRID_00125,-86.329,-148.302,-209500.2,-339236.2,TAM,c,-4.416,0.3438,0,in range
GRID_00126,-86.334,-148.424,-208492.8,-339218.5,TAM,g,-3.782,0.4379,0,in range
GRID_00127,-86.339,-148.547,-207480.6,-339201.7,TAM,g,-3.476,0.1521,0,in range
GRID_00128,-86.344,-148.67,-206469.3,-339182.2,TAM,g,-3.584,0.1719,0,in range
GRID_00129,-86.349,-148.793,-205459.1,-339159.8,TAM,c,-4.103,0.2877,0,in range
GRID_00130,-86.332,-148.104,-210499.0,-338233.4,TAM,g,-2.824,0.5806,0,in range
GRID_00131,-86.337,-148.226,-209492.1,-338218.8,TAM,g,-3.259,0.259,0,in range
GRID_00132,-86.342,-148.349,-208480.4,-338205.2,TAM,g,-3.724,0.415,0,in range
GRID_00133,-86.356,-148.718,-205507.9,-338240.4,TAM,g,-3.703,0.4676,0,in range
GRID_00134,-85.627,-148.751,-246424.9,-406111.7,TAM,g,-6.897,0.5022,0,in range
GRID_00135,-85.753,-149.168,-236441.0,-396130.3,TAM,g,-3.257,0.8518,0,in range
GRID_00136,-85.779,-148.805,-237481.8,-392206.2,TAM,g,-6.117,0.7031,0,in range
GRID_00137,-85.783,-148.633,-238431.7,-391120.2,TAM,g,-5.174,0.4183,0,in range
GRID_00138,-85.795,-148.675,-237466.6,-390180.4,TAM,g,-5.189,0.7499,0,in range
GRID_00139,-85.93,-151.418,-211500.2,-388209.0,TAM,g,-5.541,0.2743,0,in range
GRID_00140,-85.935,-151.532,-210468.3,-388151.2,TAM,c,-6.126,0.8749,0,in range
GRID_00141,-85.925,-151.015,-214488.9,-387187.3,TAM,g,-4.998,0.4806,0,in range
GRID_00142,-85.93,-151.129,-213455.7,-387137.3,TAM,g,-5.325,0.618,0,in range
GRID_00143,-85.934,-151.242,-212482.5,-387176.3,TAM,g,-6.181,0.5457,0,in range
GRID_00144,-85.939,-151.356,-211451.2,-387121.2,TAM,g,-6.22,0.6427,0,in range
GRID_00145,-85.943,-151.47,-210472.8,-387159.1,TAM,g,-4.471,0.7236,0,in range
GRID_00146,-85.855,-149.062,-231472.1,-386180.2,TAM,g,-2.994,0.7624,0,in range
GRID_00147,-85.92,-150.614,-217460.2,-386150.3,TAM,g,-4.812,0.4736,0,in range
GRID_00148,-85.924,-150.727,-216485.6,-386199.1,TAM,g,-4.749,0.5512,0,in range
GRID_00149,-85.929,-150.839,-215465.4,-386146.8,TAM,g,-6.156,0.5747,0,in range
GRID_00150,-85.933,-150.953,-214485.5,-386194.6,TAM,g,-6.22,0.4781,0,in range
GRID_00151,-85.938,-151.066,-213460.4,-386141.2,TAM,g,-5.942,0.5969,0,in range
GRID_00152,-85.942,-151.18,-212482.1,-386184.1,TAM,g,-5.66,0.5783,0,in range
GRID_00153,-85.947,-151.294,-211452.2,-386129.4,TAM,g,-5.552,0.9105,0,in range
GRID_00154,-85.951,-151.408,-210475.4,-386167.5,TAM,g,-4.751,0.2904,0,in range
GRID_00155,-85.955,-151.522,-209499.3,-386203.3,TAM,g,-5.227,0.6548,0,in range
GRID_00156,-85.914,-150.213,-220481.5,-385185.0,TAM,g,-5.003,0.5577,0,in range
GRID_00157,-85.928,-150.55,-217463.8,-385149.8,TAM,g,-6.147,0.5902,0,in range
GRID_00158,-85.932,-150.663,-216490.7,-385198.8,TAM,c,-5.791,0.6279,0,in range
GRID_00159,-85.937,-150.776,-215465.2,-385150.7,TAM,g,-6.873,0.7023,0,in range
GRID_00160,-85.941,-150.89,-214486.9,-385198.7,TAM,g,-6.015,0.4685,0,in range
GRID_00161,-85.946,-151.003,-213463.3,-385145.5,TAM,g,-5.929,0.4723,0,in range
GRID_00162,-85.95,-151.117,-212486.5,-385188.7,TAM,g,-5.729,0.2778,0,in range
GRID_00163,-85.955,-151.231,-211458.1,-385134.3,TAM,g,-5.607,0.3912,0,in range
GRID_00164,-85.959,-151.345,-210482.8,-385172.6,TAM,g,-6.844,0.5247,0,in range
GRID_00165,-85.963,-151.46,-209501.6,-385212.3,TAM,g,-3.356,0.9517,0,in range
GRID_00166,-86.028,-153.209,-194461.9,-385119.4,TAM,g,-5.62,0.4521,0,in range
GRID_00167,-86.032,-153.327,-193473.1,-385130.5,TAM,c,-5.721,0.8391,0,in range
GRID_00168,-85.908,-149.814,-223486.5,-384204.1,TAM,g,-5.265,0.4245,0,in range
GRID_00169,-85.913,-149.925,-222469.3,-384166.0,TAM,g,-5.204,0.5752,0,in range
GRID_00170,-85.918,-150.037,-221446.5,-384129.2,TAM,g,-5.676,0.2341,0,in range
GRID_00171,-85.922,-150.149,-220478.7,-384184.1,TAM,g,-5.829,0.4181,0,in range
GRID_00172,-85.936,-150.487,-217458.7,-384153.6,TAM,g,-6.2,0.6248,0,in range
GRID_00173,-85.94,-150.6,-216487.2,-384202.9,TAM,g,-5.99,0.5439,0,in range
GRID_00174,-85.945,-150.713,-215463.1,-384155.0,TAM,g,-6.175,0.6483,0,in range
GRID_00175,-85.949,-150.826,-214493.1,-384199.5,TAM,g,-5.802,0.5887,0,in range
GRID_00176,-85.963,-151.168,-211462.0,-384139.6,TAM,g,-4.895,0.6295,0,in range
GRID_00177,-85.967,-151.283,-210481.6,-384181.9,TAM,g,-5.87,0.4445,0,in range
GRID_00178,-85.972,-151.398,-209449.9,-384126.4,TAM,g,-5.646,0.5021,0,in range
GRID_00179,-86.036,-153.149,-194472.3,-384139.6,TAM,g,-4.885,0.5646,0,in range
GRID_00180,-86.04,-153.268,-193478.4,-384154.3,TAM,g,-5.742,0.3865,0,in range
GRID_00181,-85.912,-149.638,-224445.8,-383140.6,TAM,g,-3.222,1.0721,0,in range
GRID_00182,-85.916,-149.749,-223484.0,-383199.0,TAM,c,-5.526,0.7113,0,in range
GRID_00183,-85.921,-149.861,-222461.6,-383165.1,TAM,g,-4.861,0.1552,0,in range
GRID_00184,-85.93,-150.085,-220474.0,-383183.8,TAM,g,-5.862,0.6142,0,in range
GRID_00185,-85.935,-150.197,-219454.3,-383142.3,TAM,g,-4.478,0.5153,0,in range
GRID_00186,-85.962,-150.877,-213463.2,-383155.6,TAM,g,-5.217,0.671,0,in range
GRID_00187,-85.98,-151.335,-209455.0,-383132.7,TAM,g,-4.68,0.437,0,in range
GRID_00188,-86.044,-153.089,-194480.8,-383160.3,TAM,c,-6.005,0.603,0,in range
GRID_00189,-86.048,-153.208,-193488.6,-383175.2,TAM,c,-5.373,0.7192,0,in range
GRID_00190,-85.924,-149.684,-223479.6,-382194.5,TAM,g,-5.307,0.5297,0,in range
GRID_00191,-85.929,-149.796,-222458.6,-382160.8,TAM,g,-6.029,0.6856,0,in range
GRID_00192,-85.992,-151.387,-208482.4,-382177.4,TAM,g,-2.505,0.4018,0,in range
GRID_00193,-86.044,-152.791,-196471.0,-382143.6,TAM,g,-5.404,0.6983,0,in range
GRID_00194,-86.048,-152.909,-195485.6,-382160.3,TAM,g,-5.22,0.6546,0,in range
GRID_00195,-86.052,-153.028,-194494.2,-382177.9,TAM,g,-5.328,0.6106,0,in range
GRID_00196,-85.928,-149.507,-224438.6,-381127.5,TAM,g,-4.908,0.3465,0,in range
GRID_00197,-85.932,-149.618,-223479.8,-381186.5,TAM,g,-6.231,0.5547,0,in range
GRID_00198,-85.937,-149.73,-222460.3,-381153.1,TAM,g,-5.668,0.887,0,in range
GRID_00199,-85.987,-150.978,-211468.9,-381154.8,TAM,g,-5.781,0.3315,0,in range
GRID_00200,-86.052,-152.73,-196479.3,-381161.2,TAM,g,-4.4,0.4529,0,in range
GRID_00201,-86.056,-152.849,-195488.8,-381181.5,TAM,g,-5.055,0.5281,0,in range
GRID_00202,-86.06,-152.968,-194499.1,-381199.4,TAM,g,-5.361,0.6584,0,in range
GRID_00203,-85.935,-149.441,-224490.5,-380213.4,TAM,g,-4.517,0.336,0,in range
GRID_00204,-85.94,-149.553,-223471.4,-380182.9,TAM,g,-6.329,0.8183,0,in range
GRID_00205,-85.999,-151.03,-210491.1,-380205.3,TAM,g,-4.134,0.8044,0,in range
GRID_00206,-86.064,-152.787,-195503.5,-380196.4,TAM,g,-5.302,0.8676,0,in range
GRID_00207,-85.953,-149.599,-222450.9,-379143.3,TAM,g,-4.874,0.4081,0,in range
GRID_00208,-85.957,-149.711,-221490.0,-379201.9,TAM,g,-4.324,0.7227,0,in range
GRID_00209,-85.951,-149.309,-224478.1,-378199.5,TAM,g,-4.802,0.4417,0,in range
GRID_00210,-85.961,-149.533,-222446.5,-378137.1,TAM,g,-6.105,0.5594,0,in range
GRID_00211,-85.959,-149.242,-224475.4,-377189.3,TAM,g,-5.787,0.6048,0,in range
GRID_00212,-85.964,-149.354,-223460.6,-377159.8,TAM,g,-6.098,0.7008,0,in range
GRID_00213,-85.969,-149.467,-222440.1,-377131.5,TAM,g,-5.96,0.6687,0,in range
GRID_00214,-85.967,-149.175,-224470.6,-376179.7,TAM,g,-5.942,0.3636,0,in range
GRID_00215,-85.972,-149.287,-223457.3,-376150.5,TAM,g,-6.791,0.7944,0,in range
GRID_00216,-86.027,-150.656,-211476.7,-376169.9,TAM,g,-5.258,0.4019,0,in range
GRID_00217,-86.031,-150.772,-210502.4,-376217.8,TAM,g,-6.112,0.4768,0,in range
GRID_00218,-85.975,-149.108,-224463.9,-375170.7,TAM,g,-7.347,0.7912,0,in range
GRID_00219,-86.035,-150.591,-211476.3,-375172.1,TAM,g,-5.997,0.7604,0,in range
GRID_00220,-86.109,-152.598,-194505.2,-375206.6,TAM,g,-4.302,0.4156,0,in range
GRID_00221,-86.113,-152.415,-195501.3,-374198.0,TAM,c,-6.06,0.6799,0,in range
GRID_00222,-86.118,-152.536,-194459.9,-374127.8,TAM,g,-5.971,0.6052,0,in range
GRID_00223,-86.121,-152.352,-195509.1,-373212.5,TAM,c,-5.852,0.4869,0,in range
GRID_00224,-86.126,-152.473,-194469.3,-373142.6,TAM,g,-5.148,0.8898,0,in range
GRID_00225,-86.13,-152.594,-193480.7,-373166.4,TAM,g,-5.262,0.8539,0,in range
GRID_00226,-86.05,-150.162,-213468.1,-372163.7,TAM,g,-6.725,0.7741,0,in range
GRID_00227,-86.073,-150.744,-208454.9,-372131.5,TAM,g,-3.955,0.9929,0,in range
GRID_00228,-86.125,-152.169,-196497.1,-372201.6,TAM,c,-5.873,0.8784,0,in range
GRID_00229,-86.13,-152.289,-195464.4,-372131.2,TAM,g,-4.966,0.5583,0,in range
GRID_00230,-86.134,-152.41,-194476.7,-372157.8,TAM,g,-5.51,0.4485,0,in range
GRID_00231,-86.138,-152.531,-193489.8,-372181.9,TAM,g,-6.418,1.1788,0,in range
GRID_00232,-86.049,-149.864,-215455.4,-371142.5,TAM,g,-6.186,0.518,0,in range
GRID_00233,-86.058,-150.096,-213463.1,-371163.7,TAM,g,-3.639,1.1364,0,in range
GRID_00234,-86.062,-150.212,-212495.2,-371217.8,TAM,g,-5.724,0.9547,0,in range
GRID_00235,-86.076,-150.561,-209482.1,-371179.8,TAM,g,-6.279,1.0351,0,in range
GRID_00236,-86.057,-149.797,-215451.8,-370138.7,TAM,g,-6.358,0.5161,0,in range
GRID_00237,-86.08,-150.378,-210451.6,-370130.9,TAM,g,-4.22,0.7051,0,in range
GRID_00238,-86.06,-149.614,-216467.9,-369167.3,TAM,g,-6.115,0.5658,0,in range
GRID_00239,-86.065,-149.73,-215446.1,-369135.4,TAM,g,-5.728,1.1121,0,in range
GRID_00240,-86.116,-150.228,-209476.7,-366181.9,TAM,g,-6.17,0.7194,0,in range
GRID_00241,-86.121,-150.346,-208453.2,-366140.2,TAM,g,-5.725,0.6202,0,in range
GRID_00242,-86.183,-152.026,-194468.1,-366142.1,TAM,g,-5.757,0.7036,0,in range
GRID_00243,-86.187,-152.148,-193484.9,-366170.9,TAM,c,-7.171,0.8749,0,in range
GRID_00244,-86.124,-150.16,-209478.5,-365178.7,TAM,g,-2.844,0.788,0,in range
GRID_00245,-86.113,-149.622,-213502.9,-364227.2,TAM,g,-3.55,0.4558,0,in range
GRID_00246,-86.118,-149.739,-212484.8,-364192.9,TAM,g,-3.267,0.4554,0,in range
GRID_00247,-86.107,-149.203,-216494.6,-363216.4,TAM,g,-5.974,0.9396,0,in range
GRID_00248,-86.121,-149.554,-213494.3,-363223.8,TAM,g,-3.58,0.3067,0,in range
GRID_00249,-86.143,-149.838,-210489.7,-362209.9,TAM,g,-4.042,0.4159,0,in range
GRID_00251,-85.461,-156.77,-194482.1,-453105.4,TAM,c,-4.849,0.7657,0,in range
GRID_00257,-85.482,-156.525,-195508.1,-450174.9,TAM,g,-6.381,0.5439,1,slope
GRID_00260,-85.518,-155.812,-199490.8,-444135.9,TAM,g,-6.795,0.8024,0,in range
GRID_00261,-85.526,-156.027,-197469.3,-444086.5,TAM,g,-6.891,0.7817,0,in range
GRID_00262,-85.526,-155.764,-199505.7,-443175.4,TAM,g,-6.259,0.6805,0,in range
GRID_00263,-85.546,-156.039,-196493.1,-442140.4,TAM,g,-6.696,0.5017,0,in range
GRID_00264,-85.568,-155.786,-197462.3,-439086.6,TAM,g,-8.117,0.7295,0,in range
GRID_00265,-85.572,-155.628,-198492.9,-438144.2,TAM,g,-6.986,0.73,0,in range
GRID_00266,-85.576,-155.737,-197480.3,-438124.4,TAM,g,-6.627,0.5542,0,in range
GRID_00267,-85.58,-155.845,-196476.1,-438099.0,TAM,g,-5.246,0.4107,0,in range
GRID_00268,-85.587,-156.063,-194498.9,-438147.7,TAM,g,-6.448,0.625,0,in range
GRID_00269,-85.577,-155.471,-199467.0,-437104.0,TAM,g,-6.553,0.5956,0,in range
GRID_00270,-85.584,-155.688,-197496.7,-437162.6,TAM,g,-5.806,0.6579,0,in range
GRID_00271,-85.588,-155.797,-196486.4,-437140.8,TAM,g,-5.432,0.649,0,in range
GRID_00272,-85.592,-155.906,-195476.8,-437116.7,TAM,g,-6.649,0.8076,0,in range
GRID_00273,-85.585,-155.421,-199486.5,-436138.6,TAM,g,-7.512,1.0819,0,in range
GRID_00274,-85.596,-155.748,-196502.8,-436179.5,TAM,g,-5.599,0.6475,0,in range
GRID_00275,-85.608,-156.076,-193473.5,-436104.5,TAM,g,-7.489,0.7782,0,in range
GRID_00276,-85.55,-154.187,-210490.1,-435167.6,TAM,g,-6.546,0.9935,0,in range
GRID_00277,-85.601,-155.589,-197487.8,-435137.4,TAM,g,-4.735,0.6805,0,in range
GRID_00278,-85.616,-156.027,-193492.9,-435144.0,TAM,g,-4.685,0.6655,0,in range
GRID_00279,-85.559,-154.135,-210458.0,-434095.7,TAM,g,-6.242,0.8361,0,in range
GRID_00280,-85.563,-154.242,-209457.9,-434096.3,TAM,g,-5.253,0.7421,0,in range
GRID_00281,-85.567,-154.349,-208458.6,-434094.6,TAM,c,-6.013,1.0467,0,in range
GRID_00282,-85.617,-155.758,-195489.1,-434131.6,TAM,g,-3.812,0.4472,0,in range
GRID_00283,-85.621,-155.868,-194477.5,-434109.2,TAM,g,-4.405,0.959,0,in range
GRID_00284,-85.567,-154.083,-210471.6,-433122.1,TAM,g,-5.754,0.4503,0,in range
GRID_00285,-85.614,-155.38,-198484.9,-433129.0,TAM,g,-5.099,0.74,0,in range
GRID_00286,-85.633,-155.929,-193483.0,-433124.6,TAM,g,-4.271,0.3861,0,in range
GRID_00287,-85.575,-154.031,-210483.7,-432148.8,TAM,g,-4.331,0.5841,0,in range
GRID_00288,-85.634,-155.659,-195477.0,-432108.9,TAM,g,-5.07,0.7088,0,in range
GRID_00289,-85.638,-155.769,-194468.6,-432086.8,TAM,g,-3.747,0.4161,0,in range
GRID_00290,-85.641,-155.88,-193497.8,-432165.0,TAM,g,-4.106,0.5253,0,in range
GRID_00291,-85.587,-154.086,-209498.5,-431177.0,TAM,g,-5.282,0.9135,0,in range
GRID_00292,-85.619,-154.952,-201484.6,-431141.7,TAM,g,-5.9,0.8327,0,in range
GRID_00293,-85.623,-155.061,-200480.6,-431129.8,TAM,g,-5.981,1.0009,0,in range
GRID_00294,-85.623,-154.792,-202502.5,-430183.8,TAM,g,-4.386,0.267,0,in range
GRID_00295,-85.627,-154.901,-201499.3,-430174.4,TAM,g,-3.877,0.7235,0,in range
GRID_00296,-85.631,-155.01,-200496.8,-430162.7,TAM,g,-4.865,0.7195,0,in range
GRID_00297,-85.635,-155.12,-199487.6,-430152.3,TAM,c,-4.423,0.8299,0,in range
GRID_00298,-85.654,-155.67,-194498.1,-430164.9,TAM,g,-4.308,0.5007,0,in range
GRID_00299,-85.658,-155.78,-193493.5,-430140.8,TAM,g,-3.91,0.9022,0,in range
GRID_00300,-85.632,-154.74,-202475.2,-429114.8,TAM,c,-4.381,0.8883,0,in range
GRID_00301,-85.636,-154.85,-201466.2,-429109.0,TAM,g,-4.708,0.8421,0,in range
GRID_00302,-85.64,-154.959,-200465.4,-429097.5,TAM,g,-4.55,0.7177,0,in range
GRID_00303,-85.643,-155.069,-199503.7,-429185.7,TAM,c,-4.988,1.0311,0,in range
GRID_00304,-85.647,-155.178,-198504.3,-429169.7,TAM,g,-5.675,0.8332,0,in range
GRID_00305,-85.655,-155.399,-196485.3,-429141.3,TAM,g,-4.66,0.8677,0,in range
GRID_00306,-85.666,-155.73,-193511.2,-429178.8,TAM,g,-3.795,0.651,0,in range
GRID_00307,-85.64,-154.689,-202485.2,-428148.0,TAM,g,-5.651,0.9612,0,in range
GRID_00308,-85.648,-154.908,-200478.3,-428131.1,TAM,g,-5.776,0.9,0,in range
GRID_00309,-85.652,-155.018,-199472.3,-428120.9,TAM,g,-5.766,0.8807,0,in range
GRID_00310,-85.656,-155.128,-198467.1,-428108.5,TAM,g,-4.896,1.0845,0,in range
GRID_00311,-85.648,-154.637,-202501.1,-427178.0,TAM,g,-4.098,0.4452,0,in range
GRID_00312,-85.684,-155.357,-195485.0,-426131.0,TAM,c,-5.515,1.568,0,in range
GRID_00313,-85.692,-155.306,-195500.8,-425166.5,TAM,c,-5.743,1.203,0,in range
GRID_00314,-85.696,-155.417,-194495.8,-425149.0,TAM,c,-5.407,1.0541,0,in range
GRID_00315,-85.7,-155.529,-193484.2,-425132.5,TAM,c,-4.41,0.7858,0,in range
GRID_00316,-85.701,-155.255,-195469.6,-424103.6,TAM,c,-3.815,0.7923,0,in range
GRID_00317,-85.704,-155.366,-194511.6,-424185.0,TAM,c,-4.354,0.9539,0,in range
GRID_00318,-85.708,-155.478,-193501.5,-424168.7,TAM,g,-3.989,0.5562,0,in range
GRID_00319,-85.472,-155.945,-200498.3,-449165.8,TAM,g,-7.707,0.5686,0,in range
GRID_00320,-85.476,-156.051,-199490.5,-449138.4,TAM,g,-7.042,0.6942,0,in range
GRID_00321,-85.493,-155.956,-199481.6,-447118.7,TAM,g,-7.632,0.8239,0,in range
GRID_00322,-85.497,-156.063,-198469.8,-447092.9,TAM,g,-7.767,0.6669,0,in range
GRID_00323,-85.498,-155.801,-200467.6,-446081.5,TAM,g,-5.972,0.4565,0,in range
GRID_00324,-85.501,-155.908,-199501.0,-446157.2,TAM,g,-6.554,0.5814,0,in range
GRID_00325,-85.505,-156.015,-198490.6,-446131.6,TAM,c,-6.569,0.869,0,in range
GRID_00326,-85.517,-156.075,-197494.1,-445146.4,TAM,g,-6.596,0.5866,0,in range
GRID_00327,-85.476,-154.643,-210466.3,-444101.0,TAM,c,-4.832,0.9801,0,in range
GRID_00328,-85.48,-154.749,-209458.8,-444096.1,TAM,c,-5.795,0.8751,0,in range
GRID_00329,-85.484,-154.593,-210480.5,-443131.3,TAM,g,-0.144,1.292,0,in range
GRID_00330,-85.488,-154.699,-209474.5,-443126.6,TAM,g,-6.269,0.7525,0,in range
GRID_00331,-85.492,-154.543,-210493.2,-442161.9,TAM,g,-4.201,0.74,0,in range
GRID_00332,-85.496,-154.649,-209488.6,-442157.5,TAM,g,-7.822,0.8023,0,in range
GRID_00333,-85.508,-154.705,-208498.8,-441182.2,TAM,g,-7.329,0.5236,0,in range
GRID_00334,-85.512,-154.811,-207497.1,-441173.5,TAM,c,-4.46,0.9691,0,in range
GRID_00335,-85.517,-154.654,-208472.4,-440111.9,TAM,g,-6.33,0.5585,0,in range
GRID_00336,-85.521,-154.761,-207464.7,-440107.0,TAM,g,-7.648,0.6299,0,in range
GRID_00337,-85.525,-154.867,-206465.3,-440096.3,TAM,g,-6.906,0.5159,0,in range
GRID_00338,-85.521,-154.498,-209482.7,-439150.1,TAM,g,-6.553,0.6916,0,in range
GRID_00339,-85.525,-154.604,-208483.3,-439143.9,TAM,g,-7.2,0.7218,0,in range
GRID_00340,-85.529,-154.71,-207484.7,-439135.6,TAM,g,-6.924,0.7511,0,in range
GRID_00341,-85.533,-154.817,-206479.1,-439128.7,TAM,g,-6.667,0.7256,0,in range
GRID_00342,-85.529,-154.447,-209498.2,-438178.6,TAM,g,-6.251,0.3757,0,in range
GRID_00343,-85.533,-154.553,-208500.3,-438172.6,TAM,g,-6.817,0.7193,0,in range
GRID_00344,-85.537,-154.66,-207495.5,-438168.1,TAM,g,-8.007,1.0082,0,in range
GRID_00345,-85.541,-154.767,-206491.4,-438161.4,TAM,g,-6.976,0.6894,0,in range
GRID_00346,-85.549,-154.981,-204485.5,-438141.2,TAM,g,-7.95,0.7926,0,in range
GRID_00347,-85.542,-154.502,-208468.9,-437103.5,TAM,g,-6.309,0.5507,0,in range
GRID_00348,-85.546,-154.609,-207465.8,-437099.1,TAM,g,-7.057,0.6589,0,in range
GRID_00349,-85.554,-154.823,-205461.7,-437083.6,TAM,g,-7.44,0.6494,0,in range
GRID_00350,-85.557,-154.931,-204499.2,-437174.6,TAM,g,-6.96,0.7886,0,in range
GRID_00351,-85.554,-154.558,-207481.0,-436128.6,TAM,g,-6.239,0.3575,0,in range
GRID_00352,-85.558,-154.666,-206472.5,-436125.8,TAM,g,-6.968,0.5873,0,in range
GRID_00353,-85.562,-154.773,-205472.2,-436117.2,TAM,g,-6.822,0.7363,0,in range
GRID_00354,-85.958,-153.271,-197467.7,-392126.2,TAM,c,-5.235,0.5836,0,in range
GRID_00355,-85.962,-153.388,-196471.7,-392139.8,TAM,c,-5.173,0.6162,0,in range
GRID_00356,-85.966,-153.504,-195483.4,-392147.6,TAM,c,-5.165,0.3996,0,in range
GRID_00357,-85.97,-153.622,-194482.2,-392159.8,TAM,c,-5.444,0.4965,0,in range
GRID_00358,-85.974,-153.739,-193488.6,-392166.2,TAM,c,-4.629,0.6361,0,in range
GRID_00359,-85.966,-153.212,-197479.4,-391146.3,TAM,c,-5.512,0.8028,0,in range
GRID_00360,-85.97,-153.329,-196485.1,-391160.1,TAM,c,-4.125,0.6608,0,in range
GRID_00361,-85.974,-153.446,-195491.5,-391171.6,TAM,c,-4.047,0.5175,0,in range
GRID_00362,-85.978,-153.563,-194498.7,-391180.6,TAM,c,-4.639,0.6896,0,in range
GRID_00363,-85.982,-153.681,-193499.8,-391190.5,TAM,c,-5.715,0.5461,0,in range
GRID_00364,-85.978,-153.27,-196496.6,-390180.8,TAM,g,-4.425,0.7371,0,in range
GRID_00365,-85.982,-153.387,-195504.6,-390192.5,TAM,c,-4.987,0.6927,0,in range
GRID_00366,-85.986,-153.505,-194506.6,-390205.1,TAM,g,-5.41,0.5209,0,in range
GRID_00367,-85.991,-153.623,-193461.1,-390117.9,TAM,g,-4.816,0.5387,0,in range
GRID_00368,-85.982,-153.094,-197497.4,-389187.6,TAM,g,-4.698,0.4961,0,in range
GRID_00369,-85.991,-153.329,-195460.3,-389120.1,TAM,g,-5.193,0.5962,0,in range
GRID_00370,-85.995,-153.446,-194470.9,-389129.4,TAM,g,-5.318,0.5874,0,in range
GRID_00371,-85.999,-153.564,-193475.5,-389139.8,TAM,g,-3.973,0.2386,0,in range
GRID_00372,-85.66,-154.966,-199492.7,-427151.5,TAM,g,-5.444,0.7324,0,in range
GRID_00373,-85.621,-153.607,-211452.4,-426098.7,TAM,g,-6.269,0.6365,0,in range
GRID_00374,-85.625,-153.715,-210456.2,-426106.6,TAM,g,-6.55,0.8615,0,in range
GRID_00375,-85.657,-154.585,-202468.7,-426110.2,TAM,g,-4.318,0.576,0,in range
GRID_00376,-85.629,-153.553,-211466.4,-425120.4,TAM,g,-5.967,0.619,0,in range
GRID_00377,-85.633,-153.661,-210471.8,-425128.5,TAM,g,-6.542,1.0564,0,in range
GRID_00378,-85.685,-155.084,-197467.4,-425096.1,TAM,c,-4.255,0.8246,0,in range
GRID_00379,-85.641,-153.607,-210485.6,-424150.7,TAM,g,-4.765,0.8743,0,in range
GRID_00380,-85.689,-154.922,-198484.2,-424142.2,TAM,c,-4.525,1.2926,0,in range
GRID_00381,-85.693,-155.033,-197478.5,-424131.6,TAM,c,-4.672,0.9604,0,in range
GRID_00382,-85.697,-155.144,-196473.6,-424118.8,TAM,c,-5.105,1.023,0,in range
GRID_00383,-85.649,-153.554,-210490.5,-423176.9,TAM,g,-5.802,0.4646,0,in range
GRID_00384,-85.693,-154.759,-199504.5,-423182.4,TAM,c,-4.782,1.0573,0,in range
GRID_00385,-85.697,-154.87,-198499.6,-423174.3,TAM,c,-5.016,1.0523,0,in range
GRID_00386,-85.705,-155.092,-196492.1,-423151.3,TAM,c,-5.298,1.1566,0,in range
GRID_00387,-85.709,-155.204,-195482.2,-423139.8,TAM,c,-4.379,1.0314,0,in range
GRID_00388,-85.717,-155.427,-193472.1,-423106.4,TAM,g,-4.098,0.5206,0,in range
GRID_00389,-85.702,-154.707,-199470.4,-422116.4,TAM,g,-3.095,0.4199,0,in range
GRID_00390,-85.706,-154.818,-198467.2,-422108.4,TAM,c,-3.881,1.2903,0,in range
GRID_00391,-85.713,-155.04,-196509.0,-422184.2,TAM,g,-3.651,0.2948,0,in range
GRID_00392,-85.721,-155.264,-194493.0,-422159.2,TAM,g,-4.096,0.3762,0,in range
GRID_00393,-85.714,-154.765,-198486.7,-421137.8,TAM,g,-3.987,0.435,0,in range
GRID_00394,-85.718,-154.877,-197478.5,-421131.2,TAM,g,-3.643,0.7403,0,in range
GRID_00395,-85.729,-155.212,-194511.4,-421192.8,TAM,g,-3.73,0.4378,0,in range
GRID_00396,-85.719,-153.776,-205486.0,-417161.4,TAM,g,-3.861,0.3855,0,in range
GRID_00397,-85.723,-153.886,-204493.3,-417164.6,TAM,c,-5.097,0.9535,0,in range
GRID_00398,-85.727,-153.997,-203494.0,-417169.1,TAM,c,-4.648,1.2234,0,in range
GRID_00399,-85.731,-154.108,-202495.5,-417171.3,TAM,c,-4.433,1.2193,0,in range
GRID_00400,-85.739,-154.331,-200493.5,-417172.3,TAM,c,-4.489,1.2091,0,in range
GRID_00401,-85.723,-153.611,-206493.1,-416178.3,TAM,g,-3.866,0.3848,0,in range
GRID_00402,-85.727,-153.721,-205501.2,-416184.0,TAM,g,-3.5,0.4028,0,in range
GRID_00403,-85.731,-153.832,-204502.7,-416191.0,TAM,c,-4.152,1.23,0,in range
GRID_00404,-85.74,-154.054,-202460.5,-416100.4,TAM,c,-5.388,1.2552,0,in range
GRID_00405,-85.744,-154.165,-201464.4,-416100.4,TAM,c,-4.903,1.4378,0,in range
GRID_00406,-85.752,-154.389,-199460.2,-416100.4,TAM,c,-4.857,0.9901,0,in range
GRID_00407,-85.732,-153.556,-206456.8,-415103.7,TAM,g,-3.897,0.4057,0,in range
GRID_00408,-85.736,-153.667,-205459.3,-415113.2,TAM,g,-3.877,0.7235,0,in range
GRID_00409,-85.74,-153.777,-204469.8,-415116.7,TAM,g,-2.308,0.3651,0,in range
GRID_00410,-85.744,-153.889,-203466.5,-415125.1,TAM,c,-4.089,0.8538,0,in range
GRID_00411,-85.748,-154.0,-202471.2,-415127.6,TAM,c,-4.922,1.1681,0,in range
GRID_00412,-85.752,-154.111,-201476.7,-415127.8,TAM,c,-4.522,1.0254,0,in range
GRID_00413,-85.756,-154.223,-200475.7,-415129.2,TAM,c,-4.228,1.0274,0,in range
GRID_00414,-85.76,-154.335,-199475.5,-415128.3,TAM,g,-3.435,0.6263,0,in range
GRID_00415,-85.764,-154.447,-198476.1,-415125.0,TAM,g,-4.225,0.8137,0,in range
GRID_00416,-85.772,-154.672,-196472.2,-415115.0,TAM,c,-5.005,1.3155,0,in range
GRID_00417,-85.74,-153.501,-206467.0,-414126.9,TAM,g,-4.51,0.5598,0,in range
GRID_00418,-85.744,-153.612,-205471.1,-414136.5,TAM,g,-4.1,0.6774,0,in range
GRID_00419,-85.752,-153.834,-203481.3,-414148.9,TAM,c,-4.053,0.8686,0,in range
GRID_00420,-85.756,-153.945,-202487.6,-414151.6,TAM,c,-5.286,1.2075,0,in range
GRID_00421,-85.76,-154.057,-201487.4,-414155.5,TAM,c,-4.429,1.2067,0,in range
GRID_00422,-85.768,-154.281,-199489.2,-414156.4,TAM,g,-4.088,0.2635,0,in range
GRID_00423,-85.78,-154.619,-196483.3,-414147.3,TAM,g,-3.993,0.5361,0,in range
GRID_00424,-85.784,-154.732,-195480.5,-414140.7,TAM,c,-5.065,1.2921,0,in range
GRID_00425,-85.752,-153.556,-205488.4,-413156.7,TAM,c,-4.641,0.6878,0,in range
GRID_00426,-85.756,-153.668,-204487.4,-413167.8,TAM,c,-4.258,1.0648,0,in range
GRID_00427,-85.764,-153.891,-202495.0,-413179.5,TAM,c,-5.711,1.1343,0,in range
GRID_00428,-85.768,-154.003,-201496.3,-413183.6,TAM,c,-4.256,1.2905,0,in range
GRID_00429,-85.78,-154.339,-198504.9,-413182.1,TAM,g,-3.695,0.4262,0,in range
GRID_00430,-85.788,-154.565,-196500.0,-413176.4,TAM,g,-4.313,0.6131,0,in range
GRID_00431,-85.792,-154.678,-195498.7,-413170.0,TAM,c,-5.573,1.0406,0,in range
GRID_00432,-85.796,-154.792,-194491.0,-413164.7,TAM,c,-5.211,1.0692,0,in range
GRID_00433,-85.688,-151.641,-222485.4,-412182.8,TAM,g,-2.908,0.722,0,in range
GRID_00434,-85.697,-151.857,-220468.3,-412155.7,TAM,g,-6.617,0.4374,0,in range
GRID_00435,-85.76,-153.501,-205496.8,-412180.8,TAM,g,-3.005,0.3372,0,in range
GRID_00436,-85.768,-153.724,-203505.9,-412197.6,TAM,g,-5.381,0.8741,0,in range
GRID_00437,-85.773,-153.836,-202460.1,-412106.6,TAM,c,-6.117,1.2801,0,in range
GRID_00438,-85.777,-153.948,-201463.1,-412110.9,TAM,g,-4.436,0.5342,0,in range
GRID_00439,-85.789,-154.285,-198469.6,-412113.2,TAM,g,-5.321,0.5521,0,in range
GRID_00440,-85.797,-154.511,-196468.2,-412107.7,TAM,g,-4.42,0.529,0,in range
GRID_00441,-85.801,-154.625,-195461.5,-412104.9,TAM,g,-5.597,0.5861,0,in range
GRID_00442,-85.804,-154.738,-194509.1,-412194.6,TAM,c,-5.009,1.1528,0,in range
GRID_00443,-85.769,-153.446,-205454.9,-411108.0,TAM,g,-4.36,0.487,0,in range
GRID_00444,-85.773,-153.557,-204464.4,-411115.9,TAM,g,-4.689,0.6338,0,in range
GRID_00445,-85.797,-154.231,-198479.8,-411142.7,TAM,g,-5.014,0.5355,0,in range
GRID_00446,-85.801,-154.344,-197480.2,-411141.3,TAM,g,-5.24,0.6464,0,in range
GRID_00447,-85.805,-154.457,-196481.5,-411137.6,TAM,g,-3.893,0.4946,0,in range
GRID_00448,-85.809,-154.571,-195476.3,-411135.0,TAM,g,-5.589,0.7545,0,in range
GRID_00449,-85.813,-154.684,-194479.1,-411126.5,TAM,c,-5.071,1.118,0,in range
GRID_00450,-85.722,-151.958,-218463.5,-410144.6,TAM,c,-4.585,0.8384,0,in range
GRID_00451,-85.777,-153.39,-205467.0,-410129.4,TAM,g,-5.273,0.709,0,in range
GRID_00452,-85.781,-153.501,-204478.0,-410137.4,TAM,g,-4.544,0.6281,0,in range
GRID_00453,-85.821,-154.63,-194493.8,-410157.2,TAM,g,-5.287,0.7754,0,in range
GRID_00454,-85.721,-151.682,-220488.3,-409183.2,TAM,g,-5.429,0.3919,0,in range
GRID_00455,-85.726,-151.791,-219452.5,-409122.8,TAM,c,-5.868,0.6108,0,in range
GRID_00456,-85.73,-151.9,-218468.9,-409155.9,TAM,g,-5.676,0.5009,0,in range
GRID_00457,-85.734,-152.009,-217486.0,-409186.7,TAM,g,-6.218,0.8031,0,in range
GRID_00458,-85.785,-153.334,-205477.4,-409151.0,TAM,g,-5.181,0.5965,0,in range
GRID_00459,-85.817,-154.235,-197505.9,-409198.2,TAM,g,-4.574,0.8453,1,slope
GRID_00460,-85.821,-154.348,-196510.2,-409194.9,TAM,c,-4.884,0.7521,0,in range
GRID_00461,-85.829,-154.576,-194506.9,-409188.1,TAM,g,-4.121,0.4546,0,in range
GRID_00462,-85.833,-154.69,-193506.4,-409181.2,TAM,g,-4.421,0.3691,0,in range
GRID_00463,-85.729,-151.624,-220489.0,-408194.4,TAM,g,-5.081,0.8225,0,in range
GRID_00464,-85.738,-151.841,-218479.6,-408163.8,TAM,g,-5.061,0.7983,0,in range
GRID_00465,-85.742,-151.95,-217498.2,-408194.9,TAM,g,-6.193,0.9818,0,in range
GRID_00466,-85.797,-153.39,-204493.0,-408185.2,TAM,g,-3.86,0.465,0,in range
GRID_00467,-85.822,-154.066,-198474.2,-408125.0,TAM,g,-4.976,0.4999,0,in range
GRID_00468,-85.801,-153.221,-205500.2,-407192.0,TAM,c,-5.61,1.502,0,in range
GRID_00469,-85.81,-153.164,-205463.4,-406114.2,TAM,c,-5.829,1.0311,0,in range
GRID_00470,-85.818,-153.107,-205473.9,-405133.9,TAM,g,-5.52,0.7125,1,slope
GRID_00471,-85.838,-153.106,-204497.4,-403191.0,TAM,g,-4.273,0.3759,0,in range
GRID_00472,-85.847,-153.048,-204461.9,-402111.6,TAM,c,-4.135,0.7604,0,in range
GRID_00473,-85.851,-153.162,-203465.1,-402129.5,TAM,g,-3.103,0.2495,0,in range
GRID_00474,-85.855,-152.991,-204466.9,-401133.1,TAM,g,-3.562,0.5053,0,in range
GRID_00475,-85.875,-153.56,-199505.1,-401196.8,TAM,g,-4.19,0.5564,0,in range
GRID_00476,-85.863,-152.933,-204477.1,-400151.4,TAM,g,-4.472,0.5421,0,in range
GRID_00477,-85.871,-152.875,-204485.5,-399170.1,TAM,g,-4.819,0.2947,0,in range
GRID_00478,-85.56,-151.321,-231463.4,-423144.7,TAM,g,-7.297,0.9232,0,in range
GRID_00479,-85.576,-151.207,-231466.9,-421158.6,TAM,g,-7.393,0.7668,0,in range
GRID_00480,-85.581,-151.311,-230441.0,-421101.1,TAM,c,-7.035,0.3516,0,in range
GRID_00481,-85.589,-151.254,-230441.5,-420108.9,TAM,g,-7.554,0.6482,0,in range
GRID_00482,-85.6,-151.034,-231473.6,-418174.5,TAM,g,-7.228,0.8337,0,in range
GRID_00483,-85.622,-151.56,-226485.6,-418178.3,TAM,c,-7.736,0.5771,0,in range
GRID_00484,-85.627,-151.666,-225453.5,-418118.0,TAM,g,-7.472,0.6521,0,in range
GRID_00485,-85.635,-151.609,-225455.7,-417128.3,TAM,g,-6.409,0.726,0,in range
GRID_00486,-85.639,-151.715,-224477.5,-417161.6,TAM,g,-7.503,0.5863,0,in range
GRID_00487,-85.634,-151.339,-227471.1,-416156.6,TAM,c,-6.978,0.7555,0,in range
GRID_00488,-85.638,-151.445,-226492.9,-416194.7,TAM,g,-6.485,0.3964,0,in range
GRID_00489,-85.643,-151.551,-225463.5,-416135.0,TAM,g,-6.225,0.7803,0,in range
GRID_00490,-85.668,-151.649,-223460.5,-414127.7,TAM,g,-7.436,0.7544,0,in range
GRID_00491,-85.652,-150.517,-232454.6,-411146.7,TAM,g,-4.165,0.95,0,in range
GRID_00492,-85.715,-151.024,-225488.8,-407194.8,TAM,g,-5.091,0.6567,0,in range
GRID_00493,-85.723,-150.964,-225492.9,-406197.9,TAM,g,-5.72,0.8831,0,in range
GRID_00494,-85.727,-150.797,-226463.7,-405159.3,TAM,g,-6.135,0.8563,0,in range
GRID_00495,-85.945,-153.795,-194497.3,-395183.7,TAM,g,-4.841,0.505,0,in range
GRID_00496,-85.937,-153.272,-198487.6,-394168.7,TAM,g,-5.173,0.6438,0,in range
GRID_00497,-85.949,-153.621,-195503.4,-394201.7,TAM,c,-3.931,0.8066,0,in range
GRID_00498,-85.953,-153.737,-194512.4,-394206.7,TAM,c,-4.472,0.6356,0,in range
GRID_00499,-85.958,-153.854,-193467.5,-394115.1,TAM,c,-4.544,0.9225,0,in range
GRID_00500,-85.954,-153.446,-196463.5,-393116.5,TAM,c,-4.737,0.6953,0,in range
GRID_00501,-85.918,-151.367,-212470.9,-389165.6,TAM,c,-6.153,0.8277,0,in range
GRID_00502,-85.922,-151.48,-211495.3,-389201.8,TAM,c,-4.913,0.7981,0,in range
GRID_00503,-85.922,-151.191,-213455.7,-388130.1,TAM,c,-4.782,0.7274,0,in range
GRID_00504,-86.845,-150.159,-170494.4,-297206.6,TAM,g,-1.556,0.6642,0,in range
GRID_00505,-86.849,-150.305,-169521.2,-297262.5,TAM,g,-2.127,0.6191,0,in range
GRID_00506,-86.854,-150.45,-168500.4,-297218.0,TAM,g,-2.565,0.383,0,in range
GRID_00507,-86.862,-150.367,-168501.0,-296218.0,TAM,g,-1.663,0.3466,1,coast
GRID_00508,-86.87,-150.284,-168499.0,-295218.7,TAM,g,-4.469,0.6807,1,coast
GRID_00509,-86.869,-149.908,-170487.2,-294200.6,TAM,g,-3.802,0.3468,1,coast
GRID_00510,-86.877,-149.823,-170486.5,-293195.9,TAM,g,-3.715,0.4424,1,coast
GRID_00511,-86.889,-149.885,-169515.0,-292252.3,TAM,g,-3.141,0.4529,1,coast
GRID_00512,-86.934,-148.6,-173478.8,-284203.9,TAM,g,-4.662,0.7163,1,coast
GRID_00513,-86.942,-148.51,-173471.0,-283189.8,TAM,g,-3.657,0.3993,1,coast
GRID_00514,-86.945,-148.273,-174469.5,-282192.6,TAM,g,-4.381,0.8139,1,coast
GRID_00515,-86.952,-148.182,-174516.5,-281268.9,TAM,g,-2.836,0.6065,1,coast
GRID_00516,-86.64,-148.53,-190503.6,-311239.4,TAM,g,-3.132,0.3707,0,in range
GRID_00517,-86.655,-148.933,-187468.6,-311175.4,TAM,g,-2.446,0.6,0,in range
GRID_00518,-86.659,-149.069,-186506.1,-311246.6,TAM,g,-3.294,0.4237,0,in range
GRID_00519,-86.648,-148.448,-190494.0,-310225.6,TAM,g,-3.528,0.5479,0,in range
GRID_00520,-86.662,-148.852,-187514.9,-310259.0,TAM,g,-3.388,0.3007,0,in range
GRID_00521,-86.667,-148.987,-186503.4,-310234.3,TAM,g,-4.167,0.5049,0,in range
GRID_00522,-86.775,-152.352,-162526.3,-310250.7,TAM,g,-3.63,0.5824,0,in range
GRID_00523,-86.67,-148.77,-187508.0,-309247.0,TAM,g,-3.937,0.7521,0,in range
GRID_00524,-86.675,-148.906,-186492.8,-309225.9,TAM,g,-3.531,0.4722,0,in range
GRID_00525,-86.669,-148.417,-189466.6,-308178.4,TAM,g,-2.531,0.4321,0,in range
GRID_00526,-86.683,-148.823,-186490.5,-308211.6,TAM,g,-4.126,0.5547,0,in range
GRID_00527,-86.681,-148.469,-188504.9,-307238.8,TAM,g,-3.633,0.4967,0,in range
GRID_00528,-86.691,-148.741,-186480.3,-307201.3,TAM,g,-4.3,0.6093,0,in range
GRID_00529,-86.679,-148.116,-190509.0,-306256.1,TAM,g,-3.4,0.5466,0,in range
GRID_00530,-86.694,-148.522,-187483.0,-306208.2,TAM,g,-3.268,0.4895,0,in range
GRID_00531,-86.687,-148.032,-190497.5,-305239.0,TAM,g,-3.369,0.515,0,in range
GRID_00532,-86.7,-148.083,-189478.9,-304209.3,TAM,g,-4.331,0.6778,0,in range
GRID_00533,-86.713,-148.134,-188462.2,-303178.1,TAM,g,-3.224,0.5002,1,"elev, slope"
GRID_00534,-86.715,-147.913,-189514.8,-302264.8,TAM,g,-3.562,0.4811,1,elev
GRID_00535,-86.723,-147.827,-189505.4,-301244.2,TAM,g,-3.906,0.4241,0,in range
GRID_00536,-86.728,-147.964,-188496.3,-301235.8,TAM,g,-2.137,0.5113,0,in range
GRID_00537,-86.057,-156.976,-167506.7,-394161.9,TAM,g,-6.143,1.2323,0,in range
GRID_00538,-86.061,-157.099,-166490.9,-394120.0,TAM,g,-6.098,0.9334,0,in range
GRID_00539,-86.04,-156.066,-174495.3,-393141.0,TAM,g,-6.781,0.9775,0,in range
GRID_00540,-86.037,-155.648,-177493.2,-392154.6,TAM,w,-6.365,0.8786,1,elev
GRID_00541,-86.041,-155.769,-176486.2,-392132.1,TAM,w,-6.477,1.0312,1,elev
GRID_00542,-86.048,-156.012,-174512.2,-392181.8,TAM,w,-6.365,0.8282,1,elev
GRID_00543,-86.081,-157.118,-165514.9,-392172.2,TAM,g,-6.783,0.8897,0,in range
GRID_00544,-86.053,-155.836,-175493.6,-391148.0,TAM,g,-5.938,0.845,1,elev
GRID_00545,-86.057,-155.958,-174483.1,-391123.7,TAM,w,-6.74,1.0447,1,elev
GRID_00546,-86.082,-156.818,-167523.2,-391200.3,TAM,g,-6.581,1.0189,0,in range
GRID_00547,-86.086,-156.942,-166505.9,-391161.8,TAM,g,-6.387,0.7116,0,in range
GRID_00548,-86.05,-155.416,-178491.8,-390147.6,TAM,g,-5.752,0.894,1,elev
GRID_00549,-86.061,-155.781,-175512.2,-390186.2,TAM,g,-6.436,0.774,1,elev
GRID_00550,-86.091,-156.765,-167499.0,-390146.2,TAM,w,-7.044,1.0953,0,in range
GRID_00551,-86.094,-156.889,-166526.3,-390207.8,TAM,g,-6.401,1.2583,0,in range
GRID_00552,-86.098,-157.013,-165511.6,-390167.0,TAM,g,-6.251,0.8991,0,in range
GRID_00553,-86.099,-156.712,-167516.0,-389192.3,TAM,w,-6.088,0.7876,1,elev
GRID_00554,-86.103,-156.836,-166502.3,-389154.1,TAM,w,-6.463,0.9866,1,elev
GRID_00555,-86.107,-156.96,-165489.5,-389113.4,TAM,g,-6.397,1.0847,0,in range
GRID_00556,-86.115,-156.907,-165508.3,-388160.2,TAM,w,-6.289,1.2112,0,in range
GRID_00557,-86.138,-157.356,-161498.9,-387137.9,TAM,g,-3.963,1.1301,0,in range
GRID_00558,-86.132,-156.8,-165504.9,-386152.0,TAM,g,-5.828,1.2003,0,in range
GRID_00559,-86.146,-157.303,-161521.4,-386186.1,TAM,c,-7.93,1.4365,0,in range
GRID_00560,-86.14,-156.747,-165518.8,-385199.7,TAM,g,-6.075,1.2062,0,in range
GRID_00561,-86.144,-156.872,-164507.2,-385160.1,TAM,g,-6.686,1.1872,0,in range
GRID_00562,-86.149,-156.693,-165494.7,-384145.1,TAM,w,-6.475,0.8373,0,in range
GRID_00563,-86.152,-156.818,-164527.8,-384205.5,TAM,g,-3.675,1.1837,0,in range
GRID_00564,-86.156,-156.945,-163505.5,-384169.1,TAM,g,-6.551,0.9025,0,in range
GRID_00565,-86.16,-157.071,-162490.9,-384127.3,TAM,g,-6.276,0.5662,0,in range
GRID_00566,-86.163,-157.197,-161519.4,-384183.1,TAM,c,-7.93,1.0344,0,in range
GRID_00567,-86.157,-156.638,-165518.5,-383187.8,TAM,w,-6.437,1.0022,1,elev
GRID_00568,-86.161,-156.764,-164503.9,-383151.3,TAM,w,-6.477,0.9818,0,in range
GRID_00569,-86.164,-156.891,-163526.2,-383215.0,TAM,g,-6.983,0.9538,0,in range
GRID_00570,-86.168,-157.017,-162513.3,-383173.5,TAM,g,-5.697,1.316,0,in range
GRID_00571,-86.169,-156.71,-164521.1,-382197.3,TAM,w,-6.283,1.2273,0,in range
GRID_00572,-86.201,-157.857,-155526.4,-382192.3,TAM,w,-6.424,0.9039,1,elev
GRID_00573,-86.109,-154.416,-182504.0,-381188.3,TAM,g,-6.849,0.7706,0,in range
GRID_00574,-86.178,-156.656,-164493.6,-381143.9,TAM,w,-6.301,1.2184,1,slope
GRID_00575,-86.185,-156.909,-162510.6,-381166.6,TAM,g,-6.373,0.8132,0,in range
GRID_00576,-86.21,-157.805,-155503.7,-381145.2,TAM,w,-5.655,0.6628,1,elev
GRID_00577,-86.101,-153.87,-186511.2,-380212.6,TAM,g,-5.591,0.4945,0,in range
GRID_00578,-86.105,-153.991,-185517.1,-380214.9,TAM,g,-5.989,0.5205,0,in range
GRID_00579,-86.109,-154.113,-184517.3,-380217.9,TAM,g,-6.422,1.1774,0,in range
GRID_00580,-86.121,-154.48,-181516.1,-380214.8,TAM,g,-5.178,0.4815,0,in range
GRID_00581,-86.19,-156.728,-163499.2,-380152.1,TAM,c,-7.541,1.0037,0,in range
GRID_00582,-86.193,-156.855,-162527.9,-380213.7,TAM,g,-6.054,1.2825,0,in range
GRID_00583,-86.197,-156.982,-161514.8,-380172.8,TAM,g,-5.766,0.6754,0,in range
GRID_00584,-86.215,-157.623,-156506.7,-380146.8,TAM,w,-6.754,0.9641,1,"elev, slope"
GRID_00585,-86.11,-153.81,-186477.4,-379139.2,TAM,c,-6.392,0.8059,0,in range
GRID_00586,-86.114,-153.932,-185478.6,-379144.8,TAM,c,-5.704,0.7563,0,in range
GRID_00587,-86.118,-154.054,-184480.7,-379147.9,TAM,g,-4.909,1.0541,0,in range
GRID_00588,-86.122,-154.176,-183483.5,-379148.5,TAM,g,-6.418,0.7506,1,slope
GRID_00589,-86.198,-156.673,-163519.7,-379196.4,TAM,w,-6.681,1.0906,0,in range
GRID_00590,-86.202,-156.8,-162507.5,-379158.3,TAM,g,-6.418,1.2471,0,in range
GRID_00591,-86.206,-156.928,-161489.6,-379120.4,TAM,g,-6.283,1.288,0,in range
GRID_00592,-86.22,-157.441,-157504.9,-379145.8,TAM,w,-7.099,1.1305,1,"elev, slope"
GRID_00593,-86.118,-153.75,-186489.7,-378163.8,TAM,c,-5.437,0.8534,0,in range
GRID_00594,-86.13,-154.117,-183494.2,-378177.0,TAM,g,-6.43,0.7152,0,in range
GRID_00595,-86.207,-156.618,-163495.4,-378141.4,TAM,w,-5.939,0.5836,1,elev
GRID_00596,-86.21,-156.746,-162521.4,-378206.1,TAM,w,-6.627,0.9265,0,in range
GRID_00597,-86.214,-156.874,-161505.3,-378168.4,TAM,w,-6.497,1.0516,0,in range
GRID_00598,-86.218,-157.002,-160490.2,-378128.0,TAM,g,-6.229,0.7777,0,in range
GRID_00599,-86.225,-157.259,-158498.4,-378142.3,TAM,w,-7.126,1.1245,1,elev
GRID_00600,-86.126,-153.69,-186500.2,-377188.8,TAM,g,-5.146,0.7582,0,in range
GRID_00601,-86.13,-153.812,-185504.8,-377194.8,TAM,g,-6.23,0.5517,0,in range
GRID_00602,-86.219,-156.691,-162497.3,-377151.5,TAM,w,-5.786,0.7189,1,elev
GRID_00603,-86.222,-156.819,-161526.0,-377213.8,TAM,w,-6.438,0.7748,1,elev
GRID_00604,-86.233,-153.197,-184494.2,-365188.9,TAM,g,-4.035,0.2426,0,in range
GRID_00605,-86.254,-153.51,-181478.4,-364148.4,TAM,g,-1.509,0.423,0,in range
GRID_00606,-86.262,-153.132,-183483.8,-362167.5,TAM,g,-3.784,0.3345,0,in range
GRID_00607,-86.27,-153.384,-181499.6,-362193.6,TAM,g,-2.321,0.9467,0,in range
GRID_00608,-86.367,-155.2,-165508.3,-358192.8,TAM,g,-3.322,0.9398,0,in range
GRID_00609,-86.38,-154.945,-166502.5,-356172.7,TAM,g,-6.147,0.5922,0,in range
GRID_00610,-86.28,-151.545,-192511.4,-355227.0,TAM,g,-4.452,0.3321,0,in range
GRID_00611,-86.285,-151.67,-191478.1,-355167.7,TAM,g,-3.511,0.2856,0,in range
GRID_00612,-86.289,-151.795,-190497.3,-355201.5,TAM,g,-2.523,0.8214,0,in range
GRID_00613,-86.293,-151.603,-191479.7,-354178.7,TAM,g,-4.332,0.4295,0,in range
GRID_00614,-86.297,-151.728,-190500.7,-354212.7,TAM,g,-3.501,0.1938,0,in range
GRID_00615,-86.302,-151.853,-189471.1,-354148.3,TAM,g,-3.833,0.3891,0,in range
GRID_00616,-86.305,-151.66,-190508.1,-353221.0,TAM,g,-3.467,0.5298,0,in range
GRID_00617,-86.31,-151.786,-189474.0,-353160.3,TAM,g,-3.681,0.2875,0,in range
GRID_00618,-86.314,-151.912,-188492.2,-353192.5,TAM,g,-3.146,0.4222,0,in range
GRID_00619,-86.677,-149.259,-184473.1,-310182.2,TAM,g,-3.904,0.4459,0,in range
GRID_00620,-86.027,-154.692,-184476.2,-390121.4,TAM,g,-5.635,0.5639,0,in range
GRID_00621,-86.027,-154.396,-186489.1,-389163.2,TAM,g,-6.438,0.6838,0,in range
GRID_00622,-86.031,-154.515,-185493.4,-389157.1,TAM,g,-6.44,0.6194,0,in range
GRID_00623,-86.059,-154.763,-182509.4,-387203.1,TAM,g,-5.534,0.6516,1,elev
GRID_00624,-86.068,-154.705,-182483.3,-386133.6,TAM,g,-6.454,0.7519,0,in range
GRID_00625,-86.08,-154.77,-181489.1,-385160.3,TAM,g,-6.365,0.7738,0,in range
GRID_00626,-86.088,-154.712,-181507.4,-384190.1,TAM,g,-6.529,0.7453,1,slope
GRID_00627,-86.093,-154.532,-182479.8,-383127.3,TAM,g,-6.233,0.7679,0,in range
GRID_00628,-86.097,-154.654,-181477.4,-383122.0,TAM,g,-3.763,1.0158,0,in range
GRID_00629,-86.143,-152.958,-190463.6,-373129.4,TAM,g,-5.076,0.556,0,in range
GRID_00630,-86.147,-153.08,-189471.8,-373146.5,TAM,g,-3.98,0.8286,0,in range
GRID_00631,-86.151,-153.202,-188480.8,-373161.0,TAM,g,-6.269,0.6312,0,in range
GRID_00632,-86.142,-152.652,-192503.6,-372203.5,TAM,c,-6.033,0.7479,0,in range
GRID_00633,-86.147,-152.774,-191462.0,-372129.2,TAM,g,-6.33,0.875,0,in range
GRID_00634,-86.151,-152.895,-190477.6,-372145.7,TAM,c,-6.466,0.6092,0,in range
GRID_00635,-86.155,-153.017,-189487.4,-372163.0,TAM,c,-7.582,0.6934,0,in range
GRID_00636,-86.159,-153.14,-188491.6,-372181.0,TAM,g,-6.314,1.1167,1,slope
GRID_00637,-86.163,-153.262,-187503.1,-372193.2,TAM,g,-6.421,0.6593,0,in range
GRID_00638,-86.167,-153.385,-186508.9,-372206.1,TAM,c,-6.647,1.0936,0,in range
GRID_00639,-86.171,-153.508,-185515.4,-372216.5,TAM,g,-5.843,0.6958,0,in range
GRID_00640,-86.15,-152.589,-192512.4,-371219.6,TAM,c,-5.946,0.9836,0,in range
GRID_00641,-86.155,-152.711,-191472.3,-371145.7,TAM,g,-6.145,0.6998,0,in range
GRID_00642,-86.159,-152.833,-190483.1,-371165.7,TAM,c,-8.035,0.8524,0,in range
GRID_00643,-86.163,-152.955,-189494.6,-371183.2,TAM,g,-6.133,1.0156,0,in range
GRID_00644,-86.167,-153.078,-188500.5,-371201.5,TAM,g,-7.113,0.905,0,in range
GRID_00645,-86.171,-153.2,-187513.6,-371213.9,TAM,g,-6.245,0.536,0,in range
GRID_00646,-86.176,-153.323,-186472.3,-371130.0,TAM,g,-6.629,0.5996,0,in range
GRID_00647,-86.18,-153.447,-185474.3,-371143.7,TAM,g,-6.581,0.7805,0,in range
GRID_00648,-86.184,-153.57,-184483.6,-371151.7,TAM,g,-5.841,0.7102,1,slope
GRID_00649,-86.188,-153.694,-183487.2,-371160.3,TAM,g,-6.031,0.4889,0,in range
GRID_00650,-86.159,-152.526,-192469.1,-370139.7,TAM,c,-5.326,0.7813,0,in range
GRID_00651,-86.163,-152.648,-191480.8,-370162.5,TAM,c,-6.567,0.8396,0,in range
GRID_00652,-86.167,-152.77,-190493.2,-370182.8,TAM,g,-7.091,0.8191,0,in range
GRID_00653,-86.171,-152.893,-189500.0,-370203.9,TAM,g,-5.75,0.9233,0,in range
GRID_00654,-86.175,-153.015,-188514.0,-370219.1,TAM,g,-6.382,0.7746,1,slope
GRID_00655,-86.18,-153.138,-187473.2,-370138.1,TAM,g,-3.24,0.988,0,in range
GRID_00656,-86.184,-153.261,-186482.5,-370151.4,TAM,g,-6.191,0.5421,0,in range
GRID_00657,-86.188,-153.385,-185486.2,-370165.4,TAM,g,-5.963,0.5186,0,in range
GRID_00658,-86.192,-153.509,-184490.7,-370176.8,TAM,g,-5.892,0.6017,0,in range
GRID_00659,-86.196,-153.633,-183496.1,-370185.6,TAM,g,-5.727,0.9495,0,in range
GRID_00660,-86.2,-153.757,-182502.2,-370191.9,TAM,g,-5.29,0.743,0,in range
GRID_00661,-86.204,-153.882,-181502.8,-370198.8,TAM,g,-5.377,0.7672,0,in range
GRID_00662,-86.167,-152.463,-192474.0,-369156.8,TAM,c,-6.101,0.7071,0,in range
GRID_00663,-86.171,-152.585,-191487.3,-369179.8,TAM,c,-5.902,0.8298,0,in range
GRID_00664,-86.175,-152.707,-190501.4,-369200.3,TAM,g,-6.203,0.8357,0,in range
GRID_00665,-86.192,-153.199,-186490.9,-369173.2,TAM,g,-6.413,0.7226,0,in range
GRID_00666,-86.208,-153.695,-182517.4,-369214.7,TAM,g,-5.398,0.5594,0,in range
GRID_00667,-86.175,-152.399,-192483.3,-368170.9,TAM,c,-6.624,0.7807,0,in range
GRID_00668,-86.179,-152.521,-191498.3,-368194.2,TAM,c,-7.258,0.7172,0,in range
GRID_00669,-86.183,-152.644,-190507.6,-368218.3,TAM,g,-4.486,0.3404,0,in range
GRID_00670,-86.2,-153.137,-186497.3,-368195.4,TAM,g,-5.272,0.7483,0,in range
GRID_00671,-86.204,-153.26,-185510.8,-368206.6,TAM,g,-3.55,1.0789,0,in range
GRID_00672,-86.187,-152.457,-191507.3,-367209.1,TAM,g,-6.402,0.5258,0,in range
GRID_00673,-86.192,-152.58,-190468.3,-367136.9,TAM,g,-6.044,0.7119,0,in range
GRID_00674,-86.204,-152.95,-187500.3,-367197.5,TAM,g,-6.963,0.8241,0,in range
GRID_00675,-86.199,-152.206,-192505.9,-365212.7,TAM,c,-2.357,0.8352,0,in range
GRID_00676,-86.204,-152.329,-191469.1,-365143.8,TAM,g,-2.938,0.7102,0,in range
GRID_00677,-86.208,-152.452,-190483.7,-365168.5,TAM,g,-4.085,0.4253,0,in range
GRID_00678,-86.628,-148.478,-191467.8,-312178.0,TAM,c,-4.261,0.7638,0,in range
GRID_00679,-86.651,-149.149,-186517.1,-312253.1,TAM,g,-3.611,0.3971,0,in range
GRID_00680,-86.322,-151.844,-188500.9,-352201.9,TAM,g,-3.461,0.4231,0,in range
GRID_00681,-86.313,-151.273,-192471.7,-351163.7,TAM,g,-3.581,0.2052,0,in range
GRID_00682,-86.347,-151.963,-186491.8,-350194.4,TAM,g,-3.604,0.1849,0,in range
GRID_00683,-86.329,-151.135,-192477.4,-349176.2,TAM,g,-3.541,0.1113,0,in range
GRID_00684,-86.333,-151.261,-191500.0,-349217.4,TAM,c,-4.786,0.5293,0,in range
GRID_00685,-86.338,-151.387,-190471.3,-349160.6,TAM,g,-3.552,0.2031,0,in range
GRID_00686,-86.346,-151.64,-188514.7,-349233.1,TAM,g,-3.352,0.5014,0,in range
GRID_00687,-86.337,-151.065,-192483.2,-348179.8,TAM,g,-2.449,0.492,0,in range
GRID_00688,-86.341,-151.191,-191507.5,-348221.3,TAM,g,-3.669,0.3617,0,in range
GRID_00689,-86.363,-151.826,-186507.6,-348214.5,TAM,g,-3.81,0.3805,0,in range
GRID_00690,-86.376,-151.886,-185477.0,-347163.4,TAM,g,-4.002,0.3848,0,in range
GRID_00691,-86.393,-152.402,-181487.1,-347182.2,TAM,g,-3.953,0.2977,0,in range
GRID_00692,-86.397,-152.531,-180504.4,-347204.3,TAM,g,-3.637,0.4517,0,in range
GRID_00693,-86.397,-152.204,-182483.0,-346168.4,TAM,g,-3.842,0.3082,0,in range
GRID_00694,-86.401,-152.334,-181495.3,-346196.5,TAM,g,-3.484,0.3552,0,in range
GRID_00695,-86.388,-151.62,-186466.8,-345151.1,TAM,g,-3.359,0.5505,0,in range
GRID_00696,-86.392,-151.748,-185489.5,-345183.8,TAM,g,-3.628,0.3561,0,in range
GRID_00697,-86.405,-152.136,-182487.4,-345182.9,TAM,g,-3.652,0.3238,0,in range
GRID_00698,-86.479,-154.519,-164517.2,-345212.0,TAM,g,-5.913,0.8406,0,in range
GRID_00699,-86.4,-151.679,-185492.6,-344194.8,TAM,g,-3.57,0.2105,0,in range
GRID_00700,-86.413,-152.067,-182495.6,-344194.8,TAM,g,-3.56,0.2392,0,in range
GRID_00701,-86.404,-151.48,-186479.3,-343166.5,TAM,c,-4.608,0.4764,0,in range
GRID_00702,-86.408,-151.609,-185499.5,-343203.0,TAM,g,-3.464,0.3765,0,in range
GRID_00703,-86.417,-151.868,-183485.0,-343175.5,TAM,g,-1.556,0.8261,0,in range
GRID_00704,-86.421,-151.998,-182501.8,-343207.1,TAM,g,-3.473,0.1344,0,in range
GRID_00705,-86.425,-152.128,-181519.4,-343236.0,TAM,g,-2.824,0.8803,0,in range
GRID_00706,-86.412,-151.41,-186482.4,-342175.0,TAM,s,-3.991,0.5442,0,in range
GRID_00707,-86.438,-152.19,-180488.7,-342182.5,TAM,g,-3.654,0.1674,0,in range
GRID_00708,-86.42,-151.34,-186483.3,-341183.9,TAM,s,-4.836,0.5446,0,in range
GRID_00709,-86.428,-151.269,-186488.0,-340190.2,TAM,s,-4.783,0.5911,0,in range
GRID_00710,-86.44,-151.328,-185511.8,-339237.8,TAM,s,-4.226,0.6006,0,in range
GRID_00711,-86.449,-151.588,-183505.1,-339215.8,TAM,s,-4.761,0.6433,0,in range
GRID_00712,-86.509,-153.448,-169483.5,-339160.1,TAM,g,-4.689,1.0254,0,in range
GRID_00713,-86.453,-151.387,-184485.8,-338188.3,TAM,s,-4.221,0.5964,0,in range
GRID_00714,-86.537,-153.72,-166524.2,-337232.5,TAM,g,-6.049,0.6144,0,in range
GRID_00715,-86.504,-152.301,-176491.3,-336180.6,TAM,g,-6.267,0.644,0,in range
GRID_00716,-86.529,-153.108,-170510.0,-336209.9,TAM,g,-6.009,0.5344,0,in range
GRID_00717,-86.546,-153.653,-166484.4,-336161.0,TAM,g,-5.948,1.0008,0,in range
GRID_00718,-86.541,-153.175,-169528.2,-335245.3,TAM,c,-5.362,0.7995,0,in range
GRID_00719,-86.55,-153.448,-167491.7,-335174.3,TAM,g,-5.944,0.7613,0,in range
GRID_00720,-86.554,-153.585,-166496.4,-335184.6,TAM,g,-6.126,0.7347,0,in range
GRID_00721,-86.566,-153.997,-163510.2,-335201.0,TAM,g,-5.542,0.9943,0,in range
GRID_00722,-86.52,-152.161,-176500.2,-334210.8,TAM,g,-6.586,0.9513,0,in range
GRID_00723,-86.55,-153.106,-169489.4,-334168.6,TAM,g,-5.349,1.1511,0,in range
GRID_00724,-86.554,-153.243,-168494.2,-334184.8,TAM,c,-6.923,1.3284,0,in range
GRID_00725,-86.578,-154.068,-162524.4,-334230.6,TAM,g,-5.779,0.6306,0,in range
GRID_00726,-86.558,-153.037,-169497.5,-333189.4,TAM,g,-6.011,0.8646,0,in range
GRID_00727,-86.562,-153.174,-168504.2,-333205.8,TAM,g,-6.147,0.7617,0,in range
GRID_00728,-86.566,-153.311,-167511.7,-333219.4,TAM,g,-5.779,0.9668,0,in range
GRID_00729,-86.587,-154.001,-162486.4,-333161.3,TAM,c,-6.096,1.0765,0,in range
GRID_00730,-86.562,-152.831,-170495.9,-332191.1,TAM,c,-6.862,1.3713,0,in range
GRID_00731,-86.566,-152.967,-169509.3,-332207.6,TAM,w,-6.227,0.8568,1,slope
GRID_00732,-86.579,-153.379,-166483.1,-332154.9,TAM,g,-6.546,0.9794,0,in range
GRID_00733,-86.583,-153.517,-165488.8,-332165.9,TAM,g,-5.782,0.7607,0,in range
GRID_00734,-86.587,-153.655,-164495.3,-332174.0,TAM,g,-5.49,0.8237,0,in range
GRID_00735,-86.57,-152.761,-170503.7,-331209.5,TAM,c,-6.102,0.7716,0,in range
GRID_00736,-86.574,-152.897,-169519.0,-331226.4,TAM,w,-5.713,0.8027,0,in range
GRID_00737,-86.574,-152.553,-171504.6,-330202.6,TAM,g,-3.352,0.2697,0,in range
GRID_00738,-86.578,-152.69,-170515.1,-330225.5,TAM,g,-3.438,0.2855,0,in range
GRID_00739,-86.578,-152.346,-172494.7,-329195.8,TAM,c,-1.623,1.08,0,in range
GRID_00740,-86.582,-152.482,-171511.9,-329218.8,TAM,g,-3.772,0.5321,0,in range
GRID_00741,-86.59,-152.411,-171517.1,-328235.5,TAM,w,-4.245,0.6564,0,in range
GRID_00742,-86.594,-152.202,-172510.6,-327223.1,TAM,g,-3.123,0.4913,0,in range
GRID_00743,-86.655,-151.827,-171518.8,-320243.5,TAM,g,-3.753,0.5742,0,in range
GRID_00744,-86.663,-151.752,-171526.4,-319252.9,TAM,g,-0.785,0.9973,0,in range
GRID_00745,-86.03,-154.812,-183519.9,-390211.8,TAM,g,-6.293,0.5963,0,in range
GRID_00746,-86.035,-154.635,-184491.6,-389151.8,TAM,g,-5.041,0.6281,0,in range
GRID_00747,-86.039,-154.756,-183484.0,-389147.3,TAM,g,-6.311,0.6798,1,elev
GRID_00748,-86.019,-153.861,-190497.9,-388185.6,TAM,c,-6.509,0.6746,0,in range
GRID_00749,-86.023,-153.98,-189500.5,-388189.7,TAM,g,-6.848,0.6653,1,slope
GRID_00750,-86.027,-154.099,-188503.9,-388191.2,TAM,g,-5.97,0.5185,0,in range
GRID_00751,-86.031,-154.218,-187508.1,-388190.4,TAM,g,-5.074,0.8344,0,in range
GRID_00752,-86.047,-154.699,-183499.3,-388178.3,TAM,g,-6.35,0.4837,0,in range
GRID_00753,-86.019,-153.565,-192500.8,-387196.3,TAM,c,-5.526,1.0975,0,in range
GRID_00754,-86.023,-153.683,-191510.2,-387202.1,TAM,c,-5.971,0.9455,0,in range
GRID_00755,-86.04,-154.161,-187467.8,-387123.1,TAM,g,-5.874,0.5809,0,in range
GRID_00756,-86.055,-154.642,-183513.0,-387209.7,TAM,g,-5.862,0.6782,1,slope
GRID_00757,-86.028,-153.506,-192463.0,-386122.2,TAM,c,-6.21,0.8653,0,in range
GRID_00758,-86.032,-153.624,-191474.1,-386128.2,TAM,c,-6.416,0.5901,0,in range
GRID_00759,-86.036,-153.744,-190472.7,-386138.4,TAM,c,-6.069,0.8518,0,in range
GRID_00760,-86.04,-153.863,-189478.7,-386142.8,TAM,c,-6.245,0.4374,0,in range
GRID_00761,-86.036,-153.446,-192478.4,-385142.5,TAM,g,-6.802,0.824,0,in range
GRID_00762,-86.04,-153.565,-191484.5,-385152.1,TAM,c,-6.662,0.6964,0,in range
GRID_00763,-86.044,-153.685,-190484.7,-385162.5,TAM,g,-6.316,0.984,0,in range
GRID_00764,-86.048,-153.804,-189492.3,-385167.2,TAM,g,-5.649,0.5785,0,in range
GRID_00765,-86.052,-153.924,-188494.1,-385172.6,TAM,g,-6.89,0.9793,0,in range
GRID_00766,-86.056,-154.044,-187496.7,-385175.6,TAM,g,-5.862,0.6695,0,in range
GRID_00767,-86.06,-154.164,-186500.0,-385176.1,TAM,g,-7.195,0.9027,0,in range
GRID_00768,-86.064,-154.285,-185497.5,-385177.3,TAM,g,-6.207,0.4992,0,in range
GRID_00769,-86.068,-154.406,-184495.8,-385176.0,TAM,g,-6.972,0.8332,0,in range
GRID_00770,-86.044,-153.387,-192485.3,-384166.6,TAM,g,-5.882,0.3528,0,in range
GRID_00771,-86.048,-153.506,-191493.1,-384176.4,TAM,g,-5.581,0.4415,0,in range
GRID_00772,-86.052,-153.625,-190501.6,-384183.7,TAM,g,-6.407,0.9527,0,in range
GRID_00773,-86.056,-153.745,-189504.2,-384191.9,TAM,s,-6.614,0.8458,0,in range
GRID_00774,-86.06,-153.865,-188507.6,-384197.6,TAM,s,-7.47,1.0731,0,in range
GRID_00775,-86.064,-153.985,-187511.8,-384200.8,TAM,g,-5.067,0.6357,0,in range
GRID_00776,-86.068,-154.106,-186510.1,-384204.7,TAM,g,-4.091,0.6346,0,in range
GRID_00777,-86.076,-154.348,-184509.2,-384205.1,TAM,g,-3.583,1.0202,0,in range
GRID_00778,-86.052,-153.327,-192497.1,-383187.7,TAM,g,-5.226,0.512,0,in range
GRID_00779,-86.056,-153.446,-191506.5,-383197.7,TAM,g,-6.219,0.923,0,in range
GRID_00780,-86.06,-153.566,-190509.9,-383208.6,TAM,c,-6.285,0.8228,0,in range
GRID_00781,-86.069,-153.806,-188471.2,-383125.4,TAM,c,-5.796,0.8538,0,in range
GRID_00782,-86.06,-153.267,-192507.1,-382209.2,TAM,g,-4.69,0.4194,0,in range
GRID_00783,-86.073,-153.326,-191479.0,-381144.5,TAM,g,-5.547,0.7403,0,in range
GRID_00784,-86.118,-153.143,-190485.5,-376166.9,TAM,g,-5.917,0.6746,0,in range
GRID_00785,-86.13,-152.898,-191498.0,-374187.7,TAM,g,-5.237,0.7319,0,in range
GRID_00786,-86.134,-152.715,-192492.9,-373187.8,TAM,g,-5.391,0.5492,0,in range
GRID_00787,-86.183,-152.335,-192490.7,-367185.5,TAM,g,-6.413,0.6149,0,in range
GRID_00788,-86.191,-152.271,-192496.1,-366200.6,TAM,c,-6.624,0.8473,0,in range
GRID_00792,-85.546,-157.842,-182484.7,-448103.8,TAM,g,-7.769,0.6311,0,in range
GRID_00793,-85.554,-157.797,-182507.8,-447154.9,TAM,g,-6.569,0.7129,0,in range
GRID_00794,-85.571,-157.707,-182508.7,-445157.2,TAM,g,-6.665,0.9356,0,in range
GRID_00795,-85.572,-156.801,-189481.9,-442115.7,TAM,g,-5.743,0.5573,0,in range
GRID_00796,-85.579,-157.02,-187493.5,-442136.0,TAM,g,-6.097,0.8027,0,in range
GRID_00797,-85.58,-156.754,-189501.2,-441160.9,TAM,g,-6.511,0.7335,0,in range
GRID_00798,-85.588,-156.973,-187473.3,-441081.3,TAM,g,-7.099,0.6832,0,in range
GRID_00799,-85.589,-156.706,-189483.7,-440103.0,TAM,g,-6.845,0.8297,0,in range
GRID_00800,-85.601,-156.769,-188485.0,-439112.0,TAM,g,-5.749,0.6932,0,in range
GRID_00801,-85.604,-156.879,-187513.5,-439173.1,TAM,g,-5.599,0.5727,0,in range
GRID_00802,-85.621,-156.785,-187505.1,-437166.0,TAM,g,-6.951,0.9809,0,in range
GRID_00803,-85.633,-156.848,-186511.2,-436172.1,TAM,g,-5.282,0.4928,0,in range
GRID_00804,-85.637,-156.039,-192474.4,-433097.8,TAM,g,-4.011,0.5889,0,in range
GRID_00805,-85.652,-156.212,-190508.0,-432184.5,TAM,g,-4.41,0.8832,0,in range
GRID_00806,-85.661,-156.163,-190482.0,-431126.3,TAM,g,-2.278,0.9697,0,in range
GRID_00807,-85.711,-157.737,-176508.2,-431164.4,TAM,g,-5.171,0.618,0,in range
GRID_00808,-85.673,-156.225,-189489.3,-430138.1,TAM,g,-4.094,0.5087,0,in range
GRID_00809,-85.67,-155.841,-192501.4,-429156.1,TAM,g,-3.971,0.8762,0,in range
GRID_00810,-85.674,-155.953,-191484.9,-429134.4,TAM,g,-3.962,0.4748,0,in range
GRID_00811,-85.711,-157.075,-181478.0,-429096.3,TAM,g,-3.881,0.3129,0,in range
GRID_00812,-85.725,-157.529,-177490.5,-429114.1,TAM,g,-6.983,1.0828,0,in range
GRID_00813,-85.679,-155.792,-192467.1,-428098.7,TAM,g,-3.498,0.3412,0,in range
GRID_00814,-85.682,-155.903,-191504.1,-428173.0,TAM,g,-3.479,0.6992,0,in range
GRID_00815,-85.686,-156.014,-190497.5,-428145.9,TAM,g,-4.027,0.5403,0,in range
GRID_00816,-85.694,-156.238,-188471.7,-428091.2,TAM,g,-3.843,0.4088,0,in range
GRID_00817,-85.74,-157.71,-175515.4,-428163.6,TAM,g,-5.957,0.5527,0,in range
GRID_00818,-85.702,-156.189,-188486.5,-427134.1,TAM,g,-4.065,0.7835,0,in range
GRID_00819,-85.695,-155.691,-192505.2,-426173.3,TAM,g,-3.416,0.8238,0,in range
GRID_00820,-85.699,-155.803,-191493.5,-426152.1,TAM,g,-3.449,0.4691,0,in range
GRID_00821,-85.703,-155.915,-190482.6,-426128.5,TAM,g,-3.809,1.0017,0,in range
GRID_00822,-85.707,-156.027,-189472.6,-426102.7,TAM,g,-4.446,0.7462,0,in range
GRID_00823,-85.718,-156.364,-186483.6,-426114.0,TAM,g,-4.117,0.7683,0,in range
GRID_00824,-85.757,-157.616,-175513.7,-426166.0,TAM,g,-6.303,0.5791,0,in range
GRID_00825,-85.764,-157.846,-173514.6,-426162.2,TAM,g,-5.943,0.4811,0,in range
GRID_00826,-85.768,-157.962,-172488.2,-426109.5,TAM,g,-5.745,0.6569,0,in range
GRID_00827,-85.715,-155.977,-189490.2,-425142.7,TAM,g,-3.945,1.0793,0,in range
GRID_00828,-85.722,-156.202,-187512.1,-425187.1,TAM,g,-3.844,0.3559,0,in range
GRID_00829,-85.726,-156.315,-186498.5,-425157.8,TAM,g,-3.909,0.3777,0,in range
GRID_00830,-85.769,-157.684,-174512.4,-425167.0,TAM,g,-5.751,0.6797,0,in range
GRID_00831,-85.802,-157.773,-172494.5,-422116.2,TAM,g,-3.487,1.1,0,in range
GRID_00832,-85.8,-157.377,-175491.5,-421114.7,TAM,g,-5.845,0.6477,0,in range
GRID_00833,-85.801,-157.097,-177505.0,-420151.9,TAM,g,-6.588,0.8624,0,in range
GRID_00834,-85.813,-157.164,-176507.2,-419156.7,TAM,g,-6.334,1.0193,0,in range
GRID_00835,-85.834,-157.183,-175482.8,-417110.7,TAM,g,-6.294,0.5159,0,in range
GRID_00836,-85.842,-157.133,-175508.8,-416156.0,TAM,g,-5.878,0.585,0,in range
GRID_00837,-85.847,-156.967,-176501.1,-415145.5,TAM,g,-5.934,0.6656,0,in range
GRID_00838,-85.842,-156.168,-182492.6,-413141.1,TAM,g,-5.232,0.6606,0,in range
GRID_00839,-85.85,-156.117,-182508.2,-412183.2,TAM,g,-5.391,0.8668,0,in range
GRID_00840,-85.863,-155.897,-183512.3,-410189.3,TAM,g,-4.941,0.4377,0,in range
GRID_00841,-85.864,-155.612,-185505.5,-409172.3,TAM,g,-4.774,0.6261,0,in range
GRID_00842,-85.872,-155.845,-183484.1,-409129.7,TAM,g,-5.45,0.7428,0,in range
GRID_00843,-85.873,-155.56,-185471.9,-408113.0,TAM,g,-5.318,0.6542,0,in range
GRID_00844,-85.921,-157.089,-172484.7,-408109.9,TAM,g,-5.775,0.4772,0,in range
GRID_00845,-85.869,-155.158,-188513.5,-407196.3,TAM,g,-5.5,0.8585,0,in range
GRID_00846,-85.881,-155.507,-185488.8,-407149.8,TAM,g,-5.458,0.7241,1,elev
GRID_00847,-85.885,-155.623,-184484.6,-407128.4,TAM,g,-5.066,0.8223,1,elev
GRID_00848,-85.922,-156.801,-174491.1,-407137.8,TAM,g,-6.164,0.7352,0,in range
GRID_00849,-85.927,-156.631,-175482.7,-406119.3,TAM,g,-6.139,0.7441,0,in range
GRID_00850,-85.921,-155.816,-181508.8,-404177.2,TAM,g,-4.663,0.7862,0,in range
GRID_00851,-85.943,-155.538,-182477.3,-401114.7,TAM,g,-5.23,0.5652,0,in range
GRID_00852,-85.995,-156.921,-170527.0,-400201.4,TAM,g,-4.424,0.296,0,in range
GRID_00853,-85.978,-156.026,-177508.3,-399177.6,TAM,g,-5.4,0.7638,0,in range
GRID_00854,-85.968,-155.376,-182478.3,-398126.5,TAM,g,-5.731,0.5476,0,in range
GRID_00855,-85.59,-157.35,-184483.2,-442104.6,TAM,g,-7.418,0.8363,0,in range
GRID_00856,-86.001,-156.454,-173522.7,-398200.3,TAM,c,-6.238,0.9277,0,in range
GRID_00857,-86.016,-156.939,-169507.1,-398154.5,TAM,g,-6.663,0.6066,0,in range
GRID_00858,-86.002,-156.16,-175519.7,-397205.2,TAM,c,-5.565,1.3622,0,in range
GRID_00859,-86.011,-156.106,-175497.7,-396145.1,TAM,c,-3.404,1.3389,0,in range
GRID_00860,-86.029,-156.713,-170517.5,-396184.7,TAM,g,-6.434,1.0708,0,in range
GRID_00861,-86.036,-156.958,-168524.0,-396210.0,TAM,w,-6.085,1.0737,0,in range
GRID_00862,-86.04,-157.08,-167510.7,-396167.4,TAM,g,-6.216,1.26,0,in range
GRID_00863,-86.016,-155.932,-176478.3,-395114.0,TAM,w,-6.739,0.9278,0,in range
GRID_00864,-86.019,-156.053,-175511.1,-395187.8,TAM,c,-6.113,0.8349,0,in range
GRID_00865,-86.023,-156.174,-174500.5,-395159.8,TAM,g,-6.532,0.8388,0,in range
GRID_00866,-86.027,-156.295,-173490.7,-395129.3,TAM,g,-6.201,0.7343,1,elev
GRID_00867,-86.038,-156.661,-170489.4,-395131.5,TAM,g,-6.422,0.6976,0,in range
GRID_00868,-86.045,-156.905,-168506.7,-395154.0,TAM,w,-6.543,0.889,0,in range
GRID_00869,-86.052,-157.151,-166513.1,-395172.6,TAM,g,-6.64,0.7298,0,in range
GRID_00870,-86.031,-156.12,-174520.8,-394199.9,TAM,g,-6.614,0.8175,0,in range
GRID_00871,-86.035,-156.242,-173505.8,-394172.6,TAM,g,-6.749,0.9211,1,elev
GRID_00872,-86.046,-156.608,-170509.6,-394175.4,TAM,w,-6.974,0.9416,1,elev
GRID_00873,-86.05,-156.73,-169498.1,-394138.1,TAM,g,-6.242,0.8565,0,in range
GRID_00874,-86.053,-156.853,-168523.4,-394201.2,TAM,g,-5.421,0.7769,0,in range
GRID_00875,-86.029,-155.702,-177481.4,-393114.4,TAM,w,-6.423,0.9581,1,elev
GRID_00876,-86.032,-155.824,-176510.4,-393193.9,TAM,w,-6.544,0.8253,0,in range
GRID_00877,-86.044,-156.188,-173482.2,-393113.8,TAM,g,-6.283,0.7352,1,elev
GRID_00878,-86.051,-156.432,-171502.3,-393151.6,TAM,w,-6.527,0.9194,1,elev
GRID_00879,-86.055,-156.555,-170484.9,-393119.9,TAM,g,-5.863,1.2325,0,in range
GRID_00880,-86.058,-156.678,-169511.4,-393185.5,TAM,g,-3.891,0.8306,0,in range
GRID_00881,-86.052,-156.134,-173500.8,-392154.9,TAM,w,-6.582,0.8411,1,elev
GRID_00882,-86.059,-156.379,-171517.4,-392196.0,TAM,w,-6.426,1.2108,1,elev
GRID_00883,-86.063,-156.502,-170501.7,-392164.5,TAM,g,-6.089,1.2549,0,in range
GRID_00884,-86.06,-156.08,-173517.7,-391196.2,TAM,w,-6.403,0.8254,1,elev
GRID_00885,-86.064,-156.203,-172502.0,-391170.0,TAM,w,-6.139,1.1797,1,elev
GRID_00886,-86.068,-156.325,-171494.1,-391138.2,TAM,w,-6.609,1.2204,1,elev
GRID_00887,-86.075,-156.571,-169510.6,-391172.7,TAM,g,-6.213,0.9931,0,in range
GRID_00888,-86.079,-156.695,-168491.6,-391139.2,TAM,g,-6.547,0.8151,0,in range
GRID_00889,-86.097,-157.315,-163494.7,-391134.3,TAM,g,-6.805,1.0343,0,in range
GRID_00890,-86.1,-157.439,-162522.7,-391186.0,TAM,g,-6.064,1.2877,0,in range
GRID_00891,-86.08,-156.394,-170500.6,-390149.1,TAM,w,-6.411,0.9546,1,elev
GRID_00892,-86.084,-156.518,-169482.6,-390118.4,TAM,w,-6.719,1.2319,0,in range
GRID_00893,-86.087,-156.641,-168515.4,-390181.9,TAM,w,-6.649,0.8532,0,in range
GRID_00894,-86.102,-157.138,-164491.1,-390126.5,TAM,g,-6.572,0.9887,0,in range
GRID_00895,-86.105,-157.263,-163513.5,-390183.7,TAM,g,-6.116,1.1125,0,in range
GRID_00896,-86.092,-156.464,-169502.9,-389161.2,TAM,w,-6.483,0.7907,1,elev
GRID_00897,-86.096,-156.588,-168487.5,-389128.1,TAM,w,-6.699,0.9429,1,"elev, slope"
GRID_00898,-86.11,-157.085,-164513.3,-389173.2,TAM,g,-3.711,1.1663,0,in range
GRID_00899,-86.121,-157.461,-161497.5,-389140.0,TAM,g,-6.087,0.6137,0,in range
GRID_00900,-86.129,-157.408,-161523.3,-388187.6,TAM,c,-4.93,0.7264,0,in range
GRID_00901,-86.127,-156.979,-164510.3,-387167.4,TAM,g,-6.396,1.2291,0,in range
GRID_00902,-86.131,-157.105,-163489.3,-387127.7,TAM,g,-6.661,0.8149,0,in range
GRID_00903,-86.134,-157.23,-162518.1,-387182.7,TAM,g,-6.185,0.6951,0,in range
GRID_00904,-86.196,-158.038,-154521.5,-383185.7,TAM,w,-6.392,0.9089,1,elev
GRID_00905,-86.203,-158.295,-152519.8,-383168.0,TAM,w,-6.219,1.2041,1,elev
GRID_00906,-86.205,-157.986,-154502.6,-382138.4,TAM,w,-6.16,1.1435,1,elev
GRID_00907,-86.213,-157.934,-154522.6,-381192.1,TAM,w,-6.205,1.0959,1,elev
GRID_00908,-86.217,-158.063,-153501.6,-381135.8,TAM,w,-4.387,0.5748,1,aspect
GRID_00909,-86.231,-156.764,-161502.1,-376159.6,TAM,w,-5.105,0.5637,1,elev
GRID_00910,-85.937,-156.0,-179502.4,-403168.9,TAM,g,-5.58,0.7641,0,in range
GRID_00911,-85.942,-155.828,-180489.3,-402132.4,TAM,g,-5.383,0.864,0,in range
GRID_00912,-85.959,-155.721,-180480.0,-400109.9,TAM,g,-6.455,0.6148,0,in range
GRID_00913,-85.967,-155.668,-180491.7,-399150.3,TAM,g,-6.4,0.6375,1,slope
GRID_00914,-85.971,-155.787,-179484.0,-399127.8,TAM,g,-5.848,0.4479,0,in range
GRID_00915,-85.975,-155.614,-180508.8,-398187.9,TAM,g,-6.453,0.6394,1,slope
GRID_00916,-85.945,-154.376,-190480.1,-397135.7,TAM,g,-5.679,0.4779,0,in range
GRID_00917,-85.949,-154.493,-189481.5,-397131.3,TAM,g,-6.517,0.397,0,in range
GRID_00918,-85.953,-154.611,-188476.7,-397127.9,TAM,g,-5.814,0.8303,0,in range
GRID_00919,-85.987,-155.679,-179519.6,-397203.7,TAM,g,-5.87,0.5914,1,elev
GRID_00920,-85.945,-154.086,-192487.7,-396166.5,TAM,g,-5.282,0.6274,0,in range
GRID_00921,-85.949,-154.203,-191489.1,-396167.2,TAM,g,-4.572,0.584,0,in range
GRID_00922,-85.969,-154.791,-186487.4,-396144.3,TAM,g,-6.186,0.7133,0,in range
GRID_00923,-85.988,-155.386,-181503.2,-396181.6,TAM,g,-5.854,0.5557,0,in range
GRID_00924,-86.0,-155.745,-178481.4,-396121.7,TAM,g,-5.89,0.9913,1,elev
GRID_00925,-86.003,-155.865,-177518.0,-396197.1,TAM,g,-6.043,1.0836,0,in range
GRID_00926,-85.957,-154.146,-191503.9,-395193.8,TAM,g,-4.939,0.6579,0,in range
GRID_00927,-85.969,-154.499,-188503.8,-395188.7,TAM,g,-5.293,0.5657,0,in range
GRID_00928,-85.985,-154.973,-184492.2,-395158.6,TAM,g,-5.894,0.6587,0,in range
GRID_00929,-85.989,-155.092,-183488.0,-395146.5,TAM,g,-6.146,0.3212,0,in range
GRID_00930,-85.993,-155.211,-182484.5,-395132.0,TAM,g,-5.891,0.5078,0,in range
GRID_00931,-85.997,-155.331,-181475.1,-395118.1,TAM,g,-5.91,0.4231,0,in range
GRID_00932,-86.0,-155.451,-180511.7,-395200.7,TAM,g,-5.772,0.5,1,elev
GRID_00933,-86.004,-155.571,-179503.7,-395182.0,TAM,g,-6.175,0.5071,1,elev
GRID_00934,-85.985,-154.679,-186517.4,-394206.7,TAM,g,-6.083,0.406,0,in range
GRID_00935,-85.997,-155.036,-183507.0,-394178.5,TAM,g,-6.143,0.6962,0,in range
GRID_00936,-86.001,-155.156,-182498.4,-394167.4,TAM,g,-6.385,0.5088,0,in range
GRID_00937,-86.013,-155.516,-179477.5,-394119.1,TAM,g,-5.89,0.6611,1,elev
GRID_00938,-85.986,-154.386,-188483.9,-393149.7,TAM,g,-5.282,0.5093,0,in range
GRID_00939,-85.99,-154.504,-187486.6,-393144.5,TAM,g,-6.897,0.7102,0,in range
GRID_00940,-85.998,-154.742,-185480.9,-393133.4,TAM,g,-6.008,0.3251,0,in range
GRID_00941,-86.002,-154.861,-184479.2,-393124.1,TAM,g,-6.294,0.4131,1,elev
GRID_00942,-86.006,-154.981,-183471.6,-393115.6,TAM,g,-5.798,0.5161,1,elev
GRID_00943,-86.009,-155.1,-182517.4,-393200.0,TAM,g,-6.006,0.3135,1,elev
GRID_00944,-86.021,-155.461,-179494.6,-393155.5,TAM,g,-5.341,0.6709,1,elev
GRID_00945,-85.978,-153.856,-192495.7,-392170.1,TAM,c,-4.982,0.6401,0,in range
GRID_00946,-85.994,-154.329,-188498.2,-392178.1,TAM,g,-5.056,0.567,0,in range
GRID_00947,-86.014,-154.925,-183487.1,-392148.4,TAM,g,-5.51,0.4308,0,in range
GRID_00948,-85.986,-153.799,-192501.8,-391198.1,TAM,g,-4.874,0.6697,0,in range
GRID_00949,-85.99,-153.916,-191511.4,-391199.8,TAM,c,-4.96,0.7735,0,in range
GRID_00950,-85.994,-154.035,-190508.1,-391205.7,TAM,c,-5.121,0.6847,0,in range
GRID_00951,-86.006,-154.391,-187509.8,-391205.5,TAM,c,-3.003,1.0835,1,aspect
GRID_00952,-86.01,-154.51,-186509.8,-391201.6,TAM,g,-6.649,0.7221,0,in range
GRID_00953,-86.014,-154.629,-185510.6,-391195.2,TAM,g,-5.25,0.4098,0,in range
GRID_00954,-86.018,-154.749,-184505.3,-391189.6,TAM,g,-5.849,0.3801,1,elev
GRID_00955,-86.022,-154.869,-183501.0,-391181.5,TAM,g,-6.135,0.2904,1,elev
GRID_00956,-85.995,-153.74,-192471.6,-390122.2,TAM,c,-5.674,0.4,0,in range
GRID_00957,-85.999,-153.859,-191469.4,-390130.8,TAM,g,-6.042,0.4475,0,in range
GRID_00958,-86.003,-153.977,-190474.7,-390133.5,TAM,g,-5.167,0.3947,0,in range
GRID_00959,-86.007,-154.096,-189474.1,-390137.1,TAM,c,-4.833,0.4924,0,in range
GRID_00960,-86.015,-154.334,-187475.2,-390136.9,TAM,c,-7.152,0.8055,0,in range
GRID_00961,-86.019,-154.453,-186476.9,-390133.1,TAM,c,-8.031,0.9447,0,in range
GRID_00962,-86.007,-153.8,-191487.0,-389153.1,TAM,g,-4.364,0.5044,0,in range
GRID_00963,-86.011,-153.919,-190487.2,-389159.4,TAM,g,-2.766,1.1714,0,in range
GRID_00964,-86.015,-154.038,-189488.2,-389163.2,TAM,g,-6.385,0.5616,0,in range
GRID_00965,-86.019,-154.157,-188489.9,-389164.6,TAM,c,-6.433,0.819,0,in range
GRID_00966,-86.023,-154.276,-187492.5,-389163.5,TAM,c,-5.077,0.3872,0,in range
GRID_00967,-86.011,-153.623,-192495.1,-388170.1,TAM,c,-4.763,0.5862,0,in range
GRID_00968,-86.015,-153.742,-191496.1,-388179.1,TAM,c,-5.095,0.665,0,in range
GRID_00969,-85.731,-156.152,-187487.5,-424128.3,TAM,g,-4.149,0.9,0,in range
GRID_00970,-85.724,-155.651,-191502.7,-423166.1,TAM,g,-3.472,0.6192,0,in range
GRID_00971,-85.736,-155.989,-188472.1,-423096.6,TAM,g,-4.682,0.3199,0,in range
GRID_00972,-85.743,-156.215,-186494.8,-423140.2,TAM,g,-4.004,0.6826,0,in range
GRID_00973,-85.754,-156.556,-183497.3,-423145.4,TAM,g,-4.229,0.5259,0,in range
GRID_00974,-85.729,-155.488,-192480.2,-422124.9,TAM,g,-3.761,0.6346,0,in range
GRID_00975,-85.768,-156.065,-186499.1,-420166.1,TAM,g,-5.081,0.5808,0,in range
GRID_00976,-85.771,-155.229,-192473.0,-417104.1,TAM,g,-3.714,0.5078,0,in range
GRID_00977,-85.774,-155.343,-191506.7,-417189.8,TAM,g,-3.484,0.446,0,in range
GRID_00978,-85.787,-155.404,-190474.1,-416108.3,TAM,g,-3.979,0.2617,0,in range
GRID_00979,-85.855,-155.949,-183494.4,-411149.9,TAM,g,-4.92,0.5788,0,in range
GRID_00980,-85.846,-154.751,-192467.8,-408108.6,TAM,g,-3.391,0.5386,0,in range
GRID_00981,-85.861,-155.212,-188494.3,-408163.4,TAM,g,-5.606,0.6152,0,in range
GRID_00982,-85.873,-155.274,-187506.8,-407182.1,TAM,g,-4.77,0.5763,0,in range
GRID_00983,-85.877,-155.39,-186500.9,-407165.5,TAM,g,-5.536,0.6756,0,in range
GRID_00984,-85.961,-154.847,-186469.7,-397113.6,TAM,g,-5.952,0.3279,0,in range
GRID_00985,-85.965,-154.673,-187488.8,-396152.4,TAM,g,-5.476,0.4709,0,in range
GRID_00986,-85.982,-154.267,-189488.8,-393149.1,TAM,g,-4.853,0.4219,0,in range
GRID_00987,-86.845,-154.496,-147530.6,-309248.8,TAM,g,-3.653,0.4567,0,in range
GRID_00988,-86.849,-154.647,-146529.0,-309243.8,TAM,g,-2.103,0.5844,0,in range
GRID_00989,-86.854,-154.423,-147502.3,-308178.5,TAM,w,-4.052,0.67,1,elev
GRID_00990,-86.858,-154.2,-148511.5,-307210.8,TAM,g,-2.903,0.2359,1,coast
GRID_00991,-86.866,-154.126,-148528.8,-306236.6,TAM,w,-3.815,0.6546,1,"elev, coast"
GRID_00992,-86.874,-154.43,-146526.7,-306236.2,TAM,w,-3.012,0.4568,1,"elev, coast"
GRID_00993,-86.87,-153.901,-149539.0,-305260.6,TAM,c,-4.35,0.5879,1,coast
GRID_00994,-86.874,-154.053,-148538.5,-305265.5,TAM,w,-3.716,0.8068,1,"elev, coast"
GRID_00995,-86.903,-153.602,-149535.8,-301264.3,TAM,b,-0.193,1.9658,1,"coast, litho"
GRID_00996,-86.961,-153.45,-147517.7,-295229.2,TAM,g,-3.283,0.6508,1,coast
GRID_00997,-86.973,-153.528,-146534.4,-294262.7,TAM,w,-5.146,1.0015,1,coast
GRID_00998,-86.977,-153.684,-145540.0,-294271.0,TAM,w,-3.72,0.8587,1,"elev, coast"
GRID_00999,-86.969,-152.594,-151511.7,-292220.8,TAM,g,-3.052,0.4986,1,coast
GRID_01000,-86.977,-152.514,-151518.4,-291237.8,TAM,g,-4.65,0.6799,1,coast
GRID_01001,-87.072,-153.772,-140526.3,-285235.2,TAM,b,-4.234,0.5837,1,"coast, litho"
GRID_01002,-87.294,-154.061,-128536.1,-264251.7,TAM,w,-3.832,0.6873,1,"elev, coast"
GRID_01003,-87.298,-154.237,-127534.9,-264254.0,TAM,w,-4.548,0.6386,1,coast
GRID_01004,-87.282,-153.104,-133521.4,-263230.7,TAM,w,-5.055,0.8276,1,coast
GRID_01005,-87.29,-153.452,-131531.8,-263259.4,TAM,w,-5.123,0.8837,1,"elev, coast"
GRID_01006,-87.294,-153.626,-130538.6,-263268.3,TAM,w,-4.284,0.7659,1,"elev, coast"
GRID_01007,-87.29,-153.016,-133531.2,-262250.8,TAM,w,-4.205,0.676,1,coast
GRID_01008,-87.3,-149.344,-149498.9,-252226.0,TAM,c,-3.176,0.5184,1,coast
GRID_01009,-87.312,-149.413,-148531.7,-251283.6,TAM,c,-2.837,0.5759,1,coast
GRID_01010,-87.32,-149.313,-148526.6,-250276.6,TAM,c,-3.347,0.6677,1,coast
GRID_01011,-87.325,-149.482,-147511.9,-250245.7,TAM,c,-2.796,0.7226,1,coast
GRID_01012,-87.33,-149.652,-146494.3,-250213.5,TAM,c,-1.888,0.2158,1,coast
GRID_01013,-87.328,-149.212,-148522.7,-249267.8,TAM,w,-3.145,0.3298,1,coast
GRID_01014,-87.333,-149.382,-147505.8,-249239.9,TAM,c,-1.211,0.6794,1,coast
GRID_01015,-87.337,-149.552,-146545.4,-249301.9,TAM,c,-2.944,0.6037,1,coast
GRID_01016,-87.342,-149.723,-145526.9,-249269.0,TAM,c,-2.338,0.6543,1,coast
GRID_01017,-87.351,-150.067,-143539.8,-249291.0,TAM,c,-5.914,0.9773,1,"temp, coast"
GRID_01018,-87.341,-149.281,-147501.0,-248232.4,TAM,w,-3.397,0.392,1,coast
GRID_01019,-87.35,-149.623,-145522.2,-248264.9,TAM,c,-3.354,0.6084,1,coast
GRID_01020,-87.355,-149.795,-144503.0,-248231.2,TAM,c,-3.475,0.5179,1,coast
GRID_01021,-87.359,-149.967,-143539.7,-248287.7,TAM,c,-6.723,1.074,1,"temp, coast"
GRID_01022,-87.353,-149.35,-146537.3,-247288.3,TAM,w,-3.544,0.5257,1,"coast, slope"
GRID_01023,-87.363,-149.694,-144501.8,-247225.8,TAM,c,-2.615,0.5482,1,coast
GRID_01024,-87.379,-149.491,-144494.5,-245214.8,TAM,w,-2.415,0.3477,1,"elev, coast"
GRID_01025,-86.591,-154.14,-161488.1,-333163.3,TAM,g,-6.525,0.8604,0,in range
GRID_01026,-86.595,-154.279,-160490.7,-333162.5,TAM,g,-5.995,0.6049,0,in range
GRID_01027,-86.599,-154.419,-159488.5,-333161.6,TAM,g,-3.286,1.0311,0,in range
GRID_01028,-86.599,-154.072,-161503.2,-332189.5,TAM,g,-5.804,1.2219,0,in range
GRID_01029,-86.697,-155.019,-151493.4,-325160.1,TAM,g,-2.435,0.7667,1,elev
GRID_01030,-86.7,-155.164,-150533.1,-325246.6,TAM,g,-2.199,0.6642,1,elev
GRID_01031,-86.743,-153.376,-158514.0,-316214.2,TAM,g,-3.169,0.3104,0,in range
GRID_01032,-86.743,-153.014,-160508.7,-315206.4,TAM,g,-1.31,1.242,0,in range
GRID_01033,-86.747,-153.159,-159514.2,-315223.8,TAM,g,-2.779,0.2867,0,in range
GRID_01034,-86.751,-153.304,-158520.7,-315238.2,TAM,g,-0.866,0.4342,0,in range
GRID_01035,-86.768,-153.157,-158494.8,-313182.2,TAM,g,-3.247,0.3145,0,in range
GRID_01036,-86.776,-152.718,-160491.3,-311186.0,TAM,g,-3.81,0.5533,0,in range
GRID_01037,-86.472,-156.055,-155513.4,-350193.1,TAM,g,-6.108,0.6246,0,in range
GRID_01038,-86.477,-155.857,-156500.4,-349157.7,TAM,g,-6.075,0.8133,0,in range
GRID_01039,-86.47,-155.251,-160503.0,-348173.9,TAM,g,-6.73,0.9435,0,in range
GRID_01040,-86.485,-155.796,-156515.6,-348197.9,TAM,g,-6.668,0.8615,0,in range
GRID_01041,-86.474,-155.053,-161521.9,-347223.0,TAM,g,-4.793,0.444,0,in range
GRID_01042,-86.478,-155.188,-160520.9,-347208.0,TAM,g,-6.486,0.9961,0,in range
GRID_01043,-86.482,-155.324,-159514.8,-347193.0,TAM,g,-6.129,1.0699,0,in range
GRID_01044,-86.49,-155.597,-157499.5,-347157.4,TAM,g,-5.328,1.1329,0,in range
GRID_01045,-86.493,-155.734,-156534.9,-347235.7,TAM,g,-6.843,0.9753,1,slope
GRID_01046,-86.49,-155.262,-159526.6,-346230.5,TAM,g,-5.966,0.8527,0,in range
GRID_01047,-86.498,-155.535,-157515.0,-346195.4,TAM,g,-6.406,0.9361,0,in range
GRID_01048,-86.503,-155.336,-158489.7,-345152.4,TAM,g,-5.282,0.5966,0,in range
GRID_01049,-86.506,-155.473,-157528.6,-345233.7,TAM,g,-6.589,0.9991,0,in range
GRID_01050,-86.515,-155.41,-157501.1,-344170.9,TAM,g,-5.94,1.0736,0,in range
GRID_01051,-86.582,-154.207,-161523.9,-334232.5,TAM,g,-6.192,0.7353,0,in range
GRID_01052,-86.586,-154.346,-160524.4,-334231.6,TAM,g,-6.059,0.6062,0,in range
GRID_01053,-86.751,-154.029,-154519.2,-317218.7,TAM,g,-3.331,0.2997,0,in range
GRID_01054,-86.755,-153.812,-155527.7,-316241.2,TAM,g,-3.777,0.538,0,in range
GRID_01055,-84.827,-116.668,-502254.9,-252256.5,TAM,g,-5.886,0.8001,1,coast
GRID_01056,-84.757,-116.172,-511255.4,-251258.6,TAM,c,-2.619,1.1912,1,coast
GRID_01057,-84.765,-116.216,-510281.3,-251266.6,TAM,c,-5.406,1.1859,1,coast
GRID_01058,-84.806,-116.44,-505300.6,-251273.3,TAM,s,-6.733,1.4222,1,coast
GRID_01060,-84.753,-116.037,-512237.0,-250244.3,TAM,c,-5.061,1.1467,1,coast
GRID_01061,-84.769,-116.126,-510284.6,-250273.1,TAM,c,-2.731,1.0843,1,coast
GRID_01062,-84.777,-116.17,-509311.0,-250280.9,TAM,c,-5.683,0.9289,1,coast
GRID_01063,-84.81,-116.349,-505309.1,-250277.2,TAM,s,-6.067,1.2782,1,"coast, slope"
GRID_01065,-84.757,-115.947,-512238.1,-249248.9,TAM,s,-6.162,1.309,1,coast
GRID_01066,-84.814,-116.258,-505315.6,-249281.8,TAM,s,-5.967,1.1183,1,coast
GRID_01067,-85.31,-119.293,-444351.5,-249287.1,TAM,g,-6.289,1.0562,1,coast
GRID_01068,-84.769,-115.901,-511263.5,-248267.2,TAM,s,-5.286,1.1819,1,coast
GRID_01069,-84.81,-116.122,-506296.7,-248273.3,TAM,s,-6.064,1.2559,1,coast
GRID_01070,-84.777,-115.719,-511265.3,-246264.2,TAM,s,-5.593,1.0548,1,coast
GRID_01071,-85.428,-125.899,-402327.4,-291225.7,TAM,c,-5.969,0.9964,1,coast
GRID_01072,-85.418,-125.671,-404366.6,-290256.6,TAM,c,-4.46,0.789,1,coast
GRID_01073,-85.424,-125.577,-404311.5,-289213.2,TAM,c,-4.352,0.8324,1,coast
GRID_01074,-85.442,-125.456,-403326.8,-287223.2,TAM,c,-4.322,0.7794,1,coast
GRID_01075,-85.447,-125.362,-403354.1,-286246.4,TAM,c,-4.383,0.7419,1,coast
GRID_01076,-85.452,-125.267,-403384.2,-285263.2,TAM,c,-4.836,0.7046,1,coast
GRID_01077,-85.405,-124.71,-410340.0,-284238.9,TAM,g,-4.633,0.7598,1,coast
GRID_01078,-85.458,-125.173,-403318.3,-284225.2,TAM,g,-3.824,0.3771,1,coast
GRID_01079,-85.4,-124.391,-412364.9,-282257.0,TAM,g,-5.909,0.8846,1,coast
GRID_01080,-85.461,-124.916,-404321.6,-282226.5,TAM,c,-3.887,0.6452,1,coast
GRID_01081,-85.468,-124.983,-403367.6,-282262.7,TAM,g,-4.658,0.6531,1,coast
GRID_01082,-85.405,-124.297,-412378.2,-281273.7,TAM,g,-6.165,1.1539,1,coast
GRID_01083,-85.481,-124.954,-402351.7,-281248.5,TAM,g,-4.7,0.665,1,coast
GRID_01084,-85.403,-124.137,-413342.1,-280243.1,TAM,g,-5.588,0.8593,1,coast
GRID_01085,-85.411,-124.202,-412304.3,-280222.8,TAM,g,-6.03,0.8337,1,coast
GRID_01086,-85.464,-124.659,-405315.1,-280224.6,TAM,c,-4.721,1.0433,1,coast
GRID_01087,-85.486,-124.858,-402376.1,-280263.2,TAM,g,-4.747,0.4852,1,coast
GRID_01088,-85.408,-124.042,-413355.6,-279252.9,TAM,g,-5.614,0.8488,1,coast
GRID_01089,-85.416,-124.107,-412318.1,-279233.8,TAM,g,-4.409,1.0769,1,coast
GRID_01090,-85.461,-124.497,-406374.6,-279262.2,TAM,c,-5.11,0.7194,1,coast
GRID_01091,-85.469,-124.563,-405336.2,-279236.6,TAM,c,-4.021,0.6239,1,coast
GRID_01092,-85.492,-124.762,-402309.1,-279216.6,TAM,g,-5.787,0.9379,1,coast
GRID_01093,-85.459,-124.336,-407337.4,-278241.9,TAM,g,-6.04,0.5914,1,coast
GRID_01094,-85.467,-124.402,-406298.7,-278219.4,TAM,g,-5.945,0.8493,1,"coast, slope"
GRID_01095,-85.474,-124.467,-405355.2,-278249.3,TAM,g,-6.003,0.7274,1,coast
GRID_01096,-85.489,-124.6,-403365.5,-278263.2,TAM,g,-6.233,0.5993,1,coast
GRID_01097,-85.472,-124.306,-406315.2,-277231.8,TAM,g,-4.171,0.7024,1,coast
GRID_01098,-85.48,-123.951,-407303.4,-274223.1,TAM,g,-5.592,0.5346,1,coast
GRID_01099,-85.776,-128.439,-359385.9,-285244.3,TAM,g,-6.168,1.3741,1,coast
GRID_01100,-85.68,-127.282,-373377.5,-284252.1,TAM,g,-6.23,1.2506,1,coast
GRID_01101,-85.686,-127.185,-373338.5,-283225.3,TAM,g,-6.056,1.0975,1,coast
GRID_01102,-85.684,-127.014,-374355.7,-282240.7,TAM,g,-6.446,1.3075,1,coast
GRID_01103,-85.799,-128.046,-359364.7,-281231.4,TAM,g,-5.554,1.0695,1,coast
GRID_01104,-85.806,-128.124,-358382.7,-281250.5,TAM,g,-6.098,1.1164,1,coast
GRID_01105,-85.68,-126.672,-376382.6,-280260.9,TAM,g,-6.407,1.1897,1,coast
GRID_01106,-85.688,-126.745,-375328.2,-280219.8,TAM,g,-6.419,1.2491,1,coast
GRID_01107,-85.797,-127.87,-360398.5,-280259.6,TAM,g,-5.922,1.0581,1,"elev, coast"
GRID_01108,-85.671,-126.429,-378355.2,-279243.2,TAM,g,-6.211,0.9965,1,coast
GRID_01109,-85.678,-126.501,-377392.2,-279265.7,TAM,g,-6.884,1.3597,1,coast
GRID_01110,-85.686,-126.574,-376337.5,-279228.0,TAM,g,-6.098,1.0476,1,coast
GRID_01111,-85.827,-127.549,-359377.0,-276248.3,TAM,g,-3.385,0.6731,1,"elev, coast"
GRID_01112,-85.834,-127.626,-358402.7,-276266.4,TAM,g,-5.225,1.0172,1,"elev, coast"
GRID_01113,-85.849,-127.146,-359404.6,-272269.4,TAM,g,-5.949,1.1089,1,coast
GRID_01114,-85.855,-127.045,-359363.3,-271242.4,TAM,g,-4.978,0.7741,1,coast
GRID_01115,-85.862,-127.122,-358391.6,-271265.8,TAM,g,-6.168,1.3741,1,coast
GRID_01116,-85.86,-126.943,-359411.1,-270275.5,TAM,g,-5.708,0.8637,1,"elev, coast"
GRID_01117,-85.88,-126.355,-360414.7,-265284.0,TAM,g,-4.144,0.9845,1,"elev, coast"
GRID_01118,-85.899,-126.224,-359353.9,-263238.5,TAM,g,-4.626,0.8528,1,"elev, coast"
GRID_01119,-85.897,-126.045,-360350.4,-262242.5,TAM,g,-5.214,1.1552,1,"elev, coast"
GRID_01120,-85.386,-127.37,-398348.8,-304230.3,TAM,c,-4.816,0.7774,1,coast
GRID_01121,-85.392,-127.279,-398312.3,-303202.0,TAM,g,-2.008,0.819,1,coast
GRID_01122,-85.382,-127.05,-400388.9,-302262.9,TAM,g,-4.373,0.9688,1,coast
GRID_01123,-85.39,-127.119,-399330.9,-302219.8,TAM,c,-4.541,0.8089,1,coast
GRID_01124,-85.397,-127.188,-398360.1,-302240.3,TAM,g,-4.953,0.6985,1,coast
GRID_01125,-85.404,-127.257,-397390.0,-302259.0,TAM,c,-5.554,0.8445,1,coast
GRID_01126,-85.395,-127.027,-399381.5,-301250.7,TAM,c,-4.654,0.7992,1,coast
GRID_01127,-85.403,-127.096,-398324.5,-301206.7,TAM,c,-4.264,0.6532,1,coast
GRID_01128,-85.41,-127.166,-397349.5,-301233.2,TAM,c,-4.439,0.5543,1,coast
GRID_01129,-85.401,-126.936,-399337.9,-300223.9,TAM,c,-2.22,0.897,1,coast
GRID_01130,-85.408,-127.005,-398368.1,-300246.4,TAM,c,-5.244,0.7337,1,coast
GRID_01131,-85.406,-126.844,-399384.3,-299256.2,TAM,c,-5.078,0.8102,1,coast
GRID_01132,-85.414,-126.913,-398328.0,-299214.5,TAM,c,-6.454,0.8632,1,coast
GRID_01133,-85.397,-126.615,-401362.8,-298241.4,TAM,c,-4.371,0.771,1,coast
GRID_01134,-85.405,-126.684,-400305.6,-298204.8,TAM,g,-1.977,0.837,1,coast
GRID_01135,-85.412,-126.752,-399341.5,-298224.1,TAM,c,-5.005,0.6768,1,coast
GRID_01136,-85.419,-126.821,-398372.6,-298248.6,TAM,c,-5.771,0.4754,1,coast
GRID_01137,-85.395,-126.455,-402369.0,-297248.7,TAM,g,-4.741,0.6035,1,coast
GRID_01138,-85.403,-126.523,-401316.8,-297208.2,TAM,c,-4.404,0.5712,1,coast
GRID_01139,-85.41,-126.592,-400347.3,-297237.5,TAM,c,-5.074,0.4106,1,coast
GRID_01140,-85.417,-126.66,-399383.6,-297257.9,TAM,c,-6.081,0.5773,1,coast
GRID_01141,-85.425,-126.729,-398328.0,-297218.3,TAM,g,-5.096,0.7006,1,coast
GRID_01142,-85.386,-126.227,-404338.3,-296223.6,TAM,g,-4.688,0.5848,1,coast
GRID_01143,-85.401,-126.363,-402320.3,-296215.3,TAM,g,-4.593,0.7508,1,coast
GRID_01144,-85.408,-126.431,-401356.0,-296240.5,TAM,c,-4.814,0.5314,1,coast
GRID_01145,-85.416,-126.499,-400304.7,-296199.1,TAM,c,-5.307,0.7072,1,coast
GRID_01146,-85.423,-126.568,-399336.3,-296227.4,TAM,g,-5.72,0.8955,1,coast
GRID_01147,-85.43,-126.636,-398373.6,-296246.9,TAM,c,-6.083,0.6666,1,coast
GRID_01148,-85.391,-126.135,-404374.2,-295253.3,TAM,c,-4.636,0.7351,1,coast
GRID_01149,-85.399,-126.203,-403321.5,-295219.1,TAM,c,-3.932,0.8905,1,coast
GRID_01150,-85.414,-126.339,-401305.5,-295209.0,TAM,g,-4.094,0.4808,1,coast
GRID_01151,-85.421,-126.407,-400342.2,-295233.2,TAM,c,-3.921,0.4653,1,coast
GRID_01152,-85.428,-126.475,-399379.4,-295255.6,TAM,c,-4.079,0.9497,1,coast
GRID_01153,-85.436,-126.544,-398324.5,-295218.3,TAM,g,-4.616,0.7069,1,coast
GRID_01154,-85.397,-126.043,-404320.2,-294219.7,TAM,c,-4.477,0.5919,1,coast
GRID_01155,-85.404,-126.11,-403360.8,-294243.6,TAM,c,-4.588,0.5458,1,coast
GRID_01156,-85.419,-126.246,-401345.6,-294235.7,TAM,g,-4.346,0.6278,1,coast
GRID_01157,-85.426,-126.314,-400382.7,-294261.0,TAM,g,-4.131,0.5777,1,coast
GRID_01158,-85.434,-126.382,-399332.8,-294219.9,TAM,c,-5.793,0.6859,1,coast
GRID_01159,-85.441,-126.451,-398365.8,-294248.3,TAM,g,-4.456,0.7942,1,coast
GRID_01160,-85.402,-125.95,-404357.0,-293243.8,TAM,c,-1.886,0.9201,1,coast
GRID_01161,-85.41,-126.017,-403310.1,-293204.8,TAM,c,-3.678,0.5778,1,coast
GRID_01162,-85.417,-126.085,-402346.6,-293234.9,TAM,g,-3.765,0.5797,1,coast
GRID_01163,-85.424,-126.153,-401383.6,-293263.1,TAM,c,-3.932,0.6846,1,coast
GRID_01164,-85.432,-126.221,-400333.4,-293225.2,TAM,c,-4.824,0.6255,1,coast
GRID_01165,-85.439,-126.289,-399371.5,-293249.5,TAM,g,-5.411,0.6975,1,coast
GRID_01166,-85.637,-128.22,-372347.5,-293219.1,TAM,g,-5.247,0.9666,1,coast
GRID_01167,-85.408,-125.857,-404303.6,-292204.8,TAM,c,-2.611,0.8248,1,coast
GRID_01168,-85.422,-125.992,-402382.1,-292261.9,TAM,g,-4.24,0.5609,1,coast
GRID_01169,-85.43,-126.06,-401331.6,-292227.1,TAM,c,-4.441,0.5902,1,coast
GRID_01170,-85.437,-126.128,-400369.6,-292254.4,TAM,g,-4.485,0.8208,1,coast
GRID_01171,-85.445,-126.196,-399320.4,-292215.5,TAM,c,-4.637,0.6691,1,coast
GRID_01172,-85.642,-128.125,-372405.5,-292265.7,TAM,g,-6.585,1.3023,1,coast
GRID_01173,-85.7,-128.731,-364373.8,-292242.3,TAM,g,-6.01,1.0647,1,"elev, coast"
GRID_01174,-85.413,-125.764,-404336.1,-291230.4,TAM,c,-2.941,0.7048,1,coast
GRID_01175,-85.435,-125.966,-401370.4,-291248.9,TAM,g,-3.911,0.78,1,coast
GRID_01176,-85.443,-126.034,-400320.9,-291213.3,TAM,g,-4.352,0.6365,1,coast
GRID_01177,-85.45,-126.103,-399354.8,-291246.6,TAM,g,-4.513,0.9065,1,coast
GRID_01178,-85.458,-126.171,-398306.6,-291206.9,TAM,g,-3.769,0.6447,1,coast
GRID_01179,-85.626,-127.807,-375396.4,-291260.8,TAM,g,-5.977,1.2368,1,coast
GRID_01180,-85.448,-125.941,-400352.8,-290243.9,TAM,g,-4.827,0.4259,1,coast
GRID_01181,-85.456,-126.009,-399304.3,-290207.4,TAM,g,-4.461,0.7463,1,coast
GRID_01182,-85.463,-126.077,-398344.3,-290232.8,TAM,g,-6.005,0.7484,1,coast
GRID_01183,-85.461,-125.915,-399339.5,-289233.0,TAM,g,-5.743,0.6731,1,coast
GRID_01184,-85.468,-125.983,-398380.0,-289259.4,TAM,g,-5.413,1.0057,1,"coast, slope"
GRID_01185,-85.645,-127.69,-374355.5,-289230.5,TAM,g,-6.443,1.3308,1,coast
GRID_01186,-85.472,-125.726,-399320.3,-287215.6,TAM,g,-6.102,0.7096,1,coast
GRID_01187,-85.477,-125.632,-399349.0,-286243.3,TAM,g,-5.434,0.8738,1,"coast, slope"
GRID_01188,-85.507,-125.905,-395338.1,-286229.6,TAM,g,-5.6,0.5421,1,coast
GRID_01189,-85.49,-125.605,-398334.4,-285232.0,TAM,g,-5.463,1.0095,1,coast
GRID_01190,-85.512,-125.81,-395371.2,-285255.6,TAM,g,-5.451,0.9507,1,coast
GRID_01191,-85.503,-125.578,-397319.0,-284221.8,TAM,g,-6.032,1.0011,1,coast
GRID_01192,-85.51,-125.646,-396362.8,-284249.5,TAM,g,-5.877,0.8181,1,coast
GRID_01193,-85.518,-125.715,-395313.8,-284218.8,TAM,g,-2.944,0.9087,1,coast
GRID_01194,-85.577,-126.271,-387364.5,-284245.8,TAM,c,-5.35,1.5168,1,coast
GRID_01195,-85.501,-125.414,-398308.1,-283209.4,TAM,g,-5.526,0.8297,1,coast
GRID_01196,-85.508,-125.482,-397351.9,-283240.0,TAM,g,-5.891,1.0019,1,coast
GRID_01197,-85.575,-126.105,-388362.2,-283250.5,TAM,c,-5.131,1.3698,1,coast
GRID_01198,-85.483,-125.116,-401376.9,-282259.9,TAM,c,-4.727,0.959,1,coast
GRID_01199,-85.491,-125.184,-400330.6,-282234.8,TAM,g,-4.731,0.7479,1,coast
GRID_01200,-85.498,-125.251,-399378.7,-282263.4,TAM,g,-5.435,0.6434,1,coast
GRID_01201,-85.506,-125.319,-398333.5,-282234.2,TAM,g,-5.71,0.9842,1,"coast, slope"
GRID_01202,-85.573,-125.938,-389362.2,-282245.0,TAM,g,-3.982,0.2454,1,coast
GRID_01203,-85.581,-126.008,-388313.3,-282209.0,TAM,c,-5.516,1.2126,1,coast
GRID_01204,-85.61,-126.291,-384373.0,-282257.1,TAM,c,-3.689,0.7485,1,coast
GRID_01205,-85.489,-125.021,-401310.0,-281219.6,TAM,c,-2.812,0.5159,1,coast
GRID_01206,-85.496,-125.088,-400358.0,-281251.1,TAM,g,-5.397,0.6625,1,coast
GRID_01207,-85.504,-125.155,-399317.6,-281218.1,TAM,g,-5.302,0.9159,1,coast
GRID_01208,-85.571,-125.772,-390354.7,-281242.8,TAM,c,-4.279,0.3906,1,coast
GRID_01209,-85.578,-125.842,-389393.8,-281273.8,TAM,c,-5.123,0.6119,1,coast
GRID_01210,-85.586,-125.912,-388345.3,-281239.1,TAM,c,-5.995,1.0226,1,coast
GRID_01211,-85.616,-126.194,-384323.7,-281220.7,TAM,g,-6.529,1.324,1,coast
GRID_01212,-85.623,-126.265,-383361.2,-281246.4,TAM,g,-6.19,1.1466,1,coast
GRID_01213,-85.494,-124.925,-401334.8,-280235.5,TAM,g,-5.823,0.78,1,coast
GRID_01214,-85.501,-124.992,-400383.2,-280268.1,TAM,g,-5.375,0.824,1,coast
GRID_01215,-85.569,-125.606,-391344.7,-280237.3,TAM,g,-5.72,0.6651,1,coast
GRID_01216,-85.576,-125.675,-390388.6,-280264.5,TAM,g,-6.291,0.6509,1,coast
GRID_01217,-85.591,-125.815,-388380.0,-280263.1,TAM,g,-6.062,1.1747,1,coast
GRID_01218,-85.599,-125.885,-387332.5,-280227.4,TAM,g,-5.964,1.0696,1,"coast, slope"
GRID_01219,-85.606,-125.955,-386373.7,-280253.5,TAM,g,-6.607,1.1467,1,coast
GRID_01220,-85.614,-126.026,-385322.5,-280220.5,TAM,g,-6.464,1.1089,1,coast
GRID_01221,-85.621,-126.097,-384360.0,-280249.3,TAM,g,-6.031,1.1556,1,coast
GRID_01222,-85.499,-124.829,-401357.5,-279252.1,TAM,g,-6.014,1.0554,1,"coast, slope"
GRID_01223,-85.507,-124.896,-400317.1,-279223.5,TAM,g,-5.472,0.675,1,coast
GRID_01224,-85.618,-129.105,-369377.4,-300238.4,TAM,s,-6.114,0.8624,1,coast
GRID_01225,-85.701,-129.688,-359358.2,-298217.8,TAM,g,-5.326,0.7018,1,"elev, coast"
GRID_01226,-85.685,-129.36,-362404.7,-297259.1,TAM,g,-5.621,0.9412,1,coast
GRID_01227,-85.693,-129.437,-361333.0,-297193.3,TAM,g,-5.769,0.9943,1,coast
GRID_01228,-85.7,-129.515,-360340.9,-297200.6,TAM,g,-5.7,0.489,1,"elev, coast"
GRID_01229,-85.537,-131.81,-361361.6,-323208.1,TAM,g,-4.873,0.7828,0,in range
GRID_01230,-85.556,-131.712,-360371.5,-321214.7,TAM,g,-5.542,0.7735,0,in range
GRID_01231,-85.562,-131.623,-360382.3,-320221.2,TAM,g,-5.839,0.7518,0,in range
GRID_01232,-85.593,-131.345,-359401.0,-316242.0,TAM,g,-4.663,0.6964,1,coast
GRID_01233,-85.592,-131.176,-360414.1,-315252.1,TAM,g,-5.883,0.9263,1,coast
GRID_01234,-85.642,-130.619,-359334.8,-308194.0,TAM,g,-5.915,0.8274,1,coast
GRID_01235,-85.648,-130.527,-359333.3,-307192.6,TAM,g,-2.98,0.9269,1,coast
GRID_01236,-85.66,-130.513,-358416.4,-306257.2,TAM,g,-4.425,1.1357,1,coast
GRID_01237,-85.666,-130.421,-358411.0,-305258.3,TAM,g,-5.614,0.9384,1,coast
GRID_01238,-85.447,-146.021,-276427.8,-410145.3,TAM,n,-6.724,0.5887,1,litho
GRID_01239,-85.449,-145.86,-277457.2,-409186.9,TAM,n,-6.205,0.6484,1,litho
GRID_01249,-85.702,-142.463,-284453.6,-370211.9,TAM,n,-6.149,0.6325,1,litho
GRID_01250,-85.71,-142.388,-284407.1,-369150.2,TAM,g,-5.833,0.5451,0,in range
GRID_01251,-85.808,-141.667,-282421.0,-357183.9,TAM,g,-6.781,1.0789,0,in range
GRID_01252,-85.861,-141.572,-279431.4,-352201.0,TAM,g,-6.718,1.1413,0,in range
GRID_01253,-85.858,-141.114,-282442.6,-350210.0,TAM,g,-7.129,0.9995,0,in range
GRID_01254,-85.825,-140.347,-289394.8,-349160.1,TAM,g,-6.272,0.7371,0,in range
GRID_01255,-86.039,-132.064,-319405.0,-288240.2,TAM,c,-5.79,1.099,1,coast
GRID_01256,-86.133,-132.958,-307390.6,-286225.4,TAM,g,-5.67,0.3914,1,"elev, coast"
GRID_01257,-86.091,-132.025,-315402.0,-284238.5,TAM,g,-4.095,1.0341,1,coast
GRID_01258,-86.145,-132.757,-307435.0,-284259.7,TAM,g,-6.366,0.9128,1,"elev, coast"
GRID_01259,-86.145,-132.564,-308390.8,-283222.5,TAM,g,-5.441,0.9452,1,coast
GRID_01260,-86.192,-133.024,-302372.1,-282203.5,TAM,g,-5.28,0.9008,1,"elev, coast"
GRID_01261,-86.054,-131.012,-323412.8,-281257.4,TAM,g,-6.084,0.6375,1,coast
GRID_01262,-86.075,-131.276,-320397.8,-281238.6,TAM,c,-6.034,1.1928,1,coast
GRID_01263,-86.067,-130.998,-322414.9,-280251.3,TAM,g,-6.408,1.0506,1,coast
GRID_01264,-86.081,-131.175,-320402.1,-280244.0,TAM,g,-6.865,0.9264,1,coast
GRID_01265,-86.088,-131.264,-319394.4,-280239.5,TAM,g,-5.904,0.5967,1,coast
GRID_01266,-86.095,-131.353,-318387.5,-280232.5,TAM,c,-7.031,1.7478,1,coast
GRID_01267,-86.136,-131.894,-312409.8,-280250.2,TAM,g,-4.493,0.9412,1,coast
GRID_01268,-86.073,-130.897,-322415.4,-279255.5,TAM,g,-5.648,0.6343,1,coast
GRID_01269,-86.087,-131.074,-320403.9,-279250.2,TAM,g,-7.202,1.0172,1,coast
GRID_01270,-86.094,-131.162,-319401.8,-279241.2,TAM,g,-4.652,0.5823,1,coast
GRID_01271,-86.101,-131.251,-318395.6,-279235.2,TAM,g,-5.683,1.2281,1,coast
GRID_01272,-86.108,-131.341,-317385.2,-279232.4,TAM,g,-5.131,1.0775,1,coast
GRID_01273,-86.086,-130.884,-321410.4,-278257.3,TAM,c,-7.503,1.1682,1,coast
GRID_01274,-86.093,-130.972,-320408.1,-278251.7,TAM,g,-6.525,0.612,1,coast
GRID_01275,-86.1,-131.06,-319406.6,-278243.7,TAM,g,-5.274,0.6584,1,coast
GRID_01276,-86.114,-131.239,-317391.4,-278237.0,TAM,c,-5.572,1.1992,1,coast
GRID_01277,-86.092,-130.782,-321411.4,-277258.7,TAM,g,-5.3,0.6266,1,coast
GRID_01278,-86.099,-130.87,-320409.7,-277254.1,TAM,g,-6.881,0.8672,1,coast
GRID_01279,-86.106,-130.958,-319408.9,-277247.1,TAM,g,-5.972,1.2085,1,coast
GRID_01280,-86.113,-131.047,-318404.0,-277243.2,TAM,g,-4.714,1.0711,1,coast
GRID_01281,-86.12,-131.137,-317395.0,-277242.5,TAM,c,-5.146,1.1261,1,coast
GRID_01282,-86.098,-130.679,-321414.6,-276255.3,TAM,g,-5.432,0.4631,1,coast
GRID_01283,-86.105,-130.767,-320413.7,-276251.8,TAM,g,-6.046,0.7992,1,coast
GRID_01284,-86.112,-130.856,-319408.6,-276251.4,TAM,g,-6.506,0.8193,1,coast
GRID_01285,-86.119,-130.945,-318404.4,-276248.5,TAM,g,-5.953,1.489,1,coast
GRID_01286,-86.126,-131.034,-317400.9,-276243.3,TAM,g,-5.542,1.0801,1,coast
GRID_01287,-86.133,-131.124,-316393.4,-276241.0,TAM,c,-5.052,1.4294,1,coast
GRID_01288,-86.161,-131.485,-312366.6,-276212.9,TAM,g,-5.23,0.7588,1,coast
GRID_01289,-86.167,-131.576,-311439.6,-276275.8,TAM,g,-5.837,0.8567,1,coast
GRID_01290,-85.998,-129.291,-336425.3,-275272.7,TAM,g,-6.386,0.6009,1,coast
GRID_01291,-86.104,-130.577,-321410.6,-275258.4,TAM,g,-6.201,0.6212,1,coast
GRID_01292,-86.111,-130.665,-320410.2,-275255.9,TAM,g,-5.254,0.5805,1,coast
GRID_01293,-86.125,-130.842,-318407.1,-275249.2,TAM,g,-6.56,1.1811,1,coast
GRID_01294,-86.139,-131.021,-316397.4,-275243.8,TAM,g,-4.253,1.2937,1,coast
GRID_01295,-86.146,-131.11,-315396.2,-275234.6,TAM,c,-6.81,1.0962,1,coast
GRID_01296,-86.18,-131.564,-310440.2,-275273.1,TAM,g,-5.97,0.8911,1,coast
GRID_01297,-85.875,-127.736,-354346.4,-274225.8,TAM,g,-3.952,0.7936,1,"elev, coast"
GRID_01298,-85.882,-127.814,-353371.5,-274241.4,TAM,g,-4.923,0.5165,1,"elev, coast"
GRID_01299,-85.997,-129.106,-337396.7,-274253.5,TAM,g,-6.621,0.656,1,coast
GRID_01300,-86.004,-129.189,-336409.3,-274261.2,TAM,g,-6.082,1.0236,1,coast
GRID_01301,-86.131,-130.739,-318407.2,-274250.7,TAM,g,-5.561,1.2581,1,coast
GRID_01302,-86.145,-130.918,-316398.9,-274247.3,TAM,g,-4.565,0.9847,1,coast
GRID_01303,-86.152,-131.007,-315398.3,-274239.2,TAM,g,-6.501,1.0799,1,coast
GRID_01304,-86.159,-131.097,-314393.7,-274234.1,TAM,c,-6.011,1.1156,1,coast
GRID_01305,-85.902,-127.87,-351386.9,-273251.8,TAM,g,-5.615,0.6591,1,"elev, coast"
GRID_01306,-85.953,-128.43,-344356.0,-273226.9,TAM,g,-4.462,0.3253,1,"elev, coast"
GRID_01307,-85.96,-128.511,-343373.9,-273239.6,TAM,g,-5.973,0.9064,1,"elev, coast"
GRID_01308,-85.996,-128.921,-338365.1,-273231.0,TAM,g,-6.238,0.6318,1,coast
GRID_01309,-86.003,-129.004,-337377.5,-273241.9,TAM,g,-5.806,0.687,1,coast
GRID_01310,-86.01,-129.087,-336390.7,-273250.6,TAM,g,-6.003,0.6731,1,coast
GRID_01311,-86.158,-130.904,-315397.9,-273244.7,TAM,g,-5.594,0.9578,1,coast
GRID_01312,-86.186,-131.266,-311377.5,-273224.6,TAM,g,-5.856,0.8649,1,coast
GRID_01313,-86.199,-131.449,-309444.1,-273282.3,TAM,g,-5.731,0.6795,1,coast
GRID_01314,-86.206,-131.541,-308435.4,-273274.3,TAM,g,-5.956,0.9164,1,coast
GRID_01315,-86.227,-131.819,-305404.7,-273245.6,TAM,g,-4.345,0.8406,1,"elev, coast"
GRID_01316,-85.908,-127.768,-351357.1,-272226.3,TAM,g,-6.487,0.6878,1,coast
GRID_01317,-85.966,-128.409,-343348.7,-272222.7,TAM,g,-5.606,0.8951,1,"elev, coast"
GRID_01318,-85.987,-128.654,-340398.7,-272262.4,TAM,g,-6.082,0.8154,1,coast
GRID_01319,-85.994,-128.736,-339415.1,-272273.1,TAM,g,-5.657,0.5639,1,coast
GRID_01320,-86.002,-128.818,-338347.5,-272213.4,TAM,g,-6.15,0.6121,1,coast
GRID_01321,-86.009,-128.901,-337360.6,-272225.4,TAM,g,-5.758,1.0978,1,coast
GRID_01322,-86.016,-128.984,-336374.4,-272235.1,TAM,g,-6.234,1.0544,1,coast
GRID_01323,-86.199,-131.253,-310377.1,-272222.2,TAM,g,-5.608,0.8424,1,coast
GRID_01324,-85.935,-127.904,-348393.9,-271256.3,TAM,g,-3.395,1.0687,1,coast
GRID_01325,-85.964,-128.225,-344392.0,-271253.2,TAM,g,-4.978,0.5461,1,"elev, coast"
GRID_01326,-85.971,-128.306,-343411.0,-271268.1,TAM,g,-5.902,0.9043,1,"elev, coast"
GRID_01327,-85.979,-128.387,-342345.5,-271213.2,TAM,g,-6.192,1.0817,1,coast
GRID_01328,-86.0,-128.633,-339394.5,-271255.3,TAM,g,-5.181,0.3166,1,coast
GRID_01329,-86.191,-130.966,-312393.4,-271234.2,TAM,g,-5.499,0.9075,1,coast
GRID_01330,-86.198,-131.057,-311388.5,-271230.2,TAM,g,-5.601,0.9094,1,coast
GRID_01331,-85.97,-128.122,-344365.9,-270230.9,TAM,g,-5.642,0.6565,1,"elev, coast"
GRID_01332,-85.984,-128.285,-342401.1,-270266.6,TAM,g,-5.602,0.6121,1,coast
GRID_01333,-86.013,-128.612,-338389.6,-270248.9,TAM,g,-5.862,1.119,1,coast
GRID_01334,-85.895,-127.149,-355404.1,-269268.1,TAM,g,-6.083,1.1611,1,coast
GRID_01335,-85.983,-128.1,-343357.5,-269226.7,TAM,g,-6.258,1.1121,1,coast
GRID_01336,-85.99,-128.181,-342378.4,-269241.4,TAM,g,-5.492,0.6051,1,coast
GRID_01337,-86.012,-128.426,-339350.3,-269216.6,TAM,g,-5.436,0.6326,1,coast
GRID_01338,-85.901,-127.047,-355362.3,-268242.0,TAM,g,-6.29,1.2466,1,coast
GRID_01339,-85.908,-127.124,-354394.7,-268260.0,TAM,g,-6.128,1.4175,1,coast
GRID_01340,-85.988,-127.997,-343412.6,-268274.4,TAM,g,-3.502,1.0298,1,coast
GRID_01341,-85.996,-128.078,-342348.4,-268223.2,TAM,g,-6.188,1.0252,1,coast
GRID_01342,-86.237,-131.016,-308383.9,-268225.3,TAM,g,-6.226,0.7864,1,"elev, coast"
GRID_01343,-85.914,-127.022,-354350.9,-267235.9,TAM,g,-4.118,0.8746,1,coast
GRID_01344,-86.001,-127.974,-342406.2,-267266.9,TAM,g,-6.313,1.0035,1,coast
GRID_01345,-86.009,-128.055,-341343.2,-267214.6,TAM,g,-5.41,0.5092,1,coast
GRID_01346,-86.243,-130.911,-308382.1,-267232.6,TAM,g,-4.36,0.734,1,"elev, coast"
GRID_01347,-85.912,-126.841,-355367.3,-266245.5,TAM,g,-4.349,0.6444,1,coast
GRID_01348,-86.242,-130.713,-309386.2,-266236.2,TAM,g,-5.568,0.9149,1,coast
GRID_01349,-86.249,-130.804,-308387.0,-266230.1,TAM,g,-5.979,0.7452,1,"elev, coast"
GRID_01350,-86.275,-130.775,-306381.6,-264228.3,TAM,g,-3.43,0.8607,1,coast
GRID_01351,-85.951,-126.763,-352332.8,-263223.9,TAM,w,-5.187,0.8676,1,coast
GRID_01352,-85.958,-126.841,-351365.1,-263247.0,TAM,w,-5.837,0.7353,1,coast
GRID_01353,-86.232,-130.03,-313370.1,-263228.4,TAM,c,-4.855,1.4306,1,coast
GRID_01354,-85.949,-126.581,-353341.7,-262233.0,TAM,g,-5.548,0.8559,1,coast
GRID_01355,-85.956,-126.658,-352378.5,-262253.3,TAM,g,-4.999,0.555,1,coast
GRID_01356,-85.985,-126.972,-348417.3,-262284.4,TAM,c,-5.107,0.768,1,coast
GRID_01357,-86.238,-129.922,-313365.5,-262218.8,TAM,g,-5.493,1.0148,1,coast
GRID_01358,-86.245,-130.012,-312370.5,-262221.5,TAM,g,-4.767,0.8634,1,coast
GRID_01359,-86.301,-130.745,-304378.9,-262223.4,TAM,g,-5.445,0.9768,1,coast
GRID_01360,-85.954,-126.476,-353384.6,-261261.9,TAM,g,-6.38,1.0396,1,coast
GRID_01361,-85.961,-126.553,-352421.9,-261283.3,TAM,g,-5.268,0.479,1,coast
GRID_01362,-85.969,-126.631,-351367.9,-261243.9,TAM,g,-5.149,0.5618,1,coast
GRID_01363,-85.976,-126.71,-350397.3,-261273.3,TAM,w,-6.291,0.9736,1,"coast, slope"
GRID_01364,-85.984,-126.788,-349344.8,-261229.2,TAM,w,-5.958,0.7479,1,coast
GRID_01365,-85.991,-126.867,-348375.5,-261254.1,TAM,g,-5.68,0.7814,1,coast
GRID_01366,-86.258,-129.995,-311365.8,-261220.6,TAM,g,-5.522,0.9706,1,coast
GRID_01367,-86.272,-130.177,-309371.8,-261226.6,TAM,g,-5.186,0.7293,1,"coast, slope"
GRID_01368,-86.279,-130.268,-308376.0,-261225.9,TAM,g,-5.633,0.6913,1,"elev, coast"
GRID_01369,-86.286,-130.36,-307376.3,-261228.0,TAM,g,-5.44,0.751,1,"elev, coast, slope"
GRID_01370,-86.293,-130.452,-306377.5,-261227.6,TAM,g,-5.696,0.7319,1,"coast, slope"
GRID_01371,-86.3,-130.544,-305379.5,-261224.6,TAM,g,-5.545,0.9028,1,coast
GRID_01372,-85.96,-126.371,-353337.6,-260227.0,TAM,w,-6.138,0.8825,1,coast
GRID_01373,-85.967,-126.449,-352370.9,-260255.7,TAM,w,-6.384,1.0441,1,coast
GRID_01374,-85.974,-126.526,-351409.3,-260276.1,TAM,w,-6.999,1.0949,1,coast
GRID_01375,-85.982,-126.604,-350356.5,-260235.6,TAM,g,-6.225,1.2754,1,coast
GRID_01376,-86.27,-129.978,-310443.8,-260290.2,TAM,g,-5.159,0.8468,1,"elev, coast"
GRID_01377,-85.958,-126.189,-354337.9,-259231.7,TAM,w,-6.034,0.9306,1,coast
GRID_01378,-85.965,-126.266,-353375.6,-259257.5,TAM,w,-4.986,0.2907,1,coast
GRID_01379,-85.972,-126.343,-352413.9,-259281.2,TAM,w,-6.382,0.7975,1,coast
GRID_01380,-86.269,-129.779,-311429.5,-259279.9,TAM,g,-5.649,0.9515,1,coast
GRID_01381,-85.963,-126.083,-354377.6,-258255.6,TAM,w,-3.772,1.1843,1,coast
GRID_01382,-85.97,-126.16,-353415.8,-258282.6,TAM,w,-5.648,0.8023,1,coast
GRID_01383,-85.978,-126.238,-352362.4,-258249.3,TAM,w,-4.261,0.8304,1,coast
GRID_01384,-85.985,-126.315,-351401.8,-258272.0,TAM,g,-4.81,0.8572,1,coast
GRID_01385,-86.401,-131.353,-293420.5,-258257.5,TAM,g,-5.578,0.882,1,coast
GRID_01386,-85.961,-125.901,-355372.3,-257256.1,TAM,g,-5.943,0.7737,1,"elev, coast"
GRID_01387,-85.976,-126.055,-353361.2,-257250.6,TAM,w,-6.494,0.8988,1,coast
GRID_01388,-85.983,-126.132,-352400.6,-257276.5,TAM,w,-6.635,0.9216,1,coast
GRID_01389,-85.991,-126.209,-351352.8,-257236.1,TAM,w,-3.011,1.0219,1,coast
GRID_01390,-85.998,-126.287,-350388.9,-257263.8,TAM,w,-7.039,1.2144,1,coast
GRID_01391,-86.006,-126.365,-349338.0,-257224.9,TAM,c,-6.461,1.2688,1,coast
GRID_01392,-86.288,-129.651,-310417.9,-257265.8,TAM,g,-5.257,1.0446,1,coast
GRID_01393,-86.295,-129.742,-309423.9,-257272.0,TAM,g,-6.394,1.0159,1,coast
GRID_01394,-85.981,-125.949,-353396.5,-256277.3,TAM,w,-5.605,0.9484,1,coast
GRID_01395,-85.989,-126.026,-352348.4,-256240.5,TAM,w,-5.229,1.0583,1,coast
GRID_01396,-85.996,-126.103,-351388.9,-256265.4,TAM,w,-6.34,1.0233,1,coast
GRID_01397,-86.004,-126.181,-350337.7,-256230.1,TAM,w,-6.58,1.1654,1,coast
GRID_01398,-86.011,-126.259,-349375.0,-256256.7,TAM,c,-6.099,1.0986,1,coast
GRID_01399,-86.287,-129.451,-311398.0,-256249.7,TAM,g,-5.609,1.0018,1,coast
GRID_01400,-86.294,-129.542,-310403.8,-256259.6,TAM,c,-6.827,1.3076,1,coast
GRID_01401,-86.301,-129.632,-309415.0,-256261.5,TAM,g,-5.651,0.8341,1,coast
GRID_01402,-85.972,-125.689,-355350.5,-255241.8,TAM,g,-5.597,1.0641,1,"elev, coast"
GRID_01403,-85.987,-125.842,-353345.7,-255234.9,TAM,g,-6.022,0.7979,1,coast
GRID_01404,-85.994,-125.919,-352386.1,-255263.1,TAM,g,-6.264,1.1302,1,coast
GRID_01405,-86.002,-125.997,-351334.7,-255231.5,TAM,g,-6.102,1.057,1,coast
GRID_01406,-86.009,-126.074,-350376.3,-255255.3,TAM,g,-3.088,0.9686,1,coast
GRID_01407,-86.016,-126.152,-349414.0,-255283.2,TAM,c,-4.702,1.442,1,coast
GRID_01408,-86.024,-126.23,-348364.7,-255244.6,TAM,c,-7.167,0.9267,1,coast
GRID_01409,-86.286,-129.251,-312374.7,-255229.9,TAM,g,-5.552,0.9086,1,coast
GRID_01410,-86.293,-129.341,-311385.0,-255238.0,TAM,g,-5.778,0.7779,1,coast
GRID_01411,-86.3,-129.432,-310391.6,-255249.0,TAM,g,-5.954,0.7702,1,"elev, coast"
GRID_01412,-86.307,-129.522,-309403.3,-255252.0,TAM,g,-5.154,1.0858,1,"coast, slope"
GRID_01413,-85.977,-125.583,-355380.0,-254267.6,TAM,g,-3.823,0.8125,1,"elev, coast"
GRID_01414,-85.985,-125.659,-354335.8,-254231.8,TAM,g,-5.952,0.969,1,coast
GRID_01415,-85.992,-125.736,-353376.1,-254263.3,TAM,g,-4.865,0.6132,1,coast
GRID_01416,-85.999,-125.813,-352417.0,-254292.7,TAM,g,-6.413,1.3323,1,coast
GRID_01417,-86.007,-125.89,-351370.4,-254256.3,TAM,g,-5.057,0.8229,1,coast
GRID_01418,-86.014,-125.967,-350412.5,-254281.3,TAM,g,-5.899,0.9387,1,coast
GRID_01419,-86.291,-129.141,-312442.6,-254286.7,TAM,g,-5.614,1.0617,1,coast
GRID_01420,-86.299,-129.231,-311369.3,-254227.2,TAM,g,-6.116,0.9355,1,coast
GRID_01421,-86.313,-129.412,-309389.0,-254243.5,TAM,g,-4.92,0.5975,1,coast
GRID_01422,-85.982,-125.476,-355411.6,-253288.1,TAM,g,-4.227,0.5148,1,"elev, coast"
GRID_01423,-85.99,-125.552,-354367.7,-253253.6,TAM,g,-5.411,0.7466,1,coast
GRID_01424,-85.997,-125.629,-353408.5,-253286.3,TAM,g,-5.247,1.5168,1,"coast, slope"
GRID_01425,-86.005,-125.706,-352361.6,-253253.5,TAM,g,-4.73,0.3046,1,coast
GRID_01426,-86.012,-125.783,-351403.6,-253281.8,TAM,g,-4.905,0.3261,1,coast
GRID_01427,-86.02,-125.86,-350358.1,-253244.4,TAM,c,-7.52,0.9163,1,coast
GRID_01428,-86.297,-129.031,-312423.7,-253275.7,TAM,g,-5.489,1.1016,1,coast
GRID_01429,-86.304,-129.121,-311435.2,-253286.1,TAM,g,-6.116,0.9908,1,coast
GRID_01430,-86.01,-125.598,-352396.4,-252272.4,TAM,g,-6.59,0.8041,1,coast
GRID_01431,-86.018,-125.675,-351350.6,-252238.6,TAM,g,-5.373,0.8918,1,coast
GRID_01432,-86.303,-128.92,-312406.4,-252260.3,TAM,g,-5.588,0.8352,1,coast
GRID_01433,-86.31,-129.01,-311418.5,-252271.8,TAM,g,-5.549,0.8337,1,coast
GRID_01434,-86.031,-125.645,-350334.2,-251231.0,TAM,g,-6.681,1.2744,1,coast
GRID_01435,-86.038,-125.722,-349378.4,-251257.3,TAM,w,-6.779,0.863,1,coast
GRID_01436,-86.045,-125.8,-348418.9,-251287.6,TAM,g,-5.852,0.9447,1,coast
GRID_01437,-86.028,-125.46,-351409.2,-250287.7,TAM,g,-2.837,0.9584,1,coast
GRID_01438,-86.043,-125.614,-349409.5,-250281.8,TAM,g,-4.988,0.6404,1,coast
GRID_01439,-86.322,-128.787,-311381.4,-250240.8,TAM,g,-6.129,0.965,1,coast
GRID_01440,-86.327,-128.675,-311445.7,-249292.0,TAM,g,-5.235,0.712,1,coast
GRID_01441,-86.039,-125.243,-351377.9,-248265.0,TAM,g,-5.675,0.6444,1,coast
GRID_01442,-86.221,-126.867,-328373.3,-246254.0,TAM,g,-4.954,0.7325,1,coast
GRID_01443,-86.212,-126.588,-330354.0,-245235.2,TAM,g,-4.294,0.8946,1,coast
GRID_01444,-86.226,-126.755,-328418.6,-245286.5,TAM,g,-6.586,1.2783,1,coast
GRID_01445,-86.234,-126.839,-327362.7,-245246.3,TAM,g,-6.799,0.8136,1,coast
GRID_01446,-86.241,-126.923,-326394.6,-245268.9,TAM,g,-5.553,0.9557,1,coast
GRID_01447,-86.21,-126.394,-331357.5,-244244.3,TAM,g,-6.538,0.8492,1,coast
GRID_01448,-86.217,-126.476,-330395.8,-244265.9,TAM,g,-5.45,0.7268,1,coast
GRID_01449,-86.224,-126.559,-329430.4,-244291.1,TAM,g,-6.669,0.9364,1,coast
GRID_01450,-86.232,-126.643,-328374.2,-244254.8,TAM,g,-4.649,0.8641,1,coast
GRID_01451,-86.239,-126.726,-327410.2,-244275.2,TAM,g,-6.412,1.1982,1,coast
GRID_01452,-86.247,-126.81,-326355.5,-244234.0,TAM,c,-7.669,1.0672,1,coast
GRID_01453,-86.254,-126.895,-325384.4,-244261.1,TAM,c,-6.673,1.2693,1,coast
GRID_01454,-86.215,-126.282,-331396.2,-243274.5,TAM,g,-5.777,0.9859,1,coast
GRID_01455,-86.222,-126.364,-330435.0,-243297.4,TAM,g,-5.5,0.7028,1,coast
GRID_01456,-86.23,-126.447,-329382.7,-243259.2,TAM,g,-6.159,1.0218,1,coast
GRID_01457,-86.237,-126.53,-328418.6,-243283.2,TAM,g,-5.34,0.6105,1,coast
GRID_01458,-86.206,-126.005,-333359.8,-242244.5,TAM,g,-6.848,1.1312,1,coast
GRID_01459,-86.221,-126.169,-331348.9,-242235.5,TAM,g,-2.747,0.9479,1,coast
GRID_01460,-86.243,-126.418,-328368.7,-242253.6,TAM,g,-5.944,0.8697,1,coast
GRID_01461,-86.25,-126.501,-327405.8,-242276.4,TAM,g,-6.367,1.2843,1,coast
GRID_01462,-86.331,-126.004,-322372.8,-234252.0,TAM,g,-6.652,1.2236,1,coast
GRID_01463,-86.344,-125.973,-321356.0,-233247.5,TAM,g,-6.18,0.6485,1,coast
GRID_01464,-86.351,-126.057,-320398.7,-233270.6,TAM,g,-4.975,1.0045,1,coast
GRID_01465,-86.297,-125.272,-328356.2,-232248.4,TAM,g,-6.567,0.8573,1,coast
GRID_01466,-86.327,-125.603,-324357.9,-232243.1,TAM,g,-6.611,0.7897,1,coast
GRID_01467,-86.334,-125.687,-323399.1,-232274.6,TAM,g,-2.821,0.794,1,coast
GRID_01468,-86.302,-125.156,-328381.5,-231270.2,TAM,g,-6.291,0.7183,1,coast
GRID_01469,-86.335,-125.169,-325397.0,-229278.7,TAM,g,-6.144,1.0488,1,coast
GRID_01470,-86.453,-125.053,-315361.9,-221253.8,TAM,n,-4.528,0.7269,1,"coast, litho"
GRID_01471,-86.492,-124.401,-314361.9,-215256.2,TAM,n,-3.679,0.5141,1,"coast, litho"
GRID_01472,-86.499,-124.486,-313415.2,-215291.6,TAM,n,-3.682,0.4557,1,"coast, litho"
GRID_01486,-85.476,-139.768,-317418.9,-375189.3,TAM,g,-6.41,1.0838,0,in range
GRID_01488,-85.495,-139.872,-315405.7,-374185.0,TAM,g,-5.952,0.388,0,in range
GRID_01493,-85.533,-140.08,-311393.4,-372158.3,TAM,g,-6.832,0.9483,0,in range
GRID_01495,-85.726,-139.349,-302444.5,-352233.1,TAM,g,-4.117,0.2654,0,in range
GRID_01496,-85.715,-138.989,-305436.5,-351228.3,TAM,c,-4.741,0.6596,0,in range
GRID_01497,-85.721,-139.081,-304444.9,-351225.4,TAM,g,-5.583,0.5556,0,in range
GRID_01498,-85.727,-139.175,-303441.7,-351230.7,TAM,g,-4.829,0.7974,0,in range
GRID_01499,-85.716,-138.815,-306430.2,-350217.3,TAM,g,-5.092,0.7866,0,in range
GRID_01500,-85.644,-137.381,-320399.6,-348200.1,TAM,n,-6.134,0.5794,1,litho
GRID_01501,-85.65,-137.47,-319417.3,-348216.6,TAM,n,-6.816,0.8289,1,litho
GRID_01502,-85.7,-138.192,-311379.8,-348161.5,TAM,g,-5.561,0.8209,0,in range
GRID_01503,-85.748,-138.932,-303428.6,-348219.1,TAM,c,-5.531,0.7137,0,in range
GRID_01504,-85.754,-139.025,-302435.2,-348218.7,TAM,c,-4.812,0.6645,0,in range
GRID_01505,-85.706,-138.11,-311442.1,-347229.8,TAM,g,-5.561,0.7064,0,in range
GRID_01506,-85.725,-138.386,-308393.9,-347181.5,TAM,g,-4.538,0.2616,0,in range
GRID_01507,-85.731,-138.478,-307403.6,-347187.8,TAM,g,-5.949,1.0307,0,in range
GRID_01508,-85.737,-138.571,-306408.0,-347197.2,TAM,g,-5.609,1.059,0,in range
GRID_01509,-85.749,-138.757,-304419.1,-347209.0,TAM,c,-4.028,0.5205,0,in range
GRID_01510,-85.755,-138.85,-303425.8,-347211.4,TAM,c,-1.949,0.7813,0,in range
GRID_01511,-85.761,-138.944,-302427.3,-347216.8,TAM,c,-2.045,0.8999,0,in range
GRID_01512,-85.658,-137.216,-320367.0,-346158.7,TAM,g,-6.616,0.4989,0,in range
GRID_01513,-85.664,-137.305,-319386.5,-346176.4,TAM,n,-6.585,0.7203,1,litho
GRID_01514,-85.75,-138.582,-305406.2,-346196.0,TAM,g,-6.212,1.3657,0,in range
GRID_01515,-85.756,-138.675,-304413.1,-346201.4,TAM,g,-4.031,0.2919,0,in range
GRID_01516,-85.81,-139.525,-295432.7,-346213.0,TAM,n,-5.897,1.1605,1,litho
GRID_01517,-85.658,-137.045,-321398.7,-345201.0,TAM,g,-6.226,0.5921,0,in range
GRID_01518,-85.664,-137.134,-320418.2,-345221.7,TAM,n,-6.664,0.834,1,litho
GRID_01519,-85.671,-137.223,-319364.7,-345160.3,TAM,n,-5.682,0.6555,1,litho
GRID_01520,-85.72,-137.946,-311415.1,-345206.7,TAM,g,-6.012,1.1079,0,in range
GRID_01521,-85.751,-138.407,-306390.0,-345180.3,TAM,g,-5.712,1.0099,0,in range
GRID_01522,-85.763,-138.593,-304404.9,-345194.5,TAM,c,-4.325,1.0699,0,in range
GRID_01523,-85.769,-138.686,-303413.5,-345198.2,TAM,c,-4.019,0.4884,0,in range
GRID_01524,-85.775,-138.78,-302416.9,-345204.8,TAM,c,-4.411,0.7403,0,in range
GRID_01525,-85.882,-140.513,-284441.2,-345214.4,TAM,g,-5.87,1.0086,0,in range
GRID_01526,-85.733,-137.955,-310414.2,-344205.9,TAM,c,-6.922,1.113,0,in range
GRID_01527,-85.739,-138.047,-309425.0,-344218.7,TAM,g,-5.499,1.2591,0,in range
GRID_01528,-85.758,-138.324,-306383.7,-344167.6,TAM,c,-5.73,1.3059,0,in range
GRID_01529,-85.77,-138.51,-304400.4,-344183.1,TAM,c,-4.715,0.7009,0,in range
GRID_01530,-85.776,-138.604,-303403.9,-344192.7,TAM,c,-4.461,1.2646,0,in range
GRID_01531,-85.782,-138.697,-302414.3,-344194.6,TAM,c,-4.714,0.7944,0,in range
GRID_01532,-85.794,-138.886,-300419.3,-344207.3,TAM,n,-5.422,0.9782,1,litho
GRID_01533,-85.678,-136.968,-320378.3,-343179.2,TAM,g,-6.001,0.7176,0,in range
GRID_01534,-85.69,-137.146,-318423.1,-343216.3,TAM,g,-5.51,0.9601,0,in range
GRID_01535,-85.74,-137.872,-310402.0,-343191.4,TAM,g,-5.394,0.9522,0,in range
GRID_01536,-85.746,-137.964,-309413.7,-343204.8,TAM,g,-5.016,1.1941,0,in range
GRID_01537,-85.752,-138.056,-308426.2,-343216.0,TAM,g,-4.27,0.7078,0,in range
GRID_01538,-85.764,-138.241,-306447.4,-343236.8,TAM,g,-5.627,0.9073,0,in range
GRID_01539,-85.771,-138.334,-305383.9,-343165.2,TAM,c,-7.006,1.4711,0,in range
GRID_01540,-85.777,-138.427,-304393.6,-343172.4,TAM,c,-5.905,1.0396,0,in range
GRID_01541,-85.783,-138.521,-303398.1,-343182.6,TAM,g,-5.098,0.6439,0,in range
GRID_01542,-85.867,-139.859,-289414.4,-343191.9,TAM,g,-6.013,0.8879,0,in range
GRID_01543,-85.879,-140.054,-287407.0,-343174.7,TAM,g,-5.774,1.0272,0,in range
GRID_01544,-85.691,-136.974,-319377.8,-342179.4,TAM,g,-5.707,0.5002,0,in range
GRID_01545,-85.759,-137.973,-308413.5,-342203.5,TAM,g,-5.709,0.863,0,in range
GRID_01546,-85.784,-138.345,-304378.6,-342167.8,TAM,g,-5.829,0.951,0,in range
GRID_01547,-85.808,-138.72,-300411.1,-342191.6,TAM,n,-6.653,1.0704,1,litho
GRID_01548,-85.88,-139.874,-288413.7,-342186.9,TAM,g,-5.904,1.0472,0,in range
GRID_01549,-85.886,-139.972,-287408.4,-342180.3,TAM,g,-4.874,0.6289,1,elev
GRID_01550,-85.71,-137.069,-317402.9,-341195.8,TAM,g,-5.309,1.0685,0,in range
GRID_01551,-85.772,-137.982,-307413.6,-341201.8,TAM,g,-5.361,0.9434,0,in range
GRID_01552,-85.778,-138.075,-306423.5,-341215.0,TAM,g,-5.403,1.028,0,in range
GRID_01553,-85.784,-138.168,-305434.2,-341225.8,TAM,g,-5.332,0.8611,0,in range
GRID_01554,-85.79,-138.261,-304445.6,-341234.4,TAM,g,-5.785,1.2678,0,in range
GRID_01555,-85.803,-138.449,-302386.8,-341173.7,TAM,n,-6.454,1.3257,1,litho
GRID_01556,-85.821,-138.732,-299407.2,-341192.2,TAM,n,-5.62,1.2668,1,litho
GRID_01557,-85.833,-138.922,-297416.8,-341199.7,TAM,g,-5.634,0.899,0,in range
GRID_01558,-85.779,-137.899,-307397.3,-340191.4,TAM,n,-5.608,1.217,1,litho
GRID_01559,-85.785,-137.991,-306414.1,-340199.9,TAM,g,-4.985,0.8608,1,elev
GRID_01560,-85.81,-138.365,-302381.1,-340161.2,TAM,n,-6.296,1.3469,1,litho
GRID_01561,-85.822,-138.554,-300393.7,-340178.9,TAM,g,-5.079,1.3481,0,in range
GRID_01562,-85.828,-138.649,-299398.3,-340186.8,TAM,g,-5.327,0.9886,0,in range
GRID_01563,-85.804,-138.094,-304422.3,-339212.7,TAM,g,-5.3,1.0179,1,elev
GRID_01564,-85.81,-138.188,-303430.4,-339225.5,TAM,n,-5.992,1.211,1,litho
GRID_01565,-85.816,-138.282,-302439.4,-339235.9,TAM,n,-6.046,1.4507,1,litho
GRID_01566,-85.823,-138.376,-301376.9,-339162.7,TAM,g,-5.147,0.698,0,in range
GRID_01567,-85.829,-138.47,-300387.6,-339168.4,TAM,g,-5.754,0.8396,0,in range
GRID_01568,-85.835,-138.565,-299393.1,-339176.9,TAM,g,-5.758,0.9576,0,in range
GRID_01569,-85.811,-138.01,-304410.1,-338200.4,TAM,n,-6.172,1.1752,1,"elev, litho"
GRID_01570,-85.823,-138.198,-302429.1,-338224.8,TAM,n,-5.866,1.1814,1,litho
GRID_01571,-85.829,-138.292,-301439.8,-338233.5,TAM,g,-5.576,1.2857,0,in range
GRID_01572,-85.835,-138.386,-300451.3,-338239.9,TAM,g,-5.549,0.8751,0,in range
GRID_01573,-85.836,-138.208,-301428.2,-337223.8,TAM,g,-5.423,1.2237,1,"elev, slope"
GRID_01574,-85.842,-138.302,-300440.6,-337230.8,TAM,g,-5.5,0.8311,1,elev
GRID_01575,-85.818,-137.748,-305441.7,-336241.5,TAM,g,-5.237,1.2848,1,elev
GRID_01576,-85.825,-137.663,-305427.6,-335225.4,TAM,g,-5.483,1.2738,1,"elev, slope"
GRID_01577,-85.832,-137.578,-305411.2,-334210.1,TAM,g,-3.942,0.4643,0,in range
GRID_01578,-85.869,-138.143,-299416.5,-334209.4,TAM,g,-4.828,0.8209,0,in range
GRID_01579,-85.845,-137.586,-304411.2,-333209.3,TAM,g,-5.533,1.1941,0,in range
GRID_01580,-85.926,-136.355,-305421.5,-320220.2,TAM,n,-6.692,0.8665,1,litho
GRID_01581,-85.933,-136.083,-306410.4,-318218.5,TAM,n,-6.33,1.0196,1,"elev, litho"
GRID_01582,-85.862,-134.533,-320408.3,-315227.3,TAM,s,-6.442,0.9643,0,in range
GRID_01583,-85.985,-136.282,-301396.4,-315195.0,TAM,n,-6.76,1.0645,1,litho
GRID_01584,-85.875,-134.531,-319411.7,-314224.9,TAM,s,-6.296,1.3246,0,in range
GRID_01585,-86.029,-136.766,-295446.7,-314244.9,TAM,g,-6.208,0.5677,1,elev
GRID_01586,-85.908,-134.801,-315381.8,-313198.6,TAM,s,-6.509,1.0848,0,in range
GRID_01587,-85.934,-135.166,-311387.3,-313196.8,TAM,g,-6.136,0.7074,1,elev
GRID_01588,-85.953,-135.443,-308420.2,-313226.8,TAM,g,-6.163,0.7055,1,elev
GRID_01589,-86.043,-136.584,-295397.4,-312199.3,TAM,g,-6.048,0.6578,1,elev
GRID_01590,-86.049,-136.492,-295449.3,-311251.5,TAM,g,-5.901,0.5471,1,elev
GRID_01591,-85.759,-131.994,-342381.1,-308216.4,TAM,g,-5.022,0.8281,0,in range
GRID_01592,-85.758,-131.819,-343401.9,-307241.7,TAM,g,-6.172,0.7392,1,coast
GRID_01593,-85.765,-131.902,-342390.0,-307230.5,TAM,g,-5.897,0.934,0,in range
GRID_01594,-85.764,-131.726,-343413.2,-306249.7,TAM,g,-5.439,0.5856,1,coast
GRID_01595,-85.764,-131.55,-344352.4,-305193.4,TAM,g,-6.208,0.6784,1,coast
GRID_01596,-85.906,-133.344,-323401.5,-305227.4,TAM,g,-5.255,0.5999,0,in range
GRID_01597,-85.913,-133.433,-322374.4,-305206.2,TAM,g,-5.449,0.847,0,in range
GRID_01598,-85.919,-133.521,-321432.3,-305251.8,TAM,g,-5.464,1.0584,0,in range
GRID_01599,-85.933,-133.7,-319376.7,-305203.0,TAM,g,-5.995,0.5719,0,in range
GRID_01600,-85.912,-133.25,-323426.7,-304249.5,TAM,g,-2.001,1.0637,0,in range
GRID_01601,-85.919,-133.339,-322400.3,-304229.2,TAM,g,-5.918,0.6684,0,in range
GRID_01602,-85.926,-133.428,-321374.6,-304206.5,TAM,g,-5.687,0.5007,0,in range
GRID_01603,-85.932,-133.517,-320428.7,-304256.2,TAM,g,-5.084,0.5316,0,in range
GRID_01604,-85.939,-133.606,-319404.6,-304228.7,TAM,g,-6.681,0.814,0,in range
GRID_01605,-85.946,-133.696,-318376.1,-304204.3,TAM,g,-4.968,0.7337,0,in range
GRID_01606,-85.952,-133.786,-317427.0,-304252.7,TAM,g,-7.158,0.9606,0,in range
GRID_01607,-85.912,-133.068,-324391.6,-303220.6,TAM,g,-6.03,0.8313,0,in range
GRID_01608,-85.919,-133.156,-323370.3,-303198.0,TAM,g,-5.739,0.8392,0,in range
GRID_01609,-85.925,-133.245,-322423.8,-303253.0,TAM,g,-5.755,0.5431,0,in range
GRID_01610,-85.932,-133.333,-321404.1,-303225.6,TAM,g,-2.898,0.9617,0,in range
GRID_01611,-85.939,-133.423,-320374.7,-303207.0,TAM,g,-5.526,0.454,0,in range
GRID_01612,-85.945,-133.512,-319430.3,-303255.2,TAM,g,-5.891,0.6318,0,in range
GRID_01613,-85.965,-133.782,-316427.9,-303252.7,TAM,g,-6.216,0.8663,0,in range
GRID_01614,-86.018,-134.515,-308414.0,-303236.4,TAM,g,-5.552,0.4682,1,elev
GRID_01615,-85.945,-133.328,-320402.5,-302227.8,TAM,g,-5.179,0.604,0,in range
GRID_01616,-85.952,-133.417,-319379.9,-302202.1,TAM,g,-5.272,0.5766,0,in range
GRID_01617,-85.958,-133.507,-318431.7,-302254.3,TAM,g,-5.745,0.7963,0,in range
GRID_01618,-85.965,-133.597,-317405.4,-302229.4,TAM,g,-6.218,0.6712,0,in range
GRID_01619,-85.972,-133.687,-316380.0,-302202.0,TAM,g,-6.338,0.9158,0,in range
GRID_01620,-85.978,-133.778,-315428.7,-302252.8,TAM,g,-6.21,0.8961,0,in range
GRID_01621,-85.924,-132.879,-324434.0,-301261.2,TAM,g,-5.937,0.6074,0,in range
GRID_01622,-85.931,-132.967,-323414.1,-301240.4,TAM,g,-5.406,0.5441,0,in range
GRID_01623,-85.965,-133.412,-318379.6,-301203.0,TAM,g,-5.543,0.5289,0,in range
GRID_01624,-85.971,-133.502,-317433.0,-301253.7,TAM,g,-5.824,0.4626,0,in range
GRID_01625,-85.978,-133.592,-316408.2,-301227.2,TAM,g,-6.134,0.7065,0,in range
GRID_01626,-85.991,-133.774,-314429.3,-301253.1,TAM,g,-6.239,0.7386,0,in range
GRID_01627,-85.931,-132.784,-324374.6,-300205.9,TAM,g,-5.916,0.6123,0,in range
GRID_01628,-85.937,-132.872,-323435.1,-300260.0,TAM,g,-5.625,0.9512,0,in range
GRID_01629,-85.971,-133.317,-318404.0,-300227.2,TAM,g,-4.102,0.889,0,in range
GRID_01630,-85.998,-133.679,-314378.0,-300205.8,TAM,g,-6.585,0.8813,0,in range
GRID_01631,-86.018,-133.953,-311373.5,-300196.7,TAM,g,-6.234,0.5567,1,elev
GRID_01632,-85.937,-132.689,-324392.4,-299225.4,TAM,g,-5.699,0.539,0,in range
GRID_01633,-85.944,-132.777,-323373.9,-299206.5,TAM,g,-5.283,1.0161,0,in range
GRID_01634,-86.017,-133.766,-312430.2,-299254.1,TAM,g,-6.608,0.9267,1,slope
GRID_01635,-86.024,-133.858,-311400.5,-299228.1,TAM,g,-5.647,0.699,1,elev
GRID_01636,-85.943,-132.593,-324413.1,-298240.0,TAM,g,-5.275,0.819,0,in range
GRID_01637,-86.03,-133.762,-311430.4,-298254.8,TAM,g,-5.902,0.7198,1,elev
GRID_01638,-85.949,-132.498,-324426.2,-297261.1,TAM,g,-4.31,0.5568,1,coast
GRID_01639,-86.037,-133.666,-311379.2,-297207.1,TAM,g,-5.962,1.1533,1,elev
GRID_01640,-85.949,-132.314,-325379.2,-296217.7,TAM,g,-4.815,0.6153,1,coast
GRID_01641,-85.956,-132.401,-324367.1,-296198.2,TAM,g,-4.632,0.5244,1,coast
GRID_01642,-86.069,-133.56,-309407.8,-294233.4,TAM,g,-6.268,1.103,1,elev
GRID_01643,-86.047,-132.53,-316409.3,-290240.6,TAM,c,-5.798,1.0723,1,coast
GRID_01644,-86.047,-132.342,-317359.9,-289200.8,TAM,g,-5.306,1.2357,1,coast
GRID_01645,-86.053,-132.432,-316423.8,-289258.9,TAM,c,-5.866,1.1625,1,coast
GRID_01646,-86.06,-132.522,-315408.2,-289241.3,TAM,c,-5.832,1.4206,1,coast
GRID_01647,-86.087,-132.886,-311413.8,-289241.8,TAM,g,-5.489,0.8019,1,coast
GRID_01648,-86.087,-132.696,-312371.2,-288207.5,TAM,g,-5.558,0.9622,1,coast
GRID_01649,-85.751,-134.106,-331414.4,-321230.2,TAM,g,-2.368,0.5571,0,in range
GRID_01650,-85.725,-131.582,-347353.7,-308200.0,TAM,g,-5.106,0.5154,1,coast
GRID_01651,-85.732,-131.664,-346343.7,-308190.8,TAM,g,-4.949,0.6236,1,coast
GRID_01652,-85.738,-131.746,-345415.5,-308251.8,TAM,g,-4.308,0.5075,1,coast
GRID_01653,-85.86,-133.272,-327426.2,-308248.8,TAM,g,-5.665,0.7418,0,in range
GRID_01654,-85.736,-131.222,-348383.7,-305223.3,TAM,g,-5.773,0.7071,1,coast
GRID_01655,-85.743,-131.304,-347374.8,-305219.2,TAM,g,-5.823,0.6173,1,coast
GRID_01656,-85.375,-139.34,-327369.5,-381140.1,TAM,g,-6.698,0.5782,0,in range
GRID_01657,-85.381,-139.427,-326366.0,-381141.1,TAM,g,-6.287,0.5786,0,in range
GRID_01658,-85.401,-139.203,-326432.4,-378215.6,TAM,g,-6.523,0.8463,0,in range
GRID_01659,-85.374,-138.29,-334371.3,-375158.3,TAM,g,-6.41,0.7093,0,in range
GRID_01660,-85.428,-139.064,-325425.0,-375204.3,TAM,g,-6.722,0.6427,0,in range
GRID_01661,-85.393,-138.384,-332383.0,-374161.5,TAM,g,-6.631,0.6274,0,in range
GRID_01662,-85.435,-138.989,-325416.4,-374203.6,TAM,g,-7.364,0.9728,0,in range
GRID_01663,-85.442,-138.913,-325412.1,-373197.8,TAM,g,-3.779,0.7965,0,in range
GRID_01664,-85.449,-138.837,-325405.8,-372192.8,TAM,g,-6.999,0.5794,0,in range
GRID_01665,-85.432,-138.413,-329378.3,-371157.3,TAM,g,-6.842,0.6274,0,in range
GRID_01666,-85.439,-138.337,-329364.3,-370151.4,TAM,g,-6.769,0.6168,0,in range
GRID_01667,-85.441,-137.847,-332371.8,-367159.9,TAM,g,-6.416,0.8382,0,in range
GRID_01668,-85.458,-136.38,-340387.2,-357192.0,TAM,g,-6.114,0.6081,0,in range
GRID_01669,-85.55,-136.073,-335355.5,-348157.4,TAM,g,-5.444,0.6655,0,in range
GRID_01670,-85.557,-135.32,-339366.8,-343178.9,TAM,g,-5.695,0.3565,0,in range
GRID_01671,-85.665,-136.79,-322410.7,-343212.5,TAM,g,-5.701,0.1925,0,in range
GRID_01672,-85.672,-136.706,-322391.6,-342185.4,TAM,g,-5.751,0.5808,0,in range
GRID_01673,-85.66,-136.358,-325364.5,-341165.2,TAM,g,-6.492,0.8037,0,in range
GRID_01674,-85.679,-136.623,-322364.2,-341164.8,TAM,g,-5.831,0.8023,0,in range
GRID_01675,-85.783,-131.623,-342419.0,-304259.7,TAM,g,-4.202,0.5633,1,coast
GRID_01676,-85.79,-131.529,-342347.9,-303192.9,TAM,g,-5.019,0.6089,1,coast
GRID_01677,-85.796,-131.612,-341420.6,-303255.3,TAM,g,-4.992,0.7485,1,coast
GRID_01678,-85.852,-130.937,-340370.1,-295222.7,TAM,g,-6.848,1.3067,1,coast
GRID_01679,-85.858,-130.84,-340375.9,-294219.5,TAM,g,-6.255,1.073,1,coast
GRID_01680,-85.758,-129.527,-355414.4,-293262.5,TAM,g,-6.084,1.0913,1,coast
GRID_01681,-85.78,-129.766,-352349.4,-293212.4,TAM,g,-6.031,0.7226,1,coast
GRID_01682,-85.836,-130.413,-344380.2,-293225.3,TAM,g,-6.043,0.6438,1,coast
GRID_01683,-85.864,-130.744,-340374.1,-293223.0,TAM,g,-6.091,0.7658,1,coast
GRID_01684,-85.849,-130.399,-343375.5,-292225.1,TAM,g,-4.937,0.7442,1,coast
GRID_01685,-85.77,-129.335,-355386.0,-291242.8,TAM,g,-5.652,1.3522,1,coast
GRID_01686,-85.783,-129.318,-354378.9,-290241.8,TAM,g,-6.094,1.1319,1,coast
GRID_01687,-85.855,-129.309,-348367.6,-285227.0,TAM,g,-5.053,0.4831,1,coast
GRID_01688,-85.933,-130.212,-337353.4,-285206.9,TAM,g,-6.565,0.9835,1,coast
GRID_01689,-85.838,-128.792,-352367.7,-283229.9,TAM,g,-6.378,0.5532,1,coast
GRID_01690,-85.859,-129.031,-349409.6,-283259.5,TAM,g,-4.883,0.5769,1,coast
GRID_01691,-85.923,-129.764,-340408.8,-283255.8,TAM,g,-6.119,0.5478,1,coast
GRID_01692,-85.937,-129.93,-338419.6,-283263.9,TAM,g,-6.003,0.6715,1,coast
GRID_01693,-85.944,-130.014,-337421.1,-283270.5,TAM,g,-5.806,0.672,1,coast
GRID_01694,-85.951,-130.097,-336428.3,-283268.8,TAM,g,-6.087,1.1323,1,coast
GRID_01695,-85.844,-128.693,-352347.4,-282212.8,TAM,g,-6.057,0.7891,1,"coast, slope"
GRID_01696,-85.851,-128.773,-351359.7,-282227.9,TAM,g,-3.534,1.0804,1,coast
GRID_01697,-85.858,-128.852,-350377.5,-282234.7,TAM,g,-5.015,0.6526,1,coast
GRID_01698,-85.865,-128.932,-349391.1,-282245.4,TAM,g,-6.623,0.89,1,coast
GRID_01699,-85.915,-129.5,-342381.5,-282237.5,TAM,g,-6.159,0.6839,1,coast
GRID_01700,-85.929,-129.665,-340395.6,-282250.8,TAM,g,-6.647,0.7076,1,coast
GRID_01701,-85.936,-129.748,-339401.3,-282257.0,TAM,g,-3.676,0.8465,1,"elev, coast"
GRID_01702,-85.813,-128.202,-357401.5,-281267.4,TAM,g,-6.178,1.1925,1,coast
GRID_01703,-85.821,-128.28,-356335.4,-281214.9,TAM,g,-4.817,0.8077,1,coast
GRID_01704,-85.849,-128.594,-352409.6,-281264.5,TAM,g,-6.57,0.8068,1,coast
GRID_01705,-85.864,-128.753,-350356.0,-281220.5,TAM,g,-6.347,0.7566,1,coast
GRID_01706,-85.935,-129.565,-340384.9,-281240.8,TAM,g,-5.946,0.9824,1,coast
GRID_01707,-85.949,-129.731,-338398.1,-281253.0,TAM,g,-5.806,0.5132,1,coast
GRID_01708,-85.819,-128.102,-357378.5,-280240.7,TAM,g,-5.976,1.0054,1,"elev, coast, slope"
GRID_01709,-85.826,-128.18,-356398.4,-280256.5,TAM,g,-5.595,1.2265,1,coast
GRID_01710,-85.855,-128.495,-352384.5,-280249.1,TAM,g,-5.64,0.7274,1,coast
GRID_01711,-85.955,-129.63,-338391.0,-280240.0,TAM,g,-5.299,0.7423,1,coast
GRID_01712,-85.962,-129.714,-337394.4,-280249.5,TAM,g,-6.358,0.667,1,coast
GRID_01713,-85.969,-129.797,-336403.4,-280250.9,TAM,g,-6.335,1.1382,1,coast
GRID_01714,-85.832,-128.081,-356368.6,-279237.9,TAM,g,-5.688,1.2484,1,coast
GRID_01715,-85.846,-128.238,-354406.6,-279271.3,TAM,g,-6.029,1.0894,1,coast
GRID_01716,-85.854,-128.316,-353343.7,-279214.3,TAM,g,-6.007,0.6602,1,coast
GRID_01717,-85.861,-128.395,-352361.9,-279228.5,TAM,g,-6.129,0.6015,1,coast
GRID_01718,-85.911,-128.956,-345383.9,-279247.5,TAM,g,-5.87,0.914,1,"elev, coast"
GRID_01719,-85.925,-129.118,-343412.1,-279262.6,TAM,g,-6.127,0.6051,1,coast
GRID_01720,-85.947,-129.364,-340360.8,-279217.6,TAM,g,-6.373,0.7957,1,coast
GRID_01721,-85.954,-129.447,-339368.3,-279226.8,TAM,g,-5.67,0.8912,1,coast
GRID_01722,-85.838,-127.981,-356341.3,-278214.1,TAM,g,-5.851,1.3781,1,"elev, coast, slope"
GRID_01723,-85.852,-128.138,-354380.4,-278249.5,TAM,g,-6.057,1.1413,1,coast
GRID_01724,-85.859,-128.216,-353403.3,-278260.8,TAM,g,-6.084,0.5116,1,"elev, coast"
GRID_01725,-85.874,-128.374,-351356.2,-278222.0,TAM,g,-6.346,0.6065,1,"elev, coast"
GRID_01726,-85.91,-128.774,-346353.9,-278217.0,TAM,g,-5.843,0.6718,1,"elev, coast"
GRID_01727,-85.953,-129.264,-340342.6,-278210.3,TAM,g,-5.822,1.0293,1,coast
GRID_01728,-85.85,-127.959,-355419.4,-277274.7,TAM,g,-5.951,1.1966,1,coast
GRID_01729,-85.858,-128.038,-354351.7,-277228.6,TAM,g,-6.274,1.1484,1,"elev, coast, slope"
GRID_01730,-85.901,-128.513,-348383.3,-277245.7,TAM,g,-2.265,0.9473,1,"elev, coast"
GRID_01731,-85.908,-128.593,-347401.1,-277257.1,TAM,g,-5.734,1.0046,1,"elev, coast"
GRID_01732,-85.863,-127.937,-354411.2,-276269.3,TAM,g,-6.195,0.9726,1,"elev, coast"
GRID_01733,-85.921,-128.573,-346392.9,-276254.6,TAM,g,-6.233,0.9462,1,coast
GRID_01734,-85.928,-128.654,-345407.7,-276268.7,TAM,g,-5.213,0.8101,1,coast
GRID_01735,-85.936,-128.735,-344338.3,-276212.6,TAM,g,-5.348,0.4316,1,coast
GRID_01736,-85.95,-128.897,-342371.5,-276229.3,TAM,g,-5.004,0.6176,1,coast
GRID_01737,-85.927,-128.472,-346368.6,-275237.8,TAM,g,-5.829,0.9332,1,"elev, coast"
GRID_01738,-85.941,-128.633,-344404.9,-275259.7,TAM,g,-6.196,0.6888,1,coast
GRID_01739,-85.948,-128.715,-343416.8,-275276.4,TAM,g,-6.355,0.6388,1,coast
GRID_01740,-85.956,-128.796,-342349.5,-275216.7,TAM,g,-6.337,1.0877,1,coast
GRID_01741,-85.963,-128.878,-341362.8,-275228.7,TAM,g,-5.423,0.4797,1,coast
GRID_01742,-85.97,-128.96,-340376.8,-275238.5,TAM,g,-6.102,0.5019,1,coast
GRID_01743,-85.947,-128.532,-344379.3,-274245.9,TAM,g,-6.044,0.5069,1,"elev, coast"
GRID_01744,-85.954,-128.613,-343396.7,-274257.5,TAM,g,-6.223,0.6311,1,coast
GRID_01745,-85.87,-127.199,-357333.9,-271221.4,TAM,g,-4.958,0.8128,1,coast
GRID_01746,-85.888,-127.072,-356372.9,-269249.0,TAM,g,-6.203,1.3751,1,coast
GRID_01747,-85.894,-126.969,-356335.1,-268215.6,TAM,g,-5.906,1.398,1,coast
GRID_01748,-85.897,-126.687,-357389.4,-266263.7,TAM,w,-3.584,1.1417,1,coast
GRID_01749,-85.905,-126.764,-356334.5,-266223.2,TAM,g,-5.595,0.9621,1,coast
GRID_01750,-85.919,-126.918,-354400.8,-266265.8,TAM,c,-5.179,1.3464,1,coast
GRID_01751,-85.903,-126.584,-357343.7,-265232.0,TAM,w,-6.059,1.3174,1,"elev, coast, slope"
GRID_01752,-85.936,-126.607,-354357.2,-263236.1,TAM,g,-5.981,1.268,1,coast
GRID_01753,-85.952,-126.294,-354388.0,-260266.7,TAM,w,-5.595,0.8536,1,coast
GRID_01754,-85.935,-125.959,-357399.6,-259275.5,TAM,g,-6.731,0.9134,1,"elev, coast"
GRID_01755,-85.943,-126.035,-356352.1,-259237.7,TAM,g,-2.171,0.9385,1,"elev, coast"
GRID_01756,-85.892,-132.805,-327375.2,-303205.9,TAM,c,-4.081,0.6773,0,in range
GRID_01757,-85.905,-132.98,-325413.6,-303240.8,TAM,c,-5.008,0.6321,0,in range
GRID_01758,-85.891,-132.624,-328411.4,-302243.8,TAM,c,-4.412,0.9411,0,in range
GRID_01759,-85.898,-132.711,-327392.9,-302225.9,TAM,c,-6.552,0.8108,0,in range
GRID_01760,-85.905,-132.798,-326375.3,-302205.6,TAM,g,-4.692,0.6246,0,in range
GRID_01761,-85.911,-132.886,-325432.8,-302262.6,TAM,g,-5.487,0.5521,0,in range
GRID_01762,-85.904,-132.616,-327413.6,-301241.0,TAM,g,-5.278,0.5861,0,in range
GRID_01763,-85.911,-132.704,-326391.3,-301227.4,TAM,g,-5.373,0.6463,0,in range
GRID_01764,-85.918,-132.791,-325375.0,-301205.7,TAM,g,-5.303,0.9819,0,in range
GRID_01765,-85.91,-132.521,-327431.8,-300256.8,TAM,g,-5.378,0.5931,0,in range
GRID_01766,-85.917,-132.609,-326410.2,-300244.2,TAM,g,-4.834,0.865,0,in range
GRID_01767,-85.924,-132.696,-325394.6,-300223.4,TAM,g,-6.066,1.0532,0,in range
GRID_01768,-85.944,-132.961,-322411.3,-300243.4,TAM,g,-5.617,0.6488,0,in range
GRID_01769,-85.917,-132.426,-327367.5,-299200.1,TAM,g,-5.621,0.763,1,coast
GRID_01770,-85.923,-132.514,-326426.7,-299261.8,TAM,g,-5.532,0.9328,0,in range
GRID_01771,-85.93,-132.601,-325411.8,-299242.0,TAM,g,-5.486,0.6676,0,in range
GRID_01772,-85.923,-132.331,-327380.9,-298217.6,TAM,g,-5.452,0.6079,1,coast
GRID_01773,-85.93,-132.418,-326365.9,-298201.1,TAM,g,-5.319,0.9241,1,coast
GRID_01774,-85.936,-132.506,-325426.6,-298261.3,TAM,g,-5.843,0.6764,1,coast
GRID_01775,-85.929,-132.235,-327397.2,-297230.2,TAM,g,-6.048,0.8019,1,coast
GRID_01776,-85.936,-132.322,-326382.8,-297214.6,TAM,g,-5.758,0.5878,1,coast
GRID_01777,-85.943,-132.41,-325364.0,-297202.3,TAM,g,-5.171,0.624,1,coast
GRID_01778,-85.941,-132.043,-327422.5,-295257.8,TAM,g,-6.109,0.6382,1,coast
GRID_01779,-85.948,-132.13,-326409.4,-295244.1,TAM,g,-6.188,0.538,1,coast
GRID_01780,-85.948,-131.946,-327355.9,-294194.4,TAM,g,-6.65,0.8694,1,"coast, slope"
GRID_01781,-85.954,-131.849,-327367.6,-293204.6,TAM,g,-7.102,0.9737,1,coast
GRID_01782,-85.96,-131.752,-327376.9,-292215.6,TAM,g,-6.428,0.7457,1,coast
GRID_01783,-85.967,-131.839,-326365.8,-292204.7,TAM,g,-5.578,0.8841,1,coast
GRID_01784,-85.966,-131.655,-327383.8,-291227.4,TAM,g,-6.561,0.8584,1,coast
GRID_01785,-85.973,-131.742,-326373.4,-291217.5,TAM,g,-6.116,0.8089,1,coast
GRID_01786,-85.972,-131.557,-327393.3,-290234.3,TAM,g,-6.822,0.9167,1,"coast, slope"
GRID_01787,-85.578,-132.455,-354410.8,-324246.0,TAM,g,-4.424,0.637,0,in range
GRID_01788,-85.583,-132.029,-356407.9,-321237.9,TAM,g,-4.73,0.6371,0,in range
GRID_01789,-85.59,-132.109,-355394.4,-321224.9,TAM,g,-5.758,0.8148,0,in range
GRID_01790,-85.77,-131.457,-344358.4,-304202.1,TAM,g,-5.481,0.8518,1,coast
GRID_01791,-86.834,-145.756,-193480.7,-284228.5,TAM,g,-2.448,0.3241,1,"elev, coast"
GRID_01792,-86.553,-145.971,-209500.8,-310258.8,TAM,g,-3.463,0.3254,0,in range
GRID_01793,-86.559,-146.098,-208448.9,-310181.2,TAM,g,-2.799,0.5038,0,in range
GRID_01794,-86.556,-145.758,-210469.3,-309208.3,TAM,g,-3.412,0.558,0,in range
GRID_01795,-86.561,-145.885,-209478.6,-309224.2,TAM,g,-3.593,0.4026,0,in range
GRID_01796,-86.566,-146.012,-208488.9,-309237.3,TAM,g,-3.709,0.4586,0,in range
GRID_01797,-86.571,-146.14,-207494.8,-309251.0,TAM,g,-3.219,0.3063,0,in range
GRID_01798,-86.563,-145.672,-210504.2,-308263.9,TAM,g,-4.232,0.6097,0,in range
GRID_01799,-86.569,-145.799,-209453.8,-308190.4,TAM,g,-4.101,0.5514,0,in range
GRID_01800,-86.574,-145.926,-208465.8,-308203.8,TAM,g,-3.346,0.4885,0,in range
GRID_01801,-86.571,-145.585,-210480.6,-307226.6,TAM,g,-3.586,0.5065,0,in range
GRID_01802,-86.576,-145.712,-209493.0,-307243.5,TAM,g,-3.316,0.5517,0,in range
GRID_01803,-86.632,-147.135,-198496.1,-307239.5,TAM,s,-3.994,0.7156,0,in range
GRID_01804,-86.579,-145.498,-210454.4,-306190.2,TAM,g,-4.122,0.6368,0,in range
GRID_01805,-86.64,-147.05,-198478.8,-306215.2,TAM,s,-4.009,0.7175,0,in range
GRID_01806,-86.645,-147.182,-197478.3,-306215.0,TAM,s,-3.91,1.2102,0,in range
GRID_01807,-86.65,-147.314,-196478.9,-306211.9,TAM,s,-4.655,1.1423,0,in range
GRID_01808,-86.586,-145.411,-210487.3,-305244.1,TAM,g,-3.371,0.5306,0,in range
GRID_01809,-86.653,-147.096,-197465.4,-305188.4,TAM,s,-2.831,0.6679,0,in range
GRID_01810,-86.653,-146.529,-200475.9,-303219.4,TAM,s,-4.434,0.8118,0,in range
GRID_01811,-86.663,-146.792,-198486.8,-303227.2,TAM,s,-4.133,0.9098,0,in range
GRID_01812,-86.673,-147.057,-196491.2,-303230.0,TAM,s,-3.75,0.5196,0,in range
GRID_01813,-86.661,-146.441,-200460.8,-302186.6,TAM,s,-4.143,0.8501,0,in range
GRID_01814,-86.666,-146.573,-199464.7,-302194.2,TAM,s,-4.112,0.877,0,in range
GRID_01815,-86.671,-146.705,-198469.7,-302198.8,TAM,s,-4.232,0.924,0,in range
GRID_01816,-86.563,-143.799,-220467.1,-301219.0,TAM,g,-3.368,0.291,0,in range
GRID_01817,-86.668,-146.354,-200497.9,-301248.7,TAM,s,-4.689,0.851,0,in range
GRID_01818,-86.673,-146.486,-199503.4,-301256.8,TAM,s,-3.606,0.5225,0,in range
GRID_01819,-86.678,-146.618,-198509.8,-301261.9,TAM,s,-3.974,0.6917,0,in range
GRID_01820,-86.661,-145.872,-203451.8,-300181.0,TAM,s,-4.519,0.8269,0,in range
GRID_01821,-86.666,-146.003,-202461.2,-300194.9,TAM,s,-3.822,0.6508,0,in range
GRID_01822,-86.671,-146.134,-201471.5,-300205.9,TAM,s,-4.21,0.9278,0,in range
GRID_01823,-86.676,-146.266,-200477.6,-300217.4,TAM,s,-2.81,0.7114,1,elev
GRID_01824,-86.681,-146.398,-199484.7,-300225.9,TAM,s,-1.297,0.6254,1,elev
GRID_01825,-86.686,-146.531,-198487.6,-300234.9,TAM,s,-3.907,0.6423,0,in range
GRID_01826,-86.696,-146.797,-196496.6,-300243.9,TAM,s,-1.733,0.6366,0,in range
GRID_01827,-86.668,-145.783,-203490.1,-299235.6,TAM,s,-4.154,0.8276,0,in range
GRID_01828,-86.673,-145.915,-202495.7,-299253.6,TAM,s,-3.712,0.8262,0,in range
GRID_01829,-86.678,-146.046,-201507.5,-299265.1,TAM,s,-2.618,0.6516,1,elev
GRID_01830,-86.689,-146.31,-199463.4,-299195.8,TAM,s,-3.078,0.731,1,elev
GRID_01831,-86.694,-146.443,-198468.0,-299205.3,TAM,s,-3.614,0.5643,0,in range
GRID_01832,-86.665,-145.433,-205499.2,-298255.4,TAM,s,-2.94,0.4596,0,in range
GRID_01833,-86.676,-145.694,-203464.7,-298201.0,TAM,s,-3.052,0.6429,0,in range
GRID_01834,-86.701,-146.354,-198511.1,-298263.4,TAM,s,-3.027,0.7505,1,elev
GRID_01835,-86.707,-146.488,-197453.0,-298183.2,TAM,s,-3.771,0.6158,0,in range
GRID_01836,-86.647,-143.911,-214500.8,-294272.7,TAM,g,-2.351,0.6275,0,in range
GRID_01837,-86.704,-144.18,-209491.8,-290254.0,TAM,g,-2.61,0.1752,0,in range
GRID_01838,-86.712,-144.086,-209457.8,-289205.8,TAM,g,-2.231,0.5455,0,in range
GRID_01839,-86.757,-144.912,-202456.0,-288194.0,TAM,g,-2.88,0.4078,0,in range
GRID_01840,-86.764,-144.819,-202485.3,-287243.3,TAM,g,-3.016,0.3197,0,in range
GRID_01841,-86.775,-145.086,-200460.4,-287203.6,TAM,g,-2.788,0.4952,0,in range
GRID_01842,-86.836,-145.524,-194507.0,-283263.5,TAM,g,-2.02,0.5925,1,"elev, coast"
GRID_01843,-86.947,-144.298,-193484.9,-269242.9,TAM,s,-0.898,0.6182,1,coast
GRID_01844,-86.444,-145.735,-217446.5,-319183.2,TAM,g,-4.064,0.4396,0,in range
GRID_01845,-86.449,-145.857,-216461.3,-319195.8,TAM,c,-4.47,0.3692,0,in range
GRID_01846,-86.466,-144.945,-220453.3,-314197.6,TAM,g,-3.632,0.3494,0,in range
GRID_01847,-86.471,-145.067,-219472.6,-314220.8,TAM,c,-3.318,0.3264,0,in range
GRID_01848,-86.468,-144.737,-221467.0,-313217.7,TAM,g,-3.648,0.5927,0,in range
GRID_01849,-86.473,-144.859,-220486.8,-313244.2,TAM,g,-2.526,0.9797,0,in range
GRID_01850,-86.479,-144.981,-219445.1,-313179.0,TAM,g,-3.41,0.2877,0,in range
GRID_01851,-86.484,-145.104,-218461.4,-313203.6,TAM,c,-3.91,0.4612,0,in range
GRID_01852,-86.476,-144.65,-221439.3,-312171.9,TAM,g,-3.461,0.7338,0,in range
GRID_01853,-86.481,-144.773,-220455.2,-312202.7,TAM,g,-3.491,0.7509,0,in range
GRID_01854,-86.486,-144.895,-219477.4,-312226.9,TAM,g,-3.611,0.4875,0,in range
GRID_01855,-86.491,-145.018,-218495.1,-312252.1,TAM,c,-4.33,0.5511,0,in range
GRID_01856,-86.485,-144.355,-222473.6,-310232.8,TAM,g,-2.534,0.7312,0,in range
GRID_01857,-86.506,-144.845,-218498.3,-310258.1,TAM,c,-3.331,0.5617,0,in range
GRID_01858,-86.482,-144.024,-224453.7,-309206.2,TAM,g,-2.997,0.7052,0,in range
GRID_01859,-86.487,-144.145,-223481.9,-309239.1,TAM,g,-3.806,0.2458,0,in range
GRID_01860,-86.493,-144.267,-222442.1,-309185.0,TAM,g,-2.456,0.7161,0,in range
GRID_01861,-86.498,-144.389,-221466.8,-309216.2,TAM,g,-3.305,0.4808,0,in range
GRID_01862,-86.503,-144.512,-220487.1,-309248.4,TAM,g,-2.668,0.4317,0,in range
GRID_01863,-86.509,-144.635,-219445.3,-309189.3,TAM,g,-1.75,0.9986,0,in range
GRID_01864,-86.514,-144.758,-218467.5,-309215.9,TAM,c,-3.797,0.5507,0,in range
GRID_01865,-86.519,-144.882,-217485.1,-309243.5,TAM,c,-3.646,0.4995,0,in range
GRID_01866,-86.495,-144.057,-223446.2,-308191.6,TAM,g,-2.926,0.7338,0,in range
GRID_01867,-86.5,-144.179,-222471.5,-308226.1,TAM,g,-2.99,0.7701,0,in range
GRID_01868,-86.505,-144.301,-221497.6,-308257.9,TAM,g,-3.031,0.7636,0,in range
GRID_01869,-86.511,-144.424,-220456.0,-308202.3,TAM,g,-3.089,0.6076,0,in range
GRID_01870,-86.516,-144.547,-219478.6,-308232.2,TAM,g,-2.537,0.4421,0,in range
GRID_01871,-86.527,-144.794,-217458.6,-308198.7,TAM,c,-3.786,0.8118,0,in range
GRID_01872,-86.497,-143.847,-224446.1,-307195.1,TAM,g,-3.106,0.6257,0,in range
GRID_01873,-86.534,-144.707,-217486.8,-307247.3,TAM,g,-1.48,0.5807,0,in range
GRID_01874,-86.531,-144.371,-219474.8,-306231.6,TAM,g,-3.457,0.6931,0,in range
GRID_01875,-86.539,-144.282,-219442.7,-305184.4,TAM,g,-3.559,0.5671,0,in range
GRID_01876,-86.549,-144.53,-217489.0,-305246.3,TAM,c,-4.378,0.5256,0,in range
GRID_01877,-86.541,-144.069,-220448.1,-304190.5,TAM,g,-3.677,0.6033,0,in range
GRID_01878,-86.551,-144.317,-218495.5,-304259.1,TAM,g,-1.069,0.5774,0,in range
GRID_01879,-86.554,-144.104,-219433.9,-303180.6,TAM,g,-3.388,0.8495,0,in range
GRID_01880,-85.409,-146.756,-273409.3,-417113.8,TAM,n,-7.016,0.5792,1,litho
GRID_01881,-85.429,-146.726,-272434.4,-415152.1,TAM,n,-6.402,0.6527,1,litho
GRID_01882,-85.439,-146.502,-273455.1,-413176.9,TAM,n,-4.238,0.6816,1,litho
GRID_01883,-85.444,-146.182,-275455.8,-411191.5,TAM,n,-6.309,0.6713,1,litho
GRID_01884,-85.452,-146.117,-275437.1,-410156.5,TAM,n,-7.009,0.5166,1,litho
GRID_01885,-85.46,-146.052,-275416.4,-409122.0,TAM,n,-6.216,0.8952,1,litho
GRID_01886,-85.465,-146.149,-274420.5,-409136.1,TAM,g,-5.443,0.6927,0,in range
GRID_01887,-85.467,-145.988,-275447.4,-408183.1,TAM,n,-5.837,0.4955,1,litho
GRID_01888,-85.478,-146.181,-273405.1,-408114.8,TAM,n,-6.457,0.524,1,litho
GRID_01889,-85.48,-146.019,-274436.3,-407159.8,TAM,n,-6.0,0.6561,1,litho
GRID_01890,-86.06,-147.572,-229484.7,-361219.7,TAM,g,-7.506,0.9693,0,in range
GRID_01891,-86.07,-147.798,-227478.8,-361202.2,TAM,g,-6.977,1.0029,0,in range
GRID_01892,-86.073,-147.613,-228469.2,-360190.4,TAM,g,-6.617,1.2477,0,in range
GRID_01893,-86.076,-147.428,-229455.4,-359176.0,TAM,g,-7.32,0.8555,0,in range
GRID_01894,-86.013,-145.797,-243435.3,-358163.8,TAM,w,-7.001,0.8972,0,in range
GRID_01895,-86.064,-146.904,-233442.9,-358155.4,TAM,g,-6.673,0.9896,0,in range
GRID_01896,-86.069,-147.017,-232440.2,-358159.2,TAM,g,-6.83,0.7374,0,in range
GRID_01897,-86.074,-147.129,-231444.7,-358156.3,TAM,g,-6.921,0.7226,0,in range
GRID_01898,-86.084,-147.355,-229443.8,-358151.1,TAM,g,-4.449,0.7955,0,in range
GRID_01899,-86.015,-145.613,-244461.4,-357200.7,TAM,w,-6.825,0.8332,1,elev
GRID_01900,-86.071,-146.831,-233482.7,-357220.7,TAM,w,-6.187,0.6573,1,elev
GRID_01901,-86.102,-146.535,-233466.9,-353198.5,TAM,g,-4.023,1.3007,0,in range
GRID_01902,-86.112,-146.761,-231476.0,-353207.5,TAM,g,-5.928,0.9065,0,in range
GRID_01903,-86.117,-146.875,-230475.8,-353212.2,TAM,g,-6.781,0.7513,0,in range
GRID_01904,-86.115,-146.574,-232448.0,-352178.0,TAM,g,-7.289,1.0538,0,in range
GRID_01905,-86.125,-146.801,-230455.6,-352186.6,TAM,g,-6.471,1.2805,0,in range
GRID_01906,-86.117,-146.385,-233488.1,-351228.2,TAM,w,-7.084,0.7352,0,in range
GRID_01907,-86.123,-146.499,-232428.8,-351148.2,TAM,w,-7.15,1.1172,0,in range
GRID_01908,-86.128,-146.612,-231436.7,-351152.2,TAM,g,-7.055,0.9852,0,in range
GRID_01909,-86.153,-147.184,-226446.8,-351161.3,TAM,g,-6.782,0.7212,0,in range
GRID_01910,-86.13,-146.423,-232473.5,-350205.7,TAM,w,-6.568,0.8876,1,elev
GRID_01911,-86.135,-146.537,-231476.6,-350214.1,TAM,g,-4.104,1.2558,0,in range
GRID_01912,-86.14,-146.651,-230480.5,-350220.0,TAM,g,-6.816,1.0429,0,in range
GRID_01913,-86.15,-146.88,-228485.0,-350228.0,TAM,g,-6.261,0.5218,0,in range
GRID_01914,-86.155,-146.995,-227485.5,-350230.1,TAM,g,-6.869,0.8082,0,in range
GRID_01915,-86.153,-146.69,-229466.0,-349195.8,TAM,c,-6.728,1.4039,0,in range
GRID_01916,-86.158,-146.805,-228467.1,-349200.9,TAM,g,-5.465,0.6966,0,in range
GRID_01917,-86.163,-146.92,-227469.1,-349203.3,TAM,g,-6.506,1.2393,0,in range
GRID_01918,-86.178,-147.266,-224474.6,-349199.1,TAM,g,-6.821,0.9506,0,in range
GRID_01919,-86.161,-146.615,-229444.4,-348169.1,TAM,g,-6.856,0.737,0,in range
GRID_01920,-86.176,-146.96,-226454.8,-348177.5,TAM,c,-4.551,1.2716,0,in range
GRID_01921,-86.22,-148.012,-217490.6,-348220.0,TAM,g,-6.174,0.7593,0,in range
GRID_01922,-86.163,-146.424,-230483.6,-347221.1,TAM,w,-5.984,0.3887,0,in range
GRID_01923,-86.168,-146.539,-229486.5,-347229.6,TAM,w,-7.127,0.8145,0,in range
GRID_01924,-86.179,-146.769,-227435.6,-347147.9,TAM,g,-6.842,1.036,0,in range
GRID_01925,-86.184,-146.885,-226435.3,-347152.4,TAM,g,-4.305,1.2383,0,in range
GRID_01926,-86.204,-147.35,-222437.6,-347148.2,TAM,g,-7.372,1.0135,0,in range
GRID_01927,-86.228,-147.938,-217478.6,-347201.9,TAM,g,-7.065,1.1818,0,in range
GRID_01928,-86.186,-146.693,-227478.0,-346210.0,TAM,g,-6.68,0.9667,0,in range
GRID_01929,-86.191,-146.809,-226479.1,-346215.0,TAM,g,-6.719,0.8974,0,in range
GRID_01930,-86.196,-146.925,-225481.1,-346217.4,TAM,c,-8.5,1.1912,0,in range
GRID_01931,-86.201,-147.041,-224484.0,-346217.2,TAM,g,-7.221,0.9462,0,in range
GRID_01932,-86.206,-147.158,-223481.8,-346218.2,TAM,c,-7.587,0.865,0,in range
GRID_01933,-86.211,-147.275,-222480.5,-346216.7,TAM,g,-5.384,1.1132,0,in range
GRID_01934,-86.194,-146.617,-227458.6,-345181.8,TAM,g,-6.284,1.1145,0,in range
GRID_01935,-86.199,-146.733,-226461.1,-345187.2,TAM,c,-7.084,0.6284,0,in range
GRID_01936,-86.204,-146.849,-225464.6,-345190.0,TAM,c,-4.704,0.5402,0,in range
GRID_01937,-86.209,-146.966,-224463.0,-345194.0,TAM,g,-7.209,0.9843,0,in range
GRID_01938,-86.214,-147.082,-223468.3,-345191.5,TAM,c,-6.667,0.7777,0,in range
GRID_01939,-86.219,-147.199,-222468.5,-345190.3,TAM,g,-6.606,0.9441,0,in range
GRID_01940,-86.202,-146.541,-227436.8,-344154.4,TAM,w,-6.722,0.9962,0,in range
GRID_01941,-86.207,-146.657,-226440.8,-344160.1,TAM,g,-6.326,0.9997,0,in range
GRID_01942,-86.212,-146.773,-225445.8,-344163.2,TAM,g,-6.747,0.6576,0,in range
GRID_01943,-86.217,-146.89,-224445.7,-344167.6,TAM,g,-6.978,0.9916,0,in range
GRID_01944,-86.222,-147.007,-223446.4,-344169.4,TAM,c,-7.432,0.9872,0,in range
GRID_01945,-86.247,-147.596,-218440.4,-344153.9,TAM,g,-6.592,0.9793,0,in range
GRID_01946,-86.214,-146.58,-226484.1,-343220.4,TAM,g,-6.603,0.9333,0,in range
GRID_01947,-86.219,-146.697,-225484.3,-343227.9,TAM,g,-7.065,0.9537,0,in range
GRID_01948,-86.224,-146.814,-224485.5,-343232.8,TAM,g,-4.137,1.2916,0,in range
GRID_01949,-86.239,-147.165,-221494.6,-343231.7,TAM,g,-7.727,1.1933,0,in range
GRID_01950,-86.244,-147.283,-220493.5,-343229.9,TAM,g,-6.713,0.842,0,in range
GRID_01951,-86.249,-147.402,-219487.4,-343229.2,TAM,g,-6.146,0.7609,0,in range
GRID_01952,-86.259,-147.639,-217484.0,-343216.0,TAM,g,-5.689,0.6448,0,in range
GRID_01953,-86.222,-146.504,-226459.3,-342194.5,TAM,w,-6.725,0.8514,0,in range
GRID_01954,-86.227,-146.62,-225467.0,-342198.5,TAM,w,-7.034,0.8551,0,in range
GRID_01955,-86.232,-146.737,-224469.6,-342203.7,TAM,g,-6.784,1.1618,0,in range
GRID_01956,-86.237,-146.854,-223473.2,-342206.4,TAM,c,-5.353,1.3104,0,in range
GRID_01957,-86.242,-146.972,-222471.8,-342210.2,TAM,g,-5.492,0.2344,0,in range
GRID_01958,-86.247,-147.089,-221477.2,-342207.6,TAM,g,-6.303,0.8721,0,in range
GRID_01959,-86.252,-147.207,-220477.6,-342206.1,TAM,w,-5.76,0.5277,0,in range
GRID_01960,-86.257,-147.326,-219473.0,-342205.8,TAM,g,-6.628,0.7113,0,in range
GRID_01961,-86.262,-147.444,-218475.3,-342199.0,TAM,g,-6.719,0.6829,0,in range
GRID_01962,-86.235,-146.543,-225447.3,-341169.7,TAM,w,-6.564,0.917,1,elev
GRID_01963,-86.245,-146.777,-223456.5,-341178.3,TAM,g,-6.741,0.7295,0,in range
GRID_01964,-86.25,-146.895,-222456.5,-341182.5,TAM,w,-6.819,0.9438,0,in range
GRID_01965,-86.255,-147.013,-221457.5,-341184.1,TAM,w,-6.529,0.7961,0,in range
GRID_01966,-86.26,-147.131,-220459.4,-341183.0,TAM,w,-6.687,0.7268,1,elev
GRID_01967,-86.265,-147.25,-219456.3,-341183.1,TAM,w,-6.642,0.69,1,elev
GRID_01968,-86.27,-147.368,-218460.1,-341176.6,TAM,w,-6.898,0.7581,1,elev
GRID_01969,-86.242,-146.466,-225485.2,-340232.2,TAM,w,-6.481,0.7688,1,elev
GRID_01970,-86.247,-146.583,-224490.7,-340238.3,TAM,w,-6.791,0.7505,0,in range
GRID_01971,-86.252,-146.7,-223497.1,-340241.8,TAM,w,-6.813,0.8576,0,in range
GRID_01972,-86.29,-147.335,-217483.3,-339220.7,TAM,g,-6.198,0.9724,0,in range
GRID_01973,-86.3,-147.575,-215477.7,-339211.3,TAM,g,-6.025,0.8104,0,in range
GRID_01974,-86.319,-146.707,-219458.1,-334182.0,TAM,w,-4.102,1.0591,1,elev
GRID_01975,-86.443,-147.338,-208491.2,-325232.7,TAM,g,-3.209,0.5385,0,in range
GRID_01976,-86.456,-147.383,-207474.1,-324206.3,TAM,g,-3.168,0.256,0,in range
GRID_01977,-86.464,-147.302,-207462.6,-323181.0,TAM,g,-3.364,0.3629,0,in range
GRID_01978,-86.444,-146.269,-214462.3,-321196.0,TAM,g,-1.005,1.4607,0,in range
GRID_01979,-86.472,-146.683,-210464.4,-320194.3,TAM,g,-3.317,0.4093,0,in range
GRID_01980,-85.448,-147.531,-265465.5,-417195.4,TAM,g,-5.424,0.7193,0,in range
GRID_01981,-85.458,-147.726,-263463.4,-417176.9,TAM,n,-6.373,0.9414,1,litho
GRID_01982,-85.469,-147.504,-264435.2,-415144.0,TAM,n,-7.353,0.784,1,litho
GRID_01983,-85.469,-147.084,-267471.2,-413194.5,TAM,n,-6.641,0.7205,1,litho
GRID_01984,-85.479,-147.28,-265468.4,-413192.1,TAM,g,-7.47,0.4278,0,in range
GRID_01985,-85.489,-147.477,-263461.4,-413185.5,TAM,n,-4.941,0.6389,1,litho
GRID_01986,-85.483,-146.698,-269412.9,-410110.7,TAM,n,-6.197,0.6751,1,litho
GRID_01987,-85.49,-146.634,-269452.1,-409173.8,TAM,g,-7.114,0.4763,0,in range
GRID_01988,-85.488,-146.375,-271419.4,-408132.6,TAM,n,-6.629,0.757,1,litho
GRID_01989,-85.493,-146.472,-270427.8,-408138.3,TAM,g,-6.233,0.5403,0,in range
GRID_01990,-85.495,-146.31,-271460.0,-407191.1,TAM,n,-6.301,0.824,1,litho
GRID_01991,-85.764,-147.76,-245465.2,-389189.3,TAM,g,-4.208,0.3751,0,in range
GRID_01992,-85.755,-146.654,-253469.6,-385196.3,TAM,g,-2.1,0.5792,0,in range
GRID_01993,-85.823,-147.85,-241440.0,-384143.3,TAM,g,-6.152,0.7583,0,in range
GRID_01994,-85.763,-146.138,-256443.6,-382175.7,TAM,g,-4.265,0.1603,0,in range
GRID_01995,-85.766,-145.965,-257413.9,-381129.3,TAM,g,-4.771,0.3159,0,in range
GRID_01996,-85.773,-145.895,-257452.6,-380184.4,TAM,g,-4.481,0.56,0,in range
GRID_01997,-85.822,-146.66,-249425.6,-379137.1,TAM,g,-5.617,0.4734,0,in range
GRID_01998,-85.814,-146.275,-252450.5,-378175.9,TAM,g,-5.963,0.6161,0,in range
GRID_01999,-85.864,-147.335,-242477.2,-378205.1,TAM,g,-5.422,0.7079,0,in range
GRID_02000,-85.845,-146.451,-249425.0,-376140.7,TAM,g,-5.721,1.1214,0,in range
GRID_02001,-85.88,-147.197,-242445.1,-376157.8,TAM,g,-6.451,0.655,0,in range
GRID_02002,-85.862,-146.593,-247474.4,-375214.8,TAM,g,-5.809,0.5867,0,in range
GRID_02003,-85.893,-147.236,-241424.1,-375134.3,TAM,g,-5.799,1.0568,0,in range
GRID_02004,-85.875,-146.629,-246461.1,-374189.9,TAM,g,-5.661,1.0063,0,in range
GRID_02005,-85.89,-146.95,-243471.5,-374197.9,TAM,g,-6.093,0.4548,0,in range
GRID_02006,-85.898,-146.88,-243453.3,-373171.7,TAM,g,-5.822,1.0334,0,in range
GRID_02007,-85.875,-145.708,-252443.9,-370180.0,TAM,g,-4.911,0.8769,0,in range
GRID_02008,-85.856,-145.11,-257475.3,-369219.5,TAM,g,-6.039,0.758,0,in range
GRID_02009,-85.988,-147.914,-231482.1,-369214.5,TAM,g,-6.129,0.4032,0,in range
GRID_02010,-85.861,-144.756,-259437.9,-367177.7,TAM,g,-6.334,0.9715,0,in range
GRID_02011,-85.872,-144.964,-257416.6,-367137.9,TAM,g,-5.453,0.8257,0,in range
GRID_02012,-85.887,-145.279,-254465.5,-367207.2,TAM,g,-5.932,0.9723,0,in range
GRID_02013,-86.004,-147.774,-231456.1,-367176.4,TAM,g,-6.404,0.9027,0,in range
GRID_02014,-86.007,-147.592,-232446.4,-366164.0,TAM,g,-6.374,0.6646,0,in range
GRID_02015,-85.908,-145.238,-253426.4,-365149.4,TAM,g,-7.003,0.7676,0,in range
GRID_02016,-85.97,-146.528,-241424.2,-365139.7,TAM,g,-6.628,0.9235,0,in range
GRID_02017,-85.915,-145.165,-253456.7,-364201.5,TAM,g,-4.885,0.4918,0,in range
GRID_02018,-85.992,-146.784,-238480.2,-364213.9,TAM,g,-5.31,1.3846,0,in range
GRID_02019,-85.826,-143.227,-271420.9,-363172.4,TAM,g,-7.09,0.8125,0,in range
GRID_02020,-85.923,-145.091,-253429.2,-363160.7,TAM,g,-6.428,1.0762,0,in range
GRID_02021,-85.975,-146.165,-243430.0,-363151.3,TAM,g,-6.147,0.913,0,in range
GRID_02022,-85.822,-142.949,-273441.8,-362198.3,TAM,g,-6.747,0.8315,0,in range
GRID_02023,-85.833,-143.151,-271446.0,-362203.1,TAM,g,-6.948,0.7011,0,in range
GRID_02024,-86.003,-146.53,-239432.9,-362155.5,TAM,g,-6.351,0.9731,0,in range
GRID_02025,-85.846,-143.176,-270440.8,-361190.1,TAM,g,-6.518,0.7522,0,in range
GRID_02026,-85.948,-145.155,-251470.5,-361212.9,TAM,g,-7.085,1.0145,0,in range
GRID_02027,-85.99,-146.018,-243449.5,-361173.4,TAM,g,-4.138,1.3452,0,in range
GRID_02028,-86.01,-146.457,-239473.7,-361215.9,TAM,g,-7.062,0.9768,0,in range
GRID_02029,-85.837,-142.796,-273422.0,-360167.9,TAM,g,-6.877,0.6778,0,in range
GRID_02030,-85.842,-142.897,-272458.7,-360215.8,TAM,g,-6.565,0.9416,1,slope
GRID_02031,-85.848,-142.999,-271424.4,-360179.3,TAM,w,-6.931,0.9368,0,in range
GRID_02032,-85.951,-144.974,-252423.1,-360149.7,TAM,g,-6.72,0.6683,0,in range
GRID_02033,-85.972,-145.403,-248423.2,-360150.3,TAM,g,-6.643,0.8141,0,in range
GRID_02034,-85.987,-145.727,-245464.4,-360201.8,TAM,c,-7.35,0.7259,0,in range
GRID_02035,-86.008,-146.164,-241438.8,-360167.2,TAM,g,-6.561,0.7838,0,in range
GRID_02036,-86.013,-146.273,-240451.4,-360173.8,TAM,g,-6.838,0.6645,0,in range
GRID_02037,-86.043,-146.938,-234475.8,-360207.1,TAM,g,-7.023,1.2386,0,in range
GRID_02038,-85.844,-142.72,-273438.5,-359199.4,TAM,g,-7.187,1.0315,0,in range
GRID_02039,-85.872,-143.228,-268420.7,-359171.1,TAM,g,-6.841,0.7397,0,in range
GRID_02040,-85.883,-143.433,-266421.4,-359168.7,TAM,g,-7.151,0.943,0,in range
GRID_02041,-85.888,-143.536,-265452.2,-359209.9,TAM,w,-6.901,0.8356,0,in range
GRID_02042,-85.899,-143.742,-263451.7,-359197.6,TAM,g,-5.809,0.8222,0,in range
GRID_02043,-85.926,-144.264,-258453.9,-359200.2,TAM,g,-6.371,0.7506,0,in range
GRID_02044,-85.932,-144.369,-257415.2,-359143.1,TAM,g,-6.819,0.5631,0,in range
GRID_02045,-85.937,-144.475,-256434.5,-359176.3,TAM,g,-6.489,1.3889,0,in range
GRID_02046,-85.958,-144.899,-252456.8,-359196.3,TAM,g,-7.24,0.9087,1,elev
GRID_02047,-85.974,-145.221,-249442.0,-359180.8,TAM,w,-6.821,0.6034,1,elev
GRID_02048,-85.984,-145.436,-247475.6,-359219.0,TAM,g,-6.881,0.748,0,in range
GRID_02049,-85.99,-145.545,-246422.8,-359151.3,TAM,g,-6.633,0.9912,0,in range
GRID_02050,-85.879,-143.151,-268446.7,-358201.1,TAM,w,-5.763,0.8855,0,in range
GRID_02051,-85.885,-143.254,-267412.1,-358160.4,TAM,w,-6.928,1.1015,0,in range
GRID_02052,-85.89,-143.356,-266449.6,-358199.7,TAM,w,-6.265,0.6601,0,in range
GRID_02053,-85.997,-145.47,-246461.4,-358201.6,TAM,w,-6.165,0.6025,1,elev
GRID_02054,-85.87,-142.768,-271427.2,-357177.7,TAM,g,-6.746,0.681,0,in range
GRID_02055,-85.875,-142.87,-270462.7,-357226.9,TAM,g,-4.871,0.445,0,in range
GRID_02056,-85.881,-142.972,-269433.5,-357187.1,TAM,g,-6.028,0.793,0,in range
GRID_02057,-85.961,-144.065,-257466.9,-355219.6,TAM,g,-7.018,0.7925,1,elev
GRID_02061,-85.679,-144.517,-272453.6,-382205.6,TAM,g,-4.995,0.5133,0,in range
GRID_02062,-86.849,-146.774,-187507.3,-286257.7,TAM,s,-3.301,0.3956,1,coast
GRID_02063,-86.847,-146.403,-189477.2,-285218.5,TAM,s,-3.385,0.5642,1,coast
GRID_02064,-86.852,-146.542,-188485.2,-285224.1,TAM,c,-1.903,0.423,1,coast
GRID_02065,-86.857,-146.078,-190485.6,-283237.5,TAM,s,-2.915,0.3971,1,coast
GRID_02066,-86.862,-146.217,-189495.8,-283247.3,TAM,s,-3.364,0.4478,1,coast
GRID_02067,-86.754,-147.482,-189505.0,-297257.2,TAM,g,-3.21,0.3576,1,elev
GRID_02068,-86.757,-147.257,-190494.5,-296236.5,TAM,g,-1.95,0.7001,1,elev
GRID_02069,-86.78,-147.582,-187471.3,-295202.5,TAM,g,-2.962,0.5023,0,in range
GRID_02070,-86.796,-146.812,-190469.8,-291201.5,TAM,c,-2.803,0.8428,0,in range
GRID_02071,-86.801,-146.356,-192480.4,-289224.1,TAM,g,-2.663,0.423,0,in range
GRID_02072,-86.806,-146.493,-191488.3,-289230.5,TAM,c,-2.59,0.585,0,in range
GRID_02073,-86.809,-146.264,-192461.7,-288191.8,TAM,c,-3.673,0.5424,1,"coast, slope"
GRID_02074,-86.558,-147.754,-199456.0,-316167.5,TAM,w,-3.712,0.4965,0,in range
GRID_02075,-86.562,-147.884,-198507.0,-316251.0,TAM,w,-3.679,0.4662,0,in range
GRID_02076,-86.567,-148.014,-197501.1,-316239.8,TAM,w,-3.559,0.3561,0,in range
GRID_02077,-86.555,-147.414,-201504.2,-315253.0,TAM,w,-4.254,0.6446,0,in range
GRID_02078,-86.56,-147.543,-200502.3,-315247.4,TAM,w,-3.938,0.6514,0,in range
GRID_02079,-86.565,-147.672,-199501.4,-315238.9,TAM,c,-4.243,0.8613,0,in range
GRID_02080,-86.568,-147.461,-200485.6,-314227.2,TAM,w,-2.564,0.7172,0,in range
GRID_02081,-86.573,-147.59,-199486.4,-314219.1,TAM,w,-3.664,0.5949,0,in range
GRID_02082,-86.578,-147.72,-198482.8,-314211.5,TAM,s,-3.98,0.5363,0,in range
GRID_02083,-86.581,-147.508,-199468.9,-313200.0,TAM,s,-3.781,0.6855,0,in range
GRID_02084,-86.586,-147.638,-198466.9,-313192.8,TAM,c,-4.882,0.7573,0,in range
GRID_02085,-86.574,-147.036,-202456.2,-312184.4,TAM,w,-2.626,0.4432,0,in range
GRID_02086,-86.579,-147.165,-201458.1,-312182.9,TAM,w,-3.666,0.3775,0,in range
GRID_02087,-86.589,-147.425,-199454.3,-312178.1,TAM,c,-4.497,0.7315,0,in range
GRID_02088,-86.594,-147.555,-198454.0,-312171.3,TAM,s,-4.505,0.9506,0,in range
GRID_02089,-86.596,-147.341,-199501.3,-311244.9,TAM,c,-3.666,0.6812,0,in range
GRID_02090,-86.601,-147.472,-198497.0,-311242.1,TAM,s,-3.609,0.6103,0,in range
GRID_02091,-86.609,-147.388,-198484.5,-310218.4,TAM,s,-1.479,0.9214,0,in range
GRID_02092,-86.614,-147.519,-197482.9,-310213.1,TAM,s,-3.272,0.8684,0,in range
GRID_02093,-86.627,-147.567,-196465.3,-309186.0,TAM,c,-3.521,0.9492,0,in range
GRID_02094,-86.634,-147.483,-196509.5,-308256.2,TAM,c,-3.95,0.7354,0,in range
GRID_02095,-86.637,-147.267,-197493.9,-307239.0,TAM,c,-4.211,0.9315,0,in range
GRID_02096,-86.642,-147.399,-196492.8,-307235.4,TAM,c,-3.691,0.8704,0,in range
GRID_02097,-86.647,-147.531,-195492.8,-307228.9,TAM,c,-4.027,0.7963,0,in range
GRID_02098,-86.658,-147.229,-196462.4,-305189.1,TAM,c,-4.174,0.595,0,in range
GRID_02099,-86.66,-147.011,-197503.8,-304257.1,TAM,c,-4.284,0.7996,0,in range
GRID_02100,-86.665,-147.143,-196507.5,-304254.8,TAM,c,-3.162,0.5078,0,in range
GRID_02101,-86.668,-146.924,-197491.1,-303228.3,TAM,c,-2.594,0.8301,0,in range
GRID_02102,-86.701,-146.931,-195497.4,-300247.3,TAM,c,-2.396,0.298,0,in range
GRID_02103,-86.711,-147.199,-193502.2,-300245.1,TAM,c,-4.35,0.9787,0,in range
GRID_02104,-86.699,-146.576,-197473.6,-299211.7,TAM,c,-3.605,0.1736,0,in range
GRID_02105,-86.704,-146.709,-196480.3,-299215.1,TAM,c,-3.947,0.8263,0,in range
GRID_02106,-86.717,-146.755,-195465.6,-298191.3,TAM,c,-4.954,0.8135,0,in range
GRID_02107,-86.727,-147.025,-193466.8,-298197.5,TAM,g,-4.206,0.5962,1,slope
GRID_02108,-86.714,-146.399,-197495.0,-297242.6,TAM,g,-3.5,0.596,0,in range
GRID_02109,-86.719,-146.533,-196499.6,-297250.4,TAM,g,-3.225,0.5024,0,in range
GRID_02110,-86.729,-146.802,-194506.9,-297260.4,TAM,g,-4.314,0.6769,0,in range
GRID_02111,-86.734,-146.937,-193509.6,-297262.5,TAM,g,-3.425,0.3992,1,elev
GRID_02112,-86.727,-146.444,-196480.6,-296220.4,TAM,g,-3.436,0.5678,1,"elev, slope"
GRID_02113,-86.732,-146.579,-195482.9,-296229.0,TAM,g,-2.999,0.3157,0,in range
GRID_02114,-86.516,-148.367,-198455.9,-322169.5,TAM,g,-4.487,0.6054,0,in range
GRID_02115,-86.531,-148.207,-198495.9,-320228.5,TAM,g,-3.564,0.3907,0,in range
GRID_02116,-86.539,-148.127,-198483.8,-319212.8,TAM,g,-4.412,0.5886,0,in range
GRID_02117,-86.542,-147.917,-199479.3,-318206.9,TAM,g,-3.078,0.3373,0,in range
GRID_02118,-86.545,-147.707,-200470.0,-317198.0,TAM,g,-3.756,0.3372,0,in range
GRID_02119,-86.55,-147.836,-199466.1,-317188.6,TAM,c,-4.095,0.2929,0,in range
GRID_02120,-86.553,-147.625,-200458.3,-316176.5,TAM,w,-3.852,0.6773,0,in range
GRID_02121,-86.591,-147.768,-197466.0,-313182.6,TAM,s,-2.513,0.7108,0,in range
GRID_02122,-86.054,-148.422,-224442.4,-365139.9,TAM,g,-5.452,0.9729,0,in range
GRID_02123,-86.052,-148.125,-226446.9,-364156.2,TAM,g,-7.331,1.0061,0,in range
GRID_02124,-86.057,-148.238,-225442.2,-364140.0,TAM,g,-6.83,1.2877,0,in range
GRID_02125,-86.066,-148.466,-223479.6,-364200.3,TAM,g,-6.754,0.8056,0,in range
GRID_02126,-86.071,-148.581,-222464.9,-364184.3,TAM,g,-6.945,0.6424,0,in range
GRID_02127,-86.076,-148.695,-221457.4,-364161.8,TAM,g,-6.769,0.7841,0,in range
GRID_02128,-86.093,-148.856,-219477.5,-363201.1,TAM,g,-6.19,0.8585,0,in range
GRID_02129,-86.067,-147.983,-226484.2,-362211.3,TAM,g,-6.976,0.825,0,in range
GRID_02130,-86.072,-148.097,-225475.8,-362199.8,TAM,g,-6.417,1.1952,0,in range
GRID_02131,-86.099,-148.485,-221483.7,-361216.3,TAM,g,-6.675,0.9932,0,in range
GRID_02132,-86.162,-147.91,-221459.4,-353173.5,TAM,g,-6.683,0.9838,0,in range
GRID_02133,-86.191,-148.614,-215461.6,-353176.9,TAM,g,-5.804,0.8439,0,in range
GRID_02134,-86.17,-147.837,-221446.3,-352154.9,TAM,g,-6.843,1.1814,0,in range
GRID_02135,-86.184,-148.188,-218482.7,-352211.7,TAM,g,-7.087,1.0258,0,in range
GRID_02136,-86.177,-147.764,-221488.9,-351228.9,TAM,g,-6.601,0.9874,0,in range
GRID_02137,-86.192,-148.115,-218471.9,-351194.7,TAM,g,-6.502,0.9147,0,in range
GRID_02138,-86.18,-147.573,-222483.7,-350213.3,TAM,g,-6.369,0.8757,0,in range
GRID_02139,-86.185,-147.69,-221477.6,-350207.6,TAM,g,-6.018,0.5465,0,in range
GRID_02140,-86.2,-148.042,-218458.9,-350178.3,TAM,g,-6.158,0.7939,0,in range
GRID_02141,-86.214,-148.396,-215493.7,-350225.3,TAM,g,-4.972,0.4826,1,slope
GRID_02142,-86.223,-147.82,-218482.6,-347213.2,TAM,g,-7.087,1.0258,0,in range
GRID_02143,-86.231,-147.746,-218466.8,-346195.4,TAM,g,-7.214,1.0626,0,in range
GRID_02144,-86.239,-147.671,-218454.8,-345174.4,TAM,g,-6.614,0.8177,0,in range
GRID_02145,-86.263,-148.267,-213480.4,-345209.4,TAM,g,-3.792,0.2701,0,in range
GRID_02146,-86.256,-147.833,-216494.2,-344226.5,TAM,g,-6.496,1.1445,0,in range
GRID_02147,-86.271,-148.192,-213473.8,-344190.7,TAM,g,-4.426,0.3769,0,in range
GRID_02148,-86.279,-148.118,-213458.9,-343176.3,TAM,g,-2.631,0.6511,0,in range
GRID_02149,-86.272,-147.683,-216464.9,-342188.8,TAM,w,-7.06,1.1098,0,in range
GRID_02150,-86.315,-147.937,-212464.8,-339184.3,TAM,c,-3.775,0.3788,0,in range
GRID_02151,-86.301,-147.061,-218453.0,-337173.4,TAM,w,-6.129,0.73,1,elev
GRID_02152,-86.321,-147.542,-214448.1,-337161.2,TAM,g,-6.814,0.7567,0,in range
GRID_02153,-86.33,-147.784,-212500.6,-337236.4,TAM,c,-3.316,0.6308,0,in range
GRID_02154,-86.303,-146.864,-219492.1,-336238.3,TAM,g,-5.165,0.338,0,in range
GRID_02155,-86.313,-147.103,-217497.3,-336238.3,TAM,g,-6.345,0.8915,1,slope
GRID_02156,-86.318,-147.224,-216492.6,-336240.0,TAM,g,-6.159,0.9746,0,in range
GRID_02157,-86.328,-147.465,-214491.8,-336231.3,TAM,g,-7.004,1.0163,0,in range
GRID_02158,-86.338,-147.708,-212483.2,-336219.2,TAM,g,-3.282,0.4686,0,in range
GRID_02159,-86.348,-147.952,-210472.8,-336199.7,TAM,c,-1.818,0.5426,0,in range
GRID_02160,-86.311,-146.786,-219473.4,-335211.7,TAM,g,-6.617,0.9445,0,in range
GRID_02161,-86.326,-147.146,-216478.4,-335214.5,TAM,g,-5.058,0.7377,0,in range
GRID_02162,-86.331,-147.267,-215476.2,-335213.8,TAM,g,-6.629,1.0358,0,in range
GRID_02163,-86.336,-147.388,-214474.9,-335210.3,TAM,c,-8.008,1.0865,0,in range
GRID_02164,-86.341,-147.509,-213474.6,-335204.1,TAM,c,-4.395,0.4583,0,in range
GRID_02165,-86.346,-147.631,-212469.4,-335198.9,TAM,c,-5.248,0.4181,0,in range
GRID_02166,-86.314,-146.588,-220450.9,-334179.1,TAM,g,-7.153,1.0155,0,in range
GRID_02167,-86.329,-146.947,-217463.5,-334187.3,TAM,c,-8.158,1.3714,0,in range
GRID_02168,-86.334,-147.068,-216461.9,-334189.7,TAM,g,-6.661,0.8183,0,in range
GRID_02169,-86.339,-147.189,-215461.1,-334189.3,TAM,c,-7.67,1.0022,0,in range
GRID_02170,-86.349,-147.431,-213462.6,-334180.4,TAM,g,-2.706,0.8297,0,in range
GRID_02171,-86.354,-147.553,-212459.0,-334175.6,TAM,g,-3.603,0.6817,0,in range
GRID_02172,-86.321,-146.509,-220491.7,-333240.3,TAM,g,-6.303,0.8379,0,in range
GRID_02173,-86.326,-146.629,-219494.3,-333247.5,TAM,g,-6.025,0.9566,0,in range
GRID_02174,-86.332,-146.749,-218438.3,-333161.1,TAM,g,-5.974,0.9333,1,slope
GRID_02175,-86.337,-146.869,-217443.0,-333162.8,TAM,g,-4.849,0.4686,0,in range
GRID_02176,-86.342,-146.99,-216442.9,-333165.5,TAM,g,-6.572,1.2149,0,in range
GRID_02177,-86.347,-147.111,-215443.7,-333165.5,TAM,g,-6.142,0.821,0,in range
GRID_02178,-86.339,-146.67,-218479.4,-332223.9,TAM,g,-5.981,0.9349,0,in range
GRID_02179,-86.344,-146.79,-217485.5,-332226.1,TAM,g,-6.836,0.6781,0,in range
GRID_02180,-86.349,-146.911,-216486.7,-332229.4,TAM,g,-6.719,0.7426,0,in range
GRID_02181,-85.45,-148.206,-260417.7,-420108.9,TAM,n,-7.098,0.7396,1,litho
GRID_02182,-85.798,-148.503,-238466.5,-389187.6,TAM,g,-6.09,0.7131,0,in range
GRID_02183,-85.792,-148.117,-241427.5,-388126.2,TAM,g,-5.293,0.6768,0,in range
GRID_02184,-85.812,-148.091,-240454.3,-386170.7,TAM,g,-5.361,0.462,0,in range
GRID_02185,-85.991,-148.973,-224450.7,-373150.2,TAM,g,-6.853,0.5208,0,in range
GRID_02186,-85.995,-149.086,-223490.9,-373219.1,TAM,g,-5.373,0.5075,0,in range
GRID_02187,-86.003,-149.018,-223486.0,-372208.0,TAM,g,-5.937,0.7074,0,in range
GRID_02188,-86.011,-148.95,-223479.0,-371197.4,TAM,g,-6.876,0.647,0,in range
GRID_02189,-86.021,-149.177,-221449.6,-371146.3,TAM,g,-6.181,0.7086,0,in range
GRID_02190,-86.029,-149.109,-221443.4,-370137.0,TAM,g,-5.872,0.7731,1,slope
GRID_02191,-86.044,-148.972,-221487.3,-368209.1,TAM,g,-6.326,0.5409,0,in range
GRID_02192,-86.049,-149.086,-220475.0,-368182.7,TAM,g,-5.955,0.8409,0,in range
GRID_02193,-86.07,-149.064,-219442.8,-366140.0,TAM,g,-5.787,1.1477,0,in range
GRID_02194,-86.703,-147.862,-190477.4,-303200.2,TAM,g,-3.597,0.4062,0,in range
GRID_02195,-86.713,-147.556,-191511.1,-301261.5,TAM,g,-3.459,0.5823,0,in range
GRID_02196,-86.721,-147.47,-191495.6,-300240.8,TAM,g,-3.163,0.5494,0,in range
GRID_02197,-86.724,-147.247,-192486.3,-299219.0,TAM,g,-4.284,0.6074,0,in range
GRID_02198,-86.729,-147.383,-191482.7,-299217.4,TAM,g,-3.317,0.5789,0,in range
GRID_02199,-86.732,-147.16,-192469.0,-298196.0,TAM,g,-3.776,0.4942,1,elev
GRID_02200,-86.744,-147.208,-191512.9,-297261.0,TAM,g,-3.608,0.5337,1,"elev, slope"
GRID_02201,-86.749,-147.345,-190508.4,-297260.6,TAM,g,-2.949,0.3696,1,elev
GRID_02202,-86.759,-147.619,-188502.7,-297250.6,TAM,g,-3.421,0.442,1,elev
GRID_02203,-86.764,-147.756,-187501.6,-297240.9,TAM,g,-3.34,0.5411,1,elev
GRID_02204,-86.767,-147.531,-188492.4,-296227.3,TAM,g,-2.708,0.5651,1,elev
GRID_02205,-86.775,-147.444,-188474.2,-295208.1,TAM,g,-2.721,0.2671,1,elev
GRID_02206,-86.783,-147.355,-188463.6,-294183.0,TAM,g,-1.743,0.749,0,in range
GRID_02207,-86.79,-147.267,-188503.9,-293253.3,TAM,g,-3.05,0.3256,0,in range
GRID_02208,-86.788,-146.902,-190486.9,-292228.6,TAM,g,-3.004,0.3316,1,slope
GRID_02209,-86.798,-147.178,-188488.0,-292229.6,TAM,g,-1.17,0.8782,0,in range
GRID_02210,-86.786,-146.538,-192459.4,-291193.8,TAM,g,-2.001,0.6161,1,elev
GRID_02211,-86.791,-146.675,-191464.1,-291199.2,TAM,g,-1.831,0.558,1,elev
GRID_02212,-86.793,-146.447,-192501.2,-290253.9,TAM,g,-2.805,0.4483,1,elev
GRID_02213,-86.798,-146.584,-191507.4,-290259.9,TAM,g,-3.037,0.3738,0,in range
GRID_02214,-85.325,-166.154,-121540.1,-493113.1,TAM,g,-5.197,0.7693,0,in range
GRID_02215,-85.294,-164.278,-138531.3,-492115.5,TAM,g,-5.816,0.9505,0,in range
GRID_02216,-85.304,-164.71,-134530.2,-492096.9,TAM,g,-6.011,0.9462,0,in range
GRID_02217,-85.314,-165.144,-130520.0,-492050.5,TAM,g,-3.711,1.215,0,in range
GRID_02218,-85.332,-166.017,-122534.8,-492082.3,TAM,g,-5.123,0.889,0,in range
GRID_02219,-85.285,-163.494,-145530.1,-491112.5,TAM,n,-7.906,0.9005,1,litho
GRID_02220,-85.343,-166.099,-121543.0,-491095.9,TAM,w,-4.388,0.8936,0,in range
GRID_02221,-85.345,-166.209,-120548.1,-491117.1,TAM,w,-5.412,1.2688,0,in range
GRID_02222,-85.347,-166.319,-119553.6,-491136.3,TAM,w,-5.167,1.2982,0,in range
GRID_02223,-85.294,-163.462,-145525.7,-490092.7,TAM,n,-6.015,0.6291,1,litho
GRID_02224,-85.329,-164.977,-131530.7,-490092.4,TAM,g,-6.1,1.0339,0,in range
GRID_02225,-85.331,-165.086,-130542.2,-490131.5,TAM,g,-5.646,1.4079,0,in range
GRID_02226,-85.336,-165.304,-128538.4,-490098.6,TAM,g,-5.311,0.9152,0,in range
GRID_02227,-85.343,-165.633,-125533.2,-490091.1,TAM,g,-4.669,0.885,0,in range
GRID_02228,-85.354,-166.182,-120545.8,-490109.7,TAM,w,-5.194,1.1979,0,in range
GRID_02229,-85.356,-166.293,-119544.5,-490131.0,TAM,w,-5.015,1.1311,1,elev
GRID_02230,-85.345,-165.276,-128529.1,-489089.1,TAM,w,-4.831,1.1741,0,in range
GRID_02231,-85.365,-165.797,-123542.8,-488128.9,TAM,w,-4.63,1.0749,0,in range
GRID_02232,-85.033,-166.22,-128537.4,-524100.3,TAM,n,-4.8,0.4735,1,litho
GRID_02235,-85.058,-167.463,-116547.7,-524110.6,TAM,g,-5.322,1.0579,0,in range
GRID_02236,-85.064,-167.775,-113553.7,-524099.6,TAM,g,-5.358,0.5414,0,in range
GRID_02237,-85.066,-167.88,-112547.4,-524094.1,TAM,g,-5.079,0.8808,0,in range
GRID_02238,-85.042,-166.194,-128541.6,-523091.2,TAM,n,-5.41,0.8507,1,litho
GRID_02242,-85.065,-167.335,-117551.3,-523105.9,TAM,g,-5.186,0.7433,0,in range
GRID_02243,-85.069,-167.544,-115548.5,-523106.4,TAM,g,-5.301,0.9183,0,in range
GRID_02244,-85.073,-167.753,-113547.3,-523099.2,TAM,g,-6.289,1.1264,0,in range
GRID_02245,-85.075,-167.857,-112551.8,-523091.7,TAM,g,-5.071,0.6673,0,in range
GRID_02247,-85.076,-167.416,-116550.9,-522103.7,TAM,g,-5.882,1.1234,0,in range
GRID_02248,-85.08,-167.625,-114552.4,-522100.4,TAM,g,-4.402,0.8839,0,in range
GRID_02249,-85.082,-167.73,-113549.2,-522096.9,TAM,g,-4.859,0.9453,0,in range
GRID_02252,-85.085,-167.393,-116546.8,-521101.5,TAM,g,-5.873,0.3399,0,in range
GRID_02253,-85.067,-166.014,-129527.0,-520045.8,TAM,n,-5.294,0.4588,1,litho
GRID_02256,-85.09,-167.16,-118544.1,-520092.9,TAM,g,-5.78,0.9864,0,in range
GRID_02257,-85.094,-167.369,-116551.0,-520097.3,TAM,g,-5.759,0.5173,0,in range
GRID_02258,-85.096,-167.474,-115550.5,-520097.6,TAM,g,-5.871,0.7554,0,in range
GRID_02259,-85.103,-167.346,-116545.3,-519095.2,TAM,g,-6.241,0.521,0,in range
GRID_02260,-85.107,-167.556,-114548.2,-519094.0,TAM,g,-5.106,0.4892,0,in range
GRID_02261,-85.113,-167.872,-111546.4,-519079.8,TAM,g,-5.64,0.3695,0,in range
GRID_02262,-85.108,-167.112,-118543.0,-518084.7,TAM,g,-6.551,0.7963,0,in range
GRID_02263,-85.113,-166.878,-120534.5,-517066.6,TAM,g,-6.142,0.6004,0,in range
GRID_02264,-85.117,-167.088,-118541.3,-517080.8,TAM,g,-6.174,0.4934,0,in range
GRID_02265,-85.119,-167.193,-117545.3,-517085.0,TAM,g,-6.084,0.7496,0,in range
GRID_02266,-85.133,-166.934,-119537.2,-515064.9,TAM,g,-6.095,0.3854,0,in range
GRID_02267,-85.142,-166.909,-119540.2,-514059.2,TAM,g,-5.658,0.4975,0,in range
GRID_02268,-85.149,-166.779,-120532.1,-513045.4,TAM,g,-6.152,0.3521,0,in range
GRID_02269,-85.161,-167.415,-114545.4,-513077.7,TAM,g,-4.141,0.3095,0,in range
GRID_02270,-85.167,-166.729,-120530.3,-511034.3,TAM,g,-4.927,0.5822,0,in range
GRID_02271,-85.175,-167.154,-116542.9,-511065.9,TAM,g,-6.581,0.4909,0,in range
GRID_02272,-85.177,-167.261,-115540.3,-511070.5,TAM,g,-5.129,0.2789,0,in range
GRID_02273,-85.183,-167.581,-112543.8,-511070.4,TAM,g,-5.039,0.8016,0,in range
GRID_02274,-85.184,-167.13,-116538.9,-510062.7,TAM,g,-6.187,0.2365,0,in range
GRID_02275,-85.188,-167.344,-114537.7,-510069.9,TAM,g,-5.974,0.3283,0,in range
GRID_02276,-85.19,-167.451,-113537.7,-510070.5,TAM,g,-5.865,0.2874,0,in range
GRID_02277,-85.194,-167.665,-111538.8,-510066.0,TAM,g,-5.404,0.6635,0,in range
GRID_02278,-85.193,-167.106,-116534.1,-509059.6,TAM,g,-5.604,0.3944,0,in range
GRID_02279,-85.199,-167.427,-113538.2,-509067.5,TAM,w,-5.586,0.4654,0,in range
GRID_02280,-85.203,-167.641,-111542.9,-509063.0,TAM,g,-4.68,0.4838,0,in range
GRID_02281,-85.206,-167.295,-114543.3,-508061.8,TAM,w,-2.139,0.9685,0,in range
GRID_02282,-85.208,-167.403,-113537.9,-508064.5,TAM,w,-4.622,0.2855,0,in range
GRID_02283,-85.213,-167.164,-115535.4,-507056.2,TAM,w,-5.746,0.5954,0,in range
GRID_02284,-85.221,-167.594,-111539.9,-507059.2,TAM,g,-5.786,0.5993,0,in range
GRID_02285,-85.226,-167.355,-113534.9,-506058.8,TAM,w,-5.477,0.4091,0,in range
GRID_02286,-85.23,-167.57,-111541.5,-506056.4,TAM,g,-5.466,0.3526,0,in range
GRID_02287,-85.233,-167.223,-114532.1,-505053.4,TAM,w,-5.026,1.2267,0,in range
GRID_02288,-85.235,-167.33,-113541.0,-505054.2,TAM,w,-4.949,1.5192,0,in range
GRID_02289,-85.186,-163.731,-146514.0,-502047.1,TAM,n,-5.442,0.4822,1,litho
GRID_02290,-85.262,-167.257,-113536.6,-502044.7,TAM,w,-5.287,1.2377,0,in range
GRID_02291,-85.271,-167.233,-113530.6,-501042.4,TAM,w,-4.984,1.0614,0,in range
GRID_02292,-85.282,-167.317,-112533.2,-500041.1,TAM,w,-4.78,1.162,0,in range
GRID_02293,-85.284,-167.426,-111534.4,-500042.0,TAM,w,-5.317,1.3243,0,in range
GRID_02294,-85.292,-167.402,-111554.1,-499146.0,TAM,w,-4.496,1.0499,0,in range
GRID_02295,-85.31,-167.352,-111560.9,-497138.3,TAM,w,-5.418,1.3651,0,in range
GRID_02296,-85.309,-166.78,-116543.2,-496105.7,TAM,w,-4.728,0.9504,0,in range
GRID_02297,-85.311,-166.889,-115549.9,-496114.6,TAM,w,-5.335,1.3061,0,in range
GRID_02298,-85.314,-166.535,-118536.9,-495073.9,TAM,g,-4.475,0.6892,0,in range
GRID_02299,-85.322,-166.973,-114552.8,-495117.9,TAM,w,-4.792,1.2079,0,in range
GRID_02300,-85.324,-167.083,-113553.4,-495124.9,TAM,w,-5.514,1.3087,0,in range
GRID_02301,-85.323,-166.509,-118533.2,-494068.2,TAM,w,-5.337,1.1882,0,in range
GRID_02302,-85.333,-167.058,-113550.2,-494121.3,TAM,w,-5.586,1.345,0,in range
GRID_02303,-85.335,-167.168,-112553.0,-494126.3,TAM,w,-4.501,1.0385,1,elev
GRID_02304,-85.337,-167.278,-111556.2,-494129.3,TAM,w,-5.12,1.1597,1,elev
GRID_02305,-85.332,-166.482,-118537.2,-493060.6,TAM,w,-5.346,1.1284,0,in range
GRID_02306,-85.334,-166.592,-117539.9,-493075.7,TAM,w,-5.279,1.1328,0,in range
GRID_02307,-85.338,-166.812,-115546.6,-493099.8,TAM,w,-5.62,1.4616,0,in range
GRID_02308,-85.344,-167.143,-112550.8,-493122.9,TAM,w,-5.26,1.2661,1,elev
GRID_02309,-85.346,-167.253,-111555.9,-493125.9,TAM,w,-5.359,1.2227,1,elev
GRID_02310,-85.341,-166.456,-118531.7,-492055.1,TAM,w,-5.094,1.1153,0,in range
GRID_02311,-85.343,-166.566,-117536.3,-492070.2,TAM,w,-5.141,1.051,1,elev
GRID_02312,-85.347,-166.786,-115546.6,-492094.4,TAM,w,-5.151,1.1434,1,elev
GRID_02313,-85.351,-167.007,-113549.8,-492112.5,TAM,w,-5.213,1.1974,1,elev
GRID_02314,-85.354,-166.65,-116538.5,-491078.0,TAM,w,-4.641,1.2404,1,elev
GRID_02315,-85.36,-166.982,-113544.0,-491109.2,TAM,w,-5.551,1.3249,1,elev
GRID_02316,-85.367,-166.845,-114544.7,-490095.0,TAM,w,-5.35,1.1388,1,elev
GRID_02317,-85.24,-164.808,-135512.4,-499044.0,TAM,g,-5.3,1.0909,0,in range
GRID_02318,-85.248,-164.778,-135545.2,-498133.3,TAM,g,-5.261,1.0506,0,in range
GRID_02319,-85.245,-164.215,-140522.1,-497091.4,TAM,g,-5.579,0.9576,0,in range
GRID_02320,-85.256,-164.291,-139538.7,-496125.6,TAM,g,-4.312,0.9014,0,in range
GRID_02321,-85.268,-164.368,-138520.2,-495055.8,TAM,g,-5.2,0.4544,0,in range
GRID_02322,-85.024,-165.808,-132542.8,-524111.7,TAM,n,-5.808,0.8866,1,litho
GRID_02323,-85.027,-165.911,-131520.9,-524032.6,TAM,n,-7.269,0.7313,1,litho
GRID_02324,-85.029,-166.014,-130526.1,-524057.0,TAM,n,-5.734,0.7361,1,litho
GRID_02325,-85.031,-166.117,-129531.6,-524079.6,TAM,n,-5.308,0.7195,1,litho
GRID_02326,-85.035,-165.885,-131546.5,-523128.8,TAM,n,-5.443,0.8389,1,litho
GRID_02327,-85.038,-165.988,-130526.8,-523047.8,TAM,n,-5.46,0.5925,1,litho
GRID_02328,-85.04,-166.091,-129534.0,-523070.4,TAM,n,-6.565,0.5281,1,litho
GRID_02329,-85.031,-165.242,-137519.7,-522040.4,TAM,g,-7.265,0.5308,1,slope
GRID_02330,-85.035,-165.447,-135541.7,-522107.9,TAM,g,-7.255,0.7641,0,in range
GRID_02331,-85.038,-165.55,-134521.4,-522034.7,TAM,c,-4.111,1.1722,0,in range
GRID_02332,-85.044,-165.859,-131544.7,-522119.7,TAM,n,-5.449,0.7375,1,litho
GRID_02333,-85.049,-166.066,-129526.5,-522063.6,TAM,n,-6.338,0.6361,1,litho
GRID_02334,-85.044,-165.421,-135532.1,-521098.8,TAM,g,-5.855,0.5903,0,in range
GRID_02335,-85.046,-165.524,-134540.8,-521131.0,TAM,g,-6.192,0.6285,0,in range
GRID_02336,-85.049,-165.627,-133522.7,-521055.9,TAM,n,-5.962,0.5523,1,litho
GRID_02337,-85.053,-165.833,-131542.0,-521110.7,TAM,n,-6.611,0.6427,1,litho
GRID_02338,-85.048,-165.188,-137538.9,-520122.7,TAM,g,-5.797,0.494,0,in range
GRID_02339,-85.053,-165.394,-135530.8,-520087.5,TAM,g,-5.786,0.5281,0,in range
GRID_02340,-85.057,-165.161,-137533.2,-519111.4,TAM,g,-6.021,0.7008,0,in range
GRID_02341,-85.073,-165.002,-138522.9,-517046.5,TAM,g,-6.802,0.6087,0,in range
GRID_02342,-85.202,-167.081,-116537.3,-508054.5,TAM,g,-5.892,0.9523,0,in range
GRID_02343,-85.278,-166.639,-118542.9,-499097.8,TAM,g,-5.182,0.9571,0,in range
GRID_02344,-85.28,-166.748,-117543.3,-499110.6,TAM,g,-3.719,0.6142,0,in range
GRID_02345,-85.002,-167.497,-117555.5,-530127.1,TAM,g,-6.339,0.6187,0,in range
GRID_02346,-85.004,-167.6,-116555.6,-530125.1,TAM,c,-3.586,0.6959,0,in range
GRID_02347,-85.011,-167.474,-117555.9,-529124.1,TAM,g,-5.309,0.6932,0,in range
GRID_02348,-85.013,-167.577,-116557.7,-529122.1,TAM,c,-5.257,0.7431,0,in range
GRID_02349,-85.02,-167.451,-117555.6,-528121.2,TAM,g,-5.509,0.807,0,in range
GRID_02350,-85.026,-167.762,-114548.9,-528113.6,TAM,g,-5.556,0.5299,0,in range
GRID_02351,-85.028,-167.865,-113553.6,-528106.0,TAM,g,-7.254,0.616,0,in range
GRID_02352,-85.03,-167.969,-112549.5,-528098.4,TAM,g,-7.257,0.7064,0,in range
GRID_02353,-85.032,-168.073,-111545.7,-528089.0,TAM,g,-4.36,0.6803,0,in range
GRID_02354,-85.0,-165.988,-131527.7,-527058.7,TAM,n,-6.086,0.9866,1,litho
GRID_02355,-85.002,-166.09,-130536.9,-527080.8,TAM,n,-4.574,0.6832,1,litho
GRID_02356,-85.027,-167.325,-118549.6,-527118.5,TAM,g,-5.113,0.9739,0,in range
GRID_02357,-85.037,-167.843,-113550.2,-527105.2,TAM,g,-5.301,0.8131,0,in range
GRID_02358,-85.039,-167.947,-112547.8,-527097.7,TAM,g,-4.212,0.7788,0,in range
GRID_02359,-85.041,-168.051,-111545.8,-527088.3,TAM,g,-4.99,0.7944,0,in range
GRID_02360,-85.002,-165.655,-134534.8,-526074.6,TAM,c,-5.01,0.7843,0,in range
GRID_02361,-85.004,-165.758,-133535.4,-526104.7,TAM,c,-4.062,0.6598,0,in range
GRID_02362,-85.006,-165.86,-132545.4,-526130.6,TAM,c,-5.868,0.7165,0,in range
GRID_02363,-85.009,-165.962,-131529.4,-526049.1,TAM,c,-4.767,0.9831,0,in range
GRID_02364,-85.011,-166.065,-130531.1,-526073.5,TAM,n,-5.756,0.8538,1,litho
GRID_02365,-85.013,-166.167,-129542.4,-526093.8,TAM,c,-4.79,0.7201,0,in range
GRID_02366,-85.038,-167.405,-117552.6,-526115.6,TAM,g,-4.644,0.6504,0,in range
GRID_02367,-85.011,-165.629,-134530.5,-525065.0,TAM,c,-5.177,0.7608,0,in range
GRID_02368,-85.013,-165.732,-133532.8,-525095.2,TAM,n,-5.922,0.8686,1,litho
GRID_02369,-85.015,-165.834,-132544.5,-525121.1,TAM,n,-5.599,0.815,1,litho
GRID_02370,-85.018,-165.937,-131521.0,-525041.9,TAM,n,-5.222,0.8652,1,litho
GRID_02371,-85.02,-166.039,-130533.6,-525064.1,TAM,n,-5.819,1.0505,1,litho
GRID_02372,-85.024,-166.245,-128541.5,-525107.4,TAM,n,-6.182,0.6139,1,litho
GRID_02374,-85.049,-167.486,-116549.4,-525113.1,TAM,g,-5.247,0.4539,0,in range
GRID_02375,-85.053,-167.694,-114549.6,-525107.6,TAM,g,-4.842,0.9377,0,in range
GRID_02376,-85.055,-167.798,-113550.3,-525102.0,TAM,g,-3.915,0.6601,0,in range
GRID_02377,-85.02,-165.603,-134525.4,-524055.6,TAM,n,-6.058,0.5233,1,litho
GRID_02378,-84.923,-166.844,-125545.7,-537121.9,TAM,n,-6.642,0.6549,1,litho
GRID_02379,-84.926,-166.945,-124525.0,-537024.4,TAM,c,-4.11,0.7345,0,in range
GRID_02380,-84.934,-166.921,-124552.9,-536124.5,TAM,n,-4.875,0.8151,1,litho
GRID_02381,-84.941,-167.226,-121528.9,-536037.2,TAM,n,-5.375,0.8551,1,litho
GRID_02382,-84.943,-167.327,-120536.0,-536038.3,TAM,n,-5.474,0.8187,1,litho
GRID_02383,-84.941,-166.796,-125548.3,-535110.0,TAM,c,-3.047,0.7361,0,in range
GRID_02384,-84.952,-166.874,-124548.0,-534115.0,TAM,n,-6.246,0.4702,1,litho
GRID_02385,-84.955,-166.545,-127536.9,-533073.6,TAM,n,-5.632,0.6629,1,litho
GRID_02386,-84.957,-166.647,-126537.5,-533088.1,TAM,c,-4.108,0.7904,0,in range
GRID_02387,-84.961,-166.85,-124548.9,-533109.3,TAM,n,-6.672,0.6874,1,litho
GRID_02388,-84.962,-166.419,-128530.1,-532051.6,TAM,c,-5.125,1.0682,0,in range
GRID_02389,-84.964,-166.521,-127532.0,-532068.0,TAM,c,-5.547,0.7284,0,in range
GRID_02390,-84.966,-166.622,-126543.5,-532080.3,TAM,n,-5.397,1.0004,1,litho
GRID_02391,-84.968,-166.724,-125546.1,-532093.0,TAM,n,-5.437,0.8616,1,litho
GRID_02392,-84.973,-166.496,-127535.5,-531060.2,TAM,n,-6.798,0.6697,1,litho
GRID_02393,-84.975,-166.598,-126539.4,-531074.8,TAM,n,-6.417,1.0711,1,litho
GRID_02394,-84.984,-166.574,-126534.6,-530069.4,TAM,n,-5.615,1.107,1,litho
GRID_02396,-84.989,-166.345,-128523.7,-529030.8,TAM,g,-6.139,0.5692,0,in range
GRID_02397,-84.991,-166.447,-127530.7,-529047.3,TAM,n,-5.264,0.7499,1,litho
GRID_02398,-84.993,-166.549,-126538.1,-529061.9,TAM,n,-5.334,0.6096,1,litho
GRID_02399,-84.995,-166.652,-125536.6,-529076.8,TAM,n,-5.299,0.7941,1,litho
GRID_02402,-85.0,-166.422,-127531.7,-528039.9,TAM,n,-5.962,0.8619,1,litho
GRID_02403,-85.002,-166.525,-126531.5,-528056.7,TAM,n,-6.079,0.9415,1,litho
GRID_02405,-85.011,-166.5,-126533.4,-527049.4,TAM,n,-5.323,0.779,1,litho
GRID_02407,-84.84,-168.316,-113535.2,-549012.9,TAM,c,-5.37,0.4514,0,in range
GRID_02409,-84.843,-168.516,-111553.1,-549086.0,TAM,g,-6.704,0.296,0,in range
GRID_02412,-84.852,-168.496,-111549.5,-548087.5,TAM,g,-6.047,0.5066,0,in range
GRID_02413,-84.877,-168.333,-112558.2,-545104.1,TAM,g,-7.368,0.4841,0,in range
GRID_02414,-84.879,-168.434,-111553.5,-545088.5,TAM,g,-6.298,0.4319,0,in range
GRID_02415,-84.906,-168.372,-111551.2,-542090.2,TAM,g,-5.972,0.7747,0,in range
GRID_02416,-84.917,-166.968,-124530.2,-538028.3,TAM,n,-5.626,0.5584,1,litho
GRID_02417,-84.943,-166.898,-124546.2,-535120.8,TAM,n,-5.708,0.7892,1,litho
GRID_02418,-84.946,-166.999,-123529.3,-535021.5,TAM,n,-5.509,0.6292,1,litho
GRID_02419,-84.94,-166.265,-130527.9,-534029.2,TAM,g,-6.09,0.9982,0,in range
GRID_02420,-85.218,-168.502,-103555.6,-509082.8,TAM,g,-4.628,0.4097,0,in range
GRID_02421,-85.227,-168.48,-103555.5,-508083.8,TAM,g,-5.56,0.7089,0,in range
GRID_02422,-85.23,-168.134,-106554.8,-507129.9,TAM,g,-5.779,0.7657,0,in range
GRID_02423,-85.239,-168.111,-106556.7,-506129.1,TAM,g,-4.889,0.667,0,in range
GRID_02424,-85.277,-168.128,-105556.2,-502116.0,TAM,w,-6.85,1.1241,0,in range
GRID_02425,-85.313,-168.035,-105559.3,-498113.6,TAM,w,-6.87,0.9078,1,elev
GRID_02426,-85.32,-167.902,-106555.7,-497122.8,TAM,w,-7.126,0.8398,1,elev
GRID_02427,-85.322,-168.012,-105556.0,-497113.7,TAM,w,-6.935,0.767,1,elev
GRID_02428,-85.115,-169.078,-100555.4,-521098.9,TAM,g,-3.904,0.4576,0,in range
GRID_02429,-85.106,-168.0,-110544.8,-520072.5,TAM,g,-5.748,0.47,0,in range
GRID_02430,-85.115,-167.977,-110549.6,-519070.5,TAM,g,-5.197,0.7649,0,in range
GRID_02431,-85.169,-168.954,-100557.5,-515115.0,TAM,g,-4.471,0.4947,1,slope
GRID_02432,-85.162,-167.971,-109538.5,-514058.7,TAM,g,-4.806,0.7555,0,in range
GRID_02433,-85.178,-168.933,-100558.3,-514117.3,TAM,g,-3.853,0.498,0,in range
GRID_02434,-85.18,-169.04,-99556.7,-514090.6,TAM,g,-3.84,0.3914,0,in range
GRID_02435,-85.169,-167.841,-110544.2,-513064.5,TAM,g,-4.876,0.7966,0,in range
GRID_02436,-85.171,-167.948,-109540.5,-513057.3,TAM,g,-4.679,0.949,0,in range
GRID_02437,-85.189,-169.019,-99558.6,-513093.1,TAM,g,-3.701,0.3487,0,in range
GRID_02438,-85.196,-167.772,-110540.0,-510060.8,TAM,g,-3.544,0.9043,0,in range
GRID_02439,-85.207,-168.417,-104550.9,-510100.7,TAM,g,-5.063,0.2315,0,in range
GRID_02440,-85.225,-167.81,-109535.6,-507050.8,TAM,g,-5.215,0.9711,0,in range
GRID_02441,-85.232,-167.678,-110541.0,-506053.2,TAM,g,-4.719,0.6995,0,in range
GRID_02442,-85.241,-167.655,-110534.9,-505052.6,TAM,g,-1.818,0.7181,0,in range
GRID_02443,-85.305,-167.596,-109559.6,-498140.0,TAM,w,-5.472,1.3326,0,in range
GRID_02444,-85.312,-167.462,-110559.1,-497139.2,TAM,w,-5.036,1.2141,1,elev
GRID_02445,-85.314,-167.572,-109557.6,-497138.1,TAM,w,-5.315,1.2129,1,elev
GRID_02446,-85.321,-167.438,-110554.4,-496137.4,TAM,w,-5.373,1.2317,1,elev
GRID_02447,-85.33,-167.413,-110557.6,-495133.8,TAM,w,-5.328,1.1599,1,elev
GRID_02448,-85.341,-167.499,-109555.3,-494131.2,TAM,w,-5.26,1.2086,1,elev
GRID_02449,-85.35,-167.474,-109558.6,-493127.8,TAM,w,-4.416,0.9179,1,elev
GRID_02450,-85.354,-167.696,-107554.4,-493123.6,TAM,w,-6.856,1.0882,1,elev
GRID_02451,-85.356,-167.807,-106552.9,-493118.4,TAM,w,-6.585,0.8107,1,elev
GRID_02452,-85.358,-167.918,-105551.9,-493111.2,TAM,w,-6.315,1.1568,1,elev
GRID_02453,-85.367,-167.894,-105553.1,-492109.9,TAM,w,-6.013,0.9058,1,elev
GRID_02454,-85.038,-168.926,-103546.3,-529050.5,TAM,g,-6.134,0.6818,0,in range
GRID_02455,-85.043,-168.155,-110544.2,-527076.9,TAM,g,-6.316,0.9476,0,in range
GRID_02456,-85.067,-168.969,-102545.6,-526031.6,TAM,g,-2.272,0.7372,0,in range
GRID_02457,-85.068,-169.074,-101560.8,-526111.9,TAM,g,-4.818,0.2299,0,in range
GRID_02458,-84.834,-169.057,-106549.5,-551076.2,TAM,g,-5.295,0.8788,0,in range
GRID_02459,-84.847,-169.238,-104544.0,-550020.5,TAM,g,-5.956,0.6729,0,in range
GRID_02460,-84.849,-168.817,-108540.4,-549024.0,TAM,g,-6.794,0.3443,0,in range
GRID_02461,-84.856,-169.219,-104543.2,-549023.9,TAM,g,-5.227,0.6767,0,in range
GRID_02462,-84.854,-168.596,-110549.7,-548068.0,TAM,g,-6.277,0.7449,0,in range
GRID_02463,-84.859,-168.898,-107554.6,-548109.3,TAM,g,-6.838,0.7939,0,in range
GRID_02464,-84.867,-168.777,-108542.5,-547027.2,TAM,g,-6.533,0.6119,0,in range
GRID_02465,-84.868,-168.878,-107557.1,-547110.9,TAM,g,-5.054,0.6719,0,in range
GRID_02466,-84.872,-168.555,-110553.3,-546069.3,TAM,c,-5.349,0.8559,0,in range
GRID_02467,-84.874,-168.656,-109547.7,-546050.0,TAM,g,-4.682,0.4162,0,in range
GRID_02468,-84.881,-169.06,-105550.2,-546061.1,TAM,g,-5.363,0.6817,0,in range
GRID_02469,-84.89,-169.04,-105554.6,-545062.9,TAM,g,-2.775,1.0681,0,in range
GRID_02470,-84.904,-168.798,-107560.0,-543118.1,TAM,g,-4.123,0.9348,0,in range
GRID_02471,-84.915,-168.879,-106561.2,-542095.3,TAM,g,-4.734,0.9443,0,in range
GRID_02472,-84.917,-168.453,-110545.2,-541074.8,TAM,g,-5.49,0.7022,0,in range
GRID_02473,-84.926,-168.432,-110547.2,-540075.0,TAM,g,-4.285,0.91,0,in range
GRID_02474,-84.928,-168.534,-109542.3,-540057.7,TAM,g,-3.91,1.0119,0,in range
GRID_02475,-84.94,-169.248,-102560.4,-540098.2,TAM,g,-3.681,0.5082,0,in range
GRID_02476,-84.942,-169.35,-101558.5,-540066.1,TAM,g,-3.807,0.2887,0,in range
GRID_02477,-84.935,-168.411,-110548.4,-539075.3,TAM,g,-5.596,0.4162,0,in range
GRID_02478,-84.937,-168.513,-109545.2,-539058.0,TAM,g,-4.302,0.5592,0,in range
GRID_02479,-84.944,-168.39,-110548.9,-538075.6,TAM,g,-6.717,0.3715,0,in range
GRID_02480,-84.946,-168.492,-109547.5,-538058.4,TAM,g,-4.612,0.8749,0,in range
GRID_02481,-84.953,-168.369,-110548.7,-537076.0,TAM,g,-5.552,0.7942,0,in range
GRID_02482,-84.964,-168.45,-109549.8,-536059.3,TAM,g,-4.331,0.754,0,in range
GRID_02483,-84.983,-169.583,-98554.9,-536087.7,TAM,g,-3.401,0.4386,0,in range
GRID_02484,-86.145,-157.608,-159504.7,-387140.9,TAM,c,-7.037,0.7917,0,in range
GRID_02485,-86.148,-157.735,-158522.7,-387191.7,TAM,c,-6.73,0.8881,0,in range
GRID_02486,-86.152,-157.862,-157500.2,-387139.4,TAM,c,-5.743,0.6129,0,in range
GRID_02487,-86.155,-157.989,-156519.5,-387185.3,TAM,c,-7.299,0.9595,0,in range
GRID_02488,-86.139,-157.051,-163515.0,-386172.6,TAM,c,-7.036,1.2962,0,in range
GRID_02489,-86.143,-157.177,-162496.7,-386130.5,TAM,c,-6.992,1.1551,0,in range
GRID_02490,-86.15,-157.43,-160498.1,-386141.7,TAM,c,-6.343,0.7319,0,in range
GRID_02491,-86.153,-157.556,-159524.0,-386192.3,TAM,c,-6.32,0.7228,0,in range
GRID_02492,-86.16,-157.81,-157523.1,-386191.1,TAM,c,-7.345,0.9788,0,in range
GRID_02493,-86.164,-157.937,-156503.3,-386136.4,TAM,g,-6.383,0.744,0,in range
GRID_02494,-86.167,-158.065,-155518.5,-386182.6,TAM,g,-6.604,0.703,0,in range
GRID_02495,-86.148,-156.998,-163489.9,-385120.7,TAM,c,-6.873,0.9598,0,in range
GRID_02496,-86.151,-157.124,-162515.8,-385178.8,TAM,c,-4.37,0.7376,0,in range
GRID_02497,-86.155,-157.25,-161500.2,-385134.3,TAM,c,-6.645,1.1357,0,in range
GRID_02498,-86.158,-157.377,-160520.7,-385190.3,TAM,c,-7.608,0.9967,0,in range
GRID_02499,-86.162,-157.504,-159500.2,-385143.5,TAM,c,-7.401,0.9155,0,in range
GRID_02500,-86.165,-157.631,-158522.0,-385194.5,TAM,g,-6.365,1.0073,0,in range
GRID_02501,-86.176,-158.013,-155502.6,-385134.1,TAM,g,-5.884,0.8919,0,in range
GRID_02502,-86.167,-157.324,-160499.8,-384139.0,TAM,c,-5.471,0.9171,0,in range
GRID_02503,-86.17,-157.451,-159522.9,-384192.7,TAM,c,-6.18,0.957,0,in range
GRID_02504,-86.177,-157.706,-157522.8,-384194.8,TAM,g,-5.805,0.8597,0,in range
GRID_02505,-86.172,-157.144,-161494.7,-383132.1,TAM,c,-7.754,1.2159,0,in range
GRID_02506,-86.175,-157.271,-160519.1,-383188.3,TAM,c,-6.22,1.0616,0,in range
GRID_02507,-86.182,-157.526,-158521.2,-383195.8,TAM,c,-7.348,0.9783,0,in range
GRID_02508,-86.193,-157.91,-155499.8,-383141.7,TAM,g,-4.951,0.3491,1,elev
GRID_02509,-86.18,-157.09,-161517.2,-382178.7,TAM,c,-7.294,1.3162,0,in range
GRID_02510,-86.184,-157.218,-160494.7,-382137.7,TAM,g,-7.19,1.0085,0,in range
GRID_02511,-86.187,-157.345,-159521.6,-382191.6,TAM,g,-3.813,1.086,0,in range
GRID_02512,-86.191,-157.473,-158500.8,-382145.4,TAM,c,-8.51,1.3444,0,in range
GRID_02513,-86.194,-157.601,-157522.4,-382197.0,TAM,g,-6.093,0.9666,0,in range
GRID_02514,-86.189,-157.037,-161489.0,-381128.4,TAM,c,-8.755,1.3574,0,in range
GRID_02515,-86.192,-157.164,-160517.3,-381184.9,TAM,g,-6.334,0.85,0,in range
GRID_02516,-86.199,-157.42,-158520.4,-381195.7,TAM,g,-6.435,0.9941,0,in range
GRID_02517,-86.203,-157.548,-157502.3,-381147.0,TAM,g,-6.397,0.7759,0,in range
GRID_02518,-86.206,-157.676,-156526.6,-381196.3,TAM,g,-6.655,0.8602,1,elev
GRID_02519,-86.201,-157.11,-160495.9,-380132.2,TAM,c,-7.716,1.1334,0,in range
GRID_02520,-86.208,-157.366,-158503.1,-380143.2,TAM,g,-6.405,0.7126,0,in range
GRID_02521,-86.211,-157.495,-157522.0,-380197.8,TAM,g,-6.733,0.9616,0,in range
GRID_02522,-86.209,-157.056,-160515.1,-379180.0,TAM,g,-6.527,0.9722,0,in range
GRID_02523,-86.213,-157.184,-159499.0,-379136.8,TAM,g,-6.493,0.5881,0,in range
GRID_02524,-86.216,-157.313,-158519.3,-379194.1,TAM,g,-6.301,0.7665,0,in range
GRID_02525,-86.221,-157.13,-159518.4,-378185.1,TAM,g,-5.899,0.7626,0,in range
GRID_02526,-86.304,-159.967,-137514.2,-377141.3,TAM,g,-6.567,0.5558,0,in range
GRID_02527,-86.307,-160.101,-136520.8,-377155.2,TAM,w,-6.414,0.9278,1,elev
GRID_02528,-86.31,-160.235,-135528.1,-377166.6,TAM,g,-6.162,1.0058,0,in range
GRID_02529,-86.313,-160.37,-134529.5,-377177.8,TAM,g,-5.782,0.8527,0,in range
GRID_02530,-86.32,-159.416,-140523.3,-374173.4,TAM,g,-6.528,0.5561,0,in range
GRID_02536,-85.585,-159.812,-165509.2,-450131.6,TAM,g,-8.028,0.4533,0,in range
GRID_02537,-85.588,-159.924,-164517.0,-450147.9,TAM,g,-7.433,0.6583,0,in range
GRID_02538,-85.591,-160.036,-163525.3,-450162.0,TAM,g,-7.513,0.5173,0,in range
GRID_02539,-85.594,-159.77,-165500.7,-449091.9,TAM,g,-7.284,0.5698,0,in range
GRID_02540,-85.597,-159.883,-164502.4,-449111.1,TAM,g,-8.395,0.7399,0,in range
GRID_02541,-85.6,-159.995,-163512.6,-449125.3,TAM,g,-7.603,0.8719,0,in range
GRID_02542,-85.602,-159.729,-165520.6,-448157.3,TAM,g,-7.48,0.4848,0,in range
GRID_02543,-85.605,-159.842,-164524.0,-448176.7,TAM,g,-7.64,0.8623,0,in range
GRID_02544,-85.612,-160.067,-162503.3,-448103.7,TAM,g,-7.504,0.8387,0,in range
GRID_02545,-85.615,-160.18,-161508.6,-448116.4,TAM,g,-6.977,0.5554,0,in range
GRID_02546,-85.573,-158.083,-179502.3,-446143.5,TAM,g,-7.017,0.5117,0,in range
GRID_02547,-85.577,-158.193,-178483.9,-446083.5,TAM,g,-7.286,0.503,0,in range
GRID_02548,-85.675,-159.891,-161523.7,-441169.7,TAM,c,-5.221,0.9042,0,in range
GRID_02549,-85.647,-158.216,-175480.0,-439086.9,TAM,g,-6.805,0.6409,0,in range
GRID_02550,-85.655,-158.171,-175501.4,-438141.5,TAM,g,-5.011,0.7408,0,in range
GRID_02551,-85.708,-159.995,-159495.2,-438090.4,TAM,g,-5.098,0.7747,0,in range
GRID_02552,-85.66,-158.013,-176505.4,-437151.7,TAM,g,-5.204,0.5889,0,in range
GRID_02553,-85.677,-158.578,-171510.9,-437150.2,TAM,g,-6.953,0.8812,0,in range
GRID_02554,-85.681,-158.692,-170482.8,-437085.4,TAM,g,-6.142,0.5552,0,in range
GRID_02555,-85.669,-157.967,-176489.2,-436102.7,TAM,g,-5.465,0.7915,0,in range
GRID_02556,-85.686,-158.533,-171496.1,-436104.6,TAM,g,-5.47,0.7983,0,in range
GRID_02557,-85.689,-158.647,-170509.3,-436141.2,TAM,g,-4.877,0.6443,0,in range
GRID_02558,-85.737,-160.375,-155527.1,-436168.6,TAM,g,-5.822,0.6481,0,in range
GRID_02559,-85.691,-158.375,-172497.7,-435124.7,TAM,g,-5.596,0.3969,0,in range
GRID_02560,-85.694,-158.489,-171512.0,-435163.5,TAM,g,-5.129,0.7416,0,in range
GRID_02561,-85.748,-160.058,-157530.0,-434177.1,TAM,g,-5.635,0.6506,0,in range
GRID_02562,-85.752,-160.175,-156495.6,-434088.8,TAM,g,-6.25,0.5233,0,in range
GRID_02563,-85.708,-158.284,-172504.6,-433132.9,TAM,g,-5.599,0.8321,0,in range
GRID_02564,-85.721,-158.742,-168524.4,-433180.6,TAM,g,-7.242,0.6514,0,in range
GRID_02565,-85.727,-158.582,-169495.2,-432101.0,TAM,g,-5.244,0.5561,0,in range
GRID_02566,-85.73,-158.697,-168509.0,-432136.4,TAM,g,-2.838,0.9482,0,in range
GRID_02567,-85.766,-159.973,-157503.7,-432104.2,TAM,g,-5.246,0.8134,0,in range
GRID_02568,-85.718,-157.964,-174513.1,-431154.8,TAM,g,-6.104,0.8823,0,in range
GRID_02569,-85.742,-158.768,-167500.9,-431128.7,TAM,g,-5.585,0.4213,0,in range
GRID_02570,-85.783,-159.888,-157509.0,-430134.4,TAM,g,-6.794,1.0542,0,in range
GRID_02571,-85.786,-160.005,-156518.8,-430148.7,TAM,g,-5.036,0.8579,0,in range
GRID_02572,-85.751,-158.055,-172487.1,-428103.3,TAM,g,-5.552,0.4925,0,in range
GRID_02573,-85.764,-158.516,-168519.4,-428162.0,TAM,g,-5.414,0.2898,0,in range
GRID_02574,-85.776,-158.587,-167512.4,-427155.9,TAM,g,-4.978,0.7214,0,in range
GRID_02575,-85.78,-158.703,-166489.3,-427088.9,TAM,g,-6.25,0.4026,0,in range
GRID_02576,-85.824,-159.951,-155507.7,-426119.8,TAM,g,-5.339,0.7639,0,in range
GRID_02581,-85.892,-162.318,-135530.7,-425135.0,TAM,w,-6.935,0.9754,0,in range
GRID_02582,-85.9,-162.686,-132538.6,-425166.4,TAM,w,-6.58,0.6177,0,in range
GRID_02583,-85.805,-158.566,-166516.7,-424159.5,TAM,g,-5.369,0.6324,0,in range
GRID_02585,-85.807,-158.286,-168507.1,-423138.7,TAM,g,-5.533,0.7892,0,in range
GRID_02586,-85.834,-158.545,-165518.9,-421163.9,TAM,g,-4.946,0.802,0,in range
GRID_02588,-85.836,-158.263,-167509.3,-420142.2,TAM,g,-6.139,0.698,0,in range
GRID_02589,-85.839,-158.381,-166523.5,-420183.1,TAM,g,-5.385,0.6954,0,in range
GRID_02592,-85.841,-158.099,-168508.4,-419156.6,TAM,g,-3.674,1.0399,0,in range
GRID_02593,-85.856,-158.287,-166528.8,-418192.2,TAM,g,-5.288,0.5407,0,in range
GRID_02594,-85.877,-159.0,-160493.8,-418100.6,TAM,g,-5.612,0.7016,0,in range
GRID_02598,-85.858,-158.004,-168510.9,-417162.9,TAM,g,-5.417,0.8825,0,in range
GRID_02599,-85.879,-158.715,-162492.6,-417094.5,TAM,c,-5.842,1.0338,0,in range
GRID_02600,-85.882,-158.835,-161500.9,-417129.8,TAM,g,-5.433,0.6829,0,in range
GRID_02601,-85.885,-158.954,-160517.1,-417159.9,TAM,g,-6.7,0.6106,0,in range
GRID_02602,-85.888,-159.074,-159526.5,-417190.5,TAM,g,-5.393,0.7255,0,in range
GRID_02606,-85.884,-158.549,-163501.5,-416116.0,TAM,g,-5.665,0.8188,1,slope
GRID_02607,-85.887,-158.669,-162511.0,-416153.7,TAM,c,-6.375,0.7367,0,in range
GRID_02608,-85.89,-158.788,-161528.3,-416186.3,TAM,g,-6.941,0.349,0,in range
GRID_02609,-85.894,-158.908,-160499.8,-416118.0,TAM,g,-5.942,0.592,0,in range
GRID_02610,-85.897,-159.028,-159511.2,-416148.7,TAM,g,-5.754,0.7003,0,in range
GRID_02612,-85.889,-158.383,-164506.2,-415135.2,TAM,g,-5.204,0.7209,0,in range
GRID_02613,-85.892,-158.503,-163516.8,-415175.4,TAM,g,-6.695,0.8132,0,in range
GRID_02614,-85.896,-158.622,-162495.7,-415109.2,TAM,g,-6.871,0.6022,0,in range
GRID_02615,-85.899,-158.742,-161507.6,-415144.6,TAM,g,-6.966,0.8076,0,in range
GRID_02616,-85.902,-158.862,-160520.2,-415177.8,TAM,g,-5.677,0.3171,0,in range
GRID_02617,-85.906,-158.982,-159494.3,-415107.1,TAM,g,-4.445,1.0448,1,slope
GRID_02619,-85.891,-158.098,-166488.0,-414110.1,TAM,g,-4.648,0.6056,0,in range
GRID_02620,-85.894,-158.217,-165506.5,-414152.1,TAM,c,-6.775,0.6516,0,in range
GRID_02621,-85.897,-158.336,-164525.6,-414191.8,TAM,c,-6.995,0.5144,0,in range
GRID_02622,-85.901,-158.455,-163505.3,-414128.2,TAM,g,-6.155,0.8015,0,in range
GRID_02623,-85.908,-158.695,-161492.6,-414100.4,TAM,g,-6.788,0.6376,0,in range
GRID_02624,-85.943,-160.027,-150523.2,-414166.3,TAM,g,-3.559,0.7711,0,in range
GRID_02626,-85.896,-157.93,-167497.2,-413116.4,TAM,g,-5.636,0.795,0,in range
GRID_02627,-85.899,-158.05,-166509.7,-413163.7,TAM,c,-6.869,0.3728,0,in range
GRID_02628,-85.903,-158.169,-165489.5,-413105.0,TAM,g,-6.651,0.6717,0,in range
GRID_02629,-85.906,-158.288,-164510.5,-413144.8,TAM,g,-5.905,0.744,0,in range
GRID_02633,-85.908,-158.001,-166496.5,-412114.0,TAM,g,-6.102,0.4596,0,in range
GRID_02634,-85.911,-158.121,-165511.5,-412159.1,TAM,g,-4.994,0.1633,0,in range
GRID_02635,-85.92,-158.073,-165491.3,-411112.7,TAM,g,-5.911,0.5862,0,in range
GRID_02636,-85.933,-158.554,-161517.5,-411172.0,TAM,g,-5.993,0.5925,0,in range
GRID_02637,-85.937,-158.675,-160490.6,-411107.1,TAM,g,-5.322,0.6373,0,in range
GRID_02638,-85.969,-159.893,-150519.7,-411158.9,TAM,g,-6.604,0.6304,1,slope
GRID_02641,-85.921,-157.785,-167514.6,-410175.0,TAM,g,-7.148,0.6709,0,in range
GRID_02642,-85.925,-157.905,-166491.6,-410122.0,TAM,g,-6.12,0.3749,0,in range
GRID_02643,-85.935,-158.265,-163508.8,-410150.1,TAM,g,-6.303,0.5162,0,in range
GRID_02644,-85.984,-160.094,-148521.2,-410151.1,TAM,g,-7.011,0.4906,0,in range
GRID_02646,-85.94,-158.096,-164515.1,-409161.7,TAM,g,-4.126,0.8744,0,in range
GRID_02647,-85.954,-158.58,-160497.1,-409119.9,TAM,g,-6.41,0.571,0,in range
GRID_02648,-85.957,-158.701,-159514.3,-409154.1,TAM,g,-4.978,0.8177,0,in range
GRID_02649,-85.99,-159.926,-149499.3,-409101.2,TAM,g,-6.573,0.6209,0,in range
GRID_02651,-85.942,-157.807,-166494.7,-408125.4,TAM,g,-6.312,0.3745,0,in range
GRID_02652,-85.959,-158.411,-161503.2,-408139.3,TAM,g,-7.024,0.6448,0,in range
GRID_02653,-85.962,-158.532,-160521.5,-408176.0,TAM,c,-7.822,0.6524,0,in range
GRID_02654,-85.966,-158.654,-159493.7,-408111.8,TAM,g,-5.738,0.7236,0,in range
GRID_02655,-86.001,-160.004,-148533.3,-408180.7,TAM,g,-6.449,0.5381,0,in range
GRID_02656,-86.014,-160.501,-144515.4,-408121.5,TAM,g,-5.088,0.273,0,in range
GRID_02657,-86.049,-162.011,-132535.6,-408169.2,TAM,g,-7.018,1.0195,0,in range
GRID_02658,-85.971,-158.484,-160504.6,-407131.1,TAM,g,-4.383,0.7298,0,in range
GRID_02659,-85.974,-158.606,-159518.3,-407168.3,TAM,g,-6.537,0.6083,0,in range
GRID_02660,-86.025,-160.582,-143540.7,-407197.6,TAM,g,-6.468,0.8337,0,in range
GRID_02661,-86.058,-161.97,-132524.8,-407143.9,TAM,g,-5.674,0.5867,0,in range
GRID_02662,-85.955,-157.588,-167514.6,-406179.5,TAM,g,-6.35,0.7255,0,in range
GRID_02663,-85.983,-158.558,-159501.7,-406123.8,TAM,g,-6.354,0.6296,0,in range
GRID_02664,-86.025,-160.163,-146514.7,-406137.1,TAM,g,-6.294,0.866,0,in range
GRID_02665,-86.028,-160.288,-145518.3,-406148.7,TAM,g,-3.595,1.0304,0,in range
GRID_02666,-86.046,-161.041,-139532.4,-406175.4,TAM,g,-6.172,0.8689,1,elev
GRID_02667,-86.067,-161.928,-132519.7,-406116.6,TAM,g,-6.975,0.8804,0,in range
GRID_02668,-85.967,-157.659,-166515.3,-405180.1,TAM,g,-6.375,0.6144,0,in range
GRID_02669,-86.046,-160.619,-142520.2,-405136.7,TAM,g,-6.301,0.6738,0,in range
GRID_02670,-86.049,-160.745,-141521.3,-405141.3,TAM,g,-6.097,0.6861,0,in range
GRID_02671,-86.058,-161.124,-138521.8,-405142.8,TAM,g,-7.096,1.028,0,in range
GRID_02672,-86.075,-161.886,-132547.0,-405192.8,TAM,g,-6.291,0.8208,0,in range
GRID_02673,-85.986,-157.973,-163517.6,-404171.8,TAM,g,-6.59,0.8282,0,in range
GRID_02674,-85.993,-158.217,-161512.5,-404157.9,TAM,g,-4.795,0.7435,0,in range
GRID_02675,-85.996,-158.339,-160531.2,-404197.8,TAM,g,-5.758,0.785,0,in range
GRID_02676,-86.055,-160.575,-142505.9,-404104.5,TAM,g,-5.843,0.4909,0,in range
GRID_02677,-86.058,-160.701,-141509.1,-404109.1,TAM,g,-7.083,0.8927,0,in range
GRID_02678,-86.07,-161.207,-137514.5,-404108.1,TAM,g,-6.374,1.1634,0,in range
GRID_02679,-86.084,-161.845,-132532.1,-404168.2,TAM,g,-7.175,0.9061,0,in range
GRID_02680,-86.057,-160.278,-144525.3,-403155.7,TAM,g,-5.34,0.8581,0,in range
GRID_02681,-86.06,-160.404,-143529.0,-403165.3,TAM,g,-5.975,0.4277,0,in range
GRID_02682,-86.063,-160.53,-142533.4,-403172.5,TAM,g,-6.416,0.6961,0,in range
GRID_02683,-86.075,-161.037,-138536.3,-403184.3,TAM,g,-7.121,0.9777,0,in range
GRID_02684,-86.09,-161.674,-133532.7,-403151.7,TAM,c,-4.538,0.6504,0,in range
GRID_02685,-86.093,-161.803,-132522.8,-403141.5,TAM,g,-7.048,0.992,0,in range
GRID_02686,-85.993,-157.509,-166494.2,-402131.3,TAM,g,-6.53,0.6241,0,in range
GRID_02687,-86.069,-160.359,-143516.8,-402131.1,TAM,c,-6.923,0.9293,0,in range
GRID_02688,-86.072,-160.486,-142516.1,-402140.8,TAM,g,-6.224,0.8503,0,in range
GRID_02689,-86.075,-160.612,-141523.2,-402145.6,TAM,g,-6.606,0.8753,0,in range
GRID_02690,-86.084,-160.993,-138527.3,-402152.8,TAM,g,-6.793,0.8386,0,in range
GRID_02691,-86.099,-161.632,-133519.9,-402125.2,TAM,c,-6.881,1.1675,0,in range
GRID_02692,-86.102,-161.76,-132519.1,-402112.8,TAM,g,-6.983,0.9814,0,in range
GRID_02693,-86.104,-161.889,-131545.8,-402203.5,TAM,g,-6.352,1.0572,0,in range
GRID_02694,-86.029,-158.439,-158507.2,-401140.9,TAM,g,-7.299,0.9385,0,in range
GRID_02695,-86.081,-160.441,-142504.4,-401106.9,TAM,g,-7.091,0.843,0,in range
GRID_02696,-86.084,-160.568,-141506.5,-401114.2,TAM,g,-6.803,1.1024,0,in range
GRID_02697,-86.107,-161.589,-133547.0,-401199.8,TAM,g,-6.469,1.0321,0,in range
GRID_02698,-86.11,-161.718,-132541.0,-401189.8,TAM,g,-5.065,0.9453,0,in range
GRID_02699,-86.116,-161.976,-130531.3,-401162.3,TAM,g,-5.42,0.74,0,in range
GRID_02700,-86.119,-162.105,-129527.6,-401144.9,TAM,g,-6.287,0.5514,0,in range
GRID_02701,-86.092,-160.523,-141531.5,-400183.1,TAM,g,-5.255,1.4042,0,in range
GRID_02702,-86.116,-161.546,-133538.3,-400171.4,TAM,g,-7.383,1.0126,0,in range
GRID_02703,-86.119,-161.675,-132534.5,-400161.5,TAM,c,-7.572,1.0711,0,in range
GRID_02704,-86.122,-161.804,-131531.4,-400149.1,TAM,g,-7.055,0.9311,0,in range
GRID_02705,-86.036,-157.97,-161500.0,-399124.6,TAM,g,-6.674,1.3157,0,in range
GRID_02706,-86.043,-158.217,-159495.5,-399110.5,TAM,g,-6.563,1.309,0,in range
GRID_02707,-86.131,-161.762,-131518.5,-399123.4,TAM,g,-4.465,0.7723,0,in range
GRID_02708,-86.134,-161.891,-130518.2,-399108.5,TAM,g,-6.128,0.4957,0,in range
GRID_02709,-86.037,-157.674,-163518.5,-398184.4,TAM,g,-6.319,0.6487,0,in range
GRID_02710,-86.041,-157.797,-162499.0,-398131.9,TAM,g,-5.859,0.8355,0,in range
GRID_02711,-86.048,-158.044,-160496.6,-398123.0,TAM,g,-6.573,0.8212,0,in range
GRID_02712,-86.035,-157.254,-166516.9,-397175.6,TAM,g,-5.453,0.7897,0,in range
GRID_02713,-86.039,-157.377,-165496.7,-397130.8,TAM,g,-5.528,0.6702,0,in range
GRID_02714,-86.042,-157.5,-164518.9,-397183.8,TAM,g,-6.564,1.2317,0,in range
GRID_02715,-86.049,-157.747,-162517.0,-397185.1,TAM,g,-6.33,1.095,0,in range
GRID_02716,-86.053,-157.87,-161500.2,-397130.3,TAM,g,-5.4,0.7785,0,in range
GRID_02717,-86.056,-157.994,-160518.1,-397176.5,TAM,g,-6.315,1.148,0,in range
GRID_02718,-86.176,-159.933,-142511.8,-390127.9,TAM,s,-7.129,1.0102,0,in range
GRID_02719,-86.194,-160.714,-136534.7,-390187.4,TAM,g,-5.643,0.9534,0,in range
GRID_02720,-86.197,-160.845,-135535.2,-390190.5,TAM,g,-6.818,0.8838,0,in range
GRID_02721,-86.203,-161.107,-133538.3,-390189.1,TAM,g,-6.416,0.6506,0,in range
GRID_02722,-86.206,-161.238,-132541.0,-390184.7,TAM,g,-6.566,0.8138,0,in range
GRID_02723,-86.203,-160.668,-136524.0,-389154.5,TAM,g,-6.203,0.8346,0,in range
GRID_02724,-86.209,-160.93,-134530.0,-389158.4,TAM,g,-5.375,0.8552,0,in range
GRID_02725,-86.212,-159.433,-144536.1,-385205.7,TAM,s,-5.376,0.754,0,in range
GRID_02726,-86.254,-159.943,-139536.0,-382188.6,TAM,g,-6.489,1.08,0,in range
GRID_02727,-86.278,-160.56,-134544.1,-381209.2,TAM,g,-6.972,0.8312,0,in range
GRID_02728,-86.271,-159.846,-139546.2,-380217.2,TAM,g,-6.419,1.0353,0,in range
GRID_02729,-86.284,-160.379,-135528.7,-380167.9,TAM,g,-6.371,0.7572,0,in range
GRID_02730,-86.29,-160.198,-136508.1,-379124.3,TAM,w,-6.865,0.8335,0,in range
GRID_02731,-86.293,-160.331,-135517.9,-379133.1,TAM,w,-6.323,0.8587,1,elev
GRID_02732,-86.298,-160.149,-136537.0,-378189.6,TAM,w,-5.033,0.174,1,elev
GRID_02733,-86.312,-159.918,-137538.2,-376206.9,TAM,w,-6.524,0.9983,0,in range
GRID_02734,-86.325,-160.457,-133520.4,-376152.5,TAM,g,-5.069,0.9092,0,in range
GRID_02735,-86.318,-159.734,-138519.7,-375151.5,TAM,w,-6.816,0.9147,1,elev
GRID_02736,-86.326,-159.685,-138538.6,-374217.4,TAM,g,-6.266,0.6439,1,elev
GRID_02737,-86.33,-159.819,-137513.1,-374132.4,TAM,g,-6.326,0.8021,1,elev
GRID_02738,-86.333,-159.954,-136519.4,-374149.0,TAM,g,-6.005,0.6225,1,elev
GRID_02739,-86.051,-158.887,-154504.3,-400137.0,TAM,g,-5.685,0.6691,0,in range
GRID_02740,-86.054,-159.011,-153521.2,-400166.0,TAM,c,-5.062,0.7513,0,in range
GRID_02741,-86.053,-158.589,-156504.0,-399125.6,TAM,c,-5.266,1.0667,0,in range
GRID_02742,-86.059,-158.838,-154532.5,-399193.7,TAM,g,-7.407,1.0427,0,in range
GRID_02743,-86.066,-159.088,-152517.6,-399153.4,TAM,g,-4.867,0.253,0,in range
GRID_02744,-86.069,-159.214,-151523.8,-399182.9,TAM,g,-4.836,0.6402,0,in range
GRID_02745,-86.061,-158.54,-156527.1,-398182.2,TAM,c,-5.534,0.966,0,in range
GRID_02746,-86.065,-158.665,-155499.9,-398117.8,TAM,c,-6.904,0.9387,0,in range
GRID_02747,-86.071,-158.915,-153526.6,-398183.9,TAM,g,-6.638,0.9558,0,in range
GRID_02748,-86.075,-159.04,-152502.0,-398111.8,TAM,g,-5.928,0.7713,0,in range
GRID_02749,-86.078,-159.166,-151510.2,-398141.5,TAM,g,-6.076,0.7064,0,in range
GRID_02750,-86.081,-159.292,-150518.9,-398168.6,TAM,g,-6.413,0.9552,0,in range
GRID_02751,-86.066,-158.367,-157528.3,-397202.6,TAM,c,-5.526,0.9159,0,in range
GRID_02752,-86.07,-158.491,-156508.9,-397138.0,TAM,c,-5.066,0.9688,0,in range
GRID_02753,-86.073,-158.616,-155523.2,-397174.8,TAM,c,-5.222,0.5949,0,in range
GRID_02754,-86.077,-158.741,-154498.7,-397108.0,TAM,c,-8.476,1.2348,0,in range
GRID_02755,-86.08,-158.867,-153507.4,-397142.6,TAM,g,-6.559,0.8828,0,in range
GRID_02756,-86.086,-159.118,-151533.7,-397201.9,TAM,g,-4.954,1.5185,0,in range
GRID_02757,-86.072,-158.193,-158491.5,-396116.8,TAM,c,-5.408,1.1183,0,in range
GRID_02758,-86.075,-158.317,-157513.4,-396155.8,TAM,c,-4.974,1.0485,0,in range
GRID_02759,-86.078,-158.442,-156528.9,-396195.2,TAM,c,-7.652,1.0601,0,in range
GRID_02760,-86.082,-158.567,-155505.3,-396131.0,TAM,c,-7.788,1.086,0,in range
GRID_02761,-86.085,-158.693,-154515.3,-396168.2,TAM,c,-8.523,1.2971,0,in range
GRID_02762,-86.088,-158.818,-153532.8,-396200.3,TAM,g,-6.444,0.9973,0,in range
GRID_02763,-86.08,-158.143,-158513.4,-395171.2,TAM,c,-5.654,0.8958,0,in range
GRID_02764,-86.084,-158.267,-157496.8,-395109.4,TAM,c,-3.898,0.7312,0,in range
GRID_02765,-86.087,-158.393,-156507.4,-395151.6,TAM,g,-6.591,0.9084,0,in range
GRID_02766,-86.09,-158.518,-155525.6,-395188.6,TAM,g,-6.13,1.3212,0,in range
GRID_02767,-86.097,-158.769,-153517.3,-395156.9,TAM,g,-6.893,1.1089,0,in range
GRID_02768,-86.1,-158.895,-152530.5,-395189.3,TAM,g,-3.639,1.1365,0,in range
GRID_02769,-86.085,-157.967,-159522.6,-394178.6,TAM,c,-4.608,0.8413,0,in range
GRID_02770,-86.089,-158.092,-158500.1,-394122.2,TAM,c,-6.177,0.7806,0,in range
GRID_02771,-86.092,-158.218,-157511.9,-394167.0,TAM,c,-5.362,0.7202,0,in range
GRID_02772,-86.095,-158.343,-156531.3,-394206.6,TAM,g,-6.386,1.0653,0,in range
GRID_02773,-86.099,-158.468,-155511.3,-394142.7,TAM,g,-6.117,0.9502,0,in range
GRID_02774,-86.106,-158.72,-153500.1,-394113.8,TAM,g,-6.59,0.9454,0,in range
GRID_02775,-86.09,-157.792,-160520.4,-393186.3,TAM,c,-5.973,0.7682,0,in range
GRID_02776,-86.094,-157.917,-159498.8,-393132.6,TAM,c,-5.417,1.0455,0,in range
GRID_02777,-86.097,-158.042,-158518.7,-393177.2,TAM,c,-5.822,1.0427,0,in range
GRID_02778,-86.101,-158.167,-157498.9,-393118.5,TAM,c,-7.734,1.0387,0,in range
GRID_02779,-86.104,-158.293,-156513.4,-393160.9,TAM,c,-5.961,0.6788,0,in range
GRID_02780,-86.107,-158.419,-155528.4,-393200.9,TAM,g,-6.169,0.9757,0,in range
GRID_02781,-86.111,-158.545,-154504.3,-393137.3,TAM,g,-4.403,0.3483,0,in range
GRID_02782,-86.114,-158.671,-153520.8,-393172.4,TAM,g,-5.825,0.9352,0,in range
GRID_02783,-86.099,-157.741,-160499.7,-392137.8,TAM,c,-5.932,0.9367,0,in range
GRID_02784,-86.102,-157.866,-159521.0,-392185.0,TAM,c,-5.804,0.7432,0,in range
GRID_02785,-86.106,-157.991,-158502.0,-392128.9,TAM,c,-8.516,1.2629,0,in range
GRID_02786,-86.109,-158.117,-157517.8,-392173.9,TAM,g,-6.15,0.6259,0,in range
GRID_02787,-86.113,-158.243,-156493.8,-392115.6,TAM,c,-8.113,0.8715,0,in range
GRID_02788,-86.116,-158.369,-155510.9,-392155.6,TAM,c,-7.695,1.2213,0,in range
GRID_02789,-86.119,-158.495,-154528.6,-392193.2,TAM,c,-7.275,0.9548,0,in range
GRID_02790,-86.123,-158.622,-153500.4,-392129.9,TAM,g,-5.848,0.9782,0,in range
GRID_02791,-86.129,-158.875,-151532.3,-392195.5,TAM,g,-5.627,0.727,0,in range
GRID_02792,-86.107,-157.69,-160518.6,-391190.3,TAM,c,-6.58,0.709,0,in range
GRID_02793,-86.111,-157.815,-159500.6,-391136.9,TAM,c,-5.226,0.6917,0,in range
GRID_02794,-86.114,-157.941,-158517.6,-391184.5,TAM,c,-8.216,1.1005,0,in range
GRID_02795,-86.118,-158.066,-157501.3,-391126.1,TAM,g,-6.596,0.9249,0,in range
GRID_02796,-86.121,-158.192,-156519.7,-391168.7,TAM,g,-5.397,0.5525,0,in range
GRID_02797,-86.124,-158.319,-155531.8,-391211.7,TAM,c,-7.801,1.1775,0,in range
GRID_02798,-86.128,-158.445,-154511.3,-391148.3,TAM,g,-6.531,0.9871,0,in range
GRID_02799,-86.131,-158.572,-153524.8,-391186.3,TAM,g,-6.092,0.9653,0,in range
GRID_02800,-86.145,-159.081,-149500.2,-391113.2,TAM,g,-6.803,0.9518,0,in range
GRID_02801,-86.112,-157.513,-161518.4,-390190.3,TAM,c,-4.746,0.8354,0,in range
GRID_02802,-86.116,-157.638,-160501.3,-390139.7,TAM,c,-5.991,0.7131,0,in range
GRID_02803,-86.119,-157.764,-159519.6,-390189.8,TAM,c,-2.956,0.7919,0,in range
GRID_02804,-86.123,-157.889,-158504.3,-390134.1,TAM,c,-7.906,0.999,0,in range
GRID_02805,-86.126,-158.016,-157517.1,-390182.1,TAM,g,-6.575,0.8727,0,in range
GRID_02806,-86.133,-158.268,-155517.7,-390164.3,TAM,g,-6.51,0.7508,0,in range
GRID_02807,-86.136,-158.395,-154532.4,-390204.8,TAM,c,-7.777,1.3183,0,in range
GRID_02808,-86.14,-158.522,-153507.9,-390141.8,TAM,g,-6.078,0.8174,0,in range
GRID_02809,-86.114,-157.21,-163495.4,-389130.3,TAM,c,-7.405,0.8068,0,in range
GRID_02810,-86.124,-157.586,-160523.8,-389189.9,TAM,c,-6.01,1.0091,0,in range
GRID_02811,-86.128,-157.712,-159502.6,-389139.7,TAM,c,-5.745,0.7605,0,in range
GRID_02812,-86.131,-157.838,-158523.4,-389187.5,TAM,c,-7.612,1.0589,0,in range
GRID_02813,-86.135,-157.965,-157497.3,-389134.9,TAM,g,-6.065,0.8841,0,in range
GRID_02814,-86.138,-158.091,-156519.5,-389177.7,TAM,g,-5.513,0.8143,0,in range
GRID_02815,-86.142,-158.218,-155495.1,-389119.9,TAM,g,-5.742,0.8064,0,in range
GRID_02816,-86.145,-158.345,-154511.9,-389160.6,TAM,g,-6.094,0.7729,0,in range
GRID_02817,-86.158,-158.855,-150532.1,-389202.5,TAM,g,-5.863,1.2043,0,in range
GRID_02818,-86.133,-157.534,-160503.1,-388140.0,TAM,c,-5.505,1.1983,0,in range
GRID_02819,-86.136,-157.66,-159525.2,-388190.4,TAM,c,-6.821,1.0629,0,in range
GRID_02820,-86.14,-157.787,-158500.0,-388140.5,TAM,c,-6.311,0.6275,0,in range
GRID_02821,-86.143,-157.913,-157523.4,-388186.0,TAM,g,-6.418,0.7878,0,in range
GRID_02822,-86.147,-158.04,-156500.0,-388130.9,TAM,g,-6.018,0.7386,0,in range
GRID_02823,-86.15,-158.167,-155518.0,-388174.2,TAM,g,-6.717,0.9721,0,in range
GRID_02824,-86.154,-158.294,-154496.4,-388113.9,TAM,g,-6.732,0.8388,0,in range
GRID_02825,-86.16,-158.549,-152529.0,-388190.7,TAM,g,-6.192,0.803,0,in range
GRID_02826,-86.141,-157.482,-160522.2,-387190.9,TAM,c,-6.057,1.015,0,in range
GRID_02827,-86.162,-158.243,-154519.5,-387168.6,TAM,g,-5.406,0.7542,0,in range
GRID_02828,-86.165,-158.371,-153533.9,-387209.7,TAM,g,-5.061,0.7564,0,in range
GRID_02829,-86.169,-158.499,-152509.1,-387147.2,TAM,w,-6.635,0.9064,1,elev
GRID_02830,-86.176,-158.755,-150502.1,-387115.6,TAM,g,-6.153,0.7917,0,in range
GRID_02831,-86.174,-158.32,-153517.1,-386163.8,TAM,g,-6.801,0.9498,0,in range
GRID_02832,-86.177,-158.448,-152534.3,-386202.5,TAM,w,-5.801,0.8268,1,elev
GRID_02833,-86.179,-158.141,-154520.4,-385177.9,TAM,g,-6.079,0.7852,0,in range
GRID_02834,-86.199,-158.913,-148534.6,-385196.5,TAM,g,-4.0,0.7847,0,in range
GRID_02835,-86.218,-159.253,-145514.6,-384139.8,TAM,s,-7.185,1.0795,0,in range
GRID_02836,-86.206,-158.425,-151530.1,-383209.9,TAM,g,-5.84,1.1305,0,in range
GRID_02837,-86.216,-158.813,-148538.8,-383213.7,TAM,s,-6.511,1.0523,0,in range
GRID_02838,-86.23,-159.335,-144504.3,-383127.3,TAM,s,-7.121,1.2385,0,in range
GRID_02839,-86.222,-158.633,-149504.3,-382137.8,TAM,g,-5.965,1.1852,0,in range
GRID_02840,-86.235,-159.154,-145520.5,-382161.0,TAM,s,-6.932,1.0753,0,in range
GRID_02841,-86.227,-158.452,-150511.2,-381158.2,TAM,g,-6.249,0.8072,0,in range
GRID_02842,-86.234,-158.712,-148503.8,-381128.3,TAM,s,-6.998,1.1853,0,in range
GRID_02843,-86.237,-158.843,-147514.3,-381162.7,TAM,s,-6.657,1.2183,0,in range
GRID_02844,-86.244,-159.104,-145505.1,-381119.9,TAM,s,-6.744,1.1119,0,in range
GRID_02845,-86.225,-158.011,-153521.8,-380190.0,TAM,g,-6.187,0.9097,0,in range
GRID_02846,-86.229,-158.14,-152503.6,-380131.2,TAM,c,-7.572,1.3525,0,in range
GRID_02847,-86.232,-158.27,-151520.0,-380173.3,TAM,g,-6.185,0.842,0,in range
GRID_02848,-86.242,-158.661,-148526.5,-380186.0,TAM,s,-6.107,1.1403,0,in range
GRID_02849,-86.255,-159.186,-144534.6,-380210.2,TAM,s,-6.657,1.1017,0,in range
GRID_02850,-86.23,-157.829,-154523.6,-379197.1,TAM,w,-6.368,0.9674,1,elev
GRID_02851,-86.234,-157.958,-153506.3,-379141.1,TAM,w,-6.407,0.9474,1,elev
GRID_02852,-86.237,-158.088,-152524.0,-379185.8,TAM,g,-6.341,0.6705,0,in range
GRID_02853,-86.241,-158.218,-151501.9,-379127.2,TAM,g,-6.15,0.732,1,elev
GRID_02854,-86.251,-158.61,-148508.1,-379142.8,TAM,g,-3.539,1.1103,0,in range
GRID_02855,-86.257,-158.872,-146537.7,-379209.6,TAM,s,-6.246,1.1139,0,in range
GRID_02856,-86.264,-159.136,-144517.9,-379169.8,TAM,s,-6.43,1.0757,0,in range
GRID_02857,-86.246,-158.036,-152502.2,-378140.0,TAM,g,-5.959,0.7714,1,elev
GRID_02858,-86.253,-158.297,-150496.7,-378123.9,TAM,g,-6.116,0.7111,0,in range
GRID_02859,-86.263,-158.69,-147504.6,-378134.6,TAM,g,-5.551,0.708,0,in range
GRID_02860,-86.266,-158.821,-146521.8,-378166.8,TAM,g,-6.089,0.6361,0,in range
GRID_02861,-86.273,-159.085,-144506.2,-378127.2,TAM,s,-6.861,1.142,0,in range
GRID_02862,-86.276,-159.217,-143519.0,-378154.3,TAM,s,-6.089,0.7904,1,elev
GRID_02863,-86.258,-158.114,-151501.1,-377137.0,TAM,w,-6.478,1.2256,1,elev
GRID_02864,-86.261,-158.245,-150517.5,-377179.5,TAM,w,-6.31,0.8852,1,elev
GRID_02865,-86.264,-158.376,-149534.6,-377219.5,TAM,w,-6.335,0.9114,1,elev
GRID_02866,-86.268,-158.507,-148512.4,-377155.9,TAM,w,-6.338,0.8852,1,elev
GRID_02867,-86.271,-158.638,-147530.9,-377190.8,TAM,w,-6.344,1.0448,1,elev
GRID_02868,-86.275,-158.77,-146504.1,-377124.4,TAM,w,-6.429,1.1622,1,elev
GRID_02869,-86.281,-159.035,-144525.0,-377189.0,TAM,s,-6.953,1.1421,0,in range
GRID_02870,-86.284,-159.167,-143539.7,-377216.2,TAM,w,-6.9,0.8009,1,elev
GRID_02871,-86.266,-158.061,-151525.0,-376190.1,TAM,w,-6.793,1.1298,1,elev
GRID_02872,-86.283,-158.719,-146524.2,-376183.6,TAM,w,-6.321,0.9463,1,elev
GRID_02873,-86.29,-158.984,-144509.9,-376147.1,TAM,w,-6.039,1.0235,1,elev
GRID_02874,-86.293,-159.116,-143526.7,-376174.3,TAM,w,-5.561,0.795,1,elev
GRID_02875,-86.292,-158.667,-146509.7,-375139.3,TAM,w,-5.216,0.7904,1,elev
GRID_02876,-86.295,-158.8,-145520.5,-375174.4,TAM,w,-6.255,0.9319,1,elev
GRID_02877,-86.3,-158.615,-146533.0,-374196.5,TAM,w,-4.635,0.4049,1,elev
GRID_02878,-86.42,-159.915,-133526.8,-365175.4,TAM,g,-3.279,0.8656,0,in range
GRID_02879,-86.425,-159.726,-134542.4,-364223.2,TAM,g,-3.916,0.272,0,in range
GRID_02880,-86.434,-159.674,-134533.1,-363183.7,TAM,c,-2.372,0.8821,0,in range
GRID_02881,-86.443,-159.623,-134515.8,-362146.9,TAM,g,-4.187,0.4726,0,in range
GRID_02882,-86.451,-159.571,-134540.9,-361209.9,TAM,g,-3.736,0.3981,0,in range
GRID_02883,-86.46,-159.519,-134526.4,-360171.3,TAM,g,-3.791,0.4346,0,in range
GRID_02884,-86.469,-159.467,-134510.2,-359133.1,TAM,g,-3.93,0.1615,0,in range
GRID_02885,-86.477,-159.415,-134530.4,-358197.0,TAM,g,-3.801,0.4344,0,in range
GRID_02886,-86.486,-159.362,-134516.9,-357157.0,TAM,g,-3.86,0.7998,0,in range
GRID_02887,-86.491,-159.168,-135532.2,-356191.6,TAM,c,-3.467,0.465,0,in range
GRID_02888,-86.5,-159.115,-135512.9,-355152.3,TAM,w,-1.897,0.8824,0,in range
GRID_02889,-86.503,-159.256,-134523.1,-355179.8,TAM,g,-3.702,0.3681,0,in range
GRID_02890,-85.506,-165.706,-120532.0,-473072.7,TAM,w,-5.382,1.1455,0,in range
GRID_02891,-85.557,-165.415,-121536.5,-467087.2,TAM,w,-4.928,0.9594,0,in range
GRID_02892,-85.559,-165.53,-120544.4,-467119.6,TAM,w,-5.358,1.2338,0,in range
GRID_02893,-85.561,-165.645,-119552.7,-467149.9,TAM,w,-4.257,0.6574,0,in range
GRID_02894,-85.575,-165.847,-117532.8,-466092.3,TAM,w,-5.047,0.989,1,slope
GRID_02895,-85.59,-165.672,-118552.1,-464150.8,TAM,w,-4.157,0.8501,0,in range
GRID_02896,-85.578,-164.603,-127537.4,-463116.3,TAM,w,-5.039,1.0704,0,in range
GRID_02898,-85.709,-165.902,-113536.1,-452073.1,TAM,w,-5.195,0.8853,1,elev
GRID_02901,-85.618,-160.293,-160514.5,-448127.0,TAM,g,-4.476,0.6779,0,in range
GRID_02902,-85.627,-160.253,-160496.6,-447093.7,TAM,g,-6.569,0.5946,0,in range
GRID_02903,-85.732,-164.674,-122537.5,-447124.2,TAM,w,-6.468,1.0057,0,in range
GRID_02905,-85.716,-163.455,-132517.2,-446083.8,TAM,w,-5.395,1.1813,0,in range
GRID_02906,-85.736,-163.503,-131526.0,-444109.6,TAM,w,-5.23,1.0977,0,in range
GRID_02907,-85.685,-160.235,-158504.4,-441108.2,TAM,g,-5.241,0.6802,0,in range
GRID_02908,-85.687,-159.964,-160514.5,-440149.3,TAM,g,-5.963,0.4259,0,in range
GRID_02934,-85.889,-161.791,-139537.2,-424180.3,TAM,c,-8.21,0.8001,0,in range
GRID_02935,-85.892,-161.913,-138532.4,-424166.4,TAM,c,-6.526,0.5275,0,in range
GRID_02943,-86.332,-159.5,-139517.8,-373157.3,TAM,w,-6.811,0.8282,1,elev
GRID_02944,-86.335,-159.635,-138524.7,-373179.4,TAM,g,-5.528,0.8328,1,elev
GRID_02945,-86.338,-159.77,-137532.3,-373198.8,TAM,g,-4.971,0.5461,1,elev
GRID_02946,-86.341,-159.905,-136540.6,-373215.6,TAM,g,-5.672,0.8316,1,elev
GRID_02947,-86.337,-159.315,-140530.0,-372196.5,TAM,w,-6.713,0.5202,1,elev
GRID_02948,-86.346,-159.264,-140514.9,-371156.4,TAM,w,-5.867,0.6367,1,elev
GRID_02949,-86.349,-159.399,-139525.3,-371181.3,TAM,w,-6.469,0.9648,1,elev
GRID_02950,-86.355,-159.67,-137541.5,-371225.6,TAM,g,-6.092,1.0236,0,in range
GRID_02951,-86.359,-159.805,-136516.4,-371140.6,TAM,g,-5.569,0.3665,0,in range
GRID_02952,-86.365,-160.077,-134530.7,-371171.4,TAM,g,-6.55,0.5911,0,in range
GRID_02953,-86.361,-159.483,-138523.8,-370163.9,TAM,w,-5.621,0.9026,0,in range
GRID_02954,-86.37,-159.891,-135548.1,-370222.4,TAM,g,-5.961,1.0748,0,in range
GRID_02955,-86.37,-159.432,-138509.6,-369124.6,TAM,w,-4.049,0.9908,0,in range
GRID_02956,-86.373,-159.569,-137512.8,-369149.2,TAM,w,-6.461,0.8559,0,in range
GRID_02957,-86.376,-159.705,-136523.1,-369168.8,TAM,c,-6.008,0.9354,0,in range
GRID_02958,-86.378,-159.381,-138531.9,-368187.4,TAM,w,-6.579,0.9508,0,in range
GRID_02959,-86.381,-159.518,-137537.1,-368212.2,TAM,c,-6.189,1.2122,0,in range
GRID_02960,-86.385,-159.654,-136511.5,-368130.0,TAM,c,-5.69,1.0133,0,in range
GRID_02961,-86.39,-159.467,-137521.7,-367173.6,TAM,w,-6.489,0.9457,0,in range
GRID_02962,-86.393,-159.603,-136536.1,-367193.4,TAM,c,-6.49,0.8901,0,in range
GRID_02963,-86.399,-159.415,-137510.9,-366132.9,TAM,w,-6.677,0.9119,0,in range
GRID_02964,-86.402,-159.552,-136521.2,-366155.2,TAM,w,-6.932,1.0235,0,in range
GRID_02965,-86.397,-158.953,-140536.8,-365215.1,TAM,w,-3.46,0.3938,1,elev
GRID_02966,-86.407,-159.364,-137530.3,-365196.7,TAM,w,-4.461,0.7749,0,in range
GRID_02967,-86.41,-159.501,-136542.6,-365219.1,TAM,w,-2.061,0.7169,0,in range
GRID_02968,-86.406,-158.9,-140522.4,-364172.3,TAM,w,-3.672,0.5558,1,elev
GRID_02969,-86.409,-159.037,-139534.6,-364202.8,TAM,w,-4.223,0.5198,1,elev
GRID_02970,-86.416,-159.312,-137516.2,-364156.6,TAM,w,-4.335,0.6189,0,in range
GRID_02971,-86.419,-159.45,-136524.2,-364181.5,TAM,w,-4.087,0.5602,0,in range
GRID_02972,-86.422,-159.587,-135539.3,-364201.3,TAM,c,-4.433,0.3066,0,in range
GRID_02973,-86.421,-159.122,-138529.3,-363190.9,TAM,w,-4.049,0.3839,1,elev
GRID_02974,-86.424,-159.26,-137538.7,-363218.5,TAM,w,-4.056,0.3371,0,in range
GRID_02975,-86.428,-159.398,-136510.5,-363141.8,TAM,w,-4.326,0.5659,0,in range
GRID_02976,-86.431,-159.536,-135521.5,-363164.1,TAM,w,-4.19,0.4205,0,in range
GRID_02977,-86.433,-159.207,-137527.4,-362176.7,TAM,w,-3.429,0.6718,1,elev
GRID_02978,-86.436,-159.346,-136533.4,-362204.2,TAM,w,-4.301,0.6172,0,in range
GRID_02979,-86.439,-159.484,-135546.3,-362226.6,TAM,w,-4.442,0.7044,0,in range
GRID_02980,-86.445,-159.293,-136522.5,-361162.8,TAM,w,-4.393,0.6782,0,in range
GRID_02981,-86.448,-159.432,-135531.4,-361187.7,TAM,w,-3.884,0.3016,0,in range
GRID_02982,-86.45,-159.102,-137531.9,-360198.0,TAM,w,-3.965,0.6025,1,elev
GRID_02983,-86.453,-159.241,-136542.0,-360225.8,TAM,w,-3.153,0.3863,1,elev
GRID_02984,-86.457,-159.38,-135514.6,-360149.1,TAM,w,-4.188,0.5304,0,in range
GRID_02985,-86.462,-159.188,-136527.7,-359185.0,TAM,w,-3.744,0.6722,1,elev
GRID_02986,-86.465,-159.327,-135540.8,-359210.1,TAM,w,-4.388,0.7385,1,elev
GRID_02987,-86.471,-159.135,-136511.5,-358144.6,TAM,w,-3.306,0.3449,1,elev
GRID_02988,-86.474,-159.275,-135520.6,-358172.1,TAM,w,-4.398,0.5836,1,elev
GRID_02989,-86.476,-158.942,-137521.9,-357175.6,TAM,w,-3.084,0.7218,1,elev
GRID_02990,-86.479,-159.082,-136532.3,-357206.0,TAM,w,-1.956,0.919,0,in range
GRID_02991,-86.482,-159.222,-135543.4,-357233.7,TAM,w,-2.704,0.7263,0,in range
GRID_02992,-86.481,-158.748,-138533.5,-356201.5,TAM,w,-4.202,0.4328,1,elev
GRID_02993,-86.484,-158.888,-137545.3,-356234.7,TAM,w,-4.333,0.6114,0,in range
GRID_02994,-86.488,-159.028,-136518.8,-356163.9,TAM,w,-3.912,0.4892,0,in range
GRID_02995,-86.496,-158.974,-136542.5,-355223.5,TAM,w,-4.182,0.4766,0,in range
GRID_02996,-86.502,-158.779,-137514.6,-354148.9,TAM,w,-4.042,0.293,1,elev
GRID_02997,-86.508,-159.061,-135536.9,-354212.4,TAM,w,-1.705,0.7287,1,elev
GRID_02998,-86.512,-159.202,-134510.4,-354138.5,TAM,g,-3.782,0.1639,0,in range
GRID_02999,-86.514,-158.866,-136506.5,-353140.9,TAM,w,-4.3,0.5347,1,elev
GRID_03000,-86.517,-159.007,-135520.3,-353171.3,TAM,g,-3.851,0.5068,0,in range
GRID_03001,-86.527,-158.615,-137537.1,-351223.9,TAM,w,-2.977,0.2274,1,elev
GRID_03002,-86.536,-158.559,-137522.8,-350178.9,TAM,w,-3.089,0.5073,1,elev
GRID_03003,-86.539,-158.701,-136536.1,-350214.9,TAM,g,-3.839,0.4635,0,in range
GRID_03004,-86.548,-158.645,-136522.1,-349170.4,TAM,g,-3.512,0.4924,0,in range
GRID_03005,-86.551,-158.788,-135532.3,-349206.1,TAM,g,-3.722,0.5345,0,in range
GRID_03006,-86.556,-158.59,-136539.9,-348229.8,TAM,w,-1.709,0.7137,0,in range
GRID_03007,-86.462,-165.6,-95560.9,-372185.1,TAM,c,-2.958,0.4012,0,in range
GRID_03008,-86.454,-164.555,-102564.3,-371218.5,TAM,c,-3.588,0.5051,0,in range
GRID_03009,-86.457,-164.699,-101545.0,-371160.6,TAM,w,-3.007,0.6643,0,in range
GRID_03010,-86.459,-164.842,-100561.5,-371203.1,TAM,w,-1.933,1.1567,0,in range
GRID_03011,-86.462,-164.986,-99543.8,-371139.7,TAM,w,-3.625,0.4213,0,in range
GRID_03012,-86.464,-165.13,-98554.9,-371178.7,TAM,w,-4.054,0.4189,0,in range
GRID_03013,-86.466,-165.274,-97566.5,-371215.0,TAM,w,-4.705,0.3485,0,in range
GRID_03014,-86.453,-163.943,-106553.6,-370206.2,TAM,c,-3.798,0.5487,0,in range
GRID_03015,-86.456,-164.085,-105546.4,-370155.6,TAM,c,-3.647,0.3786,0,in range
GRID_03016,-86.458,-164.229,-104556.7,-370210.5,TAM,c,-4.971,0.4113,0,in range
GRID_03017,-86.461,-164.372,-103544.5,-370156.4,TAM,w,-5.03,0.4593,0,in range
GRID_03018,-86.463,-164.515,-102562.3,-370204.2,TAM,w,-4.117,0.2644,0,in range
GRID_03019,-86.466,-164.659,-101545.3,-370146.3,TAM,c,-2.699,0.5687,0,in range
GRID_03020,-86.468,-164.803,-100557.8,-370190.6,TAM,c,-3.808,0.7476,0,in range
GRID_03021,-86.475,-165.236,-97563.4,-370204.3,TAM,w,-3.594,0.5394,0,in range
GRID_03022,-86.478,-165.381,-96543.9,-370134.6,TAM,w,-4.629,0.3901,0,in range
GRID_03023,-86.465,-164.045,-105535.9,-369141.4,TAM,c,-3.818,0.5257,0,in range
GRID_03024,-86.467,-164.188,-104555.0,-369194.5,TAM,c,-4.368,0.4186,0,in range
GRID_03025,-86.472,-164.476,-102552.5,-369191.8,TAM,w,-4.448,0.5321,0,in range
GRID_03026,-86.475,-164.62,-101537.8,-369134.0,TAM,c,-4.084,0.5716,0,in range
GRID_03027,-86.477,-164.764,-100552.7,-369178.3,TAM,c,-3.129,0.9261,0,in range
GRID_03028,-86.489,-165.488,-95553.0,-369156.9,TAM,w,-3.581,0.4385,0,in range
GRID_03029,-86.491,-165.634,-94558.0,-369188.6,TAM,c,-3.678,0.7176,0,in range
GRID_03030,-86.479,-164.291,-103538.1,-368126.4,TAM,c,-4.804,0.5173,0,in range
GRID_03031,-86.481,-164.435,-102554.2,-368176.1,TAM,w,-4.423,0.6201,0,in range
GRID_03032,-86.483,-164.58,-101564.3,-368224.9,TAM,c,-3.538,0.461,0,in range
GRID_03033,-86.486,-164.725,-100546.2,-368166.3,TAM,c,-4.872,0.4119,0,in range
GRID_03034,-86.498,-165.451,-95545.6,-368148.4,TAM,w,-4.682,0.612,0,in range
GRID_03035,-86.5,-165.596,-94559.6,-368178.5,TAM,c,-4.511,0.5113,0,in range
GRID_03036,-86.487,-164.251,-103559.1,-367217.3,TAM,c,-4.729,0.5742,0,in range
GRID_03037,-86.49,-164.395,-102548.1,-367162.4,TAM,c,-3.554,0.4092,0,in range
GRID_03038,-86.526,-164.857,-98562.2,-364200.8,TAM,c,-4.085,0.5538,0,in range
GRID_03039,-86.531,-165.151,-96552.8,-364176.5,TAM,w,-3.024,0.4939,0,in range
GRID_03040,-86.518,-163.795,-105538.1,-363146.3,TAM,c,-2.129,0.3519,0,in range
GRID_03041,-86.525,-164.232,-102558.6,-363208.6,TAM,c,-3.228,0.5851,0,in range
GRID_03042,-86.528,-164.378,-101544.9,-363154.7,TAM,c,-2.917,0.4839,0,in range
GRID_03043,-86.53,-164.524,-100561.2,-363202.8,TAM,c,-4.596,0.7881,0,in range
GRID_03044,-86.533,-164.671,-99542.9,-363145.2,TAM,w,-2.936,0.5274,0,in range
GRID_03045,-86.535,-164.818,-98553.9,-363189.6,TAM,c,-4.02,0.6985,0,in range
GRID_03046,-86.537,-164.965,-97565.4,-363231.4,TAM,c,-3.012,0.5324,0,in range
GRID_03047,-86.527,-163.753,-105530.6,-362129.8,TAM,c,-3.46,0.5792,0,in range
GRID_03048,-86.529,-163.898,-104553.6,-362186.9,TAM,w,-4.085,0.5723,0,in range
GRID_03049,-86.532,-164.044,-103540.7,-362138.7,TAM,w,-3.576,0.3777,0,in range
GRID_03050,-86.534,-164.191,-102552.0,-362194.0,TAM,w,-3.549,0.5265,0,in range
GRID_03051,-86.537,-164.337,-101540.7,-362140.2,TAM,w,-3.891,0.6493,0,in range
GRID_03052,-86.539,-164.484,-100553.1,-362190.1,TAM,c,-3.564,0.6407,0,in range
GRID_03053,-86.542,-164.631,-99537.1,-362132.5,TAM,c,-3.186,0.6807,0,in range
GRID_03054,-86.544,-164.778,-98550.7,-362177.0,TAM,w,-3.945,0.6118,0,in range
GRID_03055,-86.549,-165.072,-96551.0,-362152.9,TAM,c,-3.2,0.5376,0,in range
GRID_03056,-86.551,-165.22,-95559.7,-362190.9,TAM,c,-2.559,0.4836,0,in range
GRID_03057,-86.553,-165.368,-94568.9,-362226.2,TAM,c,-2.931,0.5401,0,in range
GRID_03058,-86.538,-163.856,-104547.1,-361170.6,TAM,w,-3.188,0.5906,0,in range
GRID_03059,-86.54,-164.002,-103566.5,-361226.9,TAM,w,-4.024,0.6091,0,in range
GRID_03060,-86.543,-164.149,-102550.3,-361177.8,TAM,c,-3.275,0.5237,0,in range
GRID_03061,-86.545,-164.296,-101564.5,-361230.5,TAM,w,-3.484,0.6128,0,in range
GRID_03062,-86.548,-164.443,-100550.0,-361175.8,TAM,w,-3.582,0.6072,0,in range
GRID_03063,-86.55,-164.59,-99565.2,-361223.0,TAM,w,-3.589,0.487,0,in range
GRID_03064,-86.558,-165.033,-96544.8,-361142.2,TAM,w,-3.829,0.5059,0,in range
GRID_03065,-86.554,-164.254,-101563.9,-360214.6,TAM,w,-2.853,0.5448,0,in range
GRID_03066,-86.557,-164.402,-100545.4,-360161.7,TAM,w,-3.301,0.6248,1,elev
GRID_03067,-86.559,-164.549,-99563.1,-360209.0,TAM,w,-3.002,0.5533,0,in range
GRID_03068,-86.567,-164.993,-96543.7,-360130.0,TAM,w,-3.119,0.4985,0,in range
GRID_03069,-86.582,-165.4,-93572.2,-359229.2,TAM,c,-2.994,0.6004,0,in range
GRID_03070,-85.748,-166.533,-107563.1,-449172.2,TAM,w,-4.221,0.5842,0,in range
GRID_03071,-85.807,-166.084,-109537.0,-442088.9,TAM,w,-6.146,0.8404,0,in range
GRID_03072,-86.453,-165.637,-95563.2,-373194.3,TAM,c,-3.9,0.5283,0,in range
GRID_03073,-86.457,-165.312,-97568.3,-372225.7,TAM,w,-4.656,0.3512,0,in range
GRID_03074,-86.46,-165.456,-96550.6,-372154.2,TAM,w,-3.937,0.787,0,in range
GRID_03075,-85.29,-170.146,-87567.5,-504128.5,TAM,w,-7.803,1.206,0,in range
GRID_03076,-85.326,-169.383,-93551.6,-499069.3,TAM,w,-6.552,0.7006,0,in range
GRID_03077,-85.338,-169.584,-91564.2,-498110.8,TAM,w,-7.071,0.7375,0,in range
GRID_03078,-85.14,-169.463,-96554.3,-519089.2,TAM,w,-6.078,1.0351,0,in range
GRID_03079,-85.151,-169.549,-95558.0,-518056.9,TAM,w,-3.5,0.7517,0,in range
GRID_03080,-85.158,-169.423,-96557.2,-517097.0,TAM,g,-4.129,0.107,0,in range
GRID_03081,-85.172,-169.725,-93558.7,-516100.4,TAM,w,-4.988,0.6031,0,in range
GRID_03082,-85.192,-169.793,-92560.6,-514070.0,TAM,w,-5.493,0.5334,1,slope
GRID_03083,-85.204,-169.99,-90565.7,-513099.8,TAM,w,-4.119,0.5948,0,in range
GRID_03084,-85.214,-169.41,-95555.1,-511087.6,TAM,w,-6.152,0.7831,0,in range
GRID_03085,-85.234,-169.478,-94551.2,-509061.8,TAM,w,-6.355,1.0186,0,in range
GRID_03086,-85.241,-169.349,-95556.4,-508099.4,TAM,w,-4.52,0.4255,0,in range
GRID_03087,-85.243,-169.457,-94558.7,-508064.8,TAM,w,-6.153,0.8266,0,in range
GRID_03088,-85.298,-170.698,-82566.0,-504090.1,TAM,w,-7.369,1.1183,0,in range
GRID_03089,-85.39,-170.626,-81569.6,-494113.7,TAM,w,-7.378,0.7391,1,elev
GRID_03090,-84.8,-171.699,-81568.4,-559062.5,TAM,g,-5.015,0.739,0,in range
GRID_03091,-84.809,-171.684,-81573.1,-558072.1,TAM,g,-3.993,0.811,0,in range
GRID_03092,-84.807,-170.866,-89566.5,-557065.5,TAM,g,-4.587,0.8548,0,in range
GRID_03093,-84.813,-171.267,-85566.5,-557033.5,TAM,g,-4.093,0.8775,0,in range
GRID_03094,-84.818,-171.67,-81567.6,-557083.3,TAM,g,-4.663,0.876,0,in range
GRID_03095,-84.816,-170.85,-89566.4,-556073.7,TAM,g,-5.277,0.6749,0,in range
GRID_03096,-84.82,-171.151,-86576.9,-556106.6,TAM,g,-5.674,0.667,0,in range
GRID_03097,-84.828,-171.035,-87567.0,-555070.3,TAM,g,-6.169,0.5469,0,in range
GRID_03098,-84.83,-171.136,-86554.8,-555008.8,TAM,g,-4.579,0.9473,0,in range
GRID_03099,-84.836,-170.918,-88562.9,-554030.9,TAM,g,-5.623,0.4803,0,in range
GRID_03100,-84.839,-171.12,-86558.7,-554017.1,TAM,g,-3.663,0.7287,0,in range
GRID_03101,-84.845,-171.625,-81577.2,-554112.7,TAM,g,-3.399,1.0873,0,in range
GRID_03102,-84.843,-170.801,-89572.3,-553097.0,TAM,g,-4.396,0.9569,0,in range
GRID_03103,-84.845,-170.902,-88562.7,-553039.2,TAM,g,-4.834,0.554,0,in range
GRID_03104,-84.849,-171.205,-85570.3,-553069.7,TAM,g,-3.37,1.1043,0,in range
GRID_03105,-84.853,-171.509,-82570.4,-553085.5,TAM,g,-4.025,1.2211,0,in range
GRID_03106,-84.852,-170.785,-89569.9,-552105.4,TAM,g,-4.655,1.125,0,in range
GRID_03107,-84.854,-170.886,-88562.1,-552047.6,TAM,g,-3.684,0.9673,0,in range
GRID_03108,-84.861,-171.392,-83569.3,-552055.2,TAM,g,-4.899,0.852,0,in range
GRID_03109,-84.863,-170.87,-88560.8,-551056.0,TAM,g,-4.259,0.8404,0,in range
GRID_03110,-84.864,-170.971,-87572.2,-551103.9,TAM,g,-1.471,1.0976,0,in range
GRID_03111,-84.869,-171.275,-84564.4,-551023.0,TAM,g,-1.35,1.1895,0,in range
GRID_03112,-84.872,-170.854,-88559.1,-550064.5,TAM,g,-4.466,0.6485,0,in range
GRID_03113,-84.876,-171.158,-85572.4,-550096.7,TAM,g,-3.912,1.0478,0,in range
GRID_03114,-84.878,-171.26,-84559.9,-550033.1,TAM,g,-3.565,0.9726,0,in range
GRID_03115,-84.88,-170.736,-89551.6,-549022.0,TAM,g,-5.183,0.6144,0,in range
GRID_03116,-84.884,-171.041,-86560.0,-549061.0,TAM,g,-4.27,0.6857,0,in range
GRID_03117,-84.885,-171.142,-85575.2,-549105.2,TAM,g,-3.43,1.1146,0,in range
GRID_03118,-84.889,-170.719,-89556.6,-548029.0,TAM,g,-5.274,1.1916,0,in range
GRID_03119,-84.89,-170.821,-88563.5,-548080.2,TAM,g,-4.349,0.6458,0,in range
GRID_03120,-84.892,-170.923,-87553.3,-548022.1,TAM,g,-3.946,0.6656,0,in range
GRID_03121,-84.897,-171.331,-83566.7,-548093.9,TAM,g,-3.667,1.1608,0,in range
GRID_03122,-84.898,-170.702,-89561.0,-547036.1,TAM,g,-4.374,0.7794,1,slope
GRID_03123,-84.905,-171.213,-84562.3,-547060.4,TAM,g,-2.268,0.835,0,in range
GRID_03124,-84.908,-170.788,-88565.6,-546096.0,TAM,g,-4.32,1.0269,0,in range
GRID_03125,-84.911,-170.992,-86569.6,-546085.5,TAM,g,-4.459,0.5074,0,in range
GRID_03126,-84.913,-171.094,-85563.6,-546023.8,TAM,g,-1.988,1.2136,0,in range
GRID_03127,-84.916,-170.669,-89558.5,-545052.0,TAM,g,-3.589,0.5862,0,in range
GRID_03128,-84.917,-170.771,-88570.6,-545103.2,TAM,g,-4.276,0.8329,0,in range
GRID_03129,-84.919,-170.874,-87556.0,-545046.7,TAM,g,-4.603,0.5227,0,in range
GRID_03130,-84.927,-171.489,-81571.9,-545094.3,TAM,g,-3.27,1.4041,0,in range
GRID_03131,-84.922,-170.447,-91561.4,-544057.2,TAM,g,-4.861,0.4272,0,in range
GRID_03132,-84.923,-170.55,-90565.3,-544113.6,TAM,g,-3.63,0.9999,0,in range
GRID_03133,-84.928,-170.857,-87562.2,-544054.0,TAM,g,-3.79,1.2607,0,in range
GRID_03134,-84.942,-170.515,-90557.1,-542019.3,TAM,g,-5.073,0.5939,0,in range
GRID_03135,-84.943,-170.618,-89564.8,-542073.9,TAM,g,-4.769,0.7482,0,in range
GRID_03136,-84.954,-170.704,-88557.7,-541026.7,TAM,g,-3.46,1.1606,0,in range
GRID_03137,-84.952,-171.236,-83563.6,-542040.7,TAM,g,-3.263,1.1628,0,in range
GRID_03138,-84.953,-171.339,-82572.7,-542082.5,TAM,g,-3.975,0.9184,0,in range
GRID_03139,-84.962,-171.324,-82566.9,-541093.0,TAM,g,-4.712,0.8162,0,in range
GRID_03140,-84.971,-171.308,-82570.0,-540102.0,TAM,g,-4.749,0.6343,1,slope
GRID_03141,-84.979,-171.188,-83567.7,-539067.8,TAM,g,-4.389,0.5401,0,in range
GRID_03142,-84.982,-171.396,-81561.4,-539045.0,TAM,g,-3.83,0.2866,0,in range
GRID_03143,-84.979,-170.55,-89565.0,-538103.9,TAM,g,-4.012,0.3969,0,in range
GRID_03144,-84.99,-170.636,-88562.6,-537057.0,TAM,g,-4.315,0.43,0,in range
GRID_03145,-84.991,-170.74,-87570.1,-537109.5,TAM,g,-4.657,0.6697,0,in range
GRID_03146,-85.0,-171.364,-81568.4,-537063.3,TAM,d,-4.407,0.6156,0,in range
GRID_03147,-84.996,-170.411,-90562.2,-536061.5,TAM,g,-4.327,0.7191,0,in range
GRID_03148,-85.0,-170.723,-87571.6,-536117.2,TAM,s,-4.888,0.7262,0,in range
GRID_03149,-85.003,-170.931,-85573.3,-536109.3,TAM,d,-4.591,0.9685,0,in range
GRID_03150,-85.005,-171.035,-84566.2,-536048.8,TAM,d,-4.591,0.5505,0,in range
GRID_03151,-85.008,-171.244,-82560.5,-536031.2,TAM,d,-4.092,0.9905,0,in range
GRID_03152,-85.009,-171.348,-81571.1,-536072.6,TAM,s,-4.902,0.5656,1,elev
GRID_03153,-85.012,-170.915,-85568.4,-535118.6,TAM,d,-4.607,0.7504,1,elev
GRID_03154,-85.014,-171.019,-84563.0,-535058.1,TAM,s,-4.877,0.7704,1,elev
GRID_03155,-85.018,-171.332,-81573.2,-535081.9,TAM,s,-5.314,0.886,1,elev
GRID_03156,-85.014,-170.376,-90562.2,-534075.4,TAM,g,-4.964,0.8677,0,in range
GRID_03157,-85.016,-170.48,-89556.7,-534024.3,TAM,g,-4.293,0.3167,0,in range
GRID_03158,-85.023,-171.002,-84568.6,-534065.9,TAM,d,-4.465,0.7536,1,elev
GRID_03159,-85.026,-170.567,-88567.4,-533086.6,TAM,g,-3.792,0.3878,0,in range
GRID_03160,-85.083,-169.369,-98549.6,-525024.1,TAM,g,-4.23,0.9027,0,in range
GRID_03161,-84.653,-171.132,-89562.6,-574032.1,TAM,g,-5.347,0.6414,0,in range
GRID_03162,-84.671,-171.102,-89560.2,-572050.0,TAM,g,-4.106,0.7113,0,in range
GRID_03163,-84.68,-171.086,-89568.2,-571057.4,TAM,g,-5.292,0.6284,0,in range
GRID_03164,-84.689,-171.071,-89565.7,-570066.5,TAM,g,-6.371,0.4653,0,in range
GRID_03165,-84.691,-171.169,-88557.1,-570003.8,TAM,g,-6.869,0.4734,0,in range
GRID_03166,-84.685,-170.174,-98553.3,-569023.3,TAM,c,-3.785,0.5757,0,in range
GRID_03167,-84.694,-170.761,-92561.3,-569036.5,TAM,g,-5.316,0.6755,0,in range
GRID_03168,-84.695,-170.859,-91570.6,-569086.6,TAM,g,-5.544,0.7535,0,in range
GRID_03169,-84.698,-169.846,-101559.8,-567057.4,TAM,g,-6.898,0.5275,0,in range
GRID_03170,-84.7,-169.944,-100551.7,-567016.0,TAM,g,-5.53,0.8424,0,in range
GRID_03171,-84.701,-170.042,-99562.9,-567080.0,TAM,g,-5.98,0.4401,0,in range
GRID_03172,-84.703,-170.14,-98555.6,-567035.0,TAM,c,-3.831,0.4443,0,in range
GRID_03173,-84.705,-169.731,-102562.0,-566102.9,TAM,g,-4.917,0.4984,0,in range
GRID_03174,-84.709,-169.927,-100548.7,-566021.9,TAM,g,-6.372,0.3535,0,in range
GRID_03175,-84.71,-170.025,-99561.6,-566085.9,TAM,g,-4.676,0.6471,0,in range
GRID_03176,-84.712,-170.123,-98555.8,-566040.9,TAM,g,-6.466,0.3201,0,in range
GRID_03177,-84.713,-170.221,-97569.0,-566101.4,TAM,c,-3.823,0.7273,0,in range
GRID_03178,-84.727,-171.108,-88558.4,-566038.9,TAM,g,-3.893,0.6655,0,in range
GRID_03179,-84.716,-169.811,-101559.7,-565067.5,TAM,g,-4.649,0.7223,0,in range
GRID_03180,-84.718,-169.909,-100554.9,-565026.1,TAM,c,-4.924,0.826,0,in range
GRID_03181,-84.719,-170.008,-99559.6,-565091.8,TAM,g,-5.21,0.6617,0,in range
GRID_03182,-84.734,-170.993,-89575.1,-565107.8,TAM,g,-5.578,0.7682,0,in range
GRID_03183,-84.736,-171.092,-88564.8,-565046.7,TAM,g,-5.639,0.7847,1,slope
GRID_03184,-84.727,-169.892,-100550.7,-564032.1,TAM,g,-6.882,0.4725,0,in range
GRID_03185,-84.73,-170.089,-98554.6,-564052.9,TAM,g,-5.327,1.0257,0,in range
GRID_03186,-84.744,-170.978,-89552.4,-564009.6,TAM,g,-5.155,0.8471,0,in range
GRID_03187,-84.746,-171.176,-87569.4,-564100.7,TAM,g,-4.453,0.7409,0,in range
GRID_03188,-84.737,-169.973,-99563.7,-563102.2,TAM,g,-5.157,0.6989,0,in range
GRID_03189,-84.745,-170.467,-94560.9,-563081.2,TAM,g,-5.379,0.6955,0,in range
GRID_03190,-84.753,-170.962,-89556.0,-563017.5,TAM,g,-4.16,0.8473,0,in range
GRID_03191,-84.755,-171.16,-87576.4,-563108.6,TAM,g,-2.868,0.9983,0,in range
GRID_03192,-84.757,-171.26,-86560.4,-563045.5,TAM,g,-3.117,0.3974,0,in range
GRID_03193,-84.748,-170.054,-98560.8,-562063.5,TAM,g,-5.231,0.6887,0,in range
GRID_03194,-84.763,-171.045,-88571.0,-562071.8,TAM,g,-3.029,0.91,0,in range
GRID_03195,-84.765,-171.145,-87556.3,-562010.5,TAM,g,-5.298,0.4583,0,in range
GRID_03196,-84.767,-171.344,-85571.1,-562096.1,TAM,g,-4.15,0.5857,0,in range
GRID_03197,-84.756,-169.938,-99546.5,-561005.7,TAM,g,-4.171,0.615,0,in range
GRID_03198,-84.757,-170.037,-98558.2,-561069.7,TAM,g,-5.009,0.7648,0,in range
GRID_03199,-84.759,-170.136,-97551.3,-561024.7,TAM,g,-4.934,0.6825,0,in range
GRID_03200,-84.774,-171.129,-87562.3,-561018.5,TAM,g,-5.988,0.9155,0,in range
GRID_03201,-84.775,-171.229,-86566.4,-561062.9,TAM,g,-4.572,0.8616,0,in range
GRID_03202,-84.776,-171.329,-85570.6,-561105.6,TAM,g,-3.142,1.1373,0,in range
GRID_03203,-84.769,-170.218,-96563.4,-560091.5,TAM,g,-4.956,0.6654,0,in range
GRID_03204,-84.771,-170.317,-95558.9,-560043.0,TAM,g,-5.63,0.4115,0,in range
GRID_03205,-84.784,-171.214,-86563.7,-560072.4,TAM,g,-4.325,0.6886,0,in range
GRID_03206,-84.786,-171.314,-85553.2,-560007.6,TAM,g,-5.672,0.6883,0,in range
GRID_03207,-84.777,-170.101,-97557.3,-559035.6,TAM,g,-5.119,0.7466,0,in range
GRID_03208,-84.778,-170.201,-96562.9,-559097.8,TAM,g,-4.271,1.0231,0,in range
GRID_03209,-84.78,-170.3,-95560.1,-559049.4,TAM,g,-5.165,0.6777,0,in range
GRID_03210,-84.784,-170.599,-92570.3,-559111.0,TAM,g,-5.677,0.6782,0,in range
GRID_03211,-84.786,-170.084,-97554.5,-558042.0,TAM,g,-5.658,0.6411,0,in range
GRID_03212,-84.787,-170.184,-96561.9,-558104.2,TAM,g,-2.958,0.9917,0,in range
GRID_03213,-84.789,-170.283,-95560.6,-558055.8,TAM,g,-2.749,0.8629,0,in range
GRID_03214,-84.794,-170.583,-92548.4,-558011.8,TAM,g,-4.285,0.7759,0,in range
GRID_03215,-84.795,-170.682,-91566.4,-558063.5,TAM,g,-4.361,0.8699,0,in range
GRID_03216,-84.798,-170.882,-89566.1,-558057.4,TAM,g,-6.619,0.4315,0,in range
GRID_03217,-84.78,-169.172,-106547.0,-557059.8,TAM,g,-5.375,0.5558,0,in range
GRID_03218,-84.796,-170.166,-96569.9,-557109.0,TAM,g,-4.412,0.7525,0,in range
GRID_03219,-84.798,-170.266,-95560.7,-557062.2,TAM,g,-1.959,1.1268,0,in range
GRID_03220,-84.801,-170.466,-93561.5,-557070.5,TAM,g,-5.056,0.5804,0,in range
GRID_03221,-84.803,-170.566,-92553.4,-557018.3,TAM,g,-4.475,0.9117,0,in range
GRID_03222,-84.804,-170.666,-91563.4,-557071.6,TAM,g,-4.975,0.675,0,in range
GRID_03223,-84.806,-170.766,-90556.1,-557015.8,TAM,g,-6.647,0.4207,0,in range
GRID_03224,-84.794,-169.451,-103554.3,-556074.5,TAM,g,-5.607,0.8183,0,in range
GRID_03225,-84.807,-170.249,-95560.1,-556068.8,TAM,g,-4.798,0.8708,0,in range
GRID_03226,-84.81,-170.449,-93564.3,-556077.0,TAM,g,-4.519,0.9499,0,in range
GRID_03227,-84.812,-170.549,-92557.9,-556024.8,TAM,g,-5.56,0.7923,0,in range
GRID_03228,-84.813,-170.65,-91559.9,-556079.8,TAM,g,-4.359,0.7196,0,in range
GRID_03229,-84.815,-170.75,-90554.3,-556023.9,TAM,g,-4.313,0.8086,0,in range
GRID_03230,-84.818,-170.332,-94553.4,-555026.7,TAM,g,-4.52,0.8617,0,in range
GRID_03231,-84.821,-170.533,-92552.1,-555033.1,TAM,g,-4.496,1.036,0,in range
GRID_03232,-84.822,-170.633,-91565.5,-555086.4,TAM,g,-3.328,1.2628,0,in range
GRID_03233,-84.824,-170.733,-90561.5,-555030.6,TAM,g,-5.517,0.7136,0,in range
GRID_03234,-84.819,-169.814,-99548.2,-554042.1,TAM,g,-3.9,1.1872,0,in range
GRID_03235,-84.82,-169.914,-98562.0,-554107.9,TAM,g,-3.574,0.8409,0,in range
GRID_03236,-84.827,-170.315,-94553.4,-554033.4,TAM,g,-4.501,0.9793,0,in range
GRID_03237,-84.83,-170.516,-92555.4,-554039.7,TAM,g,-4.704,0.9472,0,in range
GRID_03238,-84.831,-170.616,-91570.6,-554093.1,TAM,g,-5.689,0.9523,0,in range
GRID_03239,-84.828,-169.796,-99548.7,-553047.1,TAM,g,-4.579,0.9889,0,in range
GRID_03240,-84.831,-169.996,-97560.9,-553069.8,TAM,g,-5.453,0.994,0,in range
GRID_03241,-84.834,-170.197,-95564.5,-553087.0,TAM,g,-4.579,0.8728,0,in range
GRID_03242,-84.837,-170.398,-93569.2,-553097.0,TAM,g,-4.498,0.9993,0,in range
GRID_03243,-84.839,-170.499,-92558.2,-553046.5,TAM,g,-4.417,0.7778,0,in range
GRID_03244,-84.837,-169.777,-99558.3,-552050.4,TAM,g,-4.611,0.9777,0,in range
GRID_03245,-84.839,-169.878,-98546.8,-552010.8,TAM,g,-5.477,0.7414,0,in range
GRID_03246,-84.84,-169.978,-97564.3,-552074.8,TAM,g,-3.667,0.8944,0,in range
GRID_03247,-84.843,-170.18,-95561.6,-552093.7,TAM,g,-4.137,0.8053,0,in range
GRID_03248,-84.845,-170.28,-94561.2,-552045.2,TAM,g,-5.326,0.8558,0,in range
GRID_03249,-84.848,-170.482,-92560.3,-552053.2,TAM,g,-4.347,0.6281,0,in range
GRID_03250,-84.852,-170.162,-95567.8,-551098.9,TAM,g,-4.038,0.8727,0,in range
GRID_03251,-84.854,-170.263,-94559.3,-551052.0,TAM,g,-4.716,0.9435,0,in range
GRID_03252,-84.855,-170.364,-93569.6,-551110.6,TAM,g,-5.386,0.7465,0,in range
GRID_03253,-84.857,-169.842,-98548.2,-550021.1,TAM,g,-4.651,0.9012,0,in range
GRID_03254,-84.858,-169.943,-97559.5,-550086.8,TAM,g,-4.215,0.8633,0,in range
GRID_03255,-84.863,-170.246,-94556.9,-550058.9,TAM,g,-4.146,0.9642,0,in range
GRID_03256,-84.865,-170.347,-93550.7,-550010.2,TAM,g,-4.937,0.5722,0,in range
GRID_03257,-84.868,-170.549,-91557.4,-550014.6,TAM,g,-3.601,1.1891,0,in range
GRID_03258,-84.867,-169.925,-97561.0,-549092.0,TAM,g,-3.345,0.963,0,in range
GRID_03259,-84.869,-170.026,-96555.2,-549048.8,TAM,g,-4.35,0.8726,0,in range
GRID_03260,-84.87,-170.127,-95568.6,-549111.0,TAM,g,-4.539,0.8826,0,in range
GRID_03261,-84.874,-170.33,-93549.4,-549017.1,TAM,g,-4.433,0.8197,0,in range
GRID_03262,-84.877,-170.533,-91549.9,-549023.2,TAM,g,-4.288,0.8881,0,in range
GRID_03263,-84.878,-170.008,-96557.8,-548054.1,TAM,g,-3.862,0.7774,0,in range
GRID_03264,-84.879,-170.11,-95563.3,-548118.0,TAM,g,-4.444,1.0887,0,in range
GRID_03265,-84.883,-170.312,-93557.1,-548022.5,TAM,g,-5.151,0.9773,0,in range
GRID_03266,-84.886,-170.516,-91551.5,-548030.2,TAM,g,-4.936,0.622,0,in range
GRID_03267,-84.889,-170.092,-95548.3,-547016.2,TAM,g,-4.828,0.915,0,in range
GRID_03268,-84.892,-170.295,-93554.6,-547029.5,TAM,g,-5.101,0.7124,0,in range
GRID_03269,-84.895,-170.499,-91552.5,-547037.3,TAM,g,-5.19,0.5716,0,in range
GRID_03270,-84.896,-169.972,-96561.2,-546064.9,TAM,g,-4.493,0.8971,0,in range
GRID_03271,-84.898,-170.074,-95551.4,-546021.6,TAM,g,-5.218,0.8496,0,in range
GRID_03272,-84.899,-170.176,-94560.6,-546083.6,TAM,g,-4.897,0.5982,0,in range
GRID_03273,-84.913,-170.464,-91562.2,-545050.0,TAM,g,-5.446,0.6917,0,in range
GRID_03274,-84.92,-170.345,-92566.3,-544107.8,TAM,g,-5.228,0.6441,0,in range
GRID_03275,-84.83,-169.376,-103560.0,-552088.6,TAM,g,-5.937,0.7764,0,in range
GRID_03276,-84.841,-169.458,-102550.8,-551059.7,TAM,g,-4.216,0.9451,0,in range
GRID_03277,-84.85,-169.439,-102554.0,-550063.0,TAM,g,-2.423,1.1027,0,in range
GRID_03278,-84.9,-169.649,-99559.8,-545083.8,TAM,g,-4.748,0.9154,0,in range
GRID_03279,-84.909,-169.63,-99564.3,-544087.6,TAM,g,-3.555,1.0189,0,in range
GRID_03280,-84.913,-169.306,-102558.7,-543088.2,TAM,g,-4.124,1.2119,0,in range
GRID_03281,-84.917,-169.51,-100545.2,-543022.0,TAM,g,-5.421,0.772,0,in range
GRID_03282,-84.92,-169.714,-98552.8,-543055.4,TAM,g,-5.209,0.6833,0,in range
GRID_03283,-84.924,-169.389,-101551.5,-542059.9,TAM,g,-4.536,0.957,0,in range
GRID_03284,-84.926,-169.491,-100546.6,-542025.9,TAM,g,-4.61,0.5248,0,in range
GRID_03285,-84.927,-169.593,-99561.9,-542097.0,TAM,g,-5.95,0.6834,0,in range
GRID_03286,-84.932,-169.9,-96560.4,-542087.2,TAM,g,-4.992,0.5863,0,in range
GRID_03287,-84.935,-169.472,-100547.5,-541029.9,TAM,g,-4.639,0.8294,0,in range
GRID_03288,-84.936,-169.574,-99564.5,-541101.0,TAM,g,-4.851,1.0521,0,in range
GRID_03289,-85.48,-176.543,-29607.8,-490120.1,TAM,d,-1.302,0.1583,0,in range
GRID_03290,-85.507,-176.405,-30604.1,-487117.0,TAM,d,-1.355,0.2483,0,in range
GRID_03291,-85.508,-176.522,-29602.8,-487069.9,TAM,c,-1.165,0.3799,0,in range
GRID_03292,-85.516,-176.398,-30602.2,-486136.5,TAM,d,-0.493,0.9348,0,in range
GRID_03293,-85.517,-176.515,-29602.8,-486089.4,TAM,s,-0.896,0.3326,0,in range
GRID_03294,-85.525,-176.273,-31599.0,-485091.9,TAM,d,1.307,0.3456,0,in range
GRID_03295,-85.525,-176.39,-30608.4,-485155.4,TAM,s,-0.966,0.3482,0,in range
GRID_03296,-85.526,-176.508,-29602.5,-485108.9,TAM,d,0.42,0.7892,0,in range
GRID_03297,-85.534,-176.265,-31603.0,-484110.9,TAM,d,-2.302,0.607,0,in range
GRID_03298,-85.535,-176.383,-30599.1,-484066.4,TAM,d,1.424,0.3273,0,in range
GRID_03299,-85.535,-176.501,-29602.1,-484128.4,TAM,d,-1.655,0.328,0,in range
GRID_03300,-85.543,-176.257,-31606.7,-483129.8,TAM,d,-3.004,0.6991,0,in range
GRID_03301,-85.554,-176.486,-29602.2,-482058.4,TAM,d,-0.404,0.7241,0,in range
GRID_03302,-85.143,-173.298,-61581.5,-524060.7,TAM,s,-7.436,0.9968,0,in range
GRID_03303,-85.155,-174.703,-48592.8,-524113.3,TAM,c,-8.421,0.8844,0,in range
GRID_03304,-85.156,-174.811,-47595.0,-524095.7,TAM,d,-6.387,0.593,0,in range
GRID_03305,-85.157,-174.92,-46588.2,-524076.9,TAM,d,-6.442,0.4408,0,in range
GRID_03306,-85.144,-172.531,-68577.1,-523081.5,TAM,s,-6.856,0.7296,1,elev
GRID_03307,-85.145,-172.639,-67577.0,-523102.0,TAM,s,-6.798,0.6275,0,in range
GRID_03308,-85.146,-172.746,-66586.3,-523119.4,TAM,s,-7.12,0.7678,0,in range
GRID_03309,-85.152,-173.286,-61576.8,-523075.5,TAM,d,-6.576,1.0927,0,in range
GRID_03310,-85.161,-174.259,-52587.6,-523071.7,TAM,d,-6.4,0.6445,0,in range
GRID_03311,-85.162,-174.367,-51590.8,-523061.6,TAM,s,-6.847,0.5372,0,in range
GRID_03312,-85.163,-174.476,-50585.2,-523050.5,TAM,s,-6.823,0.7471,0,in range
GRID_03313,-85.164,-174.693,-48593.8,-523130.1,TAM,s,-7.27,1.0467,0,in range
GRID_03314,-85.154,-172.625,-67579.2,-522114.6,TAM,s,-7.266,0.7805,1,elev
GRID_03315,-85.155,-172.733,-66581.2,-522133.1,TAM,s,-7.078,0.645,0,in range
GRID_03316,-85.157,-172.841,-65569.7,-522041.8,TAM,c,-8.063,1.237,0,in range
GRID_03317,-85.158,-172.949,-64572.2,-522056.6,TAM,d,-5.915,0.6334,0,in range
GRID_03318,-85.159,-173.057,-63574.9,-522069.4,TAM,s,-6.814,0.6869,0,in range
GRID_03319,-85.168,-174.031,-54589.4,-522101.0,TAM,s,-8.192,1.1993,0,in range
GRID_03320,-85.169,-174.14,-53585.0,-522095.7,TAM,c,-9.817,1.0886,0,in range
GRID_03321,-85.17,-174.248,-52589.9,-522087.5,TAM,s,-8.204,1.2692,0,in range
GRID_03322,-85.171,-174.357,-51585.8,-522078.4,TAM,s,-7.45,0.7886,0,in range
GRID_03323,-85.172,-174.465,-50591.2,-522066.4,TAM,d,-5.48,0.3594,0,in range
GRID_03324,-85.174,-174.683,-48584.3,-522038.5,TAM,d,-7.406,0.7818,0,in range
GRID_03325,-85.174,-174.791,-47600.2,-522129.2,TAM,d,-5.995,0.5746,0,in range
GRID_03326,-85.162,-172.503,-68577.2,-521106.7,TAM,d,-5.942,0.8878,1,elev
GRID_03327,-85.163,-172.611,-67580.9,-521127.2,TAM,d,-6.786,0.6948,1,elev
GRID_03328,-85.165,-172.719,-66570.9,-521037.9,TAM,s,-7.35,0.7694,1,elev
GRID_03329,-85.166,-172.827,-65575.0,-521054.5,TAM,s,-7.617,1.03,0,in range
GRID_03330,-85.167,-172.935,-64579.4,-521069.2,TAM,d,-7.029,1.0218,0,in range
GRID_03331,-85.168,-173.043,-63583.9,-521082.1,TAM,c,-8.012,1.1967,0,in range
GRID_03332,-85.169,-173.152,-62579.5,-521094.1,TAM,s,-7.486,1.0339,0,in range
GRID_03333,-85.175,-173.802,-56593.5,-521121.7,TAM,s,-8.438,1.2426,0,in range
GRID_03334,-85.177,-174.02,-54587.7,-521116.8,TAM,s,-7.906,1.316,0,in range
GRID_03335,-85.178,-174.128,-53594.2,-521110.6,TAM,c,-9.925,1.1866,0,in range
GRID_03336,-85.179,-174.237,-52591.8,-521103.4,TAM,d,-7.742,1.4025,0,in range
GRID_03337,-85.18,-174.346,-51589.6,-521094.3,TAM,s,-7.028,0.723,0,in range
GRID_03338,-85.182,-174.564,-49586.0,-521070.2,TAM,d,-7.158,1.0131,0,in range
GRID_03339,-85.183,-174.673,-48584.5,-521055.3,TAM,s,-7.398,0.8415,0,in range
GRID_03340,-85.184,-174.782,-47583.3,-521038.5,TAM,d,-7.146,1.1327,0,in range
GRID_03341,-85.173,-172.597,-67568.1,-520032.0,TAM,d,-6.623,0.6031,1,elev
GRID_03342,-85.175,-172.813,-65579.9,-520067.2,TAM,s,-7.326,1.0526,0,in range
GRID_03343,-85.176,-172.922,-64577.0,-520083.1,TAM,d,-7.291,0.718,0,in range
GRID_03344,-85.177,-173.03,-63583.3,-520095.9,TAM,d,-6.234,0.8654,0,in range
GRID_03345,-85.178,-173.139,-62580.8,-520107.9,TAM,c,-8.274,0.7277,0,in range
GRID_03346,-85.185,-173.791,-56575.9,-520029.4,TAM,d,-8.378,1.1321,0,in range
GRID_03347,-85.186,-173.899,-55584.0,-520027.0,TAM,s,-8.683,1.3529,0,in range
GRID_03348,-85.186,-174.008,-54594.6,-520131.8,TAM,s,-7.873,1.0591,0,in range
GRID_03349,-85.187,-174.117,-53593.9,-520126.5,TAM,c,-8.701,1.2205,0,in range
GRID_03350,-85.188,-174.226,-52593.3,-520119.3,TAM,s,-7.275,1.0343,0,in range
GRID_03351,-85.189,-174.335,-51593.0,-520110.2,TAM,s,-4.454,1.0585,0,in range
GRID_03352,-85.19,-174.444,-50592.9,-520099.1,TAM,s,-7.477,1.1704,0,in range
GRID_03353,-85.191,-174.553,-49593.1,-520086.2,TAM,s,-7.311,1.093,0,in range
GRID_03354,-85.192,-174.662,-48593.5,-520071.3,TAM,s,-7.562,0.9294,0,in range
GRID_03355,-85.193,-174.772,-47585.0,-520055.3,TAM,d,-6.484,0.6745,0,in range
GRID_03356,-85.182,-172.583,-67568.7,-519044.7,TAM,d,-5.307,0.973,1,elev
GRID_03357,-85.185,-172.908,-64583.2,-519095.8,TAM,d,-4.446,1.2417,0,in range
GRID_03358,-85.192,-173.561,-58577.6,-519041.5,TAM,c,-9.05,0.7772,0,in range
GRID_03359,-85.193,-173.67,-57578.1,-519043.9,TAM,c,-8.989,1.2741,0,in range
GRID_03360,-85.194,-173.779,-56578.8,-519044.4,TAM,c,-8.122,1.1135,0,in range
GRID_03361,-85.195,-173.888,-55579.6,-519042.9,TAM,s,-7.026,0.6344,0,in range
GRID_03362,-85.196,-173.997,-54580.7,-519039.6,TAM,s,-8.219,1.2997,0,in range
GRID_03363,-85.197,-174.106,-53582.0,-519034.2,TAM,s,-7.591,0.9284,0,in range
GRID_03364,-85.198,-174.215,-52583.6,-519027.0,TAM,s,-7.038,1.0641,0,in range
GRID_03365,-85.198,-174.324,-51596.1,-519126.1,TAM,s,-6.887,0.8155,0,in range
GRID_03366,-85.199,-174.434,-50588.8,-519116.0,TAM,s,-7.438,0.8257,0,in range
GRID_03367,-85.2,-174.543,-49590.8,-519103.0,TAM,s,-6.937,1.0476,0,in range
GRID_03368,-85.201,-174.652,-48593.0,-519088.1,TAM,s,-7.405,1.0086,0,in range
GRID_03369,-85.202,-174.762,-47586.4,-519072.1,TAM,d,-3.807,0.9615,0,in range
GRID_03370,-85.193,-172.786,-65579.1,-518093.8,TAM,d,-7.01,0.7849,1,elev
GRID_03371,-85.194,-172.895,-64579.9,-518109.7,TAM,s,-7.5,0.8323,0,in range
GRID_03372,-85.195,-173.004,-63580.9,-518123.7,TAM,d,-7.333,1.139,0,in range
GRID_03373,-85.201,-173.549,-58576.3,-518056.5,TAM,c,-8.604,1.1899,0,in range
GRID_03374,-85.202,-173.658,-57578.7,-518058.9,TAM,d,-8.004,1.2937,0,in range
GRID_03375,-85.203,-173.767,-56581.2,-518059.4,TAM,d,-7.595,1.3325,0,in range
GRID_03376,-85.205,-173.985,-54586.9,-518054.6,TAM,s,-7.486,0.9806,0,in range
GRID_03377,-85.206,-174.095,-53581.0,-518050.2,TAM,s,-7.566,0.9886,0,in range
GRID_03378,-85.207,-174.204,-52584.3,-518043.0,TAM,s,-7.386,1.1858,0,in range
GRID_03379,-85.208,-174.313,-51587.9,-518033.9,TAM,s,-7.026,0.7594,0,in range
GRID_03380,-85.208,-174.423,-50593.3,-518131.9,TAM,s,-6.059,0.3936,0,in range
GRID_03381,-85.21,-174.642,-48592.2,-518104.9,TAM,s,-6.438,0.6732,0,in range
GRID_03382,-85.211,-174.752,-47587.5,-518089.0,TAM,c,-6.128,0.5544,0,in range
GRID_03383,-85.214,-175.08,-44592.8,-518027.8,TAM,s,-4.602,0.7572,0,in range
GRID_03384,-85.214,-175.19,-43598.2,-518112.4,TAM,c,-5.896,0.5919,0,in range
GRID_03385,-85.215,-175.3,-42594.5,-518086.8,TAM,d,-4.663,0.4284,0,in range
GRID_03386,-85.216,-175.41,-41591.1,-518059.2,TAM,c,-5.822,0.4171,0,in range
GRID_03387,-85.217,-175.52,-40587.9,-518029.6,TAM,s,-5.655,0.68,0,in range
GRID_03388,-85.205,-172.99,-63574.7,-517028.5,TAM,d,-7.537,0.858,0,in range
GRID_03389,-85.21,-173.536,-58583.7,-517070.5,TAM,d,-6.102,0.3714,0,in range
GRID_03390,-85.211,-173.646,-57578.8,-517073.9,TAM,d,-6.768,0.6955,0,in range
GRID_03391,-85.212,-173.755,-56583.2,-517074.4,TAM,d,-7.755,1.0765,0,in range
GRID_03392,-85.214,-173.974,-54583.5,-517070.5,TAM,d,-7.903,1.4841,0,in range
GRID_03393,-85.215,-174.083,-53588.6,-517065.3,TAM,d,-6.899,0.9256,1,elev
GRID_03394,-85.218,-174.412,-50586.9,-517039.7,TAM,s,-6.912,0.6928,0,in range
GRID_03395,-85.218,-174.522,-49594.1,-517135.9,TAM,s,-6.959,0.6331,0,in range
GRID_03396,-85.219,-174.632,-48591.0,-517121.8,TAM,c,-7.068,0.5802,0,in range
GRID_03397,-85.223,-175.071,-44590.1,-517045.5,TAM,s,-5.563,0.7618,0,in range
GRID_03398,-85.223,-175.181,-43597.3,-517130.1,TAM,s,-4.814,0.4336,0,in range
GRID_03399,-85.224,-175.291,-42595.5,-517104.5,TAM,s,-4.902,0.4673,0,in range
GRID_03400,-85.225,-175.401,-41593.9,-517076.9,TAM,s,-5.638,0.9268,0,in range
GRID_03401,-85.226,-175.511,-40592.6,-517047.3,TAM,s,-5.187,0.7045,0,in range
GRID_03402,-85.219,-173.524,-58581.5,-516085.5,TAM,d,-6.903,0.8316,0,in range
GRID_03403,-85.221,-173.743,-56584.8,-516089.4,TAM,d,-6.125,1.0622,1,elev
GRID_03404,-85.226,-174.292,-51583.1,-516066.8,TAM,d,-5.336,0.8683,1,elev
GRID_03405,-85.228,-174.511,-49589.4,-516043.6,TAM,s,-6.666,0.9558,0,in range
GRID_03406,-85.233,-175.282,-42596.2,-516122.2,TAM,s,-5.619,0.7636,0,in range
GRID_03407,-85.234,-175.392,-41596.5,-516094.6,TAM,d,-4.905,0.4006,0,in range
GRID_03408,-85.235,-175.502,-40597.1,-516065.1,TAM,s,-5.059,0.8853,0,in range
GRID_03409,-85.236,-175.613,-39588.9,-516034.3,TAM,s,-3.996,0.7416,0,in range
GRID_03410,-85.228,-173.511,-58588.0,-515099.6,TAM,d,-5.673,0.9536,0,in range
GRID_03411,-85.236,-174.391,-50585.0,-515072.6,TAM,s,-6.806,1.0698,0,in range
GRID_03412,-85.237,-174.501,-49585.6,-515060.5,TAM,s,-6.285,0.7844,0,in range
GRID_03413,-85.243,-175.383,-41598.8,-515112.3,TAM,d,-3.478,0.7805,0,in range
GRID_03414,-85.245,-175.715,-38597.0,-515127.8,TAM,s,-2.664,0.4384,0,in range
GRID_03415,-85.236,-173.389,-59584.5,-514109.3,TAM,s,-7.776,0.9073,0,in range
GRID_03416,-85.237,-173.499,-58585.1,-514114.7,TAM,d,-6.087,0.8131,1,elev
GRID_03417,-85.244,-174.27,-51585.8,-514098.9,TAM,d,-6.177,1.0088,1,elev
GRID_03418,-85.252,-175.374,-41600.7,-514130.1,TAM,d,-2.313,0.1972,0,in range
GRID_03419,-85.254,-175.596,-39591.7,-514070.5,TAM,d,-4.213,0.9888,0,in range
GRID_03420,-85.255,-175.706,-38596.5,-514037.1,TAM,c,-3.083,0.3662,0,in range
GRID_03421,-85.255,-175.817,-37600.6,-514110.9,TAM,c,-3.517,0.873,0,in range
GRID_03422,-85.245,-173.376,-59588.2,-513123.4,TAM,d,-3.582,1.0783,1,elev
GRID_03423,-85.252,-174.148,-52591.6,-513122.3,TAM,d,-6.33,0.8993,1,elev
GRID_03424,-85.263,-175.587,-39597.1,-513088.3,TAM,d,-4.033,0.5846,0,in range
GRID_03425,-85.264,-175.809,-37600.8,-513129.4,TAM,s,-3.19,0.6923,0,in range
GRID_03426,-85.273,-175.69,-38592.9,-512074.0,TAM,d,-2.638,0.5209,0,in range
GRID_03427,-85.274,-175.801,-37592.8,-512039.4,TAM,s,-3.071,0.5806,0,in range
GRID_03428,-85.281,-175.57,-39598.1,-511124.6,TAM,d,-2.495,0.8108,0,in range
GRID_03429,-85.318,-175.535,-39597.0,-507088.3,TAM,s,-4.963,0.7545,0,in range
GRID_03430,-85.319,-175.647,-38597.5,-507056.3,TAM,s,-2.863,0.808,0,in range
GRID_03431,-85.319,-175.76,-37597.4,-507131.4,TAM,s,-1.961,0.7663,0,in range
GRID_03432,-85.324,-176.659,-29604.2,-507116.0,TAM,d,-2.742,0.5655,0,in range
GRID_03433,-85.326,-175.414,-40598.3,-506136.2,TAM,d,-4.555,0.3605,0,in range
GRID_03434,-85.327,-175.526,-39600.3,-506106.2,TAM,d,-4.996,0.8904,0,in range
GRID_03435,-85.328,-175.639,-38593.8,-506074.8,TAM,d,-2.126,0.3455,0,in range
GRID_03436,-85.329,-175.751,-37596.5,-506040.9,TAM,s,-2.335,0.3679,0,in range
GRID_03437,-85.329,-175.864,-36598.4,-506114.0,TAM,s,-2.625,0.3344,0,in range
GRID_03438,-85.331,-174.73,-46587.6,-505074.0,TAM,c,-2.606,0.3211,0,in range
GRID_03439,-85.332,-174.842,-45590.4,-505055.8,TAM,s,-2.926,0.2622,0,in range
GRID_03440,-85.333,-174.955,-44584.7,-505036.4,TAM,s,-2.214,0.4003,0,in range
GRID_03441,-85.333,-175.067,-43597.4,-505122.6,TAM,c,-1.392,0.5498,0,in range
GRID_03442,-85.334,-175.18,-42591.9,-505099.2,TAM,s,0.15,0.6042,0,in range
GRID_03443,-85.335,-175.292,-41595.6,-505073.1,TAM,c,-2.425,0.4051,0,in range
GRID_03444,-85.336,-175.405,-40590.7,-505045.7,TAM,d,-1.69,0.1812,0,in range
GRID_03445,-85.336,-175.517,-39603.3,-505124.1,TAM,d,-1.752,0.3245,0,in range
GRID_03446,-85.337,-175.63,-38598.8,-505092.8,TAM,d,-1.005,0.4382,0,in range
GRID_03447,-85.338,-175.743,-37594.4,-505059.5,TAM,d,-1.721,0.2302,0,in range
GRID_03448,-85.338,-175.856,-36598.3,-505132.6,TAM,s,-1.903,0.4926,0,in range
GRID_03449,-85.339,-175.968,-35603.2,-505094.7,TAM,c,-1.502,0.4148,0,in range
GRID_03450,-85.343,-176.646,-29598.4,-505046.4,TAM,s,-2.784,0.6131,0,in range
GRID_03451,-85.34,-174.719,-46594.5,-504090.4,TAM,d,-3.098,0.3099,0,in range
GRID_03452,-85.341,-174.832,-45590.4,-504072.9,TAM,s,-3.246,0.1463,0,in range
GRID_03453,-85.342,-174.945,-44586.6,-504053.5,TAM,s,-1.563,0.3616,0,in range
GRID_03454,-85.343,-175.17,-42597.7,-504116.4,TAM,s,-2.555,0.4077,0,in range
GRID_03455,-85.345,-175.396,-40591.4,-504063.7,TAM,d,-2.462,0.4026,0,in range
GRID_03456,-85.345,-175.509,-39597.2,-504142.7,TAM,d,-2.389,0.3489,0,in range
GRID_03457,-85.346,-175.622,-38594.6,-504111.4,TAM,d,1.399,0.3165,0,in range
GRID_03458,-85.348,-175.96,-35604.7,-504113.3,TAM,s,-1.44,0.4161,0,in range
GRID_03459,-85.349,-176.073,-34603.0,-504074.1,TAM,s,-2.039,0.521,0,in range
GRID_03460,-85.349,-174.709,-46592.2,-503107.5,TAM,d,-3.132,0.3966,0,in range
GRID_03461,-85.35,-174.822,-45590.0,-503090.1,TAM,d,-2.437,0.3222,0,in range
GRID_03462,-85.352,-175.048,-43586.5,-503049.4,TAM,s,-2.704,0.2169,0,in range
GRID_03463,-85.353,-175.274,-41592.9,-503109.0,TAM,d,-2.278,0.2832,0,in range
GRID_03464,-85.355,-175.5,-39591.1,-503052.3,TAM,d,-2.423,0.4757,0,in range
GRID_03465,-85.355,-175.613,-38598.9,-503129.4,TAM,d,-1.355,0.4569,0,in range
GRID_03466,-85.357,-175.952,-35606.0,-503132.0,TAM,d,-1.416,0.3749,0,in range
GRID_03467,-85.359,-176.179,-33597.9,-503052.1,TAM,s,-1.444,0.2838,0,in range
GRID_03468,-85.359,-176.292,-32605.7,-503117.3,TAM,c,-1.163,0.8406,0,in range
GRID_03469,-85.36,-174.925,-44589.3,-502088.0,TAM,s,-2.7,0.3782,0,in range
GRID_03470,-85.361,-175.038,-43589.6,-502066.6,TAM,s,-2.083,0.4549,0,in range
GRID_03471,-85.367,-176.058,-34600.4,-502112.0,TAM,d,-1.3,0.3115,0,in range
GRID_03472,-85.368,-176.171,-33602.8,-502070.7,TAM,d,-0.823,0.3941,0,in range
GRID_03473,-85.368,-176.285,-32603.7,-502136.6,TAM,d,-2.107,0.5279,0,in range
GRID_03474,-85.369,-176.399,-31597.7,-502091.9,TAM,s,-1.876,0.4504,0,in range
GRID_03475,-85.369,-174.915,-44590.2,-501105.2,TAM,d,-2.111,0.2855,0,in range
GRID_03476,-85.37,-175.028,-43592.4,-501083.8,TAM,s,-1.877,0.0585,0,in range
GRID_03477,-85.371,-175.141,-42594.9,-501060.5,TAM,s,-2.089,0.2942,0,in range
GRID_03478,-85.371,-175.255,-41597.8,-501144.2,TAM,s,-1.488,0.2049,0,in range
GRID_03479,-85.372,-175.368,-40600.6,-501116.9,TAM,c,-1.232,0.505,0,in range
GRID_03480,-85.377,-176.164,-33598.6,-501090.0,TAM,d,-1.304,0.3078,0,in range
GRID_03481,-85.379,-176.505,-30602.5,-501064.0,TAM,d,-2.174,0.6234,0,in range
GRID_03482,-85.378,-174.904,-44599.5,-500121.7,TAM,d,-1.697,0.636,0,in range
GRID_03483,-85.38,-175.132,-42590.5,-500078.5,TAM,s,-2.255,0.4444,1,elev
GRID_03484,-85.381,-175.245,-41595.1,-500053.1,TAM,s,0.661,0.5814,0,in range
GRID_03485,-85.381,-175.359,-40600.1,-500134.9,TAM,s,-1.658,0.6582,0,in range
GRID_03486,-85.387,-176.27,-32600.8,-500066.0,TAM,d,-0.719,0.5221,0,in range
GRID_03487,-85.386,-174.667,-46586.9,-499066.6,TAM,d,-2.596,0.4028,1,elev
GRID_03488,-85.387,-174.781,-45584.0,-499050.0,TAM,d,-2.948,0.4,1,elev
GRID_03489,-85.387,-174.894,-44599.7,-499139.0,TAM,d,-2.591,0.4548,0,in range
GRID_03490,-85.388,-175.008,-43597.0,-499118.4,TAM,s,-2.972,0.5027,0,in range
GRID_03491,-85.389,-175.122,-42594.6,-499095.8,TAM,d,-1.555,0.7008,0,in range
GRID_03492,-85.39,-175.236,-41592.4,-499071.2,TAM,d,0.046,1.0363,0,in range
GRID_03493,-85.391,-175.35,-40590.5,-499044.5,TAM,d,-1.092,0.6027,0,in range
GRID_03494,-85.397,-174.998,-43598.7,-498135.7,TAM,s,0.451,0.6841,1,elev
GRID_03495,-85.398,-175.112,-42598.3,-498113.1,TAM,d,-2.348,0.391,0,in range
GRID_03496,-85.399,-175.226,-41598.0,-498088.5,TAM,d,-1.581,0.17,0,in range
GRID_03497,-85.4,-175.341,-40589.4,-498062.6,TAM,d,0.299,0.5459,0,in range
GRID_03498,-85.405,-176.255,-32603.8,-498104.1,TAM,d,-1.303,0.1284,0,in range
GRID_03499,-85.403,-174.531,-47595.2,-497114.2,TAM,d,-3.501,0.4974,1,elev
GRID_03500,-85.404,-174.645,-46595.9,-497099.7,TAM,d,-2.186,0.2842,0,in range
GRID_03501,-85.405,-174.76,-45588.1,-497083.9,TAM,s,-2.692,0.3372,1,elev
GRID_03502,-85.406,-174.874,-44589.3,-497065.3,TAM,s,-2.121,0.3351,1,elev
GRID_03503,-85.407,-174.988,-43590.7,-497044.7,TAM,d,-0.025,1.5137,0,in range
GRID_03504,-85.407,-175.102,-42601.6,-497130.4,TAM,d,-1.523,0.1198,0,in range
GRID_03505,-85.408,-175.217,-41594.7,-497106.6,TAM,d,-2.332,0.3589,0,in range
GRID_03506,-85.412,-174.52,-47597.2,-496130.8,TAM,d,-2.989,0.2995,1,elev
GRID_03507,-85.415,-174.864,-44588.4,-496082.6,TAM,d,-1.726,0.4877,0,in range
GRID_03508,-85.416,-174.978,-43591.7,-496062.0,TAM,d,-1.427,0.7014,0,in range
GRID_03509,-85.416,-175.093,-42596.0,-496148.5,TAM,d,-1.552,0.3126,0,in range
GRID_03510,-85.42,-174.28,-49588.2,-495061.4,TAM,d,-3.041,0.6524,1,elev
GRID_03511,-85.422,-174.624,-46594.7,-495133.6,TAM,d,-2.368,0.3911,1,elev
GRID_03512,-85.424,-174.853,-44595.8,-495099.2,TAM,d,-0.351,0.9622,0,in range
GRID_03513,-85.425,-174.968,-43592.5,-495079.4,TAM,d,-1.852,0.3083,0,in range
GRID_03514,-85.426,-175.083,-42589.4,-495057.6,TAM,d,-2.236,0.6745,0,in range
GRID_03515,-85.431,-174.498,-47589.6,-494055.7,TAM,d,-2.265,0.176,0,in range
GRID_03516,-85.433,-174.843,-44594.3,-494116.6,TAM,d,-2.191,0.2786,0,in range
GRID_03517,-85.442,-174.717,-45590.7,-493042.8,TAM,d,-1.355,0.5653,0,in range
GRID_03518,-85.451,-174.822,-44598.7,-492150.7,TAM,d,-1.757,0.301,0,in range
GRID_03519,-85.457,-174.349,-48595.8,-491116.4,TAM,d,-2.968,0.6965,1,elev
GRID_03520,-85.458,-174.465,-47590.9,-491105.6,TAM,d,-1.525,0.5408,0,in range
GRID_03521,-85.459,-174.58,-46594.8,-491091.8,TAM,d,-2.091,0.2505,0,in range
GRID_03522,-85.46,-174.696,-45590.4,-491076.9,TAM,d,-2.628,0.4163,0,in range
GRID_03523,-85.461,-174.812,-44586.3,-491059.9,TAM,d,-2.249,0.3409,0,in range
GRID_03524,-85.467,-174.454,-47590.6,-490122.3,TAM,d,-2.027,0.487,1,elev
GRID_03525,-85.469,-174.685,-45594.0,-490093.6,TAM,d,-2.331,0.3579,0,in range
GRID_03526,-85.47,-174.801,-44591.8,-490076.6,TAM,s,-2.669,0.3811,0,in range
GRID_03527,-85.48,-174.907,-43588.6,-489075.1,TAM,d,-2.548,0.4314,0,in range
GRID_03528,-85.487,-174.664,-45591.6,-488127.9,TAM,d,-3.386,0.5072,0,in range
GRID_03529,-85.488,-174.78,-44593.4,-488110.9,TAM,c,-2.272,0.1609,0,in range
GRID_03530,-85.496,-174.653,-45594.1,-487144.6,TAM,d,-2.067,0.2414,0,in range
GRID_03531,-85.506,-174.642,-45586.1,-486053.1,TAM,d,-2.32,0.6011,0,in range
GRID_03532,-85.159,-176.773,-29605.4,-525092.1,TAM,d,-1.127,0.4268,0,in range
GRID_03533,-85.168,-176.767,-29605.2,-524111.6,TAM,s,-2.686,0.867,0,in range
GRID_03534,-85.177,-176.761,-29604.8,-523131.1,TAM,c,-2.059,0.5297,0,in range
GRID_03535,-85.187,-176.755,-29598.0,-522042.0,TAM,c,-2.46,0.3794,0,in range
GRID_03536,-85.196,-176.748,-29606.2,-521061.0,TAM,c,-1.588,0.3823,0,in range
GRID_03537,-84.847,-176.969,-29603.7,-559084.6,TAM,w,1.611,0.987,0,in range
GRID_03538,-84.856,-176.963,-29610.4,-558103.7,TAM,w,1.708,0.679,0,in range
GRID_03539,-84.866,-176.958,-29601.4,-557014.6,TAM,w,1.738,0.7356,0,in range
GRID_03540,-84.874,-176.85,-30603.4,-556088.8,TAM,c,3.521,0.877,0,in range
GRID_03541,-84.883,-176.844,-30607.7,-555107.9,TAM,w,3.659,0.6276,0,in range
GRID_03542,-84.884,-176.947,-29604.0,-555053.3,TAM,g,3.22,1.2639,0,in range
GRID_03543,-84.893,-176.839,-30596.2,-554018.9,TAM,w,3.236,0.6992,0,in range
GRID_03544,-84.893,-176.942,-29600.2,-554073.0,TAM,g,3.122,1.1212,0,in range
GRID_03545,-84.902,-176.936,-29605.9,-553092.1,TAM,c,3.535,0.8684,0,in range
GRID_03546,-84.911,-176.931,-29601.7,-552111.8,TAM,c,4.033,1.0569,0,in range
GRID_03547,-84.921,-176.925,-29601.2,-551022.3,TAM,g,4.716,1.1928,0,in range
GRID_03548,-85.059,-171.584,-78566.2,-531023.3,TAM,d,-4.82,1.1759,1,elev
GRID_03549,-85.09,-174.559,-50580.4,-531028.2,TAM,s,-6.333,0.6129,0,in range
GRID_03550,-85.073,-171.992,-74570.7,-530061.2,TAM,s,-4.909,0.5466,1,elev
GRID_03551,-85.074,-172.098,-73575.0,-530090.5,TAM,s,-3.582,0.6295,1,elev
GRID_03552,-85.075,-172.204,-72579.4,-530118.0,TAM,s,-4.316,1.18,1,elev
GRID_03553,-85.077,-172.31,-71569.4,-530035.7,TAM,s,-6.848,0.7198,0,in range
GRID_03554,-85.078,-172.416,-70574.4,-530059.4,TAM,s,-6.763,0.7816,0,in range
GRID_03555,-85.089,-173.48,-60583.5,-530089.7,TAM,s,-6.7,0.8636,0,in range
GRID_03556,-85.096,-174.227,-53590.9,-530076.9,TAM,s,-4.554,1.1188,0,in range
GRID_03557,-85.098,-174.441,-51589.6,-530056.8,TAM,s,-3.65,0.3357,0,in range
GRID_03558,-85.1,-174.655,-49589.2,-530029.2,TAM,d,-6.142,0.9148,0,in range
GRID_03559,-85.081,-171.871,-75566.9,-529041.1,TAM,s,-4.699,0.3401,1,elev
GRID_03560,-85.082,-171.977,-74572.8,-529072.2,TAM,s,-5.753,0.6077,1,elev
GRID_03561,-85.083,-172.083,-73578.9,-529101.6,TAM,s,-6.423,0.7933,1,elev
GRID_03562,-85.085,-172.189,-72570.4,-529021.2,TAM,s,-6.743,0.7595,1,elev
GRID_03563,-85.088,-171.75,-76574.7,-528126.7,TAM,d,-3.565,0.584,1,elev
GRID_03564,-85.092,-172.068,-73582.3,-528112.6,TAM,s,-6.088,0.3932,1,elev
GRID_03565,-85.092,-171.309,-80571.6,-527091.6,TAM,w,-3.377,0.2788,1,elev
GRID_03566,-85.094,-171.415,-79563.9,-527024.6,TAM,w,-4.343,0.4347,1,elev
GRID_03567,-85.103,-171.399,-79564.6,-526034.4,TAM,w,-4.3,0.4639,1,elev
GRID_03568,-85.113,-172.252,-71578.0,-526082.7,TAM,s,-6.971,0.8715,1,elev
GRID_03569,-85.112,-171.383,-79564.8,-525044.2,TAM,w,-3.446,0.6813,1,elev
GRID_03570,-85.122,-172.238,-71574.3,-525095.2,TAM,d,-5.885,0.7425,1,elev
GRID_03571,-85.133,-173.203,-62579.1,-525038.0,TAM,d,-6.65,0.8176,0,in range
GRID_03572,-85.149,-175.037,-45593.2,-525037.9,TAM,s,-4.047,0.8255,0,in range
GRID_03573,-85.166,-174.91,-46592.8,-523093.7,TAM,d,-6.668,1.3664,0,in range
GRID_03574,-85.175,-174.9,-46597.1,-522110.4,TAM,d,-6.724,1.0723,0,in range
GRID_03575,-85.176,-175.009,-45594.3,-522089.8,TAM,c,-7.69,0.6464,0,in range
GRID_03576,-85.184,-174.891,-46592.0,-521128.0,TAM,d,-5.828,0.8051,0,in range
GRID_03577,-85.188,-175.327,-42589.6,-521033.9,TAM,d,-5.591,0.4545,0,in range
GRID_03578,-85.194,-174.881,-46585.9,-520036.5,TAM,s,-6.623,0.8176,0,in range
GRID_03579,-85.196,-175.209,-43589.9,-520077.9,TAM,s,-5.719,0.6392,0,in range
GRID_03580,-85.197,-175.318,-42591.5,-520051.5,TAM,d,-4.557,0.6655,0,in range
GRID_03581,-85.197,-175.427,-41602.1,-520131.6,TAM,c,-6.983,1.1532,0,in range
GRID_03582,-85.203,-174.871,-46589.1,-519053.4,TAM,c,-3.862,0.8856,0,in range
GRID_03583,-85.204,-175.09,-44595.5,-519119.3,TAM,s,-5.687,0.6853,0,in range
GRID_03584,-85.205,-175.199,-43598.7,-519094.8,TAM,s,-5.167,0.4746,0,in range
GRID_03585,-85.206,-175.309,-42593.2,-519069.1,TAM,c,-6.416,0.909,0,in range
GRID_03586,-85.207,-175.419,-41587.9,-519041.5,TAM,c,-5.719,0.6138,0,in range
GRID_03587,-85.207,-175.528,-40600.4,-519119.7,TAM,d,-5.699,0.8946,0,in range
GRID_03588,-85.212,-174.861,-46592.0,-518070.2,TAM,s,-6.23,0.5198,0,in range
GRID_03589,-85.217,-175.629,-39602.3,-518105.9,TAM,c,-6.746,1.0728,0,in range
GRID_03590,-85.226,-175.621,-39599.9,-517124.3,TAM,d,-4.63,0.7122,0,in range
GRID_03591,-84.452,-176.995,-31603.3,-602022.6,TAM,g,-5.374,0.5276,0,in range
GRID_03592,-84.462,-177.085,-30602.3,-600984.5,TAM,g,-4.765,0.3013,0,in range
GRID_03593,-84.469,-176.7,-34596.1,-600004.7,TAM,g,-6.165,0.7163,0,in range
GRID_03594,-84.471,-177.08,-30604.9,-600003.6,TAM,g,-5.448,0.4291,0,in range
GRID_03595,-84.486,-176.498,-36598.2,-598032.3,TAM,g,-5.595,0.2702,0,in range
GRID_03596,-84.495,-176.492,-36600.9,-597050.8,TAM,g,-5.593,0.2826,0,in range
GRID_03597,-84.496,-176.588,-35594.0,-597002.6,TAM,g,-6.026,0.8619,0,in range
GRID_03598,-84.505,-176.582,-35598.1,-596021.1,TAM,g,-5.181,0.357,0,in range
GRID_03599,-84.507,-177.061,-30602.9,-596080.5,TAM,g,-3.473,0.5953,0,in range
GRID_03600,-84.514,-176.576,-35602.0,-595039.7,TAM,g,-5.022,0.3334,0,in range
GRID_03601,-84.533,-176.757,-33605.1,-593084.7,TAM,g,-4.599,0.5711,0,in range
GRID_03602,-84.534,-175.404,-47591.0,-592017.4,TAM,w,-6.901,0.3943,0,in range
GRID_03603,-84.535,-175.5,-46590.4,-591987.8,TAM,w,-6.256,0.3494,0,in range
GRID_03604,-84.553,-177.036,-30604.2,-591067.6,TAM,g,-5.187,0.672,0,in range
GRID_03605,-84.561,-176.837,-32608.8,-590088.5,TAM,w,-3.02,0.2037,0,in range
GRID_03606,-84.562,-176.934,-31604.0,-590034.1,TAM,w,-4.612,0.4286,0,in range
GRID_03607,-84.561,-175.381,-47592.0,-589069.4,TAM,w,-5.244,0.1552,0,in range
GRID_03608,-84.571,-176.929,-31603.0,-589053.3,TAM,w,-3.032,0.6968,0,in range
GRID_03609,-84.572,-177.026,-30600.0,-588997.3,TAM,w,-1.979,0.668,0,in range
GRID_03610,-84.572,-177.123,-29602.8,-589048.3,TAM,w,-2.705,0.4981,0,in range
GRID_03611,-84.567,-174.986,-51594.9,-588076.8,TAM,g,-6.565,0.1354,0,in range
GRID_03612,-84.57,-175.373,-47595.2,-588086.5,TAM,w,-5.202,0.2773,0,in range
GRID_03613,-84.571,-175.47,-46591.0,-588057.7,TAM,w,-5.24,0.3464,0,in range
GRID_03614,-84.573,-175.663,-44593.4,-587994.3,TAM,w,-5.632,0.2132,0,in range
GRID_03615,-84.58,-176.924,-31601.8,-588072.6,TAM,w,-2.599,0.4041,0,in range
GRID_03616,-84.58,-175.365,-47589.4,-586995.1,TAM,w,-4.549,0.5521,0,in range
GRID_03617,-84.58,-175.462,-46595.6,-587074.8,TAM,w,-5.559,0.1876,0,in range
GRID_03618,-84.589,-175.357,-47592.1,-586012.2,TAM,w,-5.19,0.4158,0,in range
GRID_03619,-84.589,-175.454,-46599.9,-586092.0,TAM,w,-6.34,0.3265,0,in range
GRID_03620,-84.592,-175.843,-42596.0,-586069.2,TAM,w,-4.812,0.245,0,in range
GRID_03621,-84.6,-177.108,-29603.3,-585997.3,TAM,w,-4.138,0.9226,0,in range
GRID_03622,-84.598,-175.349,-47594.5,-585029.4,TAM,w,-5.67,0.4191,0,in range
GRID_03623,-84.599,-175.544,-45594.7,-585079.5,TAM,w,-4.744,0.6608,0,in range
GRID_03624,-84.6,-175.641,-44595.8,-585047.3,TAM,w,-4.92,0.4127,0,in range
GRID_03625,-84.607,-176.81,-32608.3,-585074.8,TAM,w,-3.103,0.278,0,in range
GRID_03626,-84.608,-176.908,-31601.7,-585021.1,TAM,w,-2.747,0.7523,0,in range
GRID_03627,-84.608,-177.006,-30601.0,-585074.3,TAM,w,-3.303,0.9797,0,in range
GRID_03628,-84.609,-177.103,-29604.9,-585016.5,TAM,w,-2.498,0.6793,0,in range
GRID_03630,-84.616,-176.805,-32604.8,-584094.1,TAM,w,-3.996,0.4758,0,in range
GRID_03631,-84.617,-176.903,-31599.8,-584040.3,TAM,w,-3.178,1.0615,1,slope
GRID_03632,-84.617,-177.001,-30600.8,-584093.5,TAM,w,-3.853,0.589,0,in range
GRID_03633,-84.616,-175.334,-47588.3,-583064.6,TAM,w,-4.699,0.8108,0,in range
GRID_03634,-84.618,-175.529,-45586.7,-583006.2,TAM,w,-4.426,0.5913,0,in range
GRID_03635,-84.626,-176.8,-32595.0,-583004.7,TAM,w,-4.514,0.8825,0,in range
GRID_03636,-84.626,-176.897,-31608.0,-583059.1,TAM,w,-3.707,0.4892,0,in range
GRID_03637,-84.621,-174.837,-52595.2,-582088.0,TAM,g,-4.823,0.2653,0,in range
GRID_03638,-84.625,-175.326,-47589.9,-582081.8,TAM,w,-4.365,0.4923,0,in range
GRID_03639,-84.628,-175.619,-44587.7,-581992.0,TAM,w,-1.544,1.0151,0,in range
GRID_03640,-84.635,-176.794,-32601.3,-582023.4,TAM,w,-4.095,0.5389,0,in range
GRID_03641,-84.635,-176.892,-31605.7,-582078.3,TAM,w,-2.913,0.6514,0,in range
GRID_03642,-84.636,-175.513,-45596.2,-581040.7,TAM,w,-4.074,0.4201,0,in range
GRID_03643,-84.644,-176.887,-31603.4,-581097.6,TAM,w,-2.836,0.8528,0,in range
GRID_03645,-84.665,-175.687,-43594.2,-578029.6,TAM,w,-4.737,0.5072,0,in range
GRID_03646,-84.675,-175.778,-42595.9,-577012.9,TAM,w,-4.527,0.5202,0,in range
GRID_03647,-84.68,-175.277,-47594.9,-576076.2,TAM,g,-5.119,0.5487,0,in range
GRID_03648,-84.684,-175.771,-42594.2,-576031.0,TAM,w,-3.593,0.6103,0,in range
GRID_03649,-84.685,-175.87,-41591.0,-575995.2,TAM,w,-4.732,0.513,0,in range
GRID_03650,-84.689,-175.269,-47594.6,-575093.5,TAM,g,-3.943,0.3933,0,in range
GRID_03651,-84.691,-175.467,-45589.7,-575037.6,TAM,g,-3.318,0.2482,0,in range
GRID_03652,-84.693,-175.764,-42592.2,-575049.1,TAM,w,-2.513,0.8142,0,in range
GRID_03653,-84.694,-175.962,-40597.1,-575084.4,TAM,g,-3.674,0.9297,0,in range
GRID_03654,-84.698,-176.656,-33603.2,-575099.4,TAM,g,0.362,0.8656,0,in range
GRID_03655,-84.701,-175.657,-43600.2,-574100.6,TAM,w,-3.839,0.6519,0,in range
GRID_03656,-84.712,-175.848,-41599.4,-573048.9,TAM,g,-2.466,0.3985,0,in range
GRID_03657,-84.713,-175.948,-40591.5,-573012.1,TAM,g,-3.22,0.9587,0,in range
GRID_03658,-84.718,-176.943,-30606.0,-573087.3,TAM,w,1.699,0.4643,0,in range
GRID_03659,-84.728,-177.038,-29599.5,-572050.6,TAM,w,1.22,0.6197,0,in range
GRID_03660,-84.731,-175.934,-40592.7,-571048.5,TAM,g,-1.863,0.3895,0,in range
GRID_03661,-84.732,-176.033,-39598.4,-571009.2,TAM,g,-2.948,0.8088,0,in range
GRID_03662,-84.736,-176.832,-31607.9,-571071.3,TAM,w,0.137,0.3988,0,in range
GRID_03663,-84.737,-176.932,-30605.3,-571016.9,TAM,w,-0.205,0.4489,0,in range
GRID_03664,-84.74,-175.927,-40592.9,-570066.7,TAM,g,-1.654,0.5343,0,in range
GRID_03665,-84.745,-176.827,-31603.5,-570090.7,TAM,w,2.199,0.5105,0,in range
GRID_03666,-84.749,-175.919,-40602.8,-569084.2,TAM,g,-3.21,1.0162,0,in range
GRID_03667,-84.764,-176.816,-31598.2,-568020.5,TAM,w,1.411,0.4584,0,in range
GRID_03668,-84.765,-177.017,-29599.6,-568019.2,TAM,w,1.274,0.7689,0,in range
GRID_03669,-84.766,-175.604,-43589.1,-567008.1,TAM,w,-3.445,0.8521,0,in range
GRID_03670,-84.773,-176.81,-31603.1,-567039.4,TAM,w,2.304,0.5344,0,in range
GRID_03671,-84.774,-177.012,-29598.2,-567038.6,TAM,w,2.325,1.052,1,aspect
GRID_03672,-84.773,-175.295,-46583.9,-566005.6,TAM,g,-1.213,0.5346,0,in range
GRID_03673,-84.782,-176.805,-31598.1,-566058.9,TAM,w,0.682,0.4574,0,in range
GRID_03674,-84.783,-176.905,-30604.2,-566004.5,TAM,w,2.085,0.7505,0,in range
GRID_03675,-84.8,-176.793,-31607.0,-564096.8,TAM,w,0.716,0.5534,0,in range
GRID_03676,-84.79,-174.06,-58580.8,-563030.3,TAM,g,-3.787,0.3299,0,in range
GRID_03677,-84.81,-176.788,-31595.3,-563007.7,TAM,w,1.258,0.4053,0,in range
GRID_03678,-84.813,-175.767,-41598.4,-562029.8,TAM,w,-1.592,0.6777,0,in range
GRID_03679,-84.813,-175.869,-40597.7,-562103.0,TAM,w,-3.008,1.067,0,in range
GRID_03680,-84.819,-176.782,-31599.3,-562026.7,TAM,w,0.317,0.2839,1,slope
GRID_03681,-84.819,-176.883,-30608.5,-562081.5,TAM,w,2.51,0.9785,0,in range
GRID_03682,-84.808,-174.039,-58583.8,-561060.9,TAM,g,-3.854,0.2275,0,in range
GRID_03683,-84.821,-175.658,-42601.6,-561081.7,TAM,w,-2.098,0.7077,0,in range
GRID_03684,-84.823,-175.861,-40597.7,-561012.1,TAM,w,-1.46,0.9864,0,in range
GRID_03685,-84.828,-176.776,-31603.1,-561045.7,TAM,w,3.092,0.5474,0,in range
GRID_03686,-84.828,-176.878,-30604.2,-561101.1,TAM,w,1.54,0.7896,0,in range
GRID_03687,-84.824,-174.839,-50587.8,-560090.4,TAM,g,-3.396,0.2913,0,in range
GRID_03688,-84.83,-175.549,-43592.9,-560023.4,TAM,w,-3.139,1.1146,0,in range
GRID_03689,-84.832,-175.854,-40595.4,-560030.5,TAM,w,0.685,0.9218,0,in range
GRID_03690,-84.832,-175.956,-39598.4,-560101.9,TAM,w,-2.695,0.9078,0,in range
GRID_03691,-84.837,-176.77,-31606.7,-560064.7,TAM,w,3.223,0.8086,0,in range
GRID_03692,-84.838,-176.872,-30603.6,-560011.5,TAM,w,1.59,0.8085,0,in range
GRID_03693,-84.838,-176.974,-29606.6,-560065.1,TAM,w,3.108,0.9685,0,in range
GRID_03694,-84.834,-174.931,-49592.3,-559087.1,TAM,g,-1.421,1.1543,0,in range
GRID_03695,-84.837,-175.236,-46588.3,-559017.9,TAM,g,-2.934,0.3813,0,in range
GRID_03696,-84.847,-176.867,-30599.0,-559031.0,TAM,w,1.291,0.7716,0,in range
GRID_03697,-84.81,-171.785,-80573.7,-558107.4,TAM,g,-3.816,1.0482,0,in range
GRID_03698,-84.849,-175.737,-41601.5,-558101.9,TAM,w,-2.391,0.7685,0,in range
GRID_03699,-84.85,-175.839,-40600.0,-558066.5,TAM,w,-0.852,0.6457,0,in range
GRID_03700,-84.856,-176.861,-30603.9,-558050.1,TAM,w,1.827,0.733,0,in range
GRID_03701,-84.847,-174.302,-55586.5,-557101.6,TAM,d,-3.621,0.4883,1,elev
GRID_03702,-84.848,-174.403,-54593.7,-557090.4,TAM,d,-4.079,0.5109,1,elev
GRID_03703,-84.849,-174.505,-53591.5,-557078.4,TAM,d,-3.9,0.314,1,elev
GRID_03704,-84.85,-174.607,-52589.4,-557064.6,TAM,d,-3.456,0.307,0,in range
GRID_03705,-84.865,-176.856,-30598.9,-557069.7,TAM,w,1.516,0.6134,0,in range
GRID_03706,-84.829,-171.756,-80559.7,-556020.6,TAM,g,-3.272,1.1855,0,in range
GRID_03707,-84.855,-174.088,-57577.2,-556024.3,TAM,g,-4.145,0.3594,0,in range
GRID_03708,-84.857,-174.291,-55585.2,-556008.3,TAM,d,-3.464,0.442,1,elev
GRID_03709,-84.858,-174.495,-53594.8,-556094.4,TAM,d,-0.917,1.1869,1,elev
GRID_03710,-84.859,-174.597,-52594.5,-556080.6,TAM,s,-4.329,0.5497,1,elev
GRID_03711,-84.838,-171.741,-80564.6,-555030.4,TAM,g,-3.764,1.1337,0,in range
GRID_03712,-84.879,-176.022,-38598.4,-555045.8,TAM,w,2.383,0.5478,1,slope
GRID_03713,-84.888,-176.015,-38598.2,-554064.2,TAM,w,2.651,0.7947,0,in range
GRID_03714,-84.892,-175.185,-46583.6,-553013.3,TAM,g,-2.741,0.5627,0,in range
GRID_03715,-84.897,-176.008,-38597.7,-553082.7,TAM,w,1.025,0.5442,0,in range
GRID_03716,-84.892,-174.148,-56584.5,-552079.7,TAM,d,-4.088,0.7346,1,elev
GRID_03717,-84.9,-175.073,-47589.8,-552054.1,TAM,g,-0.826,0.7078,0,in range
GRID_03718,-84.906,-176.001,-38597.0,-552101.2,TAM,w,1.816,0.5845,0,in range
GRID_03719,-84.885,-172.6,-71576.0,-551104.8,TAM,g,-3.842,0.2133,0,in range
GRID_03720,-84.916,-175.993,-38598.1,-551010.5,TAM,w,4.315,0.6616,0,in range
GRID_03721,-84.888,-172.075,-76577.7,-550102.6,TAM,g,-4.686,1.2718,0,in range
GRID_03722,-84.909,-174.024,-57586.6,-550116.4,TAM,d,-4.121,0.658,1,elev
GRID_03723,-84.925,-175.986,-38596.8,-550029.1,TAM,w,2.533,0.5332,0,in range
GRID_03724,-84.925,-176.09,-37598.4,-550098.2,TAM,w,2.302,0.1878,0,in range
GRID_03725,-84.895,-171.856,-78571.9,-549052.0,TAM,g,-3.794,1.1351,0,in range
GRID_03726,-84.919,-174.013,-57578.7,-549023.4,TAM,d,-2.947,0.6555,1,elev
GRID_03727,-84.928,-175.15,-46590.3,-549082.1,TAM,w,-3.448,0.369,0,in range
GRID_03728,-84.939,-176.914,-29601.5,-549061.1,TAM,g,3.572,0.8498,0,in range
GRID_03729,-84.903,-171.739,-79567.9,-548029.0,TAM,g,-4.337,0.828,0,in range
GRID_03730,-84.943,-175.972,-38593.7,-548066.2,TAM,w,4.084,0.6899,0,in range
GRID_03731,-84.912,-171.724,-79570.4,-547039.2,TAM,g,-4.702,0.573,0,in range
GRID_03732,-84.921,-172.443,-72570.8,-547024.0,TAM,g,-4.808,0.476,0,in range
GRID_03733,-84.923,-172.649,-70575.7,-547065.6,TAM,g,-4.303,0.4592,1,slope
GRID_03734,-84.926,-172.958,-67584.3,-547114.3,TAM,d,-3.917,0.8153,1,elev
GRID_03735,-84.952,-175.964,-38601.3,-547084.1,TAM,w,4.299,0.2645,0,in range
GRID_03736,-84.92,-171.607,-80560.3,-546014.6,TAM,g,-4.223,1.2716,0,in range
GRID_03737,-84.921,-171.71,-79562.9,-546050.8,TAM,g,-4.627,0.6776,0,in range
GRID_03738,-84.923,-171.915,-77578.0,-546116.6,TAM,g,-1.548,1.1977,0,in range
GRID_03739,-84.93,-171.695,-79564.4,-545061.1,TAM,g,-4.081,1.0049,0,in range
GRID_03740,-84.933,-171.9,-77567.7,-545019.2,TAM,g,-4.93,0.986,0,in range
GRID_03741,-84.936,-172.209,-74583.0,-545106.2,TAM,g,-4.714,0.579,0,in range
GRID_03742,-84.939,-172.416,-72570.1,-545048.6,TAM,g,-4.756,0.5994,0,in range
GRID_03743,-84.945,-172.195,-74583.3,-544117.9,TAM,g,-4.701,1.1158,0,in range
GRID_03744,-84.948,-172.402,-72573.8,-544060.3,TAM,g,-4.008,0.3027,0,in range
GRID_03745,-84.949,-172.505,-71581.5,-544082.0,TAM,s,-4.836,0.5324,0,in range
GRID_03746,-84.95,-172.609,-70579.8,-544103.1,TAM,s,-4.685,0.5229,1,elev
GRID_03747,-84.954,-172.92,-67571.7,-544046.4,TAM,s,-4.007,0.3701,1,elev
GRID_03748,-84.948,-171.664,-79575.4,-543080.4,TAM,g,-4.964,0.6377,0,in range
GRID_03749,-84.951,-171.871,-77566.7,-543041.2,TAM,s,-4.785,0.682,0,in range
GRID_03750,-84.959,-171.753,-78560.0,-542019.0,TAM,g,-4.125,0.4692,0,in range
GRID_03751,-84.96,-171.856,-77570.1,-542051.7,TAM,s,-5.086,0.7969,0,in range
GRID_03752,-84.962,-172.063,-75581.2,-542112.9,TAM,d,-5.135,1.1571,0,in range
GRID_03753,-84.97,-172.686,-69571.5,-542039.4,TAM,s,-4.72,0.6006,1,elev
GRID_03754,-84.971,-172.79,-68573.8,-542056.8,TAM,s,-2.771,1.0539,1,elev
GRID_03755,-84.969,-171.841,-77573.1,-541062.1,TAM,g,-4.283,0.7995,1,slope
GRID_03756,-84.97,-171.945,-76575.6,-541094.3,TAM,s,-4.577,0.6588,1,elev
GRID_03757,-84.979,-172.673,-69569.6,-541052.5,TAM,s,-3.243,0.8579,1,elev
GRID_03758,-84.98,-172.777,-68573.7,-541069.9,TAM,s,-5.125,0.6954,1,elev
GRID_03759,-84.982,-172.138,-74573.9,-540056.0,TAM,s,-4.731,0.7057,1,elev
GRID_03760,-85.003,-174.124,-55579.4,-540043.4,TAM,d,-6.147,0.66,0,in range
GRID_03761,-85.01,-173.903,-57581.2,-539067.8,TAM,s,-6.471,0.8729,1,elev
GRID_03762,-85.0,-172.109,-74578.4,-538078.5,TAM,d,-4.319,0.7049,1,elev
GRID_03763,-85.019,-173.891,-57589.9,-538082.2,TAM,s,-6.162,0.8809,1,elev
GRID_03764,-85.026,-174.629,-50583.2,-538021.2,TAM,s,-6.466,0.6665,0,in range
GRID_03765,-85.028,-174.945,-47596.0,-538075.3,TAM,d,-4.668,0.6447,0,in range
GRID_03766,-85.007,-171.886,-76564.6,-537030.3,TAM,d,-4.183,0.4657,1,elev
GRID_03767,-85.012,-172.304,-72571.9,-537035.5,TAM,s,-6.027,0.9342,1,elev
GRID_03768,-85.013,-172.409,-71573.2,-537059.8,TAM,s,-6.019,0.9464,1,elev
GRID_03769,-85.036,-174.83,-48597.5,-537111.9,TAM,d,-5.355,0.8791,0,in range
GRID_03770,-85.037,-174.936,-47594.1,-537092.5,TAM,s,-5.625,0.4738,0,in range
GRID_03771,-85.016,-171.871,-76566.8,-536041.0,TAM,d,-4.573,0.8978,1,elev
GRID_03772,-85.018,-172.08,-74580.9,-536101.2,TAM,s,-1.2,0.8206,1,elev
GRID_03773,-85.036,-173.763,-58590.9,-536113.8,TAM,s,-6.422,0.945,1,elev
GRID_03774,-85.037,-173.869,-57587.4,-536113.1,TAM,s,-6.576,0.94,1,elev
GRID_03775,-85.054,-173.634,-59580.7,-534034.5,TAM,d,-3.991,0.8954,1,elev
GRID_03776,-85.061,-174.483,-51588.0,-534100.7,TAM,s,-5.45,0.3564,0,in range
GRID_03777,-85.062,-174.589,-50589.5,-534087.0,TAM,s,-6.384,0.5625,0,in range
GRID_03778,-85.063,-174.695,-49591.3,-534071.3,TAM,d,-6.011,0.5103,0,in range
GRID_03779,-85.038,-171.405,-80566.2,-533034.1,TAM,s,-4.864,0.7082,1,elev
GRID_03780,-85.067,-174.047,-55583.1,-533043.5,TAM,d,-5.734,0.8562,0,in range
GRID_03781,-85.071,-174.579,-50590.3,-533103.5,TAM,s,-6.01,0.7283,0,in range
GRID_03782,-85.072,-174.685,-49593.8,-533087.8,TAM,s,-5.623,0.3452,0,in range
GRID_03783,-85.075,-173.93,-56579.4,-532063.5,TAM,s,-5.412,0.4317,0,in range
GRID_03784,-85.056,-171.374,-80561.0,-531054.5,TAM,d,-4.175,0.5868,1,elev
GRID_03785,-85.082,-173.705,-58584.9,-531080.4,TAM,d,-5.599,1.018,0,in range
GRID_03786,-84.965,-171.531,-80563.4,-541064.9,TAM,g,-4.434,0.7679,0,in range
GRID_03787,-84.974,-171.515,-80570.1,-540074.0,TAM,g,-3.87,0.3034,0,in range
GRID_03788,-84.992,-171.484,-80572.3,-538093.7,TAM,d,-4.544,0.5434,0,in range
GRID_03789,-84.509,-174.654,-55589.7,-594052.6,TAM,s,-7.708,0.5534,0,in range
GRID_03790,-84.51,-174.75,-54584.3,-594036.6,TAM,d,-6.078,0.4881,0,in range
GRID_03791,-84.517,-174.55,-56585.2,-593084.0,TAM,d,-5.802,0.3924,0,in range
GRID_03792,-84.529,-174.828,-53589.1,-592050.9,TAM,g,-8.252,0.35,0,in range
GRID_03793,-84.533,-174.243,-59587.5,-591039.8,TAM,g,-7.088,0.7098,0,in range
GRID_03794,-84.535,-174.435,-57585.5,-591019.5,TAM,g,-6.423,0.308,0,in range
GRID_03795,-84.538,-174.819,-53593.7,-591067.1,TAM,g,-6.355,0.4044,0,in range
GRID_03796,-84.539,-174.915,-52593.6,-591047.6,TAM,g,-8.11,0.3014,0,in range
GRID_03797,-84.541,-174.138,-60581.6,-590063.5,TAM,g,-6.461,0.2061,0,in range
GRID_03798,-84.542,-174.234,-59582.0,-590055.9,TAM,g,-6.287,0.5964,0,in range
GRID_03799,-84.546,-174.618,-55585.2,-590008.6,TAM,g,-6.414,0.2087,0,in range
GRID_03800,-84.547,-174.811,-53587.6,-590084.1,TAM,g,-6.076,0.1794,0,in range
GRID_03801,-84.55,-174.128,-60584.4,-589078.6,TAM,g,-6.233,0.6071,0,in range
GRID_03802,-84.551,-174.224,-59586.4,-589071.0,TAM,g,-6.811,0.6378,0,in range
GRID_03803,-84.552,-174.32,-58588.5,-589061.8,TAM,g,-4.903,0.5455,0,in range
GRID_03804,-84.553,-174.416,-57590.9,-589050.8,TAM,g,-7.647,0.3548,0,in range
GRID_03805,-84.556,-174.705,-54588.8,-589008.7,TAM,g,-6.03,0.2174,0,in range
GRID_03806,-84.563,-174.504,-56581.8,-588055.3,TAM,g,-5.804,0.1503,0,in range
GRID_03807,-84.563,-173.529,-66580.1,-587007.3,TAM,g,-6.096,0.6412,0,in range
GRID_03808,-84.571,-174.398,-57584.7,-587083.1,TAM,g,-5.856,0.6828,0,in range
GRID_03809,-84.572,-174.494,-56590.5,-587070.5,TAM,g,-6.149,0.5034,0,in range
GRID_03810,-84.576,-174.881,-52585.1,-587005.7,TAM,g,-6.091,0.4457,0,in range
GRID_03811,-84.565,-172.941,-72573.9,-586077.1,TAM,g,-6.179,0.479,0,in range
GRID_03813,-84.574,-172.929,-72576.1,-585089.9,TAM,g,-6.189,0.497,0,in range
GRID_03814,-84.576,-173.025,-71569.2,-584994.7,TAM,g,-5.728,0.286,0,in range
GRID_03815,-84.581,-173.508,-66573.8,-585036.6,TAM,g,-6.216,0.63,0,in range
GRID_03816,-84.593,-174.767,-53584.2,-585057.6,TAM,g,-6.822,0.2179,0,in range
GRID_03818,-84.585,-173.013,-71572.6,-584007.5,TAM,g,-5.964,0.3154,0,in range
GRID_03819,-84.59,-173.497,-66575.1,-584050.6,TAM,g,-6.543,0.4741,0,in range
GRID_03820,-84.6,-174.466,-56583.5,-584009.8,TAM,g,-5.275,0.7961,0,in range
GRID_03821,-84.601,-174.563,-55584.4,-583996.5,TAM,g,-4.872,0.5838,0,in range
GRID_03822,-84.602,-174.758,-53586.6,-584073.9,TAM,g,-2.509,0.9244,0,in range
GRID_03826,-84.599,-173.486,-66576.2,-583064.8,TAM,g,-6.321,0.3968,0,in range
GRID_03830,-84.601,-172.106,-80569.0,-581076.7,TAM,g,-3.028,0.5358,0,in range
GRID_03831,-84.603,-172.202,-79565.8,-580995.2,TAM,g,-4.133,0.6218,0,in range
GRID_03832,-84.604,-172.299,-78567.5,-581021.3,TAM,g,-3.661,0.2779,0,in range
GRID_03834,-84.619,-173.658,-64585.1,-581098.8,TAM,g,-5.446,0.176,0,in range
GRID_03838,-84.621,-172.965,-71582.0,-580059.2,TAM,g,-6.029,0.3328,0,in range
GRID_03839,-84.624,-172.467,-76578.2,-579091.5,TAM,g,-3.696,0.5186,0,in range
GRID_03840,-84.648,-174.713,-53584.1,-579047.1,TAM,g,-5.392,0.815,0,in range
GRID_03841,-84.649,-174.811,-52583.7,-579029.5,TAM,g,-5.944,0.516,0,in range
GRID_03842,-84.65,-174.909,-51583.6,-579010.2,TAM,g,-6.494,0.3474,0,in range
GRID_03844,-84.635,-172.552,-75563.8,-578017.5,TAM,g,-4.338,0.5465,0,in range
GRID_03845,-84.655,-174.409,-56581.4,-577996.5,TAM,g,-6.393,0.3598,0,in range
GRID_03846,-84.655,-174.507,-55592.7,-578092.5,TAM,g,-6.431,0.615,0,in range
GRID_03847,-84.656,-174.605,-54593.6,-578078.4,TAM,g,-6.293,0.5116,0,in range
GRID_03848,-84.657,-174.704,-53584.6,-578063.5,TAM,g,-5.165,0.9087,0,in range
GRID_03849,-84.644,-172.539,-75567.8,-577029.2,TAM,g,-4.219,0.5663,0,in range
GRID_03850,-84.654,-173.418,-66582.1,-577039.6,TAM,g,-5.177,0.7469,0,in range
GRID_03851,-84.664,-174.399,-56586.7,-577012.0,TAM,g,-4.789,0.7373,0,in range
GRID_03852,-84.653,-172.526,-75571.3,-576041.0,TAM,g,-4.167,0.6077,0,in range
GRID_03853,-84.673,-174.39,-56581.6,-576028.4,TAM,g,-4.896,0.7042,0,in range
GRID_03854,-84.674,-174.488,-55585.8,-576016.0,TAM,g,-5.464,0.8657,0,in range
GRID_03855,-84.675,-174.587,-54580.2,-576002.9,TAM,g,-6.212,1.1099,0,in range
GRID_03856,-84.657,-172.122,-79571.5,-575062.7,TAM,g,-6.122,0.5142,0,in range
GRID_03857,-84.678,-173.986,-60584.8,-575074.0,TAM,g,-3.908,0.2249,0,in range
GRID_03858,-84.683,-174.479,-55582.1,-575032.5,TAM,g,-3.68,0.3077,0,in range
GRID_03859,-84.684,-174.577,-54588.1,-575018.4,TAM,g,-3.685,0.475,0,in range
GRID_03860,-84.666,-172.108,-79577.5,-574073.1,TAM,g,-4.773,0.6203,0,in range
GRID_03861,-84.667,-172.206,-78580.8,-574100.6,TAM,g,-4.757,0.8273,0,in range
GRID_03862,-84.694,-174.667,-53583.7,-574020.0,TAM,g,-3.058,0.3418,0,in range
GRID_03863,-84.701,-173.46,-65576.5,-572007.1,TAM,g,-3.941,0.1648,0,in range
GRID_03864,-84.713,-174.748,-52582.9,-572036.4,TAM,g,-2.153,0.7689,0,in range
GRID_03865,-84.707,-173.152,-68572.6,-570998.1,TAM,g,-3.638,0.3321,0,in range
GRID_03866,-84.71,-173.449,-65574.6,-571021.6,TAM,g,-4.727,0.3066,0,in range
GRID_03867,-84.712,-173.647,-63576.8,-571028.5,TAM,g,-3.992,0.1641,0,in range
GRID_03868,-84.713,-173.746,-62578.2,-571029.4,TAM,g,-4.026,0.573,0,in range
GRID_03869,-84.717,-174.143,-58575.7,-571016.3,TAM,g,-4.742,0.2023,0,in range
GRID_03870,-84.718,-174.242,-57578.1,-571008.4,TAM,g,-3.941,0.416,0,in range
GRID_03871,-84.715,-173.041,-69573.2,-570000.1,TAM,g,-3.136,0.3885,0,in range
GRID_03872,-84.724,-173.934,-60577.7,-570041.4,TAM,g,-4.436,0.2876,0,in range
GRID_03873,-84.725,-174.033,-59581.4,-570037.0,TAM,g,-4.937,0.4578,0,in range
GRID_03874,-84.726,-174.132,-58585.2,-570030.8,TAM,g,-4.159,0.244,0,in range
GRID_03875,-84.727,-174.232,-57579.3,-570023.9,TAM,g,-3.46,0.4843,0,in range
GRID_03876,-84.731,-174.729,-52592.7,-570068.5,TAM,g,-3.902,0.4801,0,in range
GRID_03877,-84.724,-173.029,-69573.7,-569013.5,TAM,g,-3.63,0.193,0,in range
GRID_03878,-84.74,-174.72,-52592.1,-569085.1,TAM,g,-4.665,0.5466,0,in range
GRID_03879,-84.727,-172.521,-74573.5,-568050.6,TAM,g,-5.375,0.6588,0,in range
GRID_03880,-84.738,-173.514,-64582.6,-568068.4,TAM,g,-4.49,0.2785,0,in range
GRID_03881,-84.739,-173.614,-63578.9,-568072.1,TAM,g,-3.601,0.165,0,in range
GRID_03882,-84.742,-173.912,-60588.9,-568070.5,TAM,g,-3.856,0.344,0,in range
GRID_03883,-84.747,-174.411,-55586.2,-568035.2,TAM,g,-3.829,0.3483,0,in range
GRID_03884,-84.749,-174.611,-53582.6,-568009.1,TAM,g,-3.536,0.2277,0,in range
GRID_03885,-84.73,-172.012,-79571.5,-567042.4,TAM,g,-3.244,1.3022,0,in range
GRID_03886,-84.734,-172.31,-76563.0,-567017.3,TAM,g,-5.374,0.8545,0,in range
GRID_03887,-84.736,-172.508,-74574.7,-567062.7,TAM,g,-4.666,0.903,0,in range
GRID_03888,-84.75,-173.802,-61585.4,-567087.7,TAM,g,-2.948,0.398,0,in range
GRID_03889,-84.756,-174.401,-55589.8,-567050.8,TAM,g,-3.276,0.2713,0,in range
GRID_03890,-84.75,-172.893,-70574.2,-566039.4,TAM,g,-4.388,0.3561,0,in range
GRID_03891,-84.751,-172.993,-69572.9,-566053.7,TAM,g,-2.129,1.3548,0,in range
GRID_03892,-84.752,-173.092,-68581.6,-566065.0,TAM,g,-3.216,0.7108,0,in range
GRID_03893,-84.766,-174.492,-54584.7,-566055.3,TAM,g,-5.03,0.3867,0,in range
GRID_03894,-84.748,-171.984,-79575.5,-565064.0,TAM,g,-5.684,0.6023,0,in range
GRID_03895,-84.749,-172.084,-78574.2,-565094.3,TAM,g,-4.303,0.8621,0,in range
GRID_03896,-84.751,-172.183,-77568.0,-565013.6,TAM,g,-2.864,0.9608,0,in range
GRID_03897,-84.766,-173.48,-64573.8,-565003.0,TAM,g,-3.743,0.1001,0,in range
GRID_03898,-84.771,-173.981,-59573.9,-565005.0,TAM,g,-2.486,0.5812,0,in range
GRID_03899,-84.767,-172.768,-71576.0,-564049.0,TAM,g,-4.301,0.3216,0,in range
GRID_03900,-84.768,-172.868,-70578.0,-564065.1,TAM,g,-3.213,0.2706,0,in range
GRID_03901,-84.783,-174.372,-55588.7,-564099.0,TAM,g,-4.418,0.5322,0,in range
GRID_03902,-84.784,-174.472,-54593.6,-564086.8,TAM,g,-4.525,0.4403,0,in range
GRID_03903,-84.785,-174.573,-53588.9,-564073.9,TAM,g,-4.498,0.2693,0,in range
GRID_03904,-84.773,-172.455,-74570.6,-563002.4,TAM,g,-4.272,0.8694,0,in range
GRID_03905,-84.783,-173.357,-65572.5,-563025.7,TAM,g,-4.076,0.2677,0,in range
GRID_03906,-84.794,-174.563,-53594.5,-563089.7,TAM,g,-3.874,0.6343,0,in range
GRID_03907,-84.78,-172.342,-75579.3,-562099.4,TAM,g,-4.472,0.8891,0,in range
GRID_03908,-84.789,-173.044,-68568.2,-562011.1,TAM,g,-4.16,0.4569,0,in range
GRID_03909,-84.791,-173.244,-66580.4,-562030.9,TAM,g,-4.114,0.6975,0,in range
GRID_03910,-84.792,-173.345,-65577.0,-562039.3,TAM,g,-4.421,0.5474,0,in range
GRID_03911,-84.795,-173.647,-62577.5,-562052.8,TAM,g,-3.293,0.7776,0,in range
GRID_03912,-84.796,-173.747,-61584.6,-562053.0,TAM,g,-3.362,0.5159,0,in range
GRID_03913,-84.802,-174.352,-55582.2,-562022.2,TAM,g,-3.98,0.4203,0,in range
GRID_03914,-84.794,-172.73,-71578.3,-561087.2,TAM,g,-3.017,0.412,0,in range
GRID_03915,-84.797,-172.931,-69569.4,-561010.9,TAM,g,-3.139,0.2903,0,in range
GRID_03916,-84.805,-173.736,-61585.7,-561067.7,TAM,g,-4.512,0.6913,0,in range
GRID_03917,-84.812,-174.443,-54584.1,-561026.9,TAM,g,-3.623,0.4415,0,in range
GRID_03918,-84.809,-173.221,-66574.9,-560059.3,TAM,g,-3.413,0.3145,0,in range
GRID_03919,-84.817,-174.028,-58589.6,-560075.7,TAM,g,-3.491,0.4495,0,in range
GRID_03920,-84.818,-174.13,-57581.3,-560070.9,TAM,g,-3.88,0.3386,0,in range
GRID_03921,-84.821,-174.433,-54587.0,-560042.7,TAM,g,-3.901,0.3425,0,in range
GRID_03922,-84.822,-174.534,-53589.3,-560029.8,TAM,g,-4.089,0.4388,0,in range
GRID_03923,-84.814,-172.805,-70571.3,-559021.5,TAM,g,-2.846,0.2871,0,in range
GRID_03924,-84.815,-172.906,-69572.3,-559037.0,TAM,g,-4.217,0.1931,0,in range
GRID_03925,-84.816,-173.007,-68573.5,-559050.8,TAM,g,-4.573,0.3174,0,in range
GRID_03926,-84.817,-173.108,-67574.8,-559062.8,TAM,g,-1.186,1.1802,0,in range
GRID_03927,-84.836,-172.362,-74573.2,-556086.7,TAM,g,-2.971,1.1993,0,in range
GRID_03928,-84.844,-172.247,-75571.8,-555073.4,TAM,g,-3.963,1.3362,0,in range
GRID_03929,-84.845,-172.348,-74578.7,-555097.9,TAM,g,-3.543,1.1081,0,in range
GRID_03930,-84.847,-172.449,-73571.5,-555012.8,TAM,g,-3.14,0.371,0,in range
GRID_03931,-84.853,-172.233,-75575.1,-554084.7,TAM,g,-3.982,1.0623,0,in range
GRID_03932,-84.858,-172.639,-71577.2,-554066.8,TAM,g,-2.952,0.4284,0,in range
GRID_03933,-84.86,-172.843,-69576.9,-554102.2,TAM,g,-3.173,0.4474,0,in range
GRID_03934,-84.862,-172.219,-75577.9,-553096.0,TAM,g,-3.363,1.0848,0,in range
GRID_03935,-84.864,-172.321,-74564.0,-553014.1,TAM,g,-4.685,0.5699,0,in range
GRID_03936,-84.865,-172.422,-73574.7,-553036.8,TAM,g,-3.453,0.3204,0,in range
GRID_03937,-84.873,-172.307,-74568.1,-552025.4,TAM,g,-3.371,1.2121,0,in range
GRID_03938,-84.874,-172.409,-73570.9,-552049.5,TAM,g,-3.49,0.304,0,in range
GRID_03939,-84.511,-177.924,-21605.8,-596038.8,TAM,g,-4.678,0.1407,0,in range
GRID_03940,-85.462,-176.673,-28609.3,-492140.2,TAM,s,-0.887,0.3697,0,in range
GRID_03941,-85.463,-176.789,-27606.8,-492088.6,TAM,s,-1.373,0.2172,0,in range
GRID_03942,-85.472,-176.667,-28597.6,-491051.6,TAM,d,-1.399,0.3445,0,in range
GRID_03943,-85.472,-176.783,-27603.4,-491108.5,TAM,d,-1.729,0.5478,0,in range
GRID_03944,-85.474,-177.248,-23606.4,-491099.1,TAM,c,-0.541,0.4918,0,in range
GRID_03945,-85.474,-177.364,-22612.0,-491145.9,TAM,c,-1.481,0.4817,0,in range
GRID_03946,-85.481,-176.66,-28600.6,-490071.0,TAM,d,-1.705,0.5085,0,in range
GRID_03947,-85.483,-177.126,-24602.9,-490070.2,TAM,c,-0.973,0.766,0,in range
GRID_03948,-85.483,-177.242,-23610.7,-490119.0,TAM,c,-1.199,0.4221,0,in range
GRID_03949,-85.484,-177.359,-22604.8,-490057.6,TAM,c,-1.305,0.4786,0,in range
GRID_03950,-85.484,-177.475,-21612.6,-490102.3,TAM,c,-2.302,0.4023,0,in range
GRID_03951,-85.491,-177.003,-25609.4,-489147.4,TAM,c,-1.943,0.3052,0,in range
GRID_03952,-85.492,-177.12,-24605.1,-489090.1,TAM,c,-1.797,0.2828,0,in range
GRID_03953,-85.492,-177.237,-23606.3,-489139.3,TAM,c,-0.342,0.4944,0,in range
GRID_03954,-85.493,-177.353,-22610.9,-489077.5,TAM,c,-1.66,0.3684,0,in range
GRID_03955,-85.493,-177.47,-21612.2,-489122.7,TAM,c,-1.509,0.5243,0,in range
GRID_03956,-85.494,-177.587,-20608.7,-489057.1,TAM,c,-1.882,0.5249,0,in range
GRID_03957,-85.5,-176.88,-26606.2,-488114.1,TAM,c,-1.752,0.3131,0,in range
GRID_03958,-85.501,-176.997,-25603.7,-488058.8,TAM,c,-0.072,0.8905,0,in range
GRID_03959,-85.501,-177.114,-24607.0,-488110.1,TAM,c,-1.146,0.2715,0,in range
GRID_03960,-85.502,-177.231,-23605.0,-488050.7,TAM,c,-2.275,0.4681,0,in range
GRID_03961,-85.508,-176.639,-28608.1,-487129.4,TAM,c,-1.104,0.4504,0,in range
GRID_03962,-85.509,-176.756,-27607.1,-487078.2,TAM,c,-1.265,0.4516,0,in range
GRID_03963,-85.509,-176.874,-26603.9,-487134.0,TAM,c,-0.607,0.3152,0,in range
GRID_03964,-85.51,-176.991,-25603.4,-487078.7,TAM,c,1.005,0.2454,0,in range
GRID_03965,-85.51,-177.108,-24608.8,-487130.0,TAM,c,-1.675,0.4923,0,in range
GRID_03966,-85.511,-177.225,-23608.7,-487070.6,TAM,c,-1.584,0.5598,0,in range
GRID_03967,-85.511,-177.343,-22605.5,-487118.2,TAM,s,-2.986,0.3196,0,in range
GRID_03968,-85.517,-176.632,-28610.1,-486148.8,TAM,s,-1.303,0.3606,0,in range
GRID_03969,-85.518,-176.75,-27602.7,-486098.2,TAM,c,-0.231,1.1473,0,in range
GRID_03970,-85.518,-176.867,-26610.0,-486153.5,TAM,c,-0.595,0.2379,0,in range
GRID_03971,-85.519,-176.985,-25603.0,-486098.7,TAM,c,-0.434,0.3664,0,in range
GRID_03972,-85.519,-177.102,-24610.3,-486150.0,TAM,c,-2.171,0.61,0,in range
GRID_03973,-85.52,-177.22,-23603.7,-486091.0,TAM,c,-2.287,0.3578,0,in range
GRID_03974,-85.527,-176.625,-28605.5,-485059.8,TAM,d,0.542,0.8897,0,in range
GRID_03975,-85.528,-176.861,-26601.3,-485064.9,TAM,c,-1.945,0.6576,0,in range
GRID_03976,-85.528,-176.978,-25610.8,-485118.2,TAM,c,-1.218,0.4896,0,in range
GRID_03977,-85.529,-177.096,-24606.1,-485061.3,TAM,c,-0.908,0.4049,0,in range
GRID_03978,-85.536,-176.619,-28598.5,-484079.8,TAM,d,-0.518,0.2835,0,in range
GRID_03979,-85.536,-176.736,-27610.0,-484137.2,TAM,d,-0.344,0.6473,0,in range
GRID_03980,-85.537,-176.972,-25609.9,-484138.2,TAM,c,-0.724,0.4693,0,in range
GRID_03981,-85.538,-177.09,-24607.2,-484081.3,TAM,c,-1.653,0.3507,0,in range
GRID_03982,-85.545,-176.612,-28599.9,-483099.3,TAM,d,-1.381,0.0903,0,in range
GRID_03983,-85.546,-176.73,-27598.7,-483048.6,TAM,d,-1.225,0.2716,0,in range
GRID_03984,-85.546,-176.848,-26603.8,-483104.4,TAM,d,-2.026,0.6087,0,in range
GRID_03985,-85.547,-176.966,-25603.0,-483049.6,TAM,s,-1.614,0.3494,0,in range
GRID_03986,-85.547,-177.202,-23613.1,-483151.0,TAM,c,-2.01,0.3944,0,in range
GRID_03987,-85.565,-177.072,-24609.3,-481141.3,TAM,c,-1.806,0.5005,0,in range
GRID_03988,-85.325,-176.771,-28606.8,-507064.3,TAM,d,-2.037,0.1622,0,in range
GRID_03989,-85.325,-176.884,-27606.7,-507119.7,TAM,s,-2.24,0.2967,0,in range
GRID_03990,-85.334,-176.765,-28604.6,-506084.0,TAM,s,-1.805,0.3437,0,in range
GRID_03991,-85.334,-176.878,-27606.5,-506139.4,TAM,d,-2.677,0.5012,0,in range
GRID_03992,-85.343,-176.759,-28602.3,-505103.7,TAM,s,-2.031,0.5284,0,in range
GRID_03993,-85.169,-176.876,-28602.2,-524058.4,TAM,s,-2.648,0.5562,0,in range
GRID_03994,-85.178,-176.87,-28603.6,-523077.9,TAM,d,-2.278,0.5265,0,in range
GRID_03995,-85.179,-177.088,-26607.6,-523074.3,TAM,c,-2.864,0.4259,0,in range
GRID_03996,-85.179,-177.197,-25612.5,-523123.9,TAM,c,-0.894,0.6682,0,in range
GRID_03997,-85.188,-177.083,-26603.5,-522094.3,TAM,d,-3.456,0.6864,0,in range
GRID_03998,-85.189,-177.192,-25604.8,-522035.3,TAM,d,-2.545,0.333,0,in range
GRID_03999,-85.197,-177.077,-26608.2,-521113.8,TAM,d,-2.897,0.4598,0,in range
GRID_04000,-85.198,-177.187,-25602.4,-521055.3,TAM,c,-3.057,0.136,0,in range
GRID_04001,-85.206,-177.072,-26603.7,-520133.8,TAM,d,-3.153,0.9844,0,in range
GRID_04002,-85.207,-177.181,-25608.8,-520074.8,TAM,d,-2.881,0.5806,0,in range
GRID_04003,-85.207,-177.291,-24610.3,-520123.1,TAM,c,-0.313,0.2052,0,in range
GRID_04004,-85.216,-177.176,-25605.9,-519094.9,TAM,c,-3.643,0.7667,0,in range
GRID_04005,-85.217,-177.286,-24604.1,-519034.4,TAM,c,-3.456,0.28,0,in range
GRID_04006,-85.217,-177.396,-23607.6,-519080.7,TAM,c,-3.783,0.9212,0,in range
GRID_04007,-85.225,-177.17,-25612.0,-518114.4,TAM,c,-4.02,0.2057,0,in range
GRID_04008,-85.226,-177.281,-24603.0,-518054.4,TAM,c,-4.386,1.0593,0,in range
GRID_04009,-85.226,-177.391,-23608.4,-518100.7,TAM,c,-4.474,0.5356,0,in range
GRID_04010,-85.235,-177.275,-24610.7,-517074.1,TAM,c,-3.29,0.1756,0,in range
GRID_04011,-85.235,-177.386,-23608.9,-517120.8,TAM,c,-4.47,0.3774,0,in range
GRID_04012,-85.244,-177.27,-24609.2,-516094.1,TAM,d,-4.025,0.5809,0,in range
GRID_04013,-85.245,-177.381,-23604.4,-516032.2,TAM,c,-4.28,0.2927,0,in range
GRID_04014,-85.254,-177.376,-23604.6,-515052.2,TAM,c,-4.046,0.1907,0,in range
GRID_04015,-84.997,-177.721,-21614.5,-543118.7,TAM,d,1.197,0.3658,0,in range
GRID_04016,-85.005,-177.401,-24608.0,-542120.1,TAM,c,2.782,0.592,0,in range
GRID_04017,-85.006,-177.506,-23609.8,-542055.6,TAM,c,1.034,0.8295,0,in range
GRID_04018,-85.007,-177.717,-21609.1,-542030.2,TAM,d,0.197,0.2395,0,in range
GRID_04019,-85.014,-177.29,-25612.0,-541093.4,TAM,c,1.636,0.3488,0,in range
GRID_04020,-85.015,-177.607,-22613.3,-541118.1,TAM,c,1.571,0.7871,0,in range
GRID_04021,-85.023,-177.285,-25612.8,-540113.2,TAM,d,-0.53,0.6271,0,in range
GRID_04022,-85.032,-177.069,-27598.7,-539035.0,TAM,d,-0.251,0.5977,0,in range
GRID_04023,-85.032,-177.174,-26610.9,-539084.7,TAM,c,1.427,0.7475,0,in range
GRID_04024,-85.033,-177.28,-25608.3,-539024.3,TAM,c,1.59,0.7531,0,in range
GRID_04025,-85.033,-177.492,-23613.7,-539115.4,TAM,c,0.796,0.9103,0,in range
GRID_04026,-85.041,-177.063,-27605.0,-538054.3,TAM,c,1.359,1.0101,0,in range
GRID_04027,-85.041,-177.169,-26609.5,-538104.5,TAM,d,-0.335,0.3187,0,in range
GRID_04028,-85.042,-177.275,-25608.8,-538044.1,TAM,s,0.522,0.4188,0,in range
GRID_04029,-85.042,-177.382,-24604.0,-538091.0,TAM,c,2.36,0.6753,0,in range
GRID_04030,-85.05,-177.058,-27601.7,-537074.2,TAM,d,-1.309,0.1987,0,in range
GRID_04031,-85.05,-177.164,-26608.1,-537124.3,TAM,d,-1.24,0.3403,0,in range
GRID_04032,-85.051,-177.27,-25609.1,-537064.0,TAM,d,1.338,0.2892,0,in range
GRID_04033,-85.051,-177.377,-24606.1,-537110.8,TAM,s,-0.479,0.3734,0,in range
GRID_04034,-85.052,-177.483,-23607.6,-537046.8,TAM,c,0.421,0.4494,0,in range
GRID_04035,-85.059,-176.946,-28599.4,-536041.5,TAM,d,-0.158,0.5737,0,in range
GRID_04036,-85.059,-177.052,-27607.6,-536093.5,TAM,d,-0.021,0.3361,0,in range
GRID_04037,-85.06,-177.159,-26601.0,-536035.5,TAM,d,-1.353,0.5647,0,in range
GRID_04038,-85.06,-177.265,-25609.3,-536083.8,TAM,d,-1.543,0.5793,0,in range
GRID_04039,-85.061,-177.372,-24603.1,-536022.0,TAM,d,1.822,0.259,0,in range
GRID_04040,-85.068,-177.047,-27604.0,-535113.4,TAM,d,-1.684,0.1333,0,in range
GRID_04041,-85.069,-177.153,-26608.5,-535054.9,TAM,d,-1.116,0.1667,0,in range
GRID_04042,-85.069,-177.26,-25609.3,-535103.6,TAM,d,-1.135,0.2929,0,in range
GRID_04043,-85.07,-177.367,-24604.9,-535041.9,TAM,d,-1.016,0.3917,0,in range
GRID_04044,-85.078,-177.148,-26606.5,-534074.7,TAM,d,-0.903,0.2896,0,in range
GRID_04045,-85.078,-177.255,-25609.1,-534123.5,TAM,d,0.317,0.6994,0,in range
GRID_04046,-84.849,-177.378,-25602.1,-559064.3,TAM,g,2.417,0.5971,0,in range
GRID_04047,-84.857,-177.066,-28601.5,-558047.4,TAM,c,1.961,1.0197,0,in range
GRID_04048,-84.857,-177.168,-27608.0,-558097.4,TAM,c,1.959,0.7501,0,in range
GRID_04049,-84.859,-177.475,-24607.6,-558019.9,TAM,s,1.144,0.4964,0,in range
GRID_04050,-84.859,-177.578,-23604.4,-558063.3,TAM,d,0.987,0.4853,0,in range
GRID_04051,-84.867,-177.163,-27602.8,-557008.3,TAM,s,1.242,0.6451,0,in range
GRID_04052,-84.868,-177.471,-24603.4,-557040.0,TAM,s,0.04,0.5308,0,in range
GRID_04053,-84.875,-177.055,-28608.0,-556086.1,TAM,g,2.36,1.1454,0,in range
GRID_04054,-84.876,-177.261,-26603.3,-556076.6,TAM,s,1.278,0.6537,0,in range
GRID_04055,-84.877,-177.466,-24608.7,-556059.6,TAM,d,0.396,0.557,0,in range
GRID_04056,-84.885,-177.256,-26604.9,-555096.3,TAM,c,1.645,0.7135,0,in range
GRID_04057,-84.886,-177.359,-25602.0,-555034.5,TAM,s,1.693,0.6138,0,in range
GRID_04058,-84.895,-177.251,-26601.2,-554007.2,TAM,g,3.279,1.6115,0,in range
GRID_04059,-84.905,-177.556,-23605.3,-553054.0,TAM,s,1.054,0.3988,0,in range
GRID_04060,-84.912,-177.034,-28603.5,-552055.4,TAM,c,4.293,1.1787,0,in range
GRID_04061,-84.912,-177.137,-27611.0,-552106.0,TAM,g,4.015,1.842,0,in range
GRID_04062,-84.913,-177.241,-26603.6,-552046.5,TAM,g,3.489,1.4167,0,in range
GRID_04063,-84.913,-177.344,-25611.2,-552093.4,TAM,s,2.9,0.8286,0,in range
GRID_04064,-84.914,-177.448,-24604.1,-552030.3,TAM,d,1.662,0.4827,0,in range
GRID_04065,-84.921,-177.029,-28600.9,-551075.1,TAM,g,5.264,2.0413,0,in range
GRID_04066,-84.922,-177.34,-25604.3,-551113.5,TAM,s,1.46,0.3981,0,in range
GRID_04067,-84.931,-177.127,-27603.8,-550036.6,TAM,c,2.39,0.6442,0,in range
GRID_04068,-84.481,-177.362,-27601.3,-599059.8,TAM,g,-5.243,0.4304,0,in range
GRID_04069,-84.49,-177.357,-27608.4,-598078.9,TAM,g,-4.916,0.5723,0,in range
GRID_04070,-84.499,-177.257,-28605.3,-597051.4,TAM,g,-5.212,0.4596,0,in range
GRID_04071,-84.5,-177.353,-27599.9,-596989.8,TAM,g,-5.344,0.5629,0,in range
GRID_04072,-84.52,-177.92,-21611.8,-595058.4,TAM,g,-5.323,0.6425,0,in range
GRID_04073,-84.536,-177.239,-28598.9,-593020.3,TAM,g,-4.802,0.6494,0,in range
GRID_04074,-84.611,-177.592,-24601.9,-585030.4,TAM,g,-2.909,0.736,0,in range
GRID_04075,-84.722,-177.741,-22604.3,-573023.1,TAM,w,-0.036,0.2937,0,in range
GRID_04076,-84.747,-177.127,-28607.2,-570031.1,TAM,w,0.278,0.3983,0,in range
GRID_04077,-84.757,-177.323,-26606.3,-569038.7,TAM,w,-0.109,0.5754,0,in range
GRID_04078,-84.758,-177.624,-23612.0,-569061.9,TAM,w,2.989,0.3561,0,in range
GRID_04079,-84.767,-177.62,-23611.0,-568081.8,TAM,w,1.039,0.7515,0,in range
GRID_04080,-84.776,-177.515,-24609.6,-567059.2,TAM,w,1.374,0.5073,0,in range
GRID_04081,-84.785,-177.41,-25604.5,-566034.9,TAM,w,1.916,0.5732,0,in range
GRID_04082,-84.802,-177.097,-28602.6,-564039.2,TAM,w,3.558,1.2819,0,in range
GRID_04083,-84.832,-177.591,-23601.3,-561003.6,TAM,s,0.558,0.5601,0,in range
GRID_04084,-84.884,-177.05,-28606.1,-555105.7,TAM,g,3.698,1.4961,0,in range
GRID_04085,-84.885,-177.153,-27602.8,-555047.5,TAM,d,2.21,0.9929,0,in range
GRID_04086,-84.939,-177.018,-28604.9,-549113.9,TAM,c,3.083,0.6184,0,in range
GRID_04087,-85.557,-174.103,-49586.7,-480086.2,TAM,d,-2.022,0.9798,1,elev
GRID_04088,-85.575,-177.066,-24604.0,-480052.7,TAM,c,-1.452,0.424,0,in range
GRID_04089,-85.592,-176.934,-25611.1,-478148.8,TAM,c,-1.932,0.4155,0,in range
GRID_04090,-85.593,-177.173,-23611.0,-478142.9,TAM,c,-1.246,0.9038,0,in range
GRID_04091,-85.602,-176.928,-25602.9,-477060.3,TAM,c,-1.079,0.4127,0,in range
GRID_04092,-85.603,-177.407,-21608.8,-477149.1,TAM,c,-0.877,0.4836,0,in range
GRID_04093,-85.168,-176.658,-30602.2,-524054.3,TAM,c,-1.441,0.6053,0,in range
GRID_04094,-85.177,-176.652,-30599.9,-523073.8,TAM,c,-1.534,0.5777,0,in range
GRID_04095,-85.186,-176.645,-30606.5,-522092.8,TAM,c,-1.937,0.2461,0,in range
GRID_04096,-85.195,-176.639,-30603.8,-521112.3,TAM,c,-1.983,0.4701,0,in range
GRID_04097,-85.205,-176.742,-29605.2,-520080.6,TAM,c,-2.721,0.6642,0,in range
GRID_04098,-85.214,-176.736,-29603.9,-519100.1,TAM,c,-3.586,0.4188,0,in range
GRID_04099,-85.359,-178.907,-9617.2,-504081.0,TAM,s,-1.741,0.43,0,in range
GRID_04100,-85.368,-178.791,-10617.1,-503081.9,TAM,c,-1.465,0.5391,0,in range
GRID_04101,-85.368,-178.905,-9616.1,-503102.1,TAM,d,-1.442,0.3132,0,in range
GRID_04102,-85.386,-178.901,-9613.7,-501144.1,TAM,d,-0.032,0.8298,0,in range
GRID_04103,-85.441,-178.425,-13612.3,-495067.8,TAM,s,-2.075,0.4284,0,in range
GRID_04104,-85.45,-178.653,-11619.2,-494139.5,TAM,d,-2.843,0.4835,0,in range
GRID_04105,-85.514,-178.282,-14609.9,-487097.2,TAM,s,-0.761,0.3657,0,in range
GRID_04106,-85.514,-178.399,-13615.2,-487126.0,TAM,d,-0.53,0.4317,0,in range
GRID_04107,-85.523,-178.278,-14614.5,-486117.9,TAM,d,-1.109,0.5282,0,in range
GRID_04108,-85.532,-178.274,-14618.9,-485138.6,TAM,s,-0.352,0.7851,0,in range
GRID_04109,-84.477,-179.273,-7614.6,-600082.3,TAM,g,-3.355,0.6802,1,slope
GRID_04110,-84.752,-178.732,-12618.0,-570064.8,TAM,s,0.363,0.6095,0,in range
GRID_04111,-84.761,-178.529,-14612.6,-569037.5,TAM,s,0.851,0.5083,0,in range
GRID_04112,-84.761,-178.629,-13619.4,-569062.1,TAM,d,0.791,0.5614,0,in range
GRID_04113,-84.761,-178.73,-12616.2,-569085.3,TAM,s,0.805,0.6623,0,in range
GRID_04114,-85.254,-177.487,-22606.7,-515097.0,TAM,c,-1.593,0.2697,0,in range
GRID_04115,-85.255,-177.598,-21604.2,-515031.1,TAM,c,-3.177,0.301,0,in range
GRID_04116,-85.255,-177.709,-20606.4,-515072.0,TAM,c,-3.278,0.5397,0,in range
GRID_04117,-85.255,-177.82,-19608.5,-515111.0,TAM,d,-3.078,0.2978,0,in range
GRID_04118,-85.256,-177.931,-18606.6,-515039.3,TAM,d,-2.664,0.4498,0,in range
GRID_04119,-85.263,-177.482,-22608.7,-514117.1,TAM,c,-2.337,0.1169,0,in range
GRID_04120,-85.264,-177.593,-21608.0,-514051.2,TAM,c,-2.781,0.1829,0,in range
GRID_04121,-85.264,-177.704,-20612.1,-514092.1,TAM,c,-2.399,0.2578,0,in range
GRID_04122,-85.265,-177.927,-18607.1,-514059.8,TAM,d,-3.103,0.459,0,in range
GRID_04123,-85.273,-177.588,-21611.7,-513071.3,TAM,c,-3.034,0.2213,0,in range
GRID_04124,-85.273,-177.7,-20608.7,-513112.6,TAM,c,-3.527,0.4771,0,in range
GRID_04125,-85.282,-177.584,-21606.3,-512091.8,TAM,c,-3.651,0.1717,0,in range
GRID_04126,-85.291,-177.579,-21609.6,-511111.9,TAM,c,-2.907,0.4789,0,in range
GRID_04127,-85.292,-177.691,-20606.1,-511044.5,TAM,c,-2.818,0.4281,0,in range
GRID_04128,-85.403,-178.208,-15616.4,-499143.3,TAM,s,-0.938,0.3463,0,in range
GRID_04129,-85.413,-178.205,-15608.5,-498055.4,TAM,c,-2.255,0.5412,0,in range
GRID_04130,-85.422,-178.316,-14614.8,-497106.4,TAM,s,-2.365,0.5762,0,in range
GRID_04131,-85.431,-178.313,-14612.0,-496127.3,TAM,d,-2.633,0.4863,0,in range
GRID_04132,-85.502,-177.348,-22608.3,-488097.8,TAM,c,-2.204,0.3847,0,in range
GRID_04133,-85.502,-177.465,-21611.5,-488143.0,TAM,d,-0.403,0.5154,0,in range
GRID_04134,-85.503,-177.582,-20610.1,-488077.5,TAM,d,-0.443,0.3423,0,in range
GRID_04135,-85.503,-177.699,-19613.4,-488118.5,TAM,s,-1.962,0.4629,0,in range
GRID_04136,-85.504,-177.816,-18612.5,-488048.9,TAM,c,-1.543,0.5355,0,in range
GRID_04137,-85.505,-178.285,-14613.7,-488076.2,TAM,c,-1.475,0.3314,0,in range
GRID_04138,-85.512,-177.46,-21606.0,-487054.7,TAM,s,-1.539,0.1736,0,in range
GRID_04139,-85.512,-177.577,-20611.3,-487097.8,TAM,d,-1.196,0.4109,0,in range
GRID_04140,-85.512,-177.695,-19608.1,-487139.2,TAM,d,-1.469,0.169,0,in range
GRID_04141,-85.513,-177.812,-18609.2,-487069.6,TAM,d,-0.724,0.3264,0,in range
GRID_04142,-85.513,-177.929,-17614.5,-487106.6,TAM,c,-1.988,0.4712,0,in range
GRID_04143,-85.513,-178.047,-16611.3,-487141.8,TAM,c,-1.82,0.5016,0,in range
GRID_04144,-85.514,-178.164,-15613.0,-487066.0,TAM,s,-1.805,0.3261,0,in range
GRID_04145,-85.52,-177.337,-22611.1,-486138.2,TAM,s,-2.923,0.2721,0,in range
GRID_04146,-85.521,-177.455,-21605.0,-486075.1,TAM,d,-0.104,0.7112,0,in range
GRID_04147,-85.521,-177.572,-20612.4,-486118.2,TAM,d,-1.336,0.3488,0,in range
GRID_04148,-85.522,-177.69,-19606.8,-486050.9,TAM,d,-0.378,0.631,0,in range
GRID_04149,-85.522,-177.807,-18614.2,-486090.0,TAM,c,-3.062,0.3592,0,in range
GRID_04150,-85.522,-177.925,-17613.1,-486127.3,TAM,d,-1.959,0.1469,1,elev
GRID_04151,-85.523,-178.043,-16608.2,-486053.8,TAM,d,-1.35,0.2372,1,elev
GRID_04152,-85.523,-178.16,-15615.6,-486086.7,TAM,c,0.426,1.1813,1,elev
GRID_04153,-85.529,-177.214,-23607.1,-485111.0,TAM,d,-3.008,0.534,0,in range
GRID_04154,-85.53,-177.332,-22602.9,-485049.9,TAM,d,-0.872,0.4686,0,in range
GRID_04155,-85.53,-177.449,-21612.3,-485095.1,TAM,d,-2.267,0.4037,0,in range
GRID_04156,-85.53,-177.567,-20613.2,-485138.6,TAM,c,-0.233,0.7111,0,in range
GRID_04157,-85.531,-177.685,-19609.7,-485071.3,TAM,s,-2.094,0.2627,0,in range
GRID_04158,-85.531,-177.803,-18610.6,-485110.7,TAM,d,-0.777,0.3717,0,in range
GRID_04159,-85.531,-177.921,-17611.5,-485148.0,TAM,d,-0.319,0.7369,0,in range
GRID_04160,-85.532,-178.039,-16608.6,-485074.5,TAM,d,-2.05,0.4029,0,in range
GRID_04161,-85.532,-178.157,-15609.6,-485107.7,TAM,d,0.677,0.8423,0,in range
GRID_04162,-85.538,-177.208,-23610.2,-484131.0,TAM,c,-2.022,0.453,0,in range
GRID_04163,-85.539,-177.326,-22608.0,-484069.9,TAM,d,-0.388,1.026,0,in range
GRID_04164,-85.539,-177.444,-21611.0,-484115.5,TAM,d,-3.0,0.6624,0,in range
GRID_04165,-85.54,-177.562,-20609.3,-484050.3,TAM,d,-1.692,0.1539,0,in range
GRID_04166,-85.54,-177.68,-19612.4,-484091.7,TAM,d,-0.914,0.3444,0,in range
GRID_04167,-85.54,-177.798,-18615.4,-484131.1,TAM,d,-0.629,0.3293,0,in range
GRID_04168,-85.541,-177.917,-17605.9,-484060.0,TAM,d,-2.04,0.5419,0,in range
GRID_04169,-85.547,-177.084,-24608.1,-483101.3,TAM,d,-1.333,0.1394,0,in range
GRID_04170,-85.548,-177.439,-21609.5,-483135.9,TAM,c,-0.349,0.7057,0,in range
GRID_04171,-85.549,-177.557,-20609.8,-483070.7,TAM,d,-2.067,0.3987,0,in range
GRID_04172,-85.549,-177.676,-19606.5,-483112.5,TAM,d,-0.766,0.6349,0,in range
GRID_04173,-85.549,-177.794,-18611.5,-483151.8,TAM,d,-0.296,1.0977,0,in range
GRID_04174,-85.55,-177.912,-17612.4,-483080.4,TAM,d,-1.693,0.3093,0,in range
GRID_04175,-85.556,-176.96,-25601.7,-482069.6,TAM,d,-1.914,0.1354,0,in range
GRID_04176,-85.556,-177.078,-24608.8,-482121.3,TAM,d,-1.877,0.4171,0,in range
GRID_04177,-85.564,-176.835,-26605.3,-481144.0,TAM,d,-2.398,0.588,0,in range
GRID_04178,-85.565,-176.953,-25608.6,-481089.2,TAM,d,-2.485,0.3728,1,elev
GRID_04179,-85.056,-178.974,-9617.9,-537044.1,TAM,d,-1.555,0.2692,1,elev
GRID_04180,-85.056,-179.081,-8615.0,-537061.2,TAM,s,-1.806,0.2864,1,elev
GRID_04181,-85.056,-179.187,-7621.4,-537076.2,TAM,s,-1.335,0.4842,1,elev
GRID_04182,-85.065,-178.865,-10620.2,-536046.0,TAM,d,-1.983,0.4437,1,elev
GRID_04183,-85.065,-178.972,-9619.1,-536064.9,TAM,s,-1.925,0.2426,1,elev
GRID_04184,-85.065,-179.186,-7616.8,-536097.1,TAM,s,-1.814,0.1802,1,elev
GRID_04185,-85.118,-177.989,-18612.0,-530059.2,TAM,s,-3.802,0.6395,0,in range
GRID_04186,-85.139,-179.716,-2617.6,-528095.1,TAM,d,-2.892,0.3107,0,in range
GRID_04187,-85.139,-179.932,-626.8,-528101.2,TAM,d,-2.207,0.6308,0,in range
GRID_04188,-85.16,-176.882,-28600.5,-525038.9,TAM,c,-0.341,0.4884,0,in range
GRID_04189,-85.169,-176.985,-27605.1,-524111.8,TAM,c,-1.421,0.3018,0,in range
GRID_04190,-85.17,-177.094,-26602.5,-524054.8,TAM,c,-1.621,0.3458,0,in range
GRID_04191,-85.178,-176.979,-27608.4,-523131.3,TAM,c,-1.307,0.5941,0,in range
GRID_04192,-85.181,-177.744,-20608.6,-523127.2,TAM,c,-2.107,0.3374,0,in range
GRID_04193,-85.187,-176.864,-28604.8,-522097.4,TAM,c,-3.402,0.7163,0,in range
GRID_04194,-85.188,-176.973,-27605.8,-522042.2,TAM,c,-2.661,0.3898,0,in range
GRID_04195,-85.189,-177.302,-24602.6,-522083.5,TAM,c,-0.079,0.6018,0,in range
GRID_04196,-85.19,-177.63,-21608.9,-522107.1,TAM,c,-3.2,0.2875,0,in range
GRID_04197,-85.191,-177.739,-20611.3,-522038.6,TAM,s,-4.273,0.5786,0,in range
GRID_04198,-85.191,-177.849,-19609.1,-522077.2,TAM,d,-2.247,0.2094,0,in range
GRID_04199,-85.191,-177.958,-18615.8,-522113.5,TAM,d,-1.912,0.2256,0,in range
GRID_04200,-85.192,-178.068,-17609.7,-522039.6,TAM,d,-2.565,0.5176,0,in range
GRID_04201,-85.192,-178.177,-16616.6,-522072.2,TAM,d,-2.834,0.2716,0,in range
GRID_04202,-85.192,-178.397,-14611.8,-522132.1,TAM,d,-2.991,0.4108,0,in range
GRID_04203,-85.196,-176.858,-28605.8,-521116.9,TAM,c,-2.568,0.3752,0,in range
GRID_04204,-85.197,-176.968,-27599.5,-521062.2,TAM,c,-2.627,0.6045,0,in range
GRID_04205,-85.198,-177.296,-24611.1,-521103.0,TAM,c,-0.985,0.7668,0,in range
GRID_04206,-85.199,-177.406,-23605.6,-521040.7,TAM,c,-1.343,0.5052,0,in range
GRID_04207,-85.199,-177.625,-21613.9,-521127.1,TAM,c,-4.006,0.3769,0,in range
GRID_04208,-85.2,-177.735,-20609.1,-521058.9,TAM,d,-2.987,0.1931,0,in range
GRID_04209,-85.2,-177.845,-19608.7,-521097.6,TAM,c,-0.051,0.6891,0,in range
GRID_04210,-85.201,-177.954,-18613.4,-521025.2,TAM,c,-1.756,0.4889,0,in range
GRID_04211,-85.201,-178.064,-17613.1,-521060.0,TAM,c,-2.368,0.3535,0,in range
GRID_04212,-85.201,-178.174,-16612.7,-521092.8,TAM,s,-3.374,0.2804,0,in range
GRID_04213,-85.201,-178.284,-15612.2,-521123.8,TAM,s,-2.517,0.3426,0,in range
GRID_04214,-85.206,-176.852,-28600.7,-520027.8,TAM,c,-3.074,0.5133,0,in range
GRID_04215,-85.206,-176.962,-27602.2,-520081.8,TAM,c,-2.677,0.493,0,in range
GRID_04216,-85.208,-177.401,-23606.7,-520060.7,TAM,c,-2.146,0.5473,0,in range
GRID_04217,-85.208,-177.511,-22608.2,-520105.0,TAM,c,-3.261,0.3106,0,in range
GRID_04218,-85.209,-177.621,-21605.1,-520038.8,TAM,s,-3.25,0.6108,0,in range
GRID_04219,-85.209,-177.731,-20606.7,-520079.3,TAM,c,-3.453,0.2035,0,in range
GRID_04220,-85.209,-177.841,-19608.2,-520117.9,TAM,c,-2.856,0.3423,0,in range
GRID_04221,-85.21,-177.951,-18605.7,-520045.9,TAM,c,-3.429,0.5547,0,in range
GRID_04222,-85.21,-178.061,-17607.3,-520080.7,TAM,c,-2.961,0.3845,0,in range
GRID_04223,-85.21,-178.17,-16617.8,-520113.2,TAM,d,-3.519,0.3167,0,in range
GRID_04224,-85.211,-178.28,-15616.0,-520035.5,TAM,s,-3.355,0.3955,0,in range
GRID_04225,-85.215,-176.846,-28601.3,-519047.4,TAM,c,-4.293,0.8756,0,in range
GRID_04226,-85.215,-176.956,-27604.7,-519101.3,TAM,c,-2.227,0.3647,0,in range
GRID_04227,-85.216,-177.066,-26602.5,-519044.7,TAM,c,-4.042,0.5148,0,in range
GRID_04228,-85.217,-177.506,-22611.0,-519125.1,TAM,c,-5.148,0.5206,0,in range
GRID_04229,-85.218,-177.616,-21609.8,-519058.8,TAM,d,-1.275,0.4116,0,in range
GRID_04230,-85.218,-177.726,-20613.2,-519099.4,TAM,c,-0.853,1.047,1,aspect
GRID_04231,-85.219,-177.836,-19612.5,-519029.3,TAM,c,-3.818,0.605,0,in range
GRID_04232,-85.219,-177.947,-18606.9,-519066.3,TAM,c,-3.2,0.3886,0,in range
GRID_04233,-85.219,-178.057,-17610.4,-519101.1,TAM,c,-3.214,0.6527,0,in range
GRID_04234,-85.219,-178.167,-16613.7,-519133.9,TAM,d,-3.71,0.3102,0,in range
GRID_04235,-85.22,-178.277,-15613.8,-519056.2,TAM,s,-3.113,0.4248,0,in range
GRID_04236,-85.224,-176.84,-28601.6,-518066.9,TAM,c,-3.791,0.9541,0,in range
GRID_04237,-85.224,-176.95,-27607.0,-518120.9,TAM,c,-3.863,0.6281,0,in range
GRID_04238,-85.225,-177.06,-26606.6,-518064.3,TAM,c,-2.457,0.1919,0,in range
GRID_04239,-85.227,-177.501,-22608.9,-518036.4,TAM,d,-2.456,0.4189,0,in range
GRID_04240,-85.227,-177.612,-21605.3,-518079.3,TAM,d,-0.472,0.6681,0,in range
GRID_04241,-85.227,-177.722,-20610.6,-518119.8,TAM,c,-2.007,0.2929,0,in range
GRID_04242,-85.228,-177.832,-19611.7,-518049.7,TAM,c,-2.935,0.2822,0,in range
GRID_04243,-85.228,-177.943,-18608.0,-518086.7,TAM,c,-3.225,0.3844,0,in range
GRID_04244,-85.228,-178.053,-17613.4,-518121.5,TAM,c,-0.421,0.5991,0,in range
GRID_04245,-85.229,-178.163,-16615.1,-518045.6,TAM,d,-3.563,0.3748,0,in range
GRID_04246,-85.229,-178.274,-15611.5,-518076.9,TAM,s,-3.085,0.3185,0,in range
GRID_04247,-85.234,-176.944,-27603.2,-517031.9,TAM,c,-4.173,0.784,0,in range
GRID_04248,-85.234,-177.055,-26601.5,-517084.4,TAM,c,-1.628,0.5296,1,aspect
GRID_04249,-85.234,-177.165,-25608.8,-517134.5,TAM,c,-4.225,0.3416,0,in range
GRID_04250,-85.236,-177.496,-22611.3,-517056.5,TAM,c,-2.855,0.4307,0,in range
GRID_04251,-85.236,-177.607,-21609.6,-517099.3,TAM,d,-1.774,0.4737,0,in range
GRID_04252,-85.237,-177.718,-20603.4,-517031.5,TAM,c,-3.56,0.3185,0,in range
GRID_04253,-85.237,-177.828,-19610.8,-517070.1,TAM,c,-3.368,0.3545,0,in range
GRID_04254,-85.237,-177.939,-18609.0,-517107.1,TAM,c,-3.463,0.1401,0,in range
GRID_04255,-85.238,-178.049,-17612.5,-517033.2,TAM,s,-0.684,0.5669,0,in range
GRID_04256,-85.238,-178.16,-16610.8,-517066.4,TAM,d,-3.353,0.5287,0,in range
GRID_04257,-85.244,-177.16,-25600.0,-516045.9,TAM,c,-4.166,0.5532,0,in range
GRID_04258,-85.245,-177.492,-22604.6,-516076.9,TAM,c,-2.96,0.2479,0,in range
GRID_04259,-85.245,-177.602,-21613.8,-516119.4,TAM,d,-2.9,0.4363,0,in range
GRID_04260,-85.246,-177.713,-20609.5,-516051.6,TAM,c,-2.902,0.4117,0,in range
GRID_04261,-85.246,-177.824,-19609.7,-516090.6,TAM,c,-2.611,0.1527,0,in range
GRID_04262,-85.246,-177.935,-18609.8,-516127.6,TAM,d,-2.047,0.4629,0,in range
GRID_04263,-84.998,-177.827,-20605.6,-543049.0,TAM,s,0.068,0.3476,0,in range
GRID_04264,-85.006,-177.612,-22606.9,-542098.4,TAM,s,-0.938,0.4476,0,in range
GRID_04265,-85.015,-177.396,-24605.9,-541031.2,TAM,s,-0.411,0.2901,0,in range
GRID_04266,-85.015,-177.502,-23605.0,-541075.8,TAM,s,0.663,0.7739,0,in range
GRID_04267,-85.024,-177.391,-24608.6,-540051.0,TAM,s,-0.711,0.5968,0,in range
GRID_04268,-85.024,-177.497,-23609.4,-540095.6,TAM,d,-0.379,0.8196,0,in range
GRID_04269,-85.025,-177.603,-22605.6,-540029.7,TAM,d,-1.074,0.2027,0,in range
GRID_04270,-85.033,-177.386,-24611.1,-539070.8,TAM,s,0.279,0.4833,0,in range
GRID_04271,-85.034,-177.598,-22611.7,-539049.5,TAM,d,-2.467,0.3155,0,in range
GRID_04272,-85.038,-179.084,-8618.2,-539019.5,TAM,d,-1.393,0.1583,0,in range
GRID_04273,-85.043,-177.488,-23603.7,-538026.9,TAM,s,-0.245,0.4085,0,in range
GRID_04274,-85.043,-177.594,-22608.2,-538069.7,TAM,d,-1.432,0.2404,0,in range
GRID_04275,-85.047,-179.082,-8621.3,-538040.2,TAM,s,-1.539,0.3799,1,elev
GRID_04276,-85.052,-177.59,-22604.6,-537089.9,TAM,d,-1.188,0.4555,0,in range
GRID_04277,-85.055,-178.441,-14616.3,-537040.2,TAM,c,-1.522,0.3714,0,in range
GRID_04278,-85.055,-178.548,-13613.4,-537066.5,TAM,s,-1.56,0.1615,0,in range
GRID_04279,-85.055,-178.654,-12619.7,-537090.8,TAM,s,-1.472,0.2168,0,in range
GRID_04280,-85.064,-178.438,-14617.7,-536060.7,TAM,c,-1.313,0.2296,0,in range
GRID_04281,-85.064,-178.545,-13616.6,-536087.1,TAM,s,-1.717,0.3922,0,in range
GRID_04282,-85.073,-178.329,-15609.0,-535053.3,TAM,c,-2.496,0.2973,0,in range
GRID_04283,-85.073,-178.436,-14609.7,-535081.5,TAM,s,-2.152,0.4602,0,in range
GRID_04284,-85.073,-178.542,-13619.8,-535107.7,TAM,s,-1.601,0.3262,0,in range
GRID_04285,-85.074,-178.649,-12617.9,-535023.4,TAM,s,-2.14,0.5879,1,elev
GRID_04286,-85.074,-178.756,-11618.7,-535046.0,TAM,s,-2.17,0.5696,1,elev
GRID_04287,-85.082,-178.218,-16615.1,-534043.5,TAM,s,-2.248,0.4003,0,in range
GRID_04288,-85.082,-178.325,-15617.7,-534073.6,TAM,d,-1.747,0.3883,0,in range
GRID_04289,-85.082,-178.433,-14611.0,-534102.1,TAM,s,-2.27,0.4525,0,in range
GRID_04290,-85.083,-178.861,-10618.7,-534087.6,TAM,s,-1.362,0.611,1,elev
GRID_04291,-85.091,-178.108,-17608.0,-533032.2,TAM,s,-2.097,0.4658,0,in range
GRID_04292,-85.091,-178.215,-16612.5,-533064.1,TAM,d,-2.255,0.5189,1,slope
GRID_04293,-85.092,-178.752,-11613.4,-533087.6,TAM,s,-0.659,0.4994,0,in range
GRID_04294,-85.1,-178.104,-17612.8,-532052.4,TAM,s,-2.213,0.459,0,in range
GRID_04295,-84.771,-178.829,-11610.7,-568018.4,TAM,d,0.974,0.5121,0,in range
GRID_04296,-84.781,-179.432,-5621.3,-567021.1,TAM,s,0.739,0.6911,0,in range
GRID_04297,-84.79,-179.431,-5621.5,-566041.8,TAM,d,1.82,0.6325,0,in range
GRID_04298,-84.799,-179.025,-9615.7,-565008.6,TAM,d,1.45,0.4532,0,in range
GRID_04299,-84.799,-179.43,-5621.6,-565062.5,TAM,s,0.991,0.5334,0,in range
GRID_04300,-84.799,-179.531,-4625.5,-565071.5,TAM,s,1.039,0.5644,0,in range
GRID_04301,-84.808,-178.922,-10612.9,-564011.3,TAM,s,0.884,0.3975,1,elev
GRID_04302,-84.808,-179.023,-9618.7,-564029.2,TAM,s,1.408,0.8963,0,in range
GRID_04303,-84.808,-179.328,-6616.1,-564072.4,TAM,s,0.971,0.6954,0,in range
GRID_04304,-84.808,-179.429,-5621.7,-564083.2,TAM,s,1.024,0.5963,0,in range
GRID_04305,-84.817,-178.92,-10614.2,-563031.9,TAM,s,1.676,0.5343,1,elev
GRID_04306,-84.817,-179.123,-8619.3,-563066.0,TAM,s,0.933,0.6848,0,in range
GRID_04307,-84.826,-179.223,-7623.2,-562101.0,TAM,s,0.944,0.5059,1,elev
GRID_04308,-84.836,-179.222,-7618.3,-561012.9,TAM,s,1.504,0.4331,1,elev
GRID_04309,-84.945,-178.58,-13609.9,-549037.1,TAM,d,0.131,0.367,0,in range
GRID_04310,-84.963,-178.47,-14611.7,-547052.4,TAM,d,0.213,0.4856,0,in range
GRID_04311,-84.724,-178.539,-14615.9,-573064.7,TAM,w,0.795,0.744,0,in range
GRID_04312,-84.733,-178.437,-15609.4,-572058.9,TAM,w,0.451,0.511,0,in range
GRID_04313,-84.788,-178.319,-16611.9,-566043.6,TAM,d,1.306,0.5279,0,in range
GRID_04314,-85.581,-176.464,-29606.2,-479116.5,TAM,d,-0.831,0.4297,0,in range
GRID_04315,-85.59,-176.457,-29604.3,-478136.1,TAM,d,-2.326,0.4004,1,elev
GRID_04316,-85.609,-176.442,-29601.2,-476066.3,TAM,d,-2.708,0.5923,1,elev
GRID_04317,-85.573,-176.709,-27607.1,-480107.2,TAM,d,-0.88,0.149,0,in range
GRID_04318,-85.574,-176.947,-25606.8,-480109.2,TAM,d,-2.494,0.4372,1,elev
GRID_04319,-85.575,-177.185,-23606.9,-480102.8,TAM,d,-0.886,0.1035,0,in range
GRID_04320,-85.575,-177.304,-22609.7,-480150.8,TAM,d,-1.968,0.4533,0,in range
GRID_04321,-85.582,-176.702,-27609.5,-479126.8,TAM,d,-1.376,0.1202,0,in range
GRID_04322,-85.584,-177.06,-24604.1,-479072.8,TAM,d,-0.599,0.1868,0,in range
GRID_04323,-85.584,-177.179,-23609.0,-479122.9,TAM,d,-1.848,0.4536,0,in range
GRID_04324,-85.593,-177.054,-24604.0,-478092.8,TAM,d,0.17,0.661,0,in range
GRID_04325,-85.602,-177.048,-24603.6,-477112.9,TAM,d,-0.96,0.6699,0,in range
GRID_04326,-85.603,-177.167,-23607.3,-477054.4,TAM,d,-1.047,0.4427,0,in range
GRID_04327,-85.603,-177.287,-22608.1,-477102.8,TAM,d,-0.585,0.3699,0,in range
GRID_04328,-85.609,-176.562,-28604.1,-476127.2,TAM,d,-0.737,0.178,1,elev
GRID_04329,-85.61,-176.682,-27600.5,-476077.5,TAM,d,-0.75,0.184,1,elev
GRID_04330,-85.61,-176.802,-26603.4,-476134.3,TAM,d,-1.22,0.2806,1,elev
GRID_04331,-85.611,-176.921,-25608.6,-476080.0,TAM,d,-0.641,0.4391,0,in range
GRID_04332,-85.611,-177.041,-24611.4,-476132.5,TAM,d,-1.277,0.2037,0,in range
GRID_04333,-85.612,-177.161,-23608.8,-476074.4,TAM,d,-1.944,0.1519,0,in range
GRID_04334,-85.612,-177.281,-22611.6,-476122.8,TAM,d,-1.713,0.4276,0,in range
GRID_04335,-85.618,-176.555,-28603.4,-475146.9,TAM,d,-1.181,0.4871,1,elev
GRID_04336,-85.619,-176.675,-27601.9,-475097.2,TAM,d,-1.591,0.3557,1,elev
GRID_04337,-85.619,-176.795,-26606.8,-475153.9,TAM,d,-1.53,0.2366,1,elev
GRID_04338,-85.62,-176.915,-25605.8,-475100.0,TAM,d,-0.414,0.276,0,in range
GRID_04339,-85.62,-177.035,-24610.7,-475152.6,TAM,d,-0.669,0.0992,0,in range
GRID_04340,-85.621,-177.155,-23610.0,-475094.5,TAM,d,-0.75,0.3289,0,in range
GRID_04341,-85.621,-177.276,-22606.7,-475143.3,TAM,d,-1.236,0.322,0,in range
GRID_04342,-85.629,-176.788,-26603.9,-474065.0,TAM,d,-0.003,0.6106,0,in range
GRID_04343,-85.63,-177.149,-23611.1,-474114.6,TAM,d,-0.473,0.4553,0,in range
GRID_06012,-81.702,161.11,292211.7,-853966.9,TAM,s,-5.945,0.6841,0,in range
GRID_06013,-81.711,161.089,292206.3,-852930.3,TAM,s,-5.1,0.5097,0,in range
GRID_06014,-81.708,161.029,293205.8,-852933.6,TAM,s,-5.214,0.6263,0,in range
GRID_06015,-81.717,161.009,293183.8,-851902.1,TAM,s,-2.961,0.7167,0,in range
GRID_06016,-81.769,161.086,290198.6,-846925.5,TAM,g,-4.048,0.4618,0,in range
GRID_06017,-81.745,160.603,298197.8,-846920.2,TAM,g,-5.244,0.71,0,in range
GRID_06018,-81.827,162.101,273204.8,-845908.8,TAM,g,-4.758,0.2602,0,in range
GRID_06019,-81.824,162.04,274206.2,-845928.9,TAM,g,-5.01,0.7781,0,in range
GRID_06020,-81.754,160.582,298181.6,-845884.3,TAM,g,-4.047,0.3744,0,in range
GRID_06021,-81.827,161.897,276214.9,-844930.7,TAM,g,-3.261,1.0754,0,in range
GRID_06022,-81.776,160.458,299208.3,-842973.8,TAM,s,-4.828,0.6316,0,in range
GRID_06023,-81.847,161.714,278227.2,-841971.4,TAM,g,-3.607,0.8584,0,in range
GRID_06024,-81.794,160.415,299182.2,-840897.9,TAM,s,-5.005,0.4368,0,in range
GRID_06025,-81.833,161.001,289180.5,-839888.8,TAM,g,-4.036,0.5177,0,in range
GRID_06026,-81.808,160.514,297219.1,-839973.0,TAM,s,-4.84,0.4509,0,in range
GRID_06027,-81.805,160.454,298208.1,-839969.9,TAM,s,-5.107,0.5316,0,in range
GRID_06028,-81.829,160.532,296191.2,-837905.2,TAM,g,-4.708,0.4683,0,in range
GRID_06029,-81.905,161.921,273219.0,-836953.4,TAM,g,-3.343,1.1188,0,in range
GRID_06030,-81.834,160.45,297207.5,-836966.2,TAM,g,-3.953,0.6288,0,in range
GRID_06053,-82.137,161.085,277194.8,-808928.6,TAM,s,-4.112,0.4988,0,in range
GRID_06054,-82.154,161.253,274225.6,-807981.6,TAM,s,-5.548,0.4733,0,in range
GRID_06055,-82.151,161.19,275219.4,-807989.4,TAM,s,-5.945,0.5943,0,in range
GRID_06056,-82.145,161.063,277222.1,-807996.5,TAM,s,-3.976,0.7087,0,in range
GRID_06057,-82.142,160.999,278231.1,-807995.9,TAM,s,-4.036,0.5128,0,in range
GRID_06058,-82.16,161.168,275212.7,-806954.3,TAM,s,-4.888,0.561,0,in range
GRID_06059,-82.157,161.105,276205.8,-806960.8,TAM,s,-3.559,0.6778,0,in range
GRID_06060,-82.154,161.041,277213.3,-806961.4,TAM,s,-0.879,0.8871,0,in range
GRID_06061,-82.169,161.146,275205.2,-805919.3,TAM,s,-2.033,1.0366,0,in range
GRID_06064,-82.03,162.115,266194.3,-824891.7,TAM,s,-5.779,0.4369,0,in range
GRID_06065,-81.67,159.912,311202.0,-850951.8,TAM,w,-0.589,0.8239,0,in range
GRID_06066,-81.679,159.89,311190.9,-849909.6,TAM,w,-1.016,0.9063,0,in range
GRID_06067,-81.676,159.831,312178.9,-849896.1,TAM,w,-4.09,0.849,0,in range
GRID_06068,-81.715,159.662,313204.6,-844979.5,TAM,w,-0.642,0.856,0,in range
GRID_06069,-81.742,159.797,310195.0,-842949.0,TAM,w,-4.404,0.6274,0,in range
GRID_06070,-81.879,159.993,302193.3,-829953.9,TAM,w,-3.991,0.6651,0,in range
GRID_06078,-81.612,160.658,302193.7,-860906.2,TAM,s,-3.993,0.7512,0,in range
GRID_06079,-81.617,160.578,303214.0,-859968.6,TAM,s,-3.927,1.1717,0,in range
GRID_06080,-81.62,160.439,305189.7,-858921.8,TAM,s,-4.369,0.6119,0,in range
GRID_06081,-81.635,160.536,303189.4,-857893.2,TAM,s,-4.191,0.7321,0,in range
GRID_06082,-81.629,160.418,305175.2,-857884.1,TAM,s,-3.012,0.6662,0,in range
GRID_06083,-81.66,160.274,306188.0,-853928.6,TAM,s,-4.794,0.6029,0,in range
GRID_06084,-81.522,160.805,303214.9,-870959.2,TAM,s,-3.825,0.6931,0,in range
GRID_06085,-81.54,160.961,300201.2,-869923.6,TAM,s,-4.379,0.5282,0,in range
GRID_06086,-81.591,160.641,303209.2,-862979.7,TAM,s,-4.202,0.6364,0,in range
GRID_06091,-81.667,160.592,301189.9,-854894.1,TAM,g,-5.321,0.6129,0,in range
GRID_06092,-81.675,160.571,301212.7,-853960.0,TAM,g,-5.446,0.4655,0,in range
GRID_06093,-81.672,160.312,305180.2,-852898.0,TAM,s,-4.932,0.649,0,in range
GRID_06094,-81.68,160.291,305198.2,-851963.9,TAM,s,-4.794,0.5563,0,in range
GRID_06096,-81.709,160.085,307181.0,-847884.5,TAM,w,-4.689,0.5221,0,in range
GRID_06097,-81.739,160.483,300189.8,-846911.1,TAM,g,-3.399,0.552,0,in range
GRID_06098,-81.719,159.922,309217.1,-845981.9,TAM,w,-4.134,0.6637,0,in range
GRID_06099,-81.734,160.02,307210.2,-844970.7,TAM,w,-3.056,1.2065,0,in range
GRID_06100,-81.746,160.058,306202.9,-843942.8,TAM,w,-3.517,0.8074,0,in range
GRID_06101,-81.773,160.397,300215.5,-842963.3,TAM,s,-4.583,0.6801,0,in range
GRID_06102,-81.774,159.851,308197.1,-839961.7,TAM,w,-4.264,0.6668,0,in range
GRID_06103,-81.838,159.96,304204.8,-833983.7,TAM,w,-4.264,0.8597,0,in range
GRID_06104,-84.195,160.34,212233.8,-594052.5,TAM,d,0.017,0.4635,1,"temp, precip"
GRID_06105,-84.207,160.395,211225.1,-593025.3,TAM,d,0.781,1.0858,1,"temp, precip"
GRID_06106,-84.204,160.309,212225.1,-593015.1,TAM,d,-0.03,0.3485,1,"temp, precip"
GRID_06107,-84.215,160.364,211253.3,-592090.7,TAM,c,0.952,0.8791,1,"temp, precip"
GRID_06108,-84.212,160.278,212252.0,-592080.4,TAM,c,-0.072,1.0918,1,"temp, precip"
GRID_06109,-84.632,161.482,185245.6,-553063.2,TAM,d,1.935,1.106,1,"temp, precip"
GRID_06110,-84.193,161.976,195254.6,-600076.6,TAM,c,-0.724,0.4404,0,in range
GRID_06111,-84.202,161.948,195244.3,-599049.6,TAM,c,-0.278,0.5983,0,in range
GRID_06112,-84.185,161.431,201231.0,-599017.8,TAM,c,-0.617,0.5299,0,in range
GRID_06113,-84.182,161.345,202234.4,-599024.5,TAM,c,0.248,0.7381,0,in range
GRID_06114,-84.211,161.919,195243.4,-598019.3,TAM,c,-0.71,0.5039,0,in range
GRID_06115,-84.193,161.402,201256.4,-598090.4,TAM,c,-0.079,0.8014,0,in range
GRID_06116,-84.191,161.316,202223.7,-597993.9,TAM,c,0.343,0.7037,0,in range
GRID_06117,-84.188,161.23,203226.1,-597998.9,TAM,c,-0.029,0.6273,0,in range
GRID_06118,-84.185,161.144,204229.0,-598002.3,TAM,c,-0.086,0.7829,0,in range
GRID_06119,-84.182,161.058,205232.4,-598004.0,TAM,c,0.152,0.7483,0,in range
GRID_06120,-84.179,160.973,206225.8,-598007.6,TAM,c,-0.683,0.6039,1,"temp, precip"
GRID_06121,-84.176,160.887,207230.1,-598006.0,TAM,s,-1.13,0.4384,1,"temp, precip"
GRID_06122,-84.22,161.891,195231.1,-596992.6,TAM,c,-0.261,0.5716,0,in range
GRID_06123,-84.205,161.459,200245.9,-597051.8,TAM,c,-0.029,0.5973,0,in range
GRID_06124,-84.202,161.373,201246.2,-597060.0,TAM,c,0.126,0.5797,0,in range
GRID_06125,-84.199,161.287,202246.9,-597066.6,TAM,c,-0.589,0.543,0,in range
GRID_06126,-84.196,161.201,203248.1,-597071.5,TAM,c,0.143,0.7885,0,in range
GRID_06127,-84.193,161.115,204249.8,-597074.8,TAM,c,0.007,0.5935,0,in range
GRID_06128,-84.19,161.029,205251.9,-597076.4,TAM,d,-1.556,0.5642,0,in range
GRID_06129,-84.187,160.943,206254.5,-597076.3,TAM,c,-1.432,0.5124,1,"temp, precip"
GRID_06130,-84.184,160.858,207247.2,-597078.2,TAM,s,-1.126,0.3727,1,"temp, precip"
GRID_06131,-84.181,160.772,208250.7,-597074.9,TAM,c,0.551,0.5719,1,"temp, precip"
GRID_06132,-84.225,161.776,196258.7,-596082.5,TAM,c,1.41,0.8599,0,in range
GRID_06133,-84.223,161.689,197232.0,-595990.5,TAM,c,-0.527,0.4868,0,in range
GRID_06134,-84.22,161.603,198229.4,-596003.7,TAM,c,-0.556,0.4961,0,in range
GRID_06135,-84.217,161.516,199237.7,-596011.8,TAM,c,0.129,0.7699,0,in range
GRID_06136,-84.214,161.43,200236.1,-596021.6,TAM,c,0.053,0.6204,0,in range
GRID_06137,-84.211,161.344,201234.9,-596029.8,TAM,c,0.879,1.0279,0,in range
GRID_06138,-84.208,161.257,202244.7,-596032.8,TAM,c,0.022,0.5152,0,in range
GRID_06139,-84.205,161.171,203244.5,-596037.7,TAM,c,0.235,0.5777,0,in range
GRID_06140,-84.202,161.085,204244.8,-596040.9,TAM,c,-0.173,0.5839,0,in range
GRID_06141,-84.199,160.999,205245.5,-596042.5,TAM,s,-1.728,0.5881,0,in range
GRID_06142,-84.196,160.914,206236.3,-596046.0,TAM,d,-1.031,0.4708,1,"temp, precip"
GRID_06143,-84.193,160.828,207238.0,-596044.2,TAM,s,-0.914,0.3919,1,"temp, precip"
GRID_06144,-84.19,160.742,208240.1,-596040.8,TAM,c,0.134,0.689,1,"temp, precip"
GRID_06145,-84.187,160.657,209232.3,-596039.4,TAM,s,-1.407,0.5085,1,"temp, precip"
GRID_06146,-84.234,161.747,196253.5,-595052.7,TAM,c,-0.721,0.6433,0,in range
GRID_06147,-84.231,161.661,197249.2,-595067.4,TAM,c,-0.755,0.6247,0,in range
GRID_06148,-84.225,161.487,199262.8,-595085.0,TAM,c,-0.026,0.5179,0,in range
GRID_06149,-84.223,161.401,200225.2,-594991.6,TAM,c,-0.143,0.6104,0,in range
GRID_06150,-84.22,161.315,201222.7,-594999.8,TAM,c,0.163,0.9131,0,in range
GRID_06151,-84.217,161.228,202231.0,-595002.8,TAM,c,-0.052,0.6645,0,in range
GRID_06152,-84.214,161.142,203229.5,-595007.6,TAM,c,-0.032,0.6082,0,in range
GRID_06153,-84.211,161.056,204228.4,-595010.8,TAM,c,0.231,0.7295,0,in range
GRID_06154,-84.208,160.97,205227.7,-595012.3,TAM,s,-2.099,0.5276,0,in range
GRID_06155,-84.205,160.884,206227.5,-595012.2,TAM,d,-0.319,0.5282,1,"temp, precip"
GRID_06156,-84.199,160.712,208228.6,-595006.9,TAM,d,-1.373,0.4696,1,"temp, precip"
GRID_06157,-84.196,160.627,209219.4,-595005.4,TAM,d,-0.117,0.5997,1,"temp, precip"
GRID_06158,-84.24,161.632,197241.6,-594037.7,TAM,c,0.047,0.6916,0,in range
GRID_06159,-84.231,161.372,200248.2,-594064.9,TAM,c,-0.534,0.5144,0,in range
GRID_06160,-84.228,161.285,201254.8,-594069.5,TAM,c,-0.383,0.545,0,in range
GRID_06161,-84.225,161.199,202251.5,-594075.9,TAM,c,0.041,0.7523,0,in range
GRID_06162,-84.222,161.113,203248.7,-594080.7,TAM,c,-0.704,0.7248,0,in range
GRID_06163,-84.219,161.026,204256.7,-594080.2,TAM,s,-0.988,0.6029,0,in range
GRID_06164,-84.21,160.768,207252.5,-594079.5,TAM,d,1.69,0.732,1,"temp, precip"
GRID_06165,-84.204,160.596,209251.9,-594070.7,TAM,d,-0.066,0.4738,1,"temp, precip"
GRID_06166,-84.198,160.425,211242.9,-594059.0,TAM,c,0.873,0.9402,1,"temp, precip"
GRID_06167,-84.252,161.69,196229.8,-592996.9,TAM,c,-0.566,0.4239,0,in range
GRID_06168,-84.249,161.603,197233.1,-593008.1,TAM,c,0.101,0.7436,0,in range
GRID_06169,-84.24,161.343,200235.4,-593035.3,TAM,c,-0.225,0.8282,0,in range
GRID_06170,-84.237,161.256,201240.6,-593039.8,TAM,c,-0.021,0.6193,0,in range
GRID_06171,-84.234,161.169,202246.3,-593042.6,TAM,c,0.316,0.5422,0,in range
GRID_06172,-84.231,161.083,203242.1,-593047.3,TAM,c,-1.002,0.6144,0,in range
GRID_06173,-84.228,160.997,204238.4,-593050.4,TAM,d,-0.592,0.5532,0,in range
GRID_06174,-84.21,160.48,210236.0,-593030.2,TAM,d,-0.671,0.5585,1,"temp, precip"
GRID_06175,-84.201,160.223,213225.4,-593003.2,TAM,d,-0.335,0.5324,1,"temp, precip"
GRID_06176,-84.26,161.661,196255.9,-592070.9,TAM,d,-0.975,0.4419,0,in range
GRID_06177,-84.257,161.574,197257.9,-592082.0,TAM,d,-1.673,0.3783,0,in range
GRID_06178,-84.249,161.313,200232.0,-592002.3,TAM,c,0.135,0.6366,0,in range
GRID_06179,-84.246,161.227,201225.5,-592010.2,TAM,c,0.052,0.6732,0,in range
GRID_06180,-84.243,161.14,202229.7,-592013.1,TAM,c,-0.075,0.5537,0,in range
GRID_06181,-84.24,161.053,203234.5,-592014.2,TAM,d,-0.646,0.5333,0,in range
GRID_06182,-84.222,160.536,209221.0,-592003.7,TAM,d,0.383,0.5899,1,"temp, precip"
GRID_06183,-84.209,160.193,213240.8,-592072.1,TAM,c,-0.291,0.6929,1,"temp, precip"
GRID_06184,-84.266,161.545,197247.4,-591052.8,TAM,d,-0.397,0.283,0,in range
GRID_06185,-84.257,161.284,200252.2,-591076.0,TAM,c,-0.104,0.7737,0,in range
GRID_06186,-84.254,161.197,201254.7,-591080.4,TAM,s,-1.482,0.4001,0,in range
GRID_06187,-84.251,161.11,202257.7,-591083.1,TAM,d,-1.413,0.4217,0,in range
GRID_06188,-84.224,160.333,211243.9,-591053.7,TAM,c,-0.311,0.6347,1,"temp, precip"
GRID_06189,-84.218,160.162,213228.6,-591035.0,TAM,c,-0.358,0.5555,1,"temp, precip"
GRID_06190,-84.215,160.076,214226.8,-591021.4,TAM,c,-0.458,0.6325,1,"temp, precip"
GRID_06191,-84.278,161.603,196236.8,-590012.6,TAM,c,0.401,0.6137,0,in range
GRID_06192,-84.263,161.167,201247.9,-590047.7,TAM,d,-1.17,0.5203,0,in range
GRID_06193,-84.223,160.045,214249.3,-590086.8,TAM,d,0.064,0.406,1,"temp, precip"
GRID_06194,-84.278,161.312,199230.8,-589008.4,TAM,c,0.785,1.1202,0,in range
GRID_06195,-84.269,161.051,202230.0,-589021.3,TAM,d,-0.828,0.6165,0,in range
GRID_06196,-84.244,160.358,210254.1,-589095.3,TAM,d,-1.22,0.4045,1,"elev, temp, precip"
GRID_06197,-84.232,160.014,214233.7,-589050.0,TAM,s,1.065,1.075,1,"temp, precip"
GRID_06198,-84.271,160.847,204254.5,-588091.9,TAM,d,-0.272,0.6764,0,in range
GRID_06199,-84.253,160.327,210243.0,-588059.0,TAM,d,1.099,0.3702,1,"temp, precip"
GRID_06200,-84.247,160.155,212229.1,-588039.5,TAM,d,0.619,0.6999,1,"temp, precip"
GRID_06201,-84.244,160.069,213222.8,-588027.3,TAM,c,0.333,0.3844,1,"temp, precip"
GRID_06202,-84.267,160.179,211244.6,-586080.2,TAM,c,1.888,1.3418,1,"temp, precip"
GRID_06203,-84.276,160.148,211228.9,-585044.4,TAM,c,0.797,0.589,1,"temp, precip"
GRID_06204,-84.336,161.015,200227.5,-581997.7,TAM,d,-0.743,0.4434,0,in range
GRID_06205,-84.286,159.62,216232.2,-582052.6,TAM,d,2.324,0.5345,1,"temp, precip"
GRID_06206,-84.356,161.043,199235.8,-580036.6,TAM,c,-0.201,0.5733,0,in range
GRID_06207,-84.103,162.167,196253.8,-610051.5,TAM,c,-0.512,0.7434,0,in range
GRID_06208,-84.112,162.14,196240.7,-609026.3,TAM,c,0.123,0.5837,0,in range
GRID_06209,-84.109,162.055,197244.6,-609045.2,TAM,c,-0.371,0.5823,0,in range
GRID_06210,-84.121,162.112,196237.3,-607997.9,TAM,c,-0.295,0.8243,0,in range
GRID_06211,-84.118,162.027,197239.9,-608016.7,TAM,c,-0.62,0.4523,0,in range
GRID_06212,-84.115,161.942,198242.9,-608034.0,TAM,c,-0.318,0.446,0,in range
GRID_06213,-84.129,162.085,196255.9,-607076.6,TAM,c,-0.459,0.6937,0,in range
GRID_06214,-84.127,161.999,197234.2,-606988.4,TAM,c,-0.872,0.3303,0,in range
GRID_06215,-84.124,161.914,198235.9,-607005.6,TAM,c,0.037,0.5384,0,in range
GRID_06216,-84.121,161.829,199238.0,-607021.2,TAM,c,-0.355,0.647,0,in range
GRID_06217,-84.138,162.057,196250.7,-606048.4,TAM,c,-0.825,0.4051,0,in range
GRID_06218,-84.135,161.972,197250.7,-606067.2,TAM,c,-0.031,0.666,0,in range
GRID_06219,-84.132,161.886,198261.7,-606080.9,TAM,c,-0.18,0.5467,0,in range
GRID_06220,-84.13,161.801,199228.6,-605992.9,TAM,c,-0.586,0.6415,0,in range
GRID_06221,-84.15,162.115,195235.9,-605003.5,TAM,c,-0.128,0.4911,0,in range
GRID_06222,-84.147,162.029,196244.6,-605020.4,TAM,c,1.497,0.7573,0,in range
GRID_06223,-84.144,161.944,197243.1,-605039.2,TAM,c,-0.137,0.4815,0,in range
GRID_06224,-84.141,161.858,198252.8,-605052.8,TAM,c,0.069,0.5307,0,in range
GRID_06225,-84.158,162.087,195263.7,-604079.3,TAM,c,-0.684,0.4865,0,in range
GRID_06226,-84.156,162.001,196237.4,-603992.6,TAM,c,-0.009,0.6461,0,in range
GRID_06227,-84.153,161.916,197234.6,-604011.3,TAM,c,-0.088,0.5035,0,in range
GRID_06228,-84.15,161.83,198242.9,-604024.9,TAM,c,-0.488,0.648,0,in range
GRID_06229,-84.167,162.059,195257.0,-603051.7,TAM,c,-0.099,0.5072,0,in range
GRID_06230,-84.164,161.974,196252.5,-603071.9,TAM,c,-0.343,0.4811,0,in range
GRID_06231,-84.161,161.888,197259.0,-603087.1,TAM,c,0.307,0.6799,0,in range
GRID_06232,-84.159,161.802,198232.0,-602997.1,TAM,c,1.524,0.7636,0,in range
GRID_06233,-84.173,161.946,196243.6,-602044.4,TAM,c,-0.187,0.5348,0,in range
GRID_06234,-84.17,161.86,197248.7,-602059.5,TAM,c,-0.628,0.5628,0,in range
GRID_06235,-84.167,161.774,198254.3,-602073.0,TAM,c,-0.599,0.501,0,in range
GRID_06236,-84.164,161.688,199260.4,-602084.8,TAM,c,-0.374,0.7165,0,in range
GRID_06237,-84.185,162.004,195230.4,-601000.2,TAM,c,-0.682,0.4962,0,in range
GRID_06238,-84.182,161.918,196233.7,-601017.0,TAM,c,-0.087,0.6045,0,in range
GRID_06239,-84.179,161.832,197237.4,-601032.1,TAM,c,-0.673,0.4925,0,in range
GRID_06240,-84.176,161.746,198241.6,-601045.5,TAM,c,-0.771,0.4831,0,in range
GRID_06241,-84.173,161.66,199246.3,-601057.3,TAM,c,-0.878,0.5574,0,in range
GRID_06242,-84.191,161.889,196233.3,-599986.4,TAM,c,-0.385,0.6491,0,in range
GRID_06243,-84.188,161.803,197235.6,-600001.4,TAM,c,-0.763,0.4373,0,in range
GRID_06244,-84.185,161.717,198238.4,-600014.8,TAM,c,-0.243,0.6318,0,in range
GRID_06245,-84.182,161.631,199241.7,-600026.5,TAM,c,-0.19,0.4902,0,in range
GRID_06246,-84.179,161.545,200245.5,-600036.6,TAM,c,-0.863,0.7393,0,in range
GRID_06247,-84.199,161.861,196255.3,-599062.8,TAM,c,-0.161,0.5612,0,in range
GRID_06248,-84.196,161.775,197256.4,-599077.7,TAM,c,-0.185,0.6024,0,in range
GRID_06249,-84.193,161.689,198258.0,-599091.0,TAM,c,0.271,0.6049,0,in range
GRID_06250,-84.191,161.603,199225.7,-598999.4,TAM,c,-0.249,0.5857,0,in range
GRID_06251,-84.188,161.517,200228.1,-599009.4,TAM,c,0.906,1.0787,0,in range
GRID_06252,-84.208,161.833,196242.6,-598035.9,TAM,c,-0.102,0.5964,0,in range
GRID_06253,-84.205,161.746,197252.7,-598047.3,TAM,c,0.204,0.5985,0,in range
GRID_06254,-84.202,161.66,198252.9,-598060.6,TAM,c,0.387,1.0824,0,in range
GRID_06255,-84.199,161.574,199253.6,-598072.2,TAM,c,0.194,0.658,0,in range
GRID_06256,-84.196,161.488,200254.8,-598082.1,TAM,c,0.077,0.6051,0,in range
GRID_06257,-84.217,161.804,196239.3,-597005.7,TAM,c,0.164,0.6669,0,in range
GRID_06258,-84.214,161.718,197237.6,-597020.6,TAM,c,0.055,0.9524,0,in range
GRID_06259,-84.211,161.632,198236.4,-597033.8,TAM,c,-0.344,0.6921,0,in range
GRID_06260,-84.208,161.545,199246.1,-597041.9,TAM,c,-0.237,0.6869,0,in range
GRID_06261,-82.511,161.439,259205.5,-771951.5,TAM,s,2.627,1.4016,0,in range
GRID_06262,-82.523,161.483,258197.0,-770909.4,TAM,s,-0.017,1.1638,0,in range
GRID_06263,-82.52,161.416,259202.6,-770917.0,TAM,s,-3.049,0.854,1,slope
GRID_06264,-82.517,161.349,260208.5,-770923.4,TAM,s,-0.92,0.3955,1,slope
GRID_06265,-82.525,161.327,260225.2,-769996.9,TAM,s,-2.152,0.6957,0,in range
GRID_06266,-82.522,161.26,261230.6,-770001.9,TAM,s,2.81,1.3919,0,in range
GRID_06267,-82.549,161.639,255204.0,-768918.5,TAM,s,-3.086,0.6783,0,in range
GRID_06268,-82.549,161.416,258194.7,-767919.4,TAM,s,-2.864,0.3839,0,in range
GRID_06269,-82.546,161.349,259197.2,-767926.9,TAM,s,-2.912,0.5455,0,in range
GRID_06272,-82.592,161.752,252218.7,-764967.0,TAM,s,-2.779,0.4889,0,in range
GRID_06274,-82.627,161.888,249215.8,-761936.1,TAM,s,-1.479,1.2837,0,in range
GRID_06275,-82.624,161.82,250221.9,-761950.6,TAM,s,-1.789,0.9444,0,in range
GRID_06276,-82.618,161.685,252222.1,-761980.0,TAM,s,-1.467,1.2878,0,in range
GRID_06277,-82.615,161.617,253229.5,-761990.6,TAM,s,-1.936,1.0381,0,in range
GRID_06279,-82.644,161.391,255224.0,-757988.9,TAM,s,-3.058,0.9212,0,in range
GRID_06280,-82.67,161.549,252235.6,-756000.6,TAM,s,-2.481,0.9196,0,in range
GRID_06281,-82.699,161.549,251234.8,-753001.2,TAM,s,-3.069,0.7716,0,in range
GRID_06284,-82.723,161.412,252200.5,-749918.1,TAM,s,-4.693,1.076,0,in range
GRID_06285,-82.757,162.009,243228.1,-748979.4,TAM,s,-4.491,1.1009,0,in range
GRID_06286,-82.746,161.733,247209.1,-748938.0,TAM,s,-4.87,1.0653,0,in range
GRID_06287,-82.728,161.32,253229.7,-748995.7,TAM,s,-4.763,1.0026,0,in range
GRID_06288,-82.763,161.687,247227.9,-746979.7,TAM,s,-4.749,1.1066,0,in range
GRID_06290,-82.778,161.572,248209.8,-744930.5,TAM,s,-5.059,0.9429,0,in range
GRID_06295,-82.792,161.457,249219.1,-742983.7,TAM,s,-4.693,1.0305,0,in range
GRID_06297,-82.747,160.194,267197.5,-741925.8,TAM,w,-4.764,1.0806,0,in range
GRID_06298,-82.809,161.41,249237.6,-741022.4,TAM,s,-5.138,1.2226,0,in range
GRID_06300,-82.821,161.456,248226.5,-739982.0,TAM,g,-4.334,0.6971,0,in range
GRID_06301,-82.818,161.387,249221.9,-739992.4,TAM,s,-4.981,0.9494,1,elev
GRID_06303,-82.767,160.214,266200.4,-739967.3,TAM,w,-4.4,1.0774,0,in range
GRID_06304,-82.764,160.145,267202.4,-739953.8,TAM,w,-3.637,1.1556,0,in range
GRID_06305,-82.833,161.503,247204.4,-738944.7,TAM,s,-4.461,1.0775,0,in range
GRID_06308,-82.772,160.12,267228.7,-739016.9,TAM,w,-4.068,1.0546,0,in range
GRID_06310,-82.784,160.164,266217.1,-737991.3,TAM,w,-4.827,0.9267,0,in range
GRID_06311,-82.778,160.027,268204.4,-737967.4,TAM,w,-3.884,1.1579,0,in range
GRID_06314,-82.799,160.277,264209.2,-736975.5,TAM,w,-5.13,0.9348,0,in range
GRID_06315,-82.796,160.208,265207.3,-736964.5,TAM,w,-4.348,1.0161,0,in range
GRID_06316,-82.79,160.071,267191.7,-736943.2,TAM,w,-3.446,0.7438,0,in range
GRID_06321,-82.816,160.227,264225.3,-735000.6,TAM,w,-4.259,1.0141,0,in range
GRID_06322,-82.813,160.158,265221.3,-734989.5,TAM,w,-4.156,0.9852,0,in range
GRID_06326,-82.825,160.203,264200.9,-733966.7,TAM,w,-4.552,0.9678,0,in range
GRID_06327,-82.822,160.134,265195.7,-733955.6,TAM,w,-3.851,1.0204,0,in range
GRID_06330,-82.837,160.247,263195.0,-732938.1,TAM,w,-4.281,0.8744,0,in range
GRID_06331,-82.834,160.178,264188.4,-732928.3,TAM,w,-3.83,1.0467,0,in range
GRID_06332,-82.861,160.569,258201.4,-731938.4,TAM,s,-4.364,0.9976,1,elev
GRID_06333,-82.858,160.5,259191.8,-731935.2,TAM,s,-3.067,0.8521,1,elev
GRID_06334,-82.848,160.291,262227.7,-732011.1,TAM,d,-4.341,0.8247,0,in range
GRID_06335,-82.842,160.153,264212.1,-731992.7,TAM,w,-1.653,0.9845,0,in range
GRID_06336,-82.893,160.635,256201.4,-728944.4,TAM,s,-4.035,0.9932,1,elev
GRID_06341,-82.534,160.033,277212.3,-763001.5,TAM,w,-3.609,0.941,0,in range
GRID_06342,-82.543,160.009,277196.3,-761963.0,TAM,w,-2.916,0.9299,0,in range
GRID_06343,-82.54,159.942,278199.3,-761945.6,TAM,w,-2.619,0.4934,0,in range
GRID_06344,-82.537,159.876,279189.4,-761931.8,TAM,w,-1.856,0.9347,0,in range
GRID_06345,-82.552,159.984,277192.8,-760919.8,TAM,w,-3.516,0.5564,0,in range
GRID_06346,-82.548,159.918,278218.9,-761009.6,TAM,w,-2.438,0.708,0,in range
GRID_06347,-82.56,159.96,277212.6,-759984.0,TAM,w,-3.005,0.9545,0,in range
GRID_06348,-82.557,159.894,278200.3,-759971.4,TAM,w,-1.359,1.0787,0,in range
GRID_06349,-82.566,159.869,278194.1,-758928.4,TAM,w,-1.912,0.9946,0,in range
GRID_06350,-82.562,159.803,279218.7,-759016.8,TAM,w,-1.449,1.1492,0,in range
GRID_06351,-82.671,160.027,272189.3,-748931.9,TAM,w,-4.167,0.7504,0,in range
GRID_06352,-82.667,159.959,273227.4,-749018.0,TAM,w,-3.671,0.5252,0,in range
GRID_06353,-82.673,159.867,274204.6,-747964.1,TAM,w,-3.785,0.7229,0,in range
GRID_06354,-82.682,159.842,274192.7,-746923.2,TAM,w,-4.169,0.617,0,in range
GRID_06355,-82.714,160.132,269223.0,-745020.0,TAM,w,-4.105,0.6739,0,in range
GRID_06356,-82.711,160.064,270218.5,-745007.5,TAM,w,-4.425,1.0003,0,in range
GRID_06357,-82.717,159.971,271203.4,-743953.3,TAM,w,-4.431,0.9409,0,in range
GRID_06358,-82.711,159.835,273194.0,-743921.5,TAM,w,-4.868,0.9267,0,in range
GRID_06359,-82.707,159.768,274214.5,-744010.8,TAM,w,-5.1,0.9995,0,in range
GRID_06360,-82.729,160.014,270197.8,-742927.0,TAM,w,-3.541,0.6705,0,in range
GRID_06361,-82.722,159.878,272223.0,-743000.2,TAM,w,-4.242,1.2132,0,in range
GRID_06362,-82.734,159.922,271203.2,-741980.2,TAM,w,-4.842,1.0452,0,in range
GRID_06363,-82.743,159.897,271189.7,-740940.4,TAM,w,-4.996,1.0609,0,in range
GRID_06364,-82.748,159.804,272203.8,-739987.6,TAM,w,-3.848,1.2017,0,in range
GRID_06365,-82.745,159.735,273208.0,-739966.1,TAM,w,-4.891,0.9947,0,in range
GRID_06366,-82.742,159.667,274199.7,-739948.0,TAM,w,-3.549,0.7613,0,in range
GRID_06367,-82.76,159.847,271197.6,-738963.4,TAM,w,-4.887,1.0882,0,in range
GRID_06368,-82.757,159.778,272200.4,-738943.2,TAM,w,-3.919,1.2348,0,in range
GRID_06369,-82.75,159.642,274219.1,-739010.5,TAM,w,-4.307,1.0415,0,in range
GRID_06370,-82.765,159.753,272220.9,-738006.1,TAM,w,-4.172,1.0854,0,in range
GRID_06371,-82.777,159.796,271215.1,-736982.4,TAM,w,-4.549,0.9378,0,in range
GRID_06372,-82.771,159.66,273191.1,-736949.9,TAM,w,-5.058,0.9819,0,in range
GRID_06373,-82.789,159.84,270198.2,-735962.3,TAM,w,-4.446,1.0758,0,in range
GRID_06374,-82.809,159.858,269216.2,-734000.1,TAM,w,-3.53,1.09,0,in range
GRID_06378,-82.508,161.816,254222.7,-773951.1,TAM,s,2.782,1.4926,0,in range
GRID_06379,-82.511,161.661,256212.6,-772950.0,TAM,s,-1.551,0.434,0,in range
GRID_06380,-82.508,161.594,257219.6,-772960.3,TAM,s,2.067,1.5756,0,in range
GRID_06381,-82.517,161.572,257206.1,-771930.3,TAM,s,-2.751,1.0257,0,in range
GRID_06382,-82.514,161.505,258212.4,-771939.3,TAM,s,-2.551,0.862,0,in range
GRID_06383,-83.773,160.021,231237.7,-636045.7,TAM,d,-1.217,0.675,1,temp
GRID_06384,-83.776,159.833,233210.8,-634976.8,TAM,c,-0.722,0.7309,1,temp
GRID_06385,-83.787,159.884,232233.5,-634059.3,TAM,d,-1.515,0.491,1,"elev, temp"
GRID_06386,-83.784,159.804,233231.4,-634041.0,TAM,c,0.544,0.9396,1,temp
GRID_06387,-83.802,160.014,230236.0,-633049.4,TAM,d,-0.507,0.5467,1,temp
GRID_06388,-83.793,159.775,233213.5,-633003.2,TAM,s,-1.043,0.636,1,temp
GRID_06389,-83.79,159.695,234210.4,-632983.4,TAM,c,0.045,0.5371,1,temp
GRID_06390,-83.786,159.616,235234.7,-633068.2,TAM,c,0.08,0.7204,1,temp
GRID_06391,-83.82,160.225,227239.9,-632048.3,TAM,d,-0.957,0.5365,1,temp
GRID_06392,-83.814,160.065,229226.8,-632025.5,TAM,d,-1.533,0.4833,1,temp
GRID_06393,-83.801,159.745,233243.2,-632063.6,TAM,s,-0.558,0.7574,1,temp
GRID_06394,-83.798,159.666,234228.1,-632047.8,TAM,c,-0.778,0.9292,1,temp
GRID_06395,-83.795,159.586,235224.3,-632026.3,TAM,c,-0.265,0.867,1,temp
GRID_06396,-83.835,160.357,225234.1,-631031.7,TAM,d,-0.59,0.7358,1,temp
GRID_06397,-83.813,159.796,232229.2,-631044.6,TAM,d,-0.327,0.4031,1,"elev, temp"
GRID_06398,-83.807,159.636,234217.9,-631006.2,TAM,c,-0.586,0.6723,1,temp
GRID_06399,-83.804,159.556,235212.8,-630984.7,TAM,c,0.261,0.5526,1,temp
GRID_06400,-83.815,159.606,234244.7,-630066.8,TAM,s,-0.441,0.4439,1,temp
GRID_06401,-83.812,159.527,235227.4,-630049.3,TAM,c,-0.654,0.9024,1,temp
GRID_06402,-83.843,160.058,228226.9,-629028.8,TAM,d,0.067,0.6323,1,"elev, temp"
GRID_06403,-83.827,159.657,233229.4,-629049.8,TAM,d,-0.187,0.9094,1,"elev, temp"
GRID_06404,-83.824,159.577,234221.5,-629029.7,TAM,d,0.751,0.5269,1,temp
GRID_06405,-83.871,159.045,238221.5,-622048.1,TAM,d,-1.499,0.7491,1,temp
GRID_06406,-83.868,158.964,239217.9,-622015.6,TAM,d,-1.494,0.5826,1,temp
GRID_06407,-83.899,159.498,232228.1,-621056.2,TAM,c,0.249,0.7099,1,temp
GRID_06408,-83.896,159.417,233220.7,-621033.1,TAM,s,-0.633,0.6789,1,temp
GRID_06409,-83.883,159.094,237223.1,-621030.9,TAM,d,-1.99,0.3924,1,temp
GRID_06410,-83.908,159.467,232220.3,-620012.6,TAM,c,0.052,0.8245,1,temp
GRID_06411,-83.895,159.144,236215.9,-620016.5,TAM,d,-0.661,0.626,1,temp
GRID_06412,-83.892,159.063,237208.9,-619987.1,TAM,d,0.462,0.374,1,temp
GRID_06413,-83.885,158.902,239224.5,-620029.2,TAM,d,-0.979,0.5571,1,temp
GRID_06414,-83.91,159.275,234219.6,-619027.3,TAM,s,-1.273,0.6937,1,temp
GRID_06415,-83.907,159.194,235210.6,-619000.9,TAM,d,-0.461,0.7478,1,temp
GRID_06416,-83.9,159.033,237221.8,-619049.3,TAM,d,-1.095,0.6738,1,temp
GRID_06417,-83.897,158.952,238214.0,-619018.2,TAM,d,-1.31,0.6942,1,temp
GRID_06418,-83.894,158.871,239206.7,-618985.6,TAM,c,-0.363,0.9393,1,temp
GRID_06419,-83.922,159.325,233218.0,-618008.9,TAM,c,0.123,0.6398,1,temp
GRID_06420,-83.919,159.244,234207.2,-617984.1,TAM,d,-0.977,0.7709,1,temp
GRID_06421,-83.941,159.07,235227.1,-615032.4,TAM,d,-1.046,0.5309,1,temp
GRID_06422,-83.958,159.008,235229.4,-613049.3,TAM,d,0.681,0.4314,1,temp
GRID_06423,-84.008,159.766,225215.7,-610999.3,TAM,d,-1.013,0.6947,1,temp
GRID_06424,-84.016,159.736,225233.9,-610064.1,TAM,d,-1.78,0.3904,1,"temp, precip, slope"
GRID_06425,-83.984,158.914,235216.3,-610021.1,TAM,c,-0.458,0.8971,1,"temp, precip"
GRID_06426,-83.992,158.883,235232.5,-609081.1,TAM,c,2.08,0.8527,1,"temp, precip"
GRID_06455,-82.371,160.917,271219.7,-783988.0,TAM,w,-3.089,0.7567,0,in range
GRID_06464,-82.38,160.894,271213.1,-782951.5,TAM,w,-1.384,0.5294,0,in range
GRID_06492,-82.346,161.202,268195.4,-787908.9,TAM,s,1.141,1.2053,0,in range
GRID_06493,-82.34,161.072,270194.7,-787917.4,TAM,s,-4.934,0.5511,0,in range
GRID_06494,-82.351,161.115,269214.9,-786984.7,TAM,s,1.146,1.1488,0,in range
GRID_06495,-82.348,161.049,270227.6,-786983.6,TAM,s,-4.673,0.421,0,in range
GRID_06496,-83.514,160.854,231218.8,-665990.3,TAM,d,-1.648,0.5786,0,in range
GRID_06497,-83.511,160.777,232221.2,-665987.6,TAM,d,0.579,0.5902,0,in range
GRID_06498,-83.508,160.701,233212.4,-665987.4,TAM,d,-1.013,0.4947,0,in range
GRID_06499,-83.526,160.904,230209.9,-664956.6,TAM,s,-1.455,0.5725,0,in range
GRID_06500,-83.523,160.827,231210.6,-664955.3,TAM,c,-0.282,0.646,0,in range
GRID_06501,-83.531,160.8,231237.4,-664023.2,TAM,d,-1.725,0.4672,0,in range
GRID_06502,-83.528,160.724,232225.8,-664024.4,TAM,d,0.525,0.5574,0,in range
GRID_06503,-83.522,160.57,234227.2,-664014.2,TAM,s,-0.64,0.564,0,in range
GRID_06504,-83.549,161.005,228221.8,-662992.3,TAM,d,-1.383,0.4001,0,in range
GRID_06505,-83.543,160.851,230217.4,-662993.9,TAM,d,-0.576,0.4447,0,in range
GRID_06506,-83.537,160.697,232214.6,-662989.6,TAM,s,-0.796,0.6356,0,in range
GRID_06507,-83.534,160.62,233213.9,-662985.2,TAM,s,-1.504,0.6865,0,in range
GRID_06508,-83.531,160.543,234213.5,-662979.3,TAM,s,-1.08,0.5198,0,in range
GRID_06509,-83.558,160.978,228214.7,-661957.9,TAM,d,-0.581,0.7521,0,in range
GRID_06510,-83.545,160.67,232238.6,-662057.8,TAM,s,-0.484,0.816,0,in range
GRID_06511,-83.542,160.593,233236.7,-662053.3,TAM,s,-1.54,0.6615,0,in range
GRID_06512,-83.613,160.895,227212.5,-655965.5,TAM,s,-0.665,0.4499,0,in range
GRID_06513,-83.61,160.817,228212.7,-655964.2,TAM,s,-0.392,0.4307,0,in range
GRID_06514,-83.6,160.584,231240.5,-656058.1,TAM,s,-2.127,0.5145,0,in range
GRID_06515,-83.597,160.506,232242.4,-656050.7,TAM,d,-1.08,0.5097,0,in range
GRID_06516,-83.609,160.556,231234.7,-655020.6,TAM,s,-1.579,0.477,0,in range
GRID_06517,-83.606,160.479,232224.0,-655017.2,TAM,c,0.237,1.301,0,in range
GRID_06518,-83.633,160.919,226225.6,-654001.9,TAM,d,-1.76,0.5406,1,elev
GRID_06519,-83.624,160.685,229218.9,-653997.6,TAM,d,-1.206,0.467,0,in range
GRID_06520,-83.621,160.607,230217.6,-653993.2,TAM,d,-2.204,0.4877,0,in range
GRID_06521,-83.618,160.529,231216.6,-653987.3,TAM,d,-1.103,0.4731,0,in range
GRID_06522,-83.615,160.451,232216.0,-653979.8,TAM,c,0.909,0.67,0,in range
GRID_06523,-83.642,160.892,226212.9,-652968.9,TAM,s,-0.954,0.5789,0,in range
GRID_06524,-83.639,160.814,227209.0,-652969.0,TAM,s,-1.286,0.5065,0,in range
GRID_06525,-83.629,160.579,230247.4,-653058.8,TAM,s,-2.007,0.6607,0,in range
GRID_06526,-83.626,160.501,231245.3,-653052.8,TAM,d,-0.429,0.6071,0,in range
GRID_06527,-83.623,160.424,232232.2,-653049.3,TAM,d,-1.224,0.5107,0,in range
GRID_06528,-83.632,160.396,232222.4,-652012.3,TAM,s,-1.397,0.4413,0,in range
GRID_06529,-83.644,160.446,231215.9,-650983.0,TAM,d,-0.035,0.4359,0,in range
GRID_06530,-83.652,160.418,231241.9,-650049.0,TAM,d,-2.145,0.4215,0,in range
GRID_06531,-83.761,159.971,232240.3,-637071.5,TAM,d,-0.31,0.9251,1,temp
GRID_06532,-83.855,160.38,224249.4,-629070.5,TAM,d,-1.489,0.4559,1,temp
GRID_06533,-83.867,160.161,226208.7,-626979.6,TAM,d,-1.557,0.4593,1,temp
GRID_06534,-83.908,160.753,218246.9,-625068.2,TAM,d,-1.94,0.5092,1,temp
GRID_06535,-83.881,160.021,227219.2,-624992.2,TAM,d,-1.469,0.5829,1,temp
GRID_06536,-83.917,160.451,221210.6,-622985.6,TAM,s,-1.744,0.5082,1,temp
GRID_06537,-83.913,160.369,222248.3,-623078.7,TAM,d,-1.04,0.5315,1,temp
GRID_06538,-83.922,160.34,222233.9,-622043.2,TAM,s,-0.169,1.0414,1,temp
GRID_06539,-83.913,160.095,225225.4,-622008.7,TAM,d,-1.374,0.6195,1,temp
GRID_06540,-83.925,160.147,224217.0,-620983.8,TAM,d,-0.249,1.0362,1,temp
GRID_06541,-83.966,160.469,219231.1,-618026.5,TAM,s,-1.822,0.3736,1,temp
GRID_06542,-83.963,160.387,220225.0,-618019.9,TAM,c,-0.097,0.8444,1,temp
GRID_06543,-83.978,160.522,218223.6,-616997.2,TAM,s,-1.353,0.3469,1,temp
GRID_06544,-83.975,160.44,219215.8,-616992.1,TAM,s,-1.479,0.4842,1,temp
GRID_06545,-83.972,160.357,220219.1,-616981.5,TAM,d,-1.028,0.5414,1,temp
GRID_06546,-83.968,160.275,221248.9,-617075.7,TAM,c,-0.718,0.7211,1,temp
GRID_06547,-83.934,159.376,232207.5,-616993.3,TAM,c,0.037,0.7253,1,temp
GRID_06548,-83.977,160.246,221230.0,-616041.3,TAM,s,-1.451,0.5356,1,temp
GRID_06549,-83.974,160.163,222233.0,-616027.5,TAM,d,-1.492,0.471,1,temp
GRID_06550,-83.971,160.081,223225.7,-616015.9,TAM,c,1.2,1.1422,1,temp
GRID_06551,-83.939,159.264,233220.4,-616029.0,TAM,c,0.207,0.615,1,temp
GRID_06552,-83.979,160.051,223251.0,-615080.1,TAM,d,-0.222,1.0973,1,temp
GRID_06553,-83.953,159.121,234213.9,-614020.7,TAM,c,-0.382,0.5284,1,temp
GRID_06554,-83.961,159.09,234235.2,-613080.2,TAM,d,0.124,0.5258,1,temp
GRID_06555,-84.002,159.879,224235.0,-612055.7,TAM,d,1.394,1.3756,1,temp
GRID_06556,-84.022,159.622,226219.8,-609002.4,TAM,d,-0.916,0.6102,1,"temp, precip"
GRID_06557,-84.03,159.592,226234.9,-608067.5,TAM,s,-0.958,0.5595,1,"temp, precip"
GRID_06558,-84.004,158.933,234231.2,-608066.9,TAM,c,-0.662,1.0313,1,"temp, precip"
GRID_06559,-84.013,158.901,234218.0,-607021.8,TAM,c,-0.142,0.9953,1,"temp, precip"
GRID_06566,-83.041,160.687,250204.5,-713952.5,TAM,w,-1.323,0.7635,1,temp
GRID_06567,-83.084,160.802,247229.9,-710027.4,TAM,s,-1.92,0.7756,1,"elev, temp"
GRID_06569,-83.087,160.633,249214.7,-708986.6,TAM,d,-0.992,1.2723,1,"temp, aspect"
GRID_06570,-83.157,162.132,228242.0,-708002.7,TAM,s,-0.43,1.0348,0,in range
GRID_06571,-83.16,161.962,230240.5,-707011.5,TAM,s,-1.84,0.6059,0,in range
GRID_06572,-83.116,160.871,245231.8,-707029.7,TAM,d,-1.991,0.6512,1,"elev, temp"
GRID_06573,-83.175,162.085,228219.3,-705948.7,TAM,s,-2.15,0.7865,0,in range
GRID_06574,-83.158,161.646,234204.9,-705937.8,TAM,s,-1.743,0.6802,0,in range
GRID_06575,-83.178,161.914,230223.7,-704953.7,TAM,s,-1.972,0.733,0,in range
GRID_06576,-83.152,161.256,239214.7,-704946.4,TAM,s,-1.831,0.8096,1,elev
GRID_06577,-83.149,161.184,240205.9,-704954.7,TAM,d,-0.764,1.0413,1,elev
GRID_06578,-83.134,160.821,245204.3,-704962.7,TAM,d,-1.746,0.7287,1,"elev, temp"
GRID_06579,-83.128,160.676,247204.0,-704956.9,TAM,s,-1.901,0.7284,1,temp
GRID_06580,-83.163,161.305,238227.5,-704015.2,TAM,d,-1.661,0.9906,1,elev
GRID_06581,-83.16,161.232,239229.5,-704020.7,TAM,s,-1.967,0.9232,1,elev
GRID_06582,-83.204,162.087,227222.7,-702949.7,TAM,s,-1.818,0.9442,0,in range
GRID_06583,-83.172,161.28,238219.9,-702982.3,TAM,d,-1.739,1.0917,1,elev
GRID_06584,-83.184,161.328,237212.3,-701942.8,TAM,d,-2.725,0.9397,1,elev
GRID_06585,-83.181,161.255,238211.5,-701949.6,TAM,d,-1.629,1.1916,1,elev
GRID_06586,-83.163,160.817,244215.1,-701960.7,TAM,s,-1.603,1.0636,1,temp
GRID_06588,-83.189,161.23,238237.2,-701020.2,TAM,d,-2.201,0.6395,1,elev
GRID_06589,-83.23,162.016,227218.9,-699972.8,TAM,s,-2.054,0.6158,0,in range
GRID_06590,-83.218,161.72,231242.1,-700031.2,TAM,s,-1.94,0.778,0,in range
GRID_06591,-83.174,160.621,246217.2,-699990.4,TAM,s,-1.792,0.81,1,temp
GRID_06592,-83.168,160.475,248218.6,-699976.9,TAM,d,-1.903,0.8777,1,temp
GRID_06593,-83.127,159.536,261218.6,-700001.3,TAM,g,-1.362,0.5968,1,temp
GRID_06594,-83.236,161.917,228225.1,-698957.6,TAM,s,-2.029,0.8304,0,in range
GRID_06595,-83.233,161.843,229229.5,-698972.9,TAM,s,-1.6,0.9376,0,in range
GRID_06597,-83.173,160.377,249232.5,-699038.1,TAM,d,-1.975,0.6633,1,temp
GRID_06598,-83.242,161.819,229216.2,-697945.1,TAM,s,-1.999,0.6052,0,in range
GRID_06599,-83.239,161.745,230219.9,-697958.9,TAM,s,-1.437,0.8064,0,in range
GRID_06600,-83.236,161.671,231223.9,-697971.3,TAM,s,-1.917,0.8686,0,in range
GRID_06601,-83.224,161.376,235232.1,-698010.7,TAM,s,-2.397,0.8073,0,in range
GRID_06602,-83.185,160.424,248220.9,-698010.2,TAM,s,-1.784,0.7462,1,temp
GRID_06603,-83.182,160.351,249219.9,-698001.3,TAM,s,-1.474,0.7519,1,temp
GRID_06604,-83.247,161.721,230238.8,-697034.7,TAM,s,-2.453,0.8306,0,in range
GRID_06605,-83.236,161.425,234218.5,-696972.1,TAM,s,-2.196,0.9316,0,in range
GRID_06606,-83.233,161.351,235223.0,-696978.8,TAM,s,-2.386,0.878,0,in range
GRID_06607,-83.256,161.696,230234.9,-696003.1,TAM,s,-2.535,0.8918,0,in range
GRID_06608,-83.245,161.4,234209.8,-695940.4,TAM,s,-2.118,0.8187,0,in range
GRID_06609,-83.206,160.445,247199.1,-695944.8,TAM,s,-1.077,0.9158,1,temp
GRID_06610,-83.253,161.375,234235.0,-695012.0,TAM,s,-1.778,0.7864,1,elev
GRID_06611,-83.241,161.08,238234.3,-695033.8,TAM,s,-2.589,0.9663,0,in range
GRID_06612,-83.238,161.006,239238.2,-695034.6,TAM,s,-1.9,0.7744,0,in range
GRID_06613,-83.232,160.859,241235.0,-695036.2,TAM,d,-2.74,0.545,1,temp
GRID_06614,-83.229,160.785,242240.0,-695032.7,TAM,d,-2.029,0.5913,1,temp
GRID_06615,-83.276,161.721,229247.7,-694034.2,TAM,s,-1.651,0.8965,0,in range
GRID_06616,-83.262,161.35,234224.7,-693980.6,TAM,s,-2.493,0.85,1,elev
GRID_06617,-83.271,161.325,234213.4,-692949.3,TAM,s,-0.486,1.1644,1,elev
GRID_06618,-83.279,161.3,234236.3,-692021.3,TAM,s,-1.536,0.8207,1,elev
GRID_06619,-83.317,161.772,227232.4,-689994.8,TAM,s,-2.107,0.8729,0,in range
GRID_06620,-83.326,161.747,227226.3,-688964.3,TAM,s,-2.392,0.852,0,in range
GRID_06621,-83.337,161.798,226238.6,-688027.7,TAM,s,-2.186,0.9275,0,in range
GRID_06622,-83.334,161.723,227241.6,-688041.4,TAM,d,-1.97,0.9326,1,elev
GRID_06623,-83.287,160.53,243224.4,-687989.2,TAM,d,-1.748,0.6078,1,temp
GRID_06624,-83.284,160.457,244210.1,-687986.8,TAM,c,-0.988,1.1699,1,temp
GRID_06625,-83.329,161.323,232213.9,-686954.2,TAM,s,-2.221,0.8358,0,in range
GRID_06626,-83.311,160.875,238220.6,-686970.6,TAM,s,-1.957,0.778,0,in range
GRID_06627,-83.305,160.727,240210.1,-686970.0,TAM,s,-1.855,0.876,0,in range
GRID_06628,-83.296,160.504,243209.3,-686954.3,TAM,d,-2.198,0.5548,1,temp
GRID_06629,-83.337,161.298,232234.1,-686027.2,TAM,d,-1.879,0.9192,1,elev
GRID_06630,-83.319,160.85,238234.4,-686043.1,TAM,s,-2.68,0.9363,1,elev
GRID_06631,-83.337,161.048,235225.2,-685007.4,TAM,s,-1.889,0.8721,0,in range
GRID_06632,-83.328,160.824,238223.6,-685008.7,TAM,s,-1.936,0.9071,1,elev
GRID_06633,-83.322,160.675,240220.5,-685003.8,TAM,s,-2.294,0.804,0,in range
GRID_06634,-83.319,160.6,241225.6,-684997.1,TAM,s,-1.875,0.5682,1,temp
GRID_06635,-83.316,160.526,242219.0,-684993.1,TAM,d,-1.667,0.6605,1,temp
GRID_06636,-83.313,160.452,243212.9,-684987.8,TAM,d,-1.743,0.4535,1,temp
GRID_06637,-83.343,160.947,236219.0,-683973.8,TAM,d,-1.556,0.843,1,elev
GRID_06638,-83.34,160.872,237221.2,-683972.8,TAM,s,-0.783,1.0673,1,"elev, aspect"
GRID_06639,-83.337,160.798,238211.9,-683974.5,TAM,s,-1.484,0.7301,1,elev
GRID_06640,-83.334,160.723,239214.9,-683970.6,TAM,d,-1.329,0.8198,1,elev
GRID_06641,-83.328,160.574,241210.2,-683962.8,TAM,s,-0.949,1.166,1,"elev, temp"
GRID_06642,-83.357,161.071,234243.4,-683040.5,TAM,s,0.4,0.8254,1,elev
GRID_06643,-83.348,160.847,237233.6,-683045.8,TAM,d,-1.877,0.9972,0,in range
GRID_06644,-83.339,160.622,240239.5,-683034.0,TAM,s,-2.555,0.9466,0,in range
GRID_06645,-83.369,161.121,233224.2,-682007.6,TAM,s,-2.456,0.8432,1,elev
GRID_06646,-83.372,160.945,235211.3,-680979.0,TAM,s,-1.672,0.5112,0,in range
GRID_06647,-83.369,160.869,236221.5,-680975.2,TAM,d,-1.782,0.801,0,in range
GRID_06648,-83.397,160.614,238237.3,-677039.5,TAM,s,-2.041,0.731,0,in range
GRID_06649,-83.394,160.539,239232.2,-677035.2,TAM,s,-2.274,0.5089,0,in range
GRID_06650,-83.406,160.588,238218.6,-676006.5,TAM,s,-2.309,0.6626,0,in range
GRID_06651,-83.397,160.362,241212.8,-675985.1,TAM,s,-0.026,0.69,1,temp
GRID_06652,-83.412,160.486,239203.3,-674965.2,TAM,d,-1.68,0.5565,0,in range
GRID_06653,-83.379,159.484,252230.1,-674046.3,TAM,w,-1.191,0.6892,1,temp
GRID_06654,-83.373,159.335,254212.9,-673999.7,TAM,c,-1.173,0.6963,1,temp
GRID_06655,-83.426,160.357,240209.7,-672988.5,TAM,w,-1.428,0.7464,0,in range
GRID_06656,-82.794,159.746,271216.6,-735006.7,TAM,w,-3.926,0.8014,0,in range
GRID_06657,-82.823,159.739,270211.5,-732007.6,TAM,w,-4.071,1.0767,0,in range
GRID_06658,-82.82,159.67,271206.5,-731988.3,TAM,w,-3.733,1.1472,0,in range
GRID_06659,-82.832,159.713,270203.5,-730964.6,TAM,w,-3.832,0.9585,0,in range
GRID_06660,-82.829,159.644,271197.3,-730945.3,TAM,w,-3.993,1.099,0,in range
GRID_06661,-82.84,159.688,270219.7,-730028.8,TAM,w,-1.666,0.952,0,in range
GRID_06662,-82.837,159.619,271212.5,-730009.4,TAM,w,-3.522,1.2655,0,in range
GRID_06664,-82.861,159.706,269196.3,-727966.4,TAM,d,-3.93,0.8708,0,in range
GRID_06665,-82.948,160.793,252218.0,-723986.5,TAM,w,-4.026,1.2101,0,in range
GRID_06667,-82.968,160.578,254208.0,-720979.1,TAM,w,-3.766,0.8275,0,in range
GRID_06669,-82.988,160.598,253232.2,-719011.6,TAM,w,-4.838,0.926,0,in range
GRID_06670,-82.985,160.528,254219.4,-719010.0,TAM,w,-3.839,0.8298,0,in range
GRID_06671,-83.03,161.357,242222.1,-717965.4,TAM,s,-5.128,1.0001,0,in range
GRID_08323,-82.076,162.286,262204.0,-820901.1,TAM,s,-5.346,0.3969,0,in range
GRID_08324,-82.12,163.093,249219.9,-819919.2,TAM,g,-4.714,0.5123,0,in range
GRID_08325,-82.096,162.309,261211.3,-818927.2,TAM,s,-4.915,0.4721,0,in range
GRID_08326,-82.163,163.208,246218.4,-815926.3,TAM,g,-3.713,0.2867,1,slope
GRID_08327,-82.16,163.143,247238.8,-815959.7,TAM,g,-4.924,0.2221,0,in range
GRID_08328,-82.155,163.015,249220.4,-815927.0,TAM,g,-4.805,0.5295,0,in range
GRID_08329,-82.172,163.188,246219.2,-814900.3,TAM,g,-2.734,1.1661,0,in range
GRID_08330,-82.169,163.124,247224.3,-814938.0,TAM,g,-4.607,0.9656,0,in range
GRID_08331,-82.189,163.149,246236.1,-812957.5,TAM,g,-4.608,0.55,0,in range
GRID_08332,-82.198,163.13,246220.8,-811936.1,TAM,g,-5.145,0.4277,0,in range
GRID_08333,-82.201,162.981,248235.6,-810980.1,TAM,s,-4.557,0.7851,0,in range
GRID_08334,-82.213,163.026,247216.4,-809922.7,TAM,s,-5.034,1.0035,0,in range
GRID_08335,-82.224,163.071,246230.8,-808968.6,TAM,s,-5.092,0.5818,0,in range
GRID_08336,-82.222,163.006,247212.1,-808897.4,TAM,s,1.569,1.3497,0,in range
GRID_08337,-81.949,162.916,257233.3,-836981.6,TAM,g,1.592,1.3447,0,in range
GRID_08338,-81.97,162.94,256210.4,-834898.4,TAM,s,-1.165,0.7357,0,in range
GRID_08339,-81.978,162.921,256230.8,-833978.8,TAM,s,-4.544,0.3821,0,in range
GRID_08340,-82.001,163.008,254230.7,-831966.6,TAM,s,-4.9,0.3777,0,in range
GRID_08341,-81.996,162.882,256220.3,-831927.0,TAM,s,-5.936,0.4403,1,slope
GRID_08342,-81.98,162.298,265217.3,-830935.6,TAM,g,-4.29,0.4746,0,in range
GRID_08363,-83.566,162.246,213244.7,-666016.0,TAM,w,-1.19,0.5378,1,elev
GRID_08364,-84.567,162.525,177271.7,-563090.7,TAM,c,1.328,0.5915,1,"temp, precip"
GRID_08365,-84.565,162.433,178241.3,-563012.8,TAM,c,1.052,0.5086,1,"temp, precip"
GRID_08366,-84.582,162.374,178260.8,-561065.8,TAM,d,0.787,0.5241,1,"temp, precip"
GRID_08367,-84.579,162.282,179260.8,-561089.8,TAM,d,0.676,0.5012,1,"temp, precip"
GRID_08368,-84.614,162.472,176252.1,-558049.2,TAM,c,0.442,0.8178,1,"temp, precip"
GRID_08369,-84.603,162.099,180249.2,-558029.0,TAM,d,0.893,0.381,1,"temp, precip"
GRID_08370,-84.657,163.665,163279.1,-557107.4,TAM,d,0.023,0.54,0,in range
GRID_08371,-84.718,162.742,170262.9,-548066.0,TAM,d,-0.431,0.4563,0,in range
GRID_08372,-84.756,163.768,159266.1,-547056.9,TAM,s,-0.95,0.5616,0,in range
GRID_08373,-84.753,163.672,160274.2,-547102.5,TAM,d,-0.538,0.2478,0,in range
GRID_08374,-84.776,163.809,158267.8,-545080.8,TAM,s,-0.173,0.484,0,in range
GRID_08375,-84.774,163.712,159251.4,-545021.0,TAM,d,-0.245,0.4071,0,in range
GRID_08376,-84.795,163.432,161261.4,-542046.1,TAM,c,-0.132,0.4159,0,in range
GRID_08377,-84.792,163.335,162272.4,-542085.1,TAM,c,0.543,0.2588,0,in range
GRID_08378,-84.79,163.238,163252.7,-542017.9,TAM,s,-1.581,0.3311,0,in range
GRID_08379,-84.787,163.141,164264.7,-542053.2,TAM,s,-0.767,0.4877,0,in range
GRID_08380,-84.809,163.598,159260.1,-541049.8,TAM,c,-0.548,0.4851,0,in range
GRID_08381,-84.806,163.5,160278.0,-541089.6,TAM,c,0.34,0.274,0,in range
GRID_08382,-84.804,163.403,161256.0,-541026.0,TAM,c,0.507,0.2401,0,in range
GRID_08383,-84.801,163.306,162265.5,-541064.9,TAM,c,-0.067,0.4806,0,in range
GRID_08384,-84.796,163.112,164254.6,-541032.9,TAM,d,-0.53,0.3139,0,in range
GRID_08385,-84.818,163.569,159257.0,-540029.9,TAM,c,0.561,0.3484,1,precip
GRID_08386,-84.815,163.472,160263.9,-540072.4,TAM,c,0.862,0.4775,1,precip
GRID_08387,-84.812,163.374,161280.8,-540110.3,TAM,c,-0.164,0.3929,1,precip
GRID_08388,-84.81,163.277,162257.5,-540044.8,TAM,s,0.011,0.5864,1,precip
GRID_08389,-84.802,162.986,165253.0,-540046.1,TAM,s,0.161,0.339,1,precip
GRID_08390,-84.794,162.695,168252.6,-540030.9,TAM,d,0.181,0.3906,1,"elev, precip"
GRID_08391,-84.824,163.443,160258.1,-539052.6,TAM,s,-0.007,0.4878,1,precip
GRID_08392,-84.821,163.345,161273.5,-539090.4,TAM,s,-0.244,0.4145,1,precip
GRID_08393,-84.816,163.15,163265.0,-539059.1,TAM,c,0.911,0.4471,1,precip
GRID_08394,-84.813,163.053,164272.5,-539094.1,TAM,d,-1.322,0.2649,1,precip
GRID_08395,-84.833,163.414,160251.4,-538032.9,TAM,s,-0.62,0.4435,1,precip
GRID_08396,-84.827,163.218,162279.5,-538106.6,TAM,c,1.278,0.7709,1,precip
GRID_08397,-84.825,163.121,163253.5,-538039.3,TAM,s,-0.139,0.4108,1,precip
GRID_08398,-84.814,162.732,167257.9,-538061.4,TAM,s,0.914,0.6549,1,"elev, precip"
GRID_08399,-84.839,163.287,161255.9,-537051.1,TAM,s,-0.143,0.3761,1,precip
GRID_08400,-84.836,163.189,162268.6,-537087.0,TAM,s,0.038,0.4424,1,precip
GRID_08401,-84.845,163.159,162266.1,-536064.7,TAM,d,-0.13,0.3459,1,precip
GRID_08402,-84.854,163.13,162253.3,-535045.5,TAM,s,-1.262,0.2272,1,precip
GRID_08403,-84.939,163.815,153267.4,-528065.8,TAM,d,-0.658,0.438,1,precip
GRID_08404,-84.968,163.828,152268.8,-525070.4,TAM,s,-1.029,0.4418,1,precip
GRID_08405,-85.028,163.185,156263.5,-517080.3,TAM,s,-0.356,0.3367,1,"precip, coast"
GRID_08406,-85.037,163.154,156259.5,-516058.7,TAM,c,0.563,0.703,1,"precip, coast"
GRID_08407,-85.046,163.123,156254.4,-515037.2,TAM,d,-0.761,0.4769,1,"precip, coast"
GRID_08408,-85.043,163.021,157266.4,-515070.3,TAM,d,0.265,0.7729,1,"precip, coast"
GRID_08409,-84.205,162.321,191241.1,-599996.7,TAM,c,0.293,0.6677,0,in range
GRID_08410,-84.202,162.235,192241.1,-600020.0,TAM,c,1.482,0.7506,0,in range
GRID_08411,-84.216,162.381,190250.2,-599055.4,TAM,d,-1.589,0.3542,0,in range
GRID_08412,-84.213,162.294,191259.0,-599076.9,TAM,c,0.049,0.5829,0,in range
GRID_08413,-84.211,162.207,192234.9,-598993.1,TAM,c,-0.689,0.5451,0,in range
GRID_08414,-84.228,162.44,189239.1,-598005.5,TAM,d,-0.634,0.6782,0,in range
GRID_08415,-84.225,162.353,190245.9,-598028.7,TAM,d,0.418,0.5147,0,in range
GRID_08416,-84.222,162.266,191253.3,-598050.2,TAM,c,-0.27,0.6943,0,in range
GRID_08417,-84.219,162.179,192261.1,-598070.0,TAM,c,-0.093,0.6138,0,in range
GRID_08418,-84.214,162.006,194234.2,-598004.5,TAM,c,-0.759,0.4411,0,in range
GRID_08419,-84.234,162.325,190240.7,-597002.2,TAM,d,-1.246,0.3431,0,in range
GRID_08420,-84.231,162.238,191246.6,-597023.6,TAM,c,-0.125,0.632,0,in range
GRID_08421,-84.225,162.064,193260.0,-597061.5,TAM,c,-0.048,0.5692,0,in range
GRID_08422,-84.222,161.978,194257.0,-597081.3,TAM,c,-0.156,0.6082,0,in range
GRID_08423,-84.242,162.297,190267.6,-596079.5,TAM,d,-1.311,0.385,0,in range
GRID_08424,-84.237,162.123,192244.0,-596016.9,TAM,c,-0.301,0.6521,0,in range
GRID_08425,-84.234,162.036,193249.6,-596035.0,TAM,c,-0.119,0.5521,0,in range
GRID_08426,-84.231,161.949,194255.6,-596051.4,TAM,c,0.838,0.769,0,in range
GRID_08427,-84.228,161.863,195251.7,-596069.5,TAM,c,-0.333,0.7697,0,in range
GRID_08428,-84.251,162.27,190250.1,-595056.6,TAM,s,-1.197,0.3939,0,in range
GRID_08429,-84.246,162.095,192234.1,-594990.6,TAM,c,-0.111,0.5392,0,in range
GRID_08430,-84.243,162.008,193238.2,-595008.7,TAM,c,0.1,0.625,0,in range
GRID_08431,-84.24,161.921,194242.8,-595025.0,TAM,c,-0.036,0.5585,0,in range
GRID_08432,-84.237,161.834,195247.9,-595039.7,TAM,c,-0.542,0.4958,0,in range
GRID_08433,-84.257,162.154,191254.3,-594048.5,TAM,d,-0.463,0.3829,0,in range
GRID_08434,-84.254,162.067,192256.7,-594068.1,TAM,d,0.45,0.5005,0,in range
GRID_08435,-84.251,161.98,193259.5,-594086.0,TAM,c,1.335,0.8233,0,in range
GRID_08436,-84.249,161.893,194229.1,-593998.8,TAM,c,-0.002,0.6421,0,in range
GRID_08437,-84.246,161.806,195232.8,-594013.5,TAM,c,-0.087,0.5135,0,in range
GRID_08438,-84.254,161.777,195261.1,-593087.4,TAM,s,-1.004,0.4904,0,in range
GRID_08439,-84.269,161.923,193242.5,-592030.8,TAM,d,0.402,0.939,0,in range
GRID_08440,-84.266,161.836,194243.0,-592046.9,TAM,d,-0.421,0.6667,0,in range
GRID_08441,-84.355,163.788,171259.1,-589017.2,TAM,s,0.092,0.657,0,in range
GRID_08442,-84.333,161.809,192245.2,-585026.7,TAM,c,0.322,0.5715,0,in range
GRID_08443,-84.401,163.747,170279.2,-584087.7,TAM,c,-0.699,0.4607,0,in range
GRID_08444,-84.448,163.706,169261.9,-579055.7,TAM,d,-1.465,0.5719,0,in range
GRID_08445,-84.457,163.679,169259.5,-578035.8,TAM,c,-0.81,0.628,0,in range
GRID_08446,-84.468,163.744,168268.5,-577078.1,TAM,c,0.515,0.6482,0,in range
GRID_08447,-84.48,163.809,167249.5,-576014.4,TAM,s,-1.835,0.8956,0,in range
GRID_08448,-84.477,163.717,168265.8,-576058.5,TAM,c,-0.659,0.501,0,in range
GRID_08449,-84.469,163.443,171266.8,-576081.8,TAM,d,-0.958,0.3947,0,in range
GRID_08450,-84.488,163.782,167277.8,-575099.5,TAM,c,-0.82,0.5807,0,in range
GRID_08451,-84.481,163.507,170252.4,-575020.5,TAM,s,-1.408,0.4333,0,in range
GRID_08452,-84.497,163.755,167274.8,-574080.2,TAM,c,-0.308,0.659,0,in range
GRID_08453,-84.509,163.821,166249.5,-573018.2,TAM,c,0.137,0.532,0,in range
GRID_08454,-84.519,163.49,169247.7,-571004.8,TAM,d,0.225,0.3779,0,in range
GRID_08455,-84.533,163.647,167253.5,-570004.4,TAM,b,0.635,0.8043,1,"elev, litho"
GRID_08456,-84.53,163.555,168260.9,-570048.2,TAM,c,-0.258,0.554,0,in range
GRID_08457,-84.541,163.62,167276.5,-569090.2,TAM,b,1.8,1.8625,1,"elev, litho"
GRID_08458,-84.536,163.435,169268.3,-569068.7,TAM,d,-0.413,0.3779,0,in range
GRID_08459,-84.531,163.25,171261.7,-569040.3,TAM,d,0.092,0.5882,1,"temp, precip"
GRID_08460,-84.55,163.593,167268.0,-568071.8,TAM,b,0.659,1.1668,1,"elev, litho"
GRID_08461,-84.548,163.5,168251.7,-568008.2,TAM,w,-0.56,0.5899,1,elev
GRID_08462,-84.545,163.408,169256.8,-568050.2,TAM,c,0.599,0.3363,0,in range
GRID_08463,-84.554,163.38,169254.2,-567028.9,TAM,c,0.544,0.4025,0,in range
GRID_08464,-84.58,163.297,169262.2,-564073.0,TAM,c,0.221,0.4255,0,in range
GRID_08465,-84.577,163.203,170281.7,-564107.1,TAM,c,0.806,0.5991,0,in range
GRID_08466,-84.602,163.736,164264.8,-563055.0,TAM,c,1.253,0.6618,1,elev
GRID_08467,-84.592,163.362,168248.3,-563013.4,TAM,d,-1.189,0.2441,1,elev
GRID_08468,-84.589,163.269,169255.9,-563052.2,TAM,c,0.708,0.4703,0,in range
GRID_08469,-84.586,163.175,170273.9,-563086.3,TAM,d,1.099,0.3903,0,in range
GRID_08470,-84.584,163.082,171251.0,-563017.4,TAM,c,0.826,0.4557,1,"temp, precip"
GRID_08471,-84.613,163.803,163272.4,-562097.1,TAM,b,1.519,0.6387,1,"elev, litho"
GRID_08472,-84.606,163.521,166253.0,-562017.2,TAM,b,0.852,0.7837,1,"elev, litho"
GRID_08473,-84.6,163.334,168273.7,-562097.1,TAM,b,0.554,0.7906,1,"elev, litho"
GRID_08474,-84.598,163.24,169258.4,-562028.7,TAM,d,1.685,0.8189,1,elev
GRID_08475,-84.595,163.147,170265.1,-562065.6,TAM,c,-0.692,0.5962,0,in range
GRID_08476,-84.592,163.054,171272.4,-562100.8,TAM,c,1.168,0.6855,1,"temp, precip"
GRID_08477,-84.59,162.961,172248.3,-562030.2,TAM,c,0.588,0.6716,1,"temp, precip"
GRID_08478,-84.617,163.587,165267.3,-561060.0,TAM,b,0.147,0.808,1,"elev, litho"
GRID_08479,-84.609,163.306,168267.0,-561076.7,TAM,b,0.577,1.0218,1,"elev, litho"
GRID_08480,-84.607,163.212,169250.2,-561008.2,TAM,b,1.053,1.0353,1,"elev, litho"
GRID_08481,-84.604,163.119,170255.3,-561045.2,TAM,d,0.521,0.9468,0,in range
GRID_08482,-84.601,163.025,171270.9,-561077.3,TAM,c,0.689,0.5676,1,"temp, precip"
GRID_08483,-84.585,162.159,180264.9,-560082.1,TAM,d,0.708,0.5046,1,"temp, precip"
GRID_08484,-83.1,163.166,217227.4,-717951.8,TAM,s,-3.789,0.534,0,in range
GRID_08485,-83.108,163.144,217250.2,-717034.0,TAM,s,-4.125,0.3967,0,in range
GRID_08486,-83.123,163.268,215227.3,-715936.9,TAM,c,-2.118,0.8597,0,in range
GRID_08487,-83.12,163.195,216233.8,-715975.1,TAM,s,-4.086,0.4835,0,in range
GRID_08488,-83.117,163.122,217240.8,-716011.9,TAM,s,-4.48,0.4691,0,in range
GRID_08489,-83.131,163.246,215250.9,-715019.4,TAM,s,-1.171,0.9447,0,in range
GRID_08490,-83.129,163.173,216224.8,-714953.2,TAM,s,-0.483,0.8929,0,in range
GRID_08491,-83.126,163.099,217243.0,-714986.2,TAM,s,-0.334,0.8534,0,in range
GRID_08492,-83.145,163.371,213253.8,-714025.4,TAM,s,-0.422,0.8368,0,in range
GRID_08493,-83.143,163.297,214238.5,-713958.2,TAM,s,-0.613,0.6386,0,in range
GRID_08494,-83.14,163.224,215242.3,-713997.6,TAM,s,-0.449,1.1328,0,in range
GRID_08495,-83.137,163.15,216259.0,-714032.0,TAM,s,-1.943,0.8376,0,in range
GRID_08496,-83.135,163.077,217232.1,-713964.4,TAM,s,-2.482,0.6791,0,in range
GRID_08497,-83.157,163.423,212232.6,-712965.3,TAM,s,-0.188,0.9504,0,in range
GRID_08498,-83.154,163.349,213246.9,-713003.8,TAM,s,-1.433,0.8476,0,in range
GRID_08499,-83.152,163.275,214230.3,-712936.5,TAM,s,0.325,0.7799,0,in range
GRID_08500,-83.149,163.202,215233.0,-712976.0,TAM,s,-1.553,0.7898,0,in range
GRID_08501,-83.146,163.128,216248.5,-713010.3,TAM,s,-2.379,0.6209,0,in range
GRID_08502,-83.166,163.401,212226.1,-711943.8,TAM,s,-1.863,0.7518,0,in range
GRID_08503,-83.163,163.327,213239.3,-711982.3,TAM,s,0.469,1.1199,0,in range
GRID_08504,-83.16,163.253,214252.9,-712019.4,TAM,s,-2.163,0.8378,0,in range
GRID_08505,-83.158,163.179,215235.4,-711950.7,TAM,s,-1.717,0.8939,0,in range
GRID_08506,-83.152,163.032,217252.1,-712021.5,TAM,s,-0.66,0.672,0,in range
GRID_08507,-83.174,163.379,212250.1,-711026.9,TAM,s,-1.116,1.0612,0,in range
GRID_08508,-83.172,163.305,213230.9,-710961.0,TAM,s,-1.514,0.6474,0,in range
GRID_08509,-83.169,163.231,214243.3,-710998.0,TAM,s,-1.702,0.8099,0,in range
GRID_08510,-83.166,163.157,215256.1,-711033.6,TAM,s,-1.655,0.8983,0,in range
GRID_08511,-83.164,163.083,216237.7,-710963.5,TAM,s,-1.97,0.7199,0,in range
GRID_08512,-83.183,163.357,212242.2,-710005.7,TAM,s,-1.5,0.8807,0,in range
GRID_08513,-83.175,163.135,215244.6,-710012.3,TAM,s,-1.337,1.018,0,in range
GRID_08514,-83.173,163.061,216224.9,-709942.2,TAM,s,-0.855,0.8305,0,in range
GRID_08515,-83.192,163.334,212246.0,-708980.9,TAM,s,-2.694,0.6891,0,in range
GRID_08516,-83.184,163.112,215244.6,-708987.4,TAM,s,-1.259,0.6596,0,in range
GRID_08517,-83.224,163.417,210223.5,-705945.6,TAM,s,-2.685,0.6457,0,in range
GRID_08518,-83.225,162.925,216245.6,-704010.2,TAM,c,-1.853,0.8392,0,in range
GRID_08519,-83.234,162.902,216239.9,-702986.0,TAM,s,-1.893,0.779,0,in range
GRID_08520,-83.245,162.954,215250.4,-702036.0,TAM,s,-1.829,0.8718,0,in range
GRID_08521,-83.243,162.879,216233.3,-701961.9,TAM,s,-1.555,0.7144,0,in range
GRID_08522,-83.254,162.931,215244.3,-701012.0,TAM,s,-2.439,0.7591,0,in range
GRID_08523,-83.249,162.782,217227.9,-700970.3,TAM,s,-1.539,0.8786,0,in range
GRID_08524,-83.26,162.833,216250.1,-700018.2,TAM,s,-1.595,0.7144,0,in range
GRID_08525,-83.258,162.759,217218.6,-699946.4,TAM,s,-1.952,0.9296,0,in range
GRID_08526,-83.284,162.689,217230.6,-696975.8,TAM,s,-2.247,0.7706,0,in range
GRID_08527,-83.301,162.891,214227.1,-695967.0,TAM,s,-2.346,0.8188,0,in range
GRID_08528,-83.316,162.769,215224.4,-693948.2,TAM,s,-1.838,0.5769,0,in range
GRID_08529,-83.347,163.1,210229.9,-691948.2,TAM,d,-2.14,0.686,0,in range
GRID_08530,-83.355,163.077,210254.0,-691029.9,TAM,d,-1.586,0.5348,0,in range
GRID_08531,-83.369,163.206,208256.9,-690041.2,TAM,d,-2.522,0.5833,0,in range
GRID_08532,-83.367,163.13,209235.2,-689972.9,TAM,s,-2.263,0.6878,0,in range
GRID_08533,-83.399,162.961,210247.9,-686019.4,TAM,s,-0.878,0.6299,0,in range
GRID_08534,-83.389,162.404,217236.3,-684981.6,TAM,s,-1.642,0.7118,0,in range
GRID_08535,-83.406,162.356,217248.7,-683034.4,TAM,s,-2.331,0.5787,0,in range
GRID_08536,-83.415,162.332,217237.2,-682009.0,TAM,s,-2.55,0.5935,0,in range
GRID_08537,-83.438,162.436,215242.8,-680013.3,TAM,s,-2.241,0.4693,1,elev
GRID_08538,-83.553,162.969,205238.4,-670007.7,TAM,d,-2.488,0.4947,0,in range
GRID_08539,-83.69,162.761,203246.9,-655006.1,TAM,d,-1.945,0.5462,0,in range
GRID_08540,-84.078,163.178,186246.9,-616024.7,TAM,c,-0.399,0.7,0,in range
GRID_08541,-84.089,163.237,185267.1,-615069.4,TAM,c,-0.314,0.586,0,in range
GRID_08542,-84.087,163.152,186242.5,-615002.3,TAM,c,-0.98,0.6944,0,in range
GRID_08543,-84.098,163.211,185263.1,-614047.2,TAM,c,-0.932,0.4364,0,in range
GRID_08544,-84.096,163.126,186237.1,-613980.0,TAM,c,-0.726,0.8712,0,in range
GRID_08545,-84.11,163.271,184244.0,-612989.7,TAM,c,-1.792,0.459,0,in range
GRID_08546,-84.107,163.186,185247.6,-613028.3,TAM,c,-1.2,0.7056,0,in range
GRID_08547,-84.121,163.331,183258.4,-612035.0,TAM,d,-1.398,0.4815,0,in range
GRID_08548,-84.118,163.245,184271.0,-612072.0,TAM,c,-0.422,0.6343,0,in range
GRID_08549,-84.116,163.16,185241.9,-612006.4,TAM,c,-1.123,0.572,0,in range
GRID_08550,-84.13,163.305,183254.6,-611013.3,TAM,c,-0.684,0.4674,0,in range
GRID_08551,-84.127,163.22,184255.2,-611053.4,TAM,s,0.189,0.5524,0,in range
GRID_08552,-84.136,163.194,184249.2,-610031.8,TAM,d,-0.967,0.2083,0,in range
GRID_08553,-84.142,163.081,185261.8,-609042.3,TAM,s,0.522,0.639,0,in range
GRID_08554,-84.148,162.969,186260.7,-608054.4,TAM,s,-1.027,0.6653,0,in range
GRID_08555,-84.16,163.029,185242.5,-606999.6,TAM,s,-0.587,0.5306,0,in range
GRID_08556,-84.154,162.857,187256.4,-607065.0,TAM,s,-1.571,0.4402,0,in range
GRID_08557,-84.176,163.262,182270.9,-606079.8,TAM,d,-1.649,0.53,0,in range
GRID_08558,-84.166,162.916,186247.4,-606008.7,TAM,s,-0.683,0.5049,0,in range
GRID_08559,-84.163,162.83,187253.2,-606040.5,TAM,s,-1.436,0.3294,0,in range
GRID_08560,-84.149,162.4,192257.0,-606070.9,TAM,d,-0.351,0.2872,0,in range
GRID_08561,-84.19,163.41,180269.6,-605088.0,TAM,c,0.056,1.2116,0,in range
GRID_08562,-84.17,162.431,191239.0,-603995.3,TAM,c,-0.024,0.5764,0,in range
GRID_08563,-84.167,162.345,192244.4,-604018.8,TAM,c,-0.26,0.5449,0,in range
GRID_08564,-84.164,162.259,193250.3,-604040.6,TAM,c,-0.728,0.4781,0,in range
GRID_08565,-84.181,162.49,190256.6,-603049.9,TAM,d,-0.439,0.5484,0,in range
GRID_08566,-84.178,162.404,191260.3,-603074.9,TAM,c,-0.04,0.6404,0,in range
GRID_08567,-84.176,162.318,192231.4,-602994.6,TAM,c,0.152,0.627,0,in range
GRID_08568,-84.173,162.232,193236.0,-603016.4,TAM,c,0.33,0.6667,0,in range
GRID_08569,-84.19,162.463,190245.6,-602025.9,TAM,c,0.727,0.886,0,in range
GRID_08570,-84.187,162.377,191247.8,-602051.0,TAM,c,-0.193,0.5758,0,in range
GRID_08571,-84.184,162.29,192261.1,-602071.0,TAM,c,-0.685,0.5603,0,in range
GRID_08572,-84.182,162.204,193231.2,-601989.0,TAM,c,1.476,0.7723,0,in range
GRID_08573,-84.199,162.436,190233.6,-601002.1,TAM,c,1.39,0.7338,0,in range
GRID_08574,-84.196,162.349,191245.0,-601023.8,TAM,c,-0.54,0.595,0,in range
GRID_08575,-84.193,162.263,192246.4,-601047.1,TAM,c,0.629,1.0695,0,in range
GRID_08576,-84.19,162.176,193258.8,-601065.4,TAM,c,0.345,0.9153,0,in range
GRID_08577,-83.313,163.516,206251.7,-697008.6,TAM,d,-1.254,0.6708,0,in range
GRID_08578,-83.311,163.441,207226.0,-696946.9,TAM,d,-1.607,0.8342,0,in range
GRID_08579,-83.319,163.418,207257.0,-696028.3,TAM,d,-1.387,0.6918,0,in range
GRID_08580,-83.333,163.547,205257.3,-695030.2,TAM,c,-1.626,1.1163,0,in range
GRID_08581,-83.345,163.601,204233.0,-693969.1,TAM,s,-3.151,0.8425,0,in range
GRID_08582,-83.543,163.508,199235.7,-672953.3,TAM,s,-2.73,0.5824,0,in range
GRID_08583,-83.551,163.485,199258.1,-672037.8,TAM,s,-2.57,0.7311,0,in range
GRID_08584,-83.569,163.438,199250.3,-669994.7,TAM,d,-2.676,0.4024,0,in range
GRID_08585,-83.566,163.36,200255.8,-670035.9,TAM,s,-0.352,0.6025,0,in range
GRID_08586,-83.575,163.336,200255.4,-669012.8,TAM,d,-2.617,0.6119,0,in range
GRID_08587,-83.584,163.313,200242.4,-667993.3,TAM,d,-2.678,0.6937,0,in range
GRID_08588,-83.701,163.081,199236.9,-654984.8,TAM,d,-2.372,0.4632,0,in range
GRID_08589,-83.729,163.353,195251.6,-653001.5,TAM,d,-1.81,0.5432,0,in range
GRID_08590,-83.713,162.872,201239.9,-653004.7,TAM,s,-2.774,0.4795,0,in range
GRID_08591,-83.766,163.605,191240.3,-649988.2,TAM,c,-1.815,1.146,0,in range
GRID_08592,-83.761,163.443,193232.5,-649966.8,TAM,d,-2.318,0.4565,0,in range
GRID_08593,-83.758,163.362,194244.7,-650006.0,TAM,s,-2.299,0.752,0,in range
GRID_08594,-83.755,163.281,195257.4,-650043.7,TAM,s,-1.866,0.5081,0,in range
GRID_08595,-83.747,163.039,198255.4,-650046.6,TAM,c,-2.563,0.707,0,in range
GRID_08596,-83.742,162.878,200241.6,-650007.3,TAM,d,-3.098,0.5099,0,in range
GRID_08597,-83.769,163.419,193256.1,-649050.8,TAM,d,-1.98,0.3197,0,in range
GRID_08598,-83.767,163.338,194235.9,-648985.6,TAM,d,-2.555,0.7321,0,in range
GRID_08599,-83.764,163.257,195247.3,-649023.2,TAM,c,-1.859,0.5628,0,in range
GRID_08600,-83.756,163.014,198252.7,-649022.6,TAM,s,-1.593,0.6446,0,in range
GRID_08601,-83.753,162.934,199254.6,-649057.5,TAM,s,-2.172,0.817,0,in range
GRID_08602,-83.751,162.853,200236.2,-648983.3,TAM,s,-3.153,0.672,0,in range
GRID_08603,-83.773,163.232,195247.7,-647999.5,TAM,d,-2.567,0.7656,0,in range
GRID_08604,-83.768,163.07,197237.7,-647965.8,TAM,d,-2.517,0.7324,0,in range
GRID_08605,-83.765,162.99,198237.8,-648002.2,TAM,s,-2.703,0.7796,0,in range
GRID_08606,-83.762,162.909,199249.7,-648033.6,TAM,d,-1.707,0.4071,0,in range
GRID_08607,-83.759,162.828,200262.1,-648063.4,TAM,s,-2.993,0.7042,0,in range
GRID_08608,-83.779,163.127,196245.3,-647015.3,TAM,c,-2.774,0.5978,0,in range
GRID_08609,-83.776,163.046,197255.0,-647049.7,TAM,s,-2.859,0.7602,0,in range
GRID_08610,-83.782,162.94,198260.1,-646059.0,TAM,s,-1.233,0.5165,0,in range
GRID_08611,-83.789,162.566,202244.6,-644023.8,TAM,s,-1.987,0.3607,0,in range
GRID_08612,-83.83,162.626,200236.8,-639973.9,TAM,c,-0.32,0.9229,0,in range
GRID_08613,-83.841,162.683,199243.4,-639029.2,TAM,s,-1.407,0.5828,0,in range
GRID_08614,-83.838,162.601,200255.5,-639055.1,TAM,c,-1.758,0.7804,0,in range
GRID_08615,-83.836,162.519,201235.3,-638975.6,TAM,d,-1.277,0.4745,0,in range
GRID_08616,-83.836,162.249,204244.2,-638020.2,TAM,d,-0.882,0.3778,0,in range
GRID_08617,-82.652,162.501,240230.1,-761958.9,TAM,s,-1.672,1.0283,0,in range
GRID_08618,-82.666,162.617,238230.9,-760986.9,TAM,s,-1.546,0.8791,0,in range
GRID_08619,-82.68,162.733,236236.6,-760010.0,TAM,s,-1.769,0.5094,0,in range
GRID_08620,-82.678,162.664,237216.7,-759933.1,TAM,s,-1.986,0.7762,0,in range
GRID_08621,-82.686,162.642,237248.3,-759009.4,TAM,s,-1.983,0.859,0,in range
GRID_08622,-82.692,162.552,238244.1,-758011.7,TAM,s,-1.21,0.6263,0,in range
GRID_08623,-82.701,162.53,238240.5,-756984.1,TAM,s,-1.86,0.6485,0,in range
GRID_08624,-82.711,162.052,244211.4,-753933.0,TAM,s,-2.999,0.9323,0,in range
GRID_08625,-82.774,162.425,237224.1,-748958.8,TAM,s,-4.779,0.6073,0,in range
GRID_08626,-82.768,162.286,239239.4,-749004.2,TAM,s,-4.072,0.7018,0,in range
GRID_08627,-82.763,162.147,241222.9,-748940.5,TAM,s,-4.285,1.0989,0,in range
GRID_08628,-82.777,162.264,239228.1,-747977.7,TAM,s,-3.996,0.6041,0,in range
GRID_08629,-82.777,162.033,242241.7,-747007.1,TAM,s,-4.589,1.1267,0,in range
GRID_08630,-82.815,161.781,244229.7,-741999.4,TAM,s,-4.854,0.9965,0,in range
GRID_08631,-82.869,162.647,231231.4,-739987.1,TAM,g,-2.7,0.7535,0,in range
GRID_08632,-82.841,161.944,241239.3,-739996.3,TAM,s,-3.086,0.9724,1,elev
GRID_08633,-82.833,161.735,244210.3,-739939.6,TAM,s,-4.686,1.1676,0,in range
GRID_08634,-82.878,162.625,231222.6,-738961.9,TAM,g,-3.068,0.7685,0,in range
GRID_08635,-82.889,162.673,230246.3,-738010.6,TAM,g,-2.232,0.7546,0,in range
GRID_08636,-82.884,162.532,232225.4,-737961.7,TAM,g,-3.759,0.4457,0,in range
GRID_08637,-82.896,162.346,234223.1,-735957.4,TAM,s,-4.296,0.7442,0,in range
GRID_08638,-82.927,162.656,229230.4,-733988.4,TAM,s,-4.134,0.8095,0,in range
GRID_08639,-82.945,162.375,232233.3,-730985.4,TAM,s,-3.314,0.5553,0,in range
GRID_08640,-82.957,161.951,237231.1,-728003.2,TAM,s,-4.298,0.7,0,in range
GRID_08641,-83.019,163.052,221228.9,-725962.8,TAM,s,-5.033,0.3372,0,in range
GRID_08642,-83.016,162.98,222236.7,-725996.9,TAM,s,-3.722,0.5251,0,in range
GRID_08643,-83.013,162.908,223244.9,-726029.6,TAM,s,-4.59,0.4854,0,in range
GRID_08644,-83.025,162.958,222227.9,-724973.7,TAM,s,-3.417,0.5086,0,in range
GRID_08645,-83.034,162.935,222231.1,-723946.6,TAM,s,-4.264,0.4513,0,in range
GRID_08646,-83.043,162.674,225234.4,-721990.4,TAM,s,-2.733,1.0603,0,in range
GRID_08647,-82.67,163.208,230242.9,-762986.2,TAM,s,-1.979,1.0453,0,in range
GRID_08648,-82.668,163.139,231224.8,-762917.1,TAM,s,-1.981,0.9591,0,in range
GRID_08649,-82.679,163.187,230238.7,-761962.4,TAM,s,-2.369,1.0486,0,in range
GRID_08650,-82.747,162.95,231214.6,-753915.3,TAM,s,-0.292,1.1578,0,in range
GRID_08651,-82.744,162.881,232218.7,-753948.9,TAM,s,-1.159,0.8572,0,in range
GRID_08652,-82.738,162.742,234241.1,-754008.0,TAM,s,-0.941,0.9156,0,in range
GRID_08653,-82.736,162.673,235213.9,-753933.5,TAM,s,-0.943,0.834,0,in range
GRID_08654,-82.733,162.603,236232.7,-753957.7,TAM,s,-1.776,0.6874,0,in range
GRID_08655,-82.761,162.838,232237.5,-752003.5,TAM,s,-1.173,0.7898,0,in range
GRID_08656,-82.79,162.843,231239.2,-749002.8,TAM,s,-3.885,0.5003,0,in range
GRID_08657,-82.788,162.773,232218.7,-748927.9,TAM,s,-4.202,0.6733,0,in range
GRID_08658,-82.788,162.542,235236.3,-747985.6,TAM,s,-4.467,0.4968,0,in range
GRID_08659,-82.794,162.451,236226.7,-746987.4,TAM,s,-3.892,0.7097,0,in range
GRID_08660,-82.827,163.058,227251.6,-746006.6,TAM,s,-5.058,0.3272,0,in range
GRID_08661,-82.825,162.988,228226.6,-745936.9,TAM,s,-5.182,0.4471,0,in range
GRID_08662,-82.833,162.967,228244.5,-745019.3,TAM,s,-5.048,0.6619,0,in range
GRID_08663,-82.803,162.197,239235.9,-744998.6,TAM,w,-4.05,0.6434,0,in range
GRID_08664,-82.815,162.244,238225.8,-743948.7,TAM,w,-3.827,0.9578,0,in range
GRID_08665,-82.812,162.175,239221.6,-743972.6,TAM,w,-4.067,0.8899,1,elev
GRID_08666,-82.804,161.966,242203.8,-743924.4,TAM,s,-4.501,1.1043,0,in range
GRID_08667,-82.801,161.896,243214.2,-743938.8,TAM,s,-4.571,0.9649,0,in range
GRID_08668,-82.824,161.99,241218.1,-741952.2,TAM,w,-3.755,1.0158,1,elev
GRID_08669,-82.891,163.212,223230.5,-739935.2,TAM,g,-2.697,0.8608,0,in range
GRID_08670,-82.877,162.858,228247.7,-740000.2,TAM,s,-2.88,0.6348,0,in range
GRID_08671,-82.899,163.191,223249.5,-739018.6,TAM,g,-3.7,0.4773,0,in range
GRID_08672,-82.916,163.383,220241.9,-737986.8,TAM,s,-5.046,0.3692,0,in range
GRID_08673,-82.906,163.098,224226.9,-737925.1,TAM,g,-3.175,0.3438,0,in range
GRID_08674,-82.925,163.362,220231.4,-736966.1,TAM,s,-3.234,0.5574,0,in range
GRID_08675,-82.922,163.29,221251.4,-737001.9,TAM,s,-4.64,0.5867,0,in range
GRID_08676,-82.917,163.148,223235.3,-736972.9,TAM,s,-3.967,0.5253,0,in range
GRID_08677,-82.914,163.077,224243.5,-737008.6,TAM,s,-4.41,0.4795,0,in range
GRID_08678,-82.934,163.34,220233.1,-735941.6,TAM,s,-3.453,0.2869,0,in range
GRID_08679,-82.931,163.269,221239.1,-735981.3,TAM,s,-4.536,0.5135,0,in range
GRID_08680,-82.943,163.319,220221.3,-734921.1,TAM,s,-3.734,0.3721,0,in range
GRID_08681,-82.94,163.248,221226.1,-734960.7,TAM,s,-3.888,0.5742,0,in range
GRID_08682,-82.949,163.226,221225.1,-733936.5,TAM,s,-3.641,0.5434,0,in range
GRID_08683,-82.978,163.233,220223.6,-730936.9,TAM,s,-5.196,0.4357,0,in range
GRID_08684,-82.975,163.161,221236.6,-730972.5,TAM,s,-3.815,0.522,0,in range
GRID_08685,-82.972,163.089,222250.2,-731006.8,TAM,s,-3.204,0.4722,0,in range
GRID_08686,-82.986,163.211,220252.3,-730017.5,TAM,s,-3.819,0.5282,0,in range
GRID_08687,-82.984,163.139,221232.8,-729948.7,TAM,s,-4.144,0.4174,0,in range
GRID_08688,-82.984,162.902,224250.3,-729027.4,TAM,s,-3.341,0.6617,0,in range
GRID_08689,-83.001,163.096,221241.8,-728009.6,TAM,s,-3.661,0.4868,0,in range
GRID_08690,-82.999,163.024,222220.1,-727939.5,TAM,s,-3.906,0.7682,0,in range
GRID_08691,-83.01,163.074,221235.7,-726986.2,TAM,s,-4.603,0.4261,0,in range
GRID_08692,-82.486,162.68,243237.6,-779987.1,TAM,s,-3.121,0.6124,0,in range
GRID_08693,-82.493,162.149,250221.7,-776972.7,TAM,s,-2.495,0.8816,0,in range
GRID_08694,-82.499,162.06,251226.8,-775960.5,TAM,s,-3.22,1.045,0,in range
GRID_08695,-82.496,161.994,252221.6,-775981.8,TAM,s,2.485,1.3233,0,in range
GRID_08696,-82.505,161.972,252215.8,-774951.6,TAM,s,-3.104,0.8596,0,in range
GRID_08697,-82.917,161.902,239208.0,-731944.4,TAM,s,-4.257,0.7586,0,in range
GRID_08698,-83.053,163.203,218244.0,-722995.7,TAM,s,-3.625,0.2817,0,in range
GRID_08699,-83.062,163.181,218237.8,-721973.0,TAM,s,-3.54,0.5303,0,in range
GRID_08700,-83.068,163.086,219244.3,-720984.5,TAM,s,-4.123,0.5507,0,in range
GRID_08701,-83.049,162.579,226235.4,-720992.0,TAM,s,-4.484,0.6587,0,in range
GRID_08702,-83.077,163.064,219235.4,-719961.9,TAM,s,-4.748,0.487,0,in range
GRID_08703,-83.086,163.042,219225.7,-718939.4,TAM,s,-2.636,0.5889,0,in range
GRID_08704,-83.064,162.461,227227.2,-718965.7,TAM,s,-2.309,1.2607,0,in range
GRID_08705,-83.094,163.02,219247.1,-718021.4,TAM,s,-0.995,1.1043,0,in range
GRID_08706,-83.047,161.788,236235.4,-718007.2,TAM,s,-4.054,0.694,0,in range
GRID_08707,-83.106,163.071,218227.1,-716965.1,TAM,s,-3.185,0.5739,0,in range
GRID_08708,-83.115,163.048,218228.9,-715939.2,TAM,s,-3.889,0.4574,0,in range
GRID_08709,-83.123,163.026,218249.3,-715021.5,TAM,s,0.27,1.0185,0,in range
GRID_08710,-83.104,162.515,225239.7,-715021.6,TAM,s,-1.544,0.7052,0,in range
GRID_08711,-83.09,162.151,230245.3,-715028.5,TAM,s,-1.745,0.7966,0,in range
GRID_08712,-83.132,163.004,218237.1,-713999.7,TAM,s,-0.936,0.5859,0,in range
GRID_08713,-83.094,161.982,232218.5,-713931.7,TAM,s,-2.178,0.9315,0,in range
GRID_08714,-83.082,161.693,236227.4,-713993.0,TAM,s,-1.901,0.9394,0,in range
GRID_08715,-83.13,162.688,222236.5,-712993.3,TAM,s,-2.259,0.8532,0,in range
GRID_08716,-83.127,162.615,223242.4,-713021.5,TAM,s,-1.446,0.8827,0,in range
GRID_08717,-83.116,162.323,227237.3,-713016.7,TAM,s,-0.845,0.8551,0,in range
GRID_08718,-83.139,162.665,222230.5,-711967.7,TAM,s,-2.34,0.8507,0,in range
GRID_08719,-83.148,162.642,222223.6,-710942.3,TAM,s,0.64,1.0889,0,in range
GRID_08720,-83.145,162.569,223227.2,-710970.5,TAM,s,-1.5,0.735,0,in range
GRID_08721,-83.159,162.693,221234.1,-709995.4,TAM,s,-1.756,0.9037,0,in range
GRID_08722,-83.191,162.771,219234.5,-706965.2,TAM,s,-2.653,0.6721,0,in range
GRID_08723,-83.217,162.702,219243.2,-703995.6,TAM,s,-1.837,0.7163,0,in range
GRID_08724,-83.212,162.554,221224.3,-703946.7,TAM,s,-1.268,0.7445,0,in range
GRID_08725,-83.201,162.259,225211.1,-703940.0,TAM,s,-2.122,0.8701,0,in range
GRID_08726,-83.227,162.187,225228.8,-700959.1,TAM,s,-1.253,0.7973,0,in range
GRID_08727,-83.249,162.535,220247.7,-700027.3,TAM,s,-1.643,0.7292,0,in range
GRID_08728,-83.247,162.461,221217.3,-699950.1,TAM,s,-2.108,1.0513,0,in range
GRID_08729,-83.255,162.437,221247.5,-699026.3,TAM,s,-2.222,0.8406,0,in range
GRID_08730,-83.253,162.363,222216.1,-698947.6,TAM,d,-1.653,0.6758,0,in range
GRID_08731,-83.316,162.52,218238.1,-693006.3,TAM,s,-2.217,0.801,0,in range
GRID_08732,-83.334,162.472,218228.0,-690953.1,TAM,s,-2.55,0.6898,0,in range
GRID_08733,-83.342,162.449,218242.5,-690034.4,TAM,s,-2.328,0.7467,0,in range
GRID_08734,-83.343,161.948,224234.0,-687996.1,TAM,s,-2.121,0.8248,0,in range
GRID_08735,-83.352,161.924,224217.9,-686969.9,TAM,s,-2.566,0.861,1,elev
GRID_08736,-83.346,161.773,226232.1,-686997.5,TAM,d,-1.661,0.8824,1,elev
GRID_08737,-83.407,162.103,220229.2,-681964.7,TAM,s,-1.939,0.5821,1,elev
GRID_08757,-82.036,163.14,251205.6,-828895.0,TAM,s,-4.858,0.5286,0,in range
GRID_08758,-82.072,163.336,247242.2,-825986.2,TAM,s,-1.802,0.5958,0,in range
GRID_08759,-82.07,163.272,248227.4,-825918.5,TAM,s,-4.394,0.5762,0,in range
GRID_08760,-82.098,163.489,244229.3,-823923.5,TAM,s,-5.36,0.2594,0,in range
GRID_08761,-82.093,163.362,246211.2,-823902.9,TAM,s,-4.306,0.6444,0,in range
GRID_08762,-82.137,163.753,239239.9,-820954.8,TAM,s,2.007,1.3091,0,in range
GRID_08763,-82.124,163.432,244240.0,-820961.1,TAM,s,-4.706,0.8791,0,in range
GRID_08764,-82.141,163.606,241222.2,-819919.6,TAM,s,-4.861,0.7611,0,in range
GRID_08765,-82.147,163.523,242224.0,-818941.6,TAM,s,-4.567,0.9785,0,in range
GRID_08766,-82.203,163.259,244235.0,-811966.1,TAM,g,-5.52,0.1985,0,in range
GRID_08767,-82.233,163.759,236224.7,-810924.2,TAM,s,1.625,1.1115,0,in range
GRID_08768,-82.217,163.369,242238.5,-810970.0,TAM,s,-4.519,0.6445,0,in range
GRID_08769,-82.209,163.175,245235.6,-810980.6,TAM,g,-5.004,0.2577,0,in range
GRID_08770,-82.231,163.48,240232.7,-809973.5,TAM,s,-4.318,0.5965,0,in range
GRID_08771,-82.24,163.46,240235.9,-808948.4,TAM,s,-4.834,0.3367,0,in range
GRID_08772,-82.251,163.506,239245.6,-807990.4,TAM,s,2.178,1.3357,0,in range
GRID_08773,-82.249,163.441,240224.3,-807927.6,TAM,s,1.032,1.3578,0,in range
GRID_08774,-82.241,163.246,243224.2,-807941.0,TAM,s,-3.385,0.4179,0,in range
GRID_08775,-83.094,163.816,209250.9,-720997.9,TAM,s,-3.824,0.6036,0,in range
GRID_08776,-82.865,163.814,216234.0,-744961.7,TAM,s,-4.591,0.5418,0,in range
GRID_08777,-83.049,163.61,213225.7,-724946.0,TAM,s,-3.712,0.5433,0,in range
GRID_08778,-83.065,163.807,210245.6,-724000.2,TAM,s,-3.102,0.6079,0,in range
GRID_08779,-83.083,163.764,210240.4,-721958.7,TAM,s,-3.603,0.4794,0,in range
GRID_08780,-83.07,163.399,215240.1,-721962.5,TAM,s,-4.445,0.692,0,in range
GRID_08781,-83.092,163.743,210230.4,-720940.0,TAM,s,-3.438,0.4435,0,in range
GRID_08782,-83.081,163.451,214243.3,-721008.4,TAM,s,-2.923,0.3619,0,in range
GRID_08783,-83.095,163.575,212251.0,-720006.9,TAM,s,-3.232,0.6799,0,in range
GRID_08784,-83.093,163.502,213230.0,-719944.8,TAM,s,-3.303,0.6979,0,in range
GRID_08785,-83.112,163.774,209231.3,-718960.8,TAM,s,-3.487,0.623,0,in range
GRID_08786,-83.132,163.804,208246.8,-716977.1,TAM,s,-3.273,0.5149,0,in range
GRID_08787,-83.138,163.709,209251.9,-716003.2,TAM,s,-3.239,0.6129,0,in range
GRID_08788,-83.036,163.797,211253.9,-726998.7,TAM,s,-4.759,0.3995,0,in range
GRID_08789,-82.703,163.056,231217.6,-758930.8,TAM,s,-0.998,0.7591,0,in range
GRID_08790,-82.719,163.242,228249.6,-758007.0,TAM,s,-2.23,0.8938,0,in range
GRID_08791,-82.726,163.152,229218.8,-756917.1,TAM,s,-1.055,0.7883,0,in range
GRID_08792,-82.74,163.27,227220.1,-755925.7,TAM,s,-2.095,0.7503,0,in range
GRID_08793,-82.737,163.2,228238.0,-755960.7,TAM,s,-2.644,0.87,0,in range
GRID_08794,-82.755,163.158,228223.5,-753914.9,TAM,s,-2.144,0.919,0,in range
GRID_08795,-82.752,163.089,229226.4,-753952.4,TAM,s,-0.468,1.2801,0,in range
GRID_08796,-82.777,163.256,226242.6,-752007.3,TAM,s,-0.837,0.6748,0,in range
GRID_08797,-82.775,163.186,227224.3,-751939.1,TAM,s,-0.885,0.982,0,in range
GRID_08798,-82.769,163.046,229251.7,-752007.3,TAM,s,-1.892,1.204,0,in range
GRID_08799,-82.791,163.375,224243.6,-751013.1,TAM,s,-1.949,0.7819,0,in range
GRID_08800,-82.784,163.165,227215.7,-750916.6,TAM,s,-0.824,0.4879,0,in range
GRID_08801,-82.798,163.284,225216.6,-749925.1,TAM,s,-5.499,0.5058,0,in range
GRID_08802,-82.795,163.214,226227.1,-749962.5,TAM,s,-4.183,0.4331,0,in range
GRID_08803,-82.798,163.052,228251.3,-749007.0,TAM,s,-3.715,0.48,0,in range
GRID_08804,-82.865,163.043,226238.7,-741984.6,TAM,s,-4.559,0.4866,0,in range
GRID_08805,-82.887,163.376,221236.4,-740989.0,TAM,s,-4.482,0.4912,0,in range
GRID_08806,-82.879,163.163,224242.1,-740996.1,TAM,g,-3.609,0.8681,0,in range
GRID_08807,-82.874,163.021,226237.1,-740959.3,TAM,s,-3.736,0.5996,0,in range
GRID_08808,-82.871,162.951,227238.0,-740995.1,TAM,s,-4.098,0.6206,0,in range
GRID_08809,-82.896,163.354,221239.9,-739964.0,TAM,s,-4.294,0.5053,0,in range
GRID_08810,-82.535,163.669,228235.9,-778941.1,TAM,g,-2.302,0.58,0,in range
GRID_08811,-82.415,163.79,230243.8,-791988.4,TAM,w,-3.887,0.5718,0,in range
GRID_08812,-82.424,163.77,230245.9,-790965.5,TAM,w,-3.846,0.5768,0,in range
GRID_08813,-82.422,163.704,231218.1,-790909.1,TAM,g,-4.634,0.7571,0,in range
GRID_08814,-82.419,163.637,232235.0,-790952.2,TAM,g,-3.951,0.5156,0,in range
GRID_08815,-82.43,163.684,231249.0,-789991.0,TAM,g,-4.566,0.4244,0,in range
GRID_08816,-82.423,163.484,234222.2,-789910.9,TAM,g,-3.366,0.5591,0,in range
GRID_08817,-82.444,163.798,229250.7,-788983.2,TAM,g,-3.098,1.0171,0,in range
GRID_08818,-82.426,163.331,236236.9,-788969.2,TAM,g,-1.043,0.6607,0,in range
GRID_08819,-82.445,163.578,232247.6,-787992.5,TAM,g,-4.83,0.4126,0,in range
GRID_08820,-82.435,163.311,236230.4,-787946.4,TAM,g,-4.757,0.1473,0,in range
GRID_08821,-82.432,163.244,237245.9,-787983.0,TAM,g,-4.34,0.4085,0,in range
GRID_08822,-82.454,163.558,232244.8,-786970.0,TAM,g,-4.858,0.8009,0,in range
GRID_08823,-82.488,163.701,229239.3,-783988.1,TAM,g,-1.841,0.5395,0,in range
GRID_09067,-80.07,156.723,427163.5,-992959.6,TAM,w,-5.022,0.5916,0,in range
GRID_09068,-80.079,156.702,427137.9,-991898.5,TAM,w,-6.01,0.2572,0,in range
GRID_09069,-80.091,156.729,426151.7,-990893.4,TAM,w,-5.304,0.5775,0,in range
GRID_09070,-80.099,156.708,426168.7,-989933.1,TAM,w,-5.149,0.8436,0,in range
GRID_09071,-80.081,156.465,431149.8,-989922.5,TAM,w,-4.584,0.9294,0,in range
GRID_09072,-80.077,156.416,432171.4,-989954.6,TAM,c,-6.802,0.5943,0,in range
GRID_09073,-80.074,156.368,433132.1,-989892.9,TAM,w,-5.932,0.6435,0,in range
GRID_09074,-80.108,156.687,426141.8,-988872.5,TAM,w,-5.543,0.4863,0,in range
GRID_09075,-80.089,156.444,431162.8,-988962.0,TAM,w,-5.149,0.6327,0,in range
GRID_09076,-80.086,156.395,432139.8,-988893.7,TAM,w,-5.783,0.4441,0,in range
GRID_09077,-80.082,156.346,433161.0,-988924.7,TAM,w,-3.559,0.7874,0,in range
GRID_09078,-80.116,156.666,426157.5,-987912.5,TAM,w,-3.668,0.7252,0,in range
GRID_09079,-80.098,156.422,431148.5,-987893.8,TAM,c,-5.745,0.6378,0,in range
GRID_09080,-80.094,156.374,432151.4,-987933.3,TAM,w,-5.69,0.446,0,in range
GRID_09081,-80.091,156.325,433128.0,-987864.0,TAM,w,-5.524,0.5451,0,in range
GRID_09082,-80.132,156.743,424138.2,-986875.9,TAM,w,-6.175,0.1858,0,in range
GRID_09083,-80.128,156.694,425155.2,-986914.8,TAM,w,-5.452,0.4336,0,in range
GRID_09084,-80.124,156.645,426172.5,-986952.6,TAM,w,-5.138,0.7451,0,in range
GRID_09085,-80.106,156.401,431160.2,-986933.6,TAM,c,-5.516,0.8643,0,in range
GRID_09086,-80.103,156.352,432135.7,-986865.2,TAM,c,-5.667,0.819,0,in range
GRID_09087,-80.099,156.304,433138.2,-986903.6,TAM,w,-5.882,0.4303,0,in range
GRID_09088,-80.14,156.722,424154.0,-985916.3,TAM,w,-4.991,0.6713,0,in range
GRID_09089,-80.136,156.673,425170.3,-985955.1,TAM,w,-3.504,1.0913,0,in range
GRID_09090,-80.111,156.331,432146.0,-985905.0,TAM,c,-6.282,0.5994,0,in range
GRID_09091,-80.107,156.282,433165.0,-985935.8,TAM,w,-6.224,0.4428,0,in range
GRID_09092,-80.148,156.701,424169.1,-984956.9,TAM,w,-6.043,0.4704,0,in range
GRID_09093,-80.145,156.652,425141.3,-984895.1,TAM,w,-5.557,0.5517,0,in range
GRID_09094,-80.157,156.68,424140.2,-983897.1,TAM,w,-5.845,0.3649,0,in range
GRID_09095,-80.153,156.631,425155.1,-983935.8,TAM,w,-5.981,0.3781,0,in range
GRID_09096,-80.139,156.435,429130.9,-983879.6,TAM,c,-6.02,0.5968,0,in range
GRID_09097,-80.165,156.659,424154.0,-982937.9,TAM,c,-6.165,0.5644,0,in range
GRID_09098,-80.151,156.463,428125.7,-982885.5,TAM,c,-5.082,1.2891,0,in range
GRID_09099,-80.174,156.637,424141.0,-981871.1,TAM,c,-5.864,0.6059,0,in range
GRID_09100,-80.17,156.588,425154.4,-981909.6,TAM,w,-5.383,0.5664,0,in range
GRID_09101,-80.186,156.665,423141.0,-980872.7,TAM,w,-5.738,0.3639,0,in range
GRID_09102,-80.182,156.616,424153.4,-980912.2,TAM,w,-5.519,0.3153,0,in range
GRID_09103,-80.176,156.398,428145.4,-979892.8,TAM,c,-6.395,0.4093,0,in range
GRID_09104,-80.181,156.328,429122.6,-978868.0,TAM,c,-6.226,0.5567,0,in range
GRID_09105,-80.189,156.306,429146.7,-977901.7,TAM,c,-5.902,0.5518,0,in range
GRID_09106,-80.417,156.842,410171.7,-958943.1,TAM,g,-5.731,0.6729,0,in range
GRID_09107,-80.426,156.821,410135.8,-957887.9,TAM,g,-5.471,0.9518,0,in range
GRID_09108,-80.422,156.77,411160.8,-957924.5,TAM,g,-5.778,0.6396,0,in range
GRID_09109,-80.434,156.799,410158.9,-956926.2,TAM,g,-6.053,0.8423,0,in range
GRID_09110,-80.431,156.749,411123.3,-956869.3,TAM,g,-5.135,1.0216,0,in range
GRID_09111,-80.439,156.727,411145.0,-955907.7,TAM,c,-5.722,1.0683,0,in range
GRID_09112,-80.417,156.424,417156.7,-955925.3,TAM,w,-5.888,1.0219,0,in range
GRID_09113,-80.447,156.705,411166.0,-954946.2,TAM,g,-5.135,0.9398,0,in range
GRID_09114,-80.444,156.654,412145.9,-954881.0,TAM,g,-5.699,0.6574,0,in range
GRID_09115,-80.44,156.604,413152.7,-954922.5,TAM,g,-4.614,1.1033,0,in range
GRID_09116,-80.429,156.453,416148.5,-954933.2,TAM,w,-5.644,0.9343,1,slope
GRID_09117,-80.452,156.633,412148.8,-953926.8,TAM,g,-5.141,0.933,0,in range
GRID_09118,-80.434,156.38,417145.8,-953901.2,TAM,w,-4.011,1.1231,0,in range
GRID_09119,-80.46,156.611,412167.8,-952965.5,TAM,g,-6.202,0.8587,1,slope
GRID_09120,-80.457,156.56,413146.4,-952899.2,TAM,g,-5.19,0.7017,0,in range
GRID_09121,-80.465,156.538,413163.9,-951938.0,TAM,g,-5.141,1.0513,0,in range
GRID_09122,-80.462,156.488,414125.4,-951877.9,TAM,g,-4.902,0.9773,0,in range
GRID_09123,-80.458,156.437,415147.3,-951909.9,TAM,g,-4.552,1.1872,0,in range
GRID_09124,-80.47,156.466,414141.5,-950916.7,TAM,g,-3.564,1.2942,0,in range
GRID_09125,-80.466,156.415,415162.8,-950948.6,TAM,g,-3.631,1.4806,0,in range
GRID_09126,-80.478,156.444,414157.0,-949955.7,TAM,g,-3.41,1.6472,0,in range
GRID_09127,-80.475,156.393,415133.7,-949887.3,TAM,g,-4.166,1.2534,0,in range
GRID_09128,-80.483,156.371,415147.8,-948926.3,TAM,g,-4.54,1.1773,1,slope
GRID_09129,-80.311,156.343,423159.8,-965954.0,TAM,w,-5.452,0.4308,0,in range
GRID_09130,-80.408,156.986,408145.2,-960876.9,TAM,g,-6.545,0.4351,0,in range
GRID_09131,-80.404,156.936,409154.9,-960922.9,TAM,g,-5.82,0.6751,0,in range
GRID_09132,-80.412,156.914,409180.8,-959960.9,TAM,g,-5.156,0.9385,0,in range
GRID_09133,-80.421,156.893,409146.3,-958905.5,TAM,g,-4.718,1.0962,0,in range
GRID_09134,-80.429,156.871,409170.8,-957943.7,TAM,g,-4.726,1.0108,0,in range
GRID_09135,-80.438,156.85,409134.9,-956888.7,TAM,g,-6.084,0.7994,0,in range
GRID_09136,-80.42,156.597,414138.2,-956879.4,TAM,w,-6.26,0.7564,0,in range
GRID_09137,-80.051,156.598,430154.6,-993933.4,TAM,w,-5.566,0.587,0,in range
GRID_09138,-80.06,156.577,430127.4,-992872.0,TAM,w,-5.62,0.4949,0,in range
GRID_09139,-80.056,156.528,431150.7,-992905.3,TAM,w,-4.392,0.9835,0,in range
GRID_09140,-80.052,156.48,432157.0,-992945.1,TAM,w,-4.911,0.7727,0,in range
GRID_09141,-80.068,156.556,430143.0,-991911.2,TAM,c,-5.828,0.7407,0,in range
GRID_09142,-80.064,156.507,431165.6,-991944.3,TAM,w,-5.098,0.7261,0,in range
GRID_09143,-80.061,156.459,432127.6,-991883.7,TAM,w,-5.399,0.7156,0,in range
GRID_09144,-80.057,156.41,433150.8,-991915.0,TAM,w,-4.223,0.9836,0,in range
GRID_09145,-80.053,156.362,434157.2,-991952.7,TAM,w,-4.609,0.8868,0,in range
GRID_09146,-80.076,156.535,430157.9,-990950.4,TAM,c,-5.666,0.7489,0,in range
GRID_09147,-80.073,156.486,431136.2,-990883.2,TAM,c,-6.14,0.6209,0,in range
GRID_09148,-80.069,156.437,432158.4,-990915.3,TAM,w,-6.432,0.3461,0,in range
GRID_09149,-80.065,156.389,433163.7,-990954.0,TAM,w,-5.018,0.6199,0,in range
GRID_09150,-80.062,156.34,434142.8,-990883.9,TAM,w,-5.146,0.538,0,in range
GRID_09151,-80.058,156.292,435148.8,-990920.6,TAM,w,-4.872,0.743,0,in range
GRID_09152,-80.075,156.249,435143.1,-988891.1,TAM,w,-5.748,0.4456,0,in range
GRID_09153,-80.083,156.228,435152.6,-987930.4,TAM,w,-5.522,0.2956,0,in range
GRID_09154,-80.092,156.207,435117.4,-986869.7,TAM,w,-5.491,0.5366,0,in range
GRID_09155,-80.088,156.158,436138.1,-986897.6,TAM,w,-5.505,0.6238,0,in range
GRID_09156,-80.104,156.234,434123.1,-985873.0,TAM,w,-5.836,0.5769,0,in range
GRID_09157,-80.1,156.185,435142.8,-985901.7,TAM,w,-5.284,0.4903,0,in range
GRID_09158,-80.116,156.261,433129.9,-984875.5,TAM,c,-6.552,0.5411,0,in range
GRID_09159,-80.112,156.212,434148.6,-984905.2,TAM,w,-5.808,0.6385,0,in range
GRID_09160,-80.108,156.164,435150.4,-984941.5,TAM,w,-6.263,0.4049,0,in range
GRID_09161,-80.124,156.24,433138.2,-983915.5,TAM,c,-5.957,0.4539,0,in range
GRID_09162,-80.12,156.191,434156.2,-983945.2,TAM,w,-5.681,0.7427,0,in range
GRID_09163,-80.129,156.169,434136.1,-982877.6,TAM,w,-5.71,0.5415,0,in range
GRID_09257,-79.929,158.48,402178.3,-1019944.9,TAM,g,-4.708,1.1619,0,in range
GRID_09258,-79.926,158.431,403171.1,-1019905.9,TAM,g,-5.376,0.9339,0,in range
GRID_09259,-79.938,158.461,402154.9,-1018895.2,TAM,g,-6.201,0.545,0,in range
GRID_09260,-79.928,158.315,405154.3,-1018884.2,TAM,g,-5.119,0.8642,1,slope
GRID_09261,-79.943,158.393,403162.3,-1017908.4,TAM,g,-4.923,1.121,0,in range
GRID_10147,-81.578,161.532,290202.6,-868936.6,TAM,s,2.871,1.6321,0,in range
GRID_10148,-81.63,161.412,290212.1,-862945.7,TAM,s,-4.057,1.0053,0,in range
GRID_10149,-81.653,161.691,285217.8,-861964.7,TAM,s,-3.54,0.9596,0,in range
GRID_10150,-81.639,161.392,290199.8,-861913.1,TAM,s,-4.409,0.5756,0,in range
GRID_10151,-81.65,161.432,289215.6,-860977.0,TAM,s,-3.952,0.8289,0,in range
GRID_10152,-81.659,161.412,289202.9,-859944.7,TAM,s,-4.108,0.6426,0,in range
GRID_10153,-81.656,161.352,290208.0,-859951.7,TAM,s,-3.873,0.8589,0,in range
GRID_10154,-81.763,162.38,271197.1,-853887.2,TAM,g,-5.025,0.5379,0,in range
GRID_10155,-81.815,162.263,271211.0,-847925.4,TAM,g,-4.318,0.5699,0,in range
GRID_10156,-81.627,161.75,285219.0,-864953.7,TAM,s,-3.487,0.7767,0,in range
GRID_10157,-81.639,161.79,284205.6,-863908.1,TAM,s,-4.138,0.7299,0,in range
GRID_10158,-81.636,161.73,285212.8,-863921.0,TAM,s,-3.721,0.9482,0,in range
GRID_10159,-81.65,161.83,283227.9,-862965.3,TAM,s,-3.608,0.9656,0,in range
GRID_10160,-81.673,162.111,278220.9,-861954.4,TAM,g,-3.634,1.1019,1,slope
GRID_10161,-81.699,162.253,275218.7,-859937.9,TAM,g,-5.16,0.9842,0,in range
GRID_10162,-81.708,162.234,275204.0,-858911.0,TAM,g,-5.272,0.6044,0,in range
GRID_10163,-81.742,162.358,272219.7,-855967.5,TAM,g,-5.742,0.6488,0,in range
GRID_10164,-81.831,162.835,262217.1,-848922.0,TAM,g,-4.712,0.5687,0,in range
GRID_10165,-81.812,162.405,269207.7,-848907.1,TAM,g,1.962,1.2509,0,in range
GRID_10166,-81.84,162.816,262208.4,-847896.6,TAM,g,-1.792,0.6842,0,in range
GRID_10167,-81.851,162.859,261218.1,-846945.8,TAM,g,-5.177,0.3508,0,in range
GRID_10168,-81.892,162.906,259207.9,-842882.6,TAM,g,1.673,1.3075,0,in range
GRID_10169,-81.889,162.844,260216.5,-842914.5,TAM,g,1.484,1.2028,0,in range
GRID_10170,-81.929,162.892,258226.0,-838959.9,TAM,g,1.566,1.1416,0,in range
GRID_10171,-81.935,162.81,259232.9,-837963.9,TAM,g,-4.814,0.2874,0,in range
GRID_10172,-81.947,162.853,258217.8,-836906.8,TAM,g,-2.604,0.3892,0,in range
GRID_10173,-81.941,162.728,260237.5,-836966.8,TAM,g,-3.481,0.3654,0,in range
GRID_10174,-80.031,156.993,424147.6,-998889.8,TAM,w,-5.669,0.6491,0,in range
GRID_10175,-80.027,156.945,425155.7,-998936.9,TAM,c,-6.122,0.8388,0,in range
GRID_10176,-80.043,157.021,423146.7,-997888.0,TAM,c,-6.355,0.9414,0,in range
GRID_10177,-80.039,156.973,424153.8,-997936.0,TAM,w,-5.399,0.7954,0,in range
GRID_10178,-80.036,156.924,425135.8,-997874.9,TAM,w,-5.564,0.5084,0,in range
GRID_10179,-80.055,157.049,422147.0,-996885.5,TAM,c,-6.754,0.9038,0,in range
GRID_10180,-80.051,157.001,423153.0,-996934.4,TAM,w,-3.62,1.023,0,in range
GRID_10181,-80.048,156.952,424134.0,-996874.2,TAM,w,-5.76,0.6027,0,in range
GRID_10182,-80.063,157.029,422153.3,-995932.1,TAM,c,-6.856,0.524,0,in range
GRID_10183,-80.06,156.98,423133.2,-995872.8,TAM,w,-6.153,0.5065,0,in range
GRID_10184,-80.056,156.931,424156.3,-995913.3,TAM,w,-5.271,1.1429,0,in range
GRID_10185,-80.052,156.883,425162.3,-995960.2,TAM,w,-5.72,0.3966,0,in range
GRID_10186,-80.075,157.057,421154.7,-994929.0,TAM,c,-6.251,0.7803,0,in range
GRID_10187,-80.072,157.008,422133.6,-994870.7,TAM,c,-6.485,0.2695,0,in range
GRID_10188,-80.064,156.91,424178.0,-994952.5,TAM,w,-4.742,1.1166,0,in range
GRID_10189,-80.087,157.085,420157.1,-993925.3,TAM,w,-6.441,0.3064,0,in range
GRID_10190,-80.084,157.036,421135.1,-993867.8,TAM,w,-5.76,0.2943,0,in range
GRID_10191,-80.08,156.987,422156.0,-993910.2,TAM,w,-5.593,0.5231,0,in range
GRID_10192,-80.096,157.064,420137.6,-992864.3,TAM,w,-5.646,0.2514,0,in range
GRID_10193,-80.092,157.015,421157.5,-992907.5,TAM,w,-5.667,0.3808,0,in range
GRID_10194,-80.108,157.092,419141.3,-991860.0,TAM,w,-5.677,0.5359,0,in range
GRID_10195,-80.116,157.072,419146.5,-990907.4,TAM,w,-4.492,1.013,0,in range
GRID_10196,-80.117,156.953,421160.8,-989934.1,TAM,w,-5.962,0.4116,0,in range
GRID_10197,-80.133,157.03,419146.8,-988887.3,TAM,w,-5.309,0.4482,0,in range
GRID_10198,-80.159,157.255,414160.4,-987902.2,TAM,w,-6.076,0.8432,0,in range
GRID_10199,-80.141,157.009,419167.4,-987927.9,TAM,w,-5.291,0.4273,0,in range
GRID_10200,-80.183,156.905,419157.4,-982938.5,TAM,w,-5.389,0.506,0,in range
GRID_10201,-80.199,156.982,417151.6,-981889.8,TAM,w,-5.582,0.3884,0,in range
GRID_10202,-80.195,156.933,418162.6,-981935.3,TAM,w,-5.583,0.5938,0,in range
GRID_10203,-80.196,156.813,420175.2,-980956.8,TAM,w,-5.462,0.514,0,in range
GRID_10204,-80.212,156.891,418152.4,-979917.9,TAM,w,-5.494,0.574,0,in range
GRID_10205,-80.393,156.785,412160.2,-960946.9,TAM,w,-6.116,0.6955,0,in range
GRID_10206,-80.414,156.792,411137.7,-958886.4,TAM,w,-6.139,0.8466,0,in range
GRID_10207,-80.427,156.698,412147.9,-956904.8,TAM,w,-5.406,1.3108,0,in range
GRID_10208,-80.423,156.648,413156.2,-956946.4,TAM,w,-5.792,0.8862,0,in range
GRID_10209,-80.443,156.777,410138.2,-955864.1,TAM,c,-6.387,1.1435,0,in range
GRID_10210,-80.435,156.676,412168.9,-955943.1,TAM,w,-5.936,0.6931,0,in range
GRID_10211,-80.358,156.993,410165.2,-965960.4,TAM,w,-6.406,0.6359,0,in range
GRID_10212,-80.367,156.971,410150.9,-964896.9,TAM,w,-6.664,0.6705,0,in range
GRID_10213,-80.363,156.921,411164.3,-964941.1,TAM,w,-6.424,0.5946,0,in range
GRID_10214,-80.379,157.0,409149.7,-963896.2,TAM,g,-5.606,0.5655,0,in range
GRID_10215,-80.372,156.9,411131.8,-963884.9,TAM,w,-6.414,0.8692,0,in range
GRID_10216,-80.391,157.029,408149.6,-962894.8,TAM,c,-6.393,1.0377,0,in range
GRID_10217,-80.387,156.979,409160.8,-962940.9,TAM,c,-6.084,0.7678,0,in range
GRID_10218,-80.384,156.928,410146.3,-962878.2,TAM,w,-6.046,0.7204,0,in range
GRID_10219,-80.38,156.878,411158.2,-962922.3,TAM,w,-6.433,0.8276,0,in range
GRID_10220,-80.396,156.957,409145.2,-961878.0,TAM,g,-5.792,0.7781,0,in range
GRID_10221,-80.392,156.907,410156.0,-961923.0,TAM,g,-5.52,0.806,0,in range
GRID_10222,-80.389,156.857,411124.3,-961866.4,TAM,w,-6.39,0.7217,0,in range
GRID_10223,-80.401,156.885,410138.9,-960860.1,TAM,w,-6.179,0.8337,0,in range
GRID_10224,-80.409,156.864,410147.3,-959905.1,TAM,w,-6.159,0.9068,0,in range
GRID_10225,-79.657,155.885,460110.6,-1027868.1,TAM,w,-4.958,0.585,1,temp
GRID_10226,-79.653,155.838,461132.9,-1027890.0,TAM,w,-4.032,0.9741,1,temp
GRID_10227,-79.661,155.817,461150.8,-1026921.8,TAM,w,-6.031,0.4032,1,temp
GRID_10228,-79.707,156.262,451133.6,-1025861.8,TAM,w,-5.511,0.7568,1,temp
GRID_10229,-79.692,156.076,455127.5,-1025893.2,TAM,c,-5.447,0.5015,1,temp
GRID_10230,-79.688,156.029,456146.8,-1025919.7,TAM,w,-5.515,0.5579,1,temp
GRID_10231,-79.669,155.796,461168.0,-1025953.7,TAM,w,-5.529,0.5642,1,temp
GRID_10232,-79.719,156.289,450121.8,-1024871.4,TAM,w,-5.756,0.8273,0,in range
GRID_10233,-79.715,156.242,451138.8,-1024902.6,TAM,w,-6.084,0.3877,1,temp
GRID_10234,-79.7,156.055,455148.0,-1024925.7,TAM,c,-5.524,0.6992,1,temp
GRID_10235,-79.678,155.776,461121.7,-1024894.0,TAM,c,-5.686,0.6948,1,temp
GRID_10236,-79.749,156.55,444141.4,-1023897.9,TAM,w,-6.545,0.5,0,in range
GRID_10237,-79.745,156.503,445155.8,-1023934.9,TAM,w,-6.55,0.3245,0,in range
GRID_10238,-79.727,156.268,450144.9,-1023904.5,TAM,w,-6.611,0.5397,0,in range
GRID_10239,-79.723,156.221,451161.2,-1023935.7,TAM,w,-5.987,0.4201,1,temp
GRID_10240,-79.709,156.034,455123.3,-1023858.4,TAM,c,-5.768,0.8271,1,temp
GRID_10241,-79.754,156.482,445137.9,-1022868.2,TAM,w,-5.94,0.6096,0,in range
GRID_10242,-79.732,156.201,451121.0,-1022876.5,TAM,w,-6.194,0.3122,1,temp
GRID_10243,-79.717,156.013,455142.5,-1022891.3,TAM,c,-6.176,0.5824,1,temp
GRID_10244,-79.709,155.92,457159.6,-1022950.8,TAM,w,-6.001,0.4471,1,temp
GRID_10245,-79.74,156.18,451142.1,-1021909.9,TAM,w,-4.768,0.8698,1,temp
GRID_10246,-79.721,155.946,456159.8,-1021958.4,TAM,w,-4.849,1.1012,1,temp
GRID_10247,-79.748,156.159,451162.6,-1020943.3,TAM,w,-5.457,0.9646,1,temp
GRID_10248,-79.726,155.878,457148.6,-1020916.7,TAM,w,-5.185,0.7276,1,temp
GRID_10249,-79.764,156.232,449155.5,-1019914.2,TAM,w,-6.681,0.5449,0,in range
GRID_10250,-79.76,156.185,450168.8,-1019946.0,TAM,w,-6.675,0.6374,0,in range
GRID_10251,-79.757,156.138,451138.2,-1019876.8,TAM,w,-5.564,0.8881,1,temp
GRID_10252,-79.787,156.4,445155.0,-1018919.4,TAM,c,-6.453,1.0575,0,in range
GRID_10253,-79.783,156.353,446166.3,-1018955.1,TAM,w,-6.988,0.43,0,in range
GRID_10254,-79.772,156.212,449158.2,-1018955.9,TAM,c,-6.7,0.7368,0,in range
GRID_10255,-79.769,156.165,450126.6,-1018887.6,TAM,w,-6.99,0.3737,0,in range
GRID_10256,-79.765,156.118,451139.6,-1018918.4,TAM,w,-5.371,0.7114,1,temp
GRID_10257,-79.796,156.38,445115.8,-1017861.3,TAM,w,-6.519,0.4891,0,in range
GRID_10258,-79.792,156.332,446144.2,-1017889.1,TAM,w,-5.841,0.8965,0,in range
GRID_10259,-79.781,156.191,449133.9,-1017889.8,TAM,w,-6.264,0.6276,0,in range
GRID_10260,-79.777,156.144,450145.8,-1017921.5,TAM,w,-5.991,0.7902,0,in range
GRID_10261,-79.773,156.097,451158.1,-1017952.3,TAM,w,-5.876,0.5677,1,temp
GRID_10262,-79.77,156.05,452126.3,-1017882.0,TAM,w,-5.229,0.686,1,temp
GRID_10263,-79.8,156.312,446147.6,-1016931.3,TAM,w,-6.373,0.5652,0,in range
GRID_10264,-79.789,156.17,449153.1,-1016924.0,TAM,c,-7.399,0.57,0,in range
GRID_10265,-79.785,156.123,450164.4,-1016955.6,TAM,w,-6.536,0.7314,0,in range
GRID_10266,-79.845,156.765,436150.2,-1015900.3,TAM,w,-6.52,0.82,0,in range
GRID_10267,-79.809,156.291,446124.2,-1015865.6,TAM,w,-6.906,0.1732,0,in range
GRID_10268,-79.805,156.244,447133.7,-1015900.1,TAM,w,-6.317,0.4968,0,in range
GRID_10269,-79.801,156.197,448143.6,-1015933.6,TAM,c,-6.369,0.8928,0,in range
GRID_10270,-79.798,156.149,449127.4,-1015858.2,TAM,w,-6.877,0.5048,0,in range
GRID_10271,-79.794,156.102,450138.0,-1015889.8,TAM,c,-7.485,0.6017,0,in range
GRID_10272,-79.85,156.697,437139.1,-1014879.3,TAM,w,-6.43,0.5425,0,in range
GRID_10273,-79.846,156.65,438145.0,-1014922.4,TAM,w,-6.257,0.6288,0,in range
GRID_10274,-79.828,156.412,443145.5,-1014899.4,TAM,w,-6.76,0.2158,0,in range
GRID_10275,-79.824,156.365,444153.4,-1014936.6,TAM,c,-6.97,0.7097,0,in range
GRID_10276,-79.821,156.317,445135.5,-1014864.9,TAM,c,-7.12,0.6592,0,in range
GRID_10277,-79.817,156.27,446144.0,-1014900.3,TAM,w,-6.936,0.2215,0,in range
GRID_10278,-79.81,156.176,448118.0,-1014868.0,TAM,w,-7.071,0.3095,0,in range
GRID_10279,-79.806,156.128,449145.3,-1014892.6,TAM,w,-5.898,0.7223,0,in range
GRID_10280,-79.802,156.081,450155.2,-1014924.1,TAM,c,-7.468,0.7964,0,in range
GRID_10281,-79.798,156.034,451165.4,-1014954.7,TAM,w,-5.311,0.7289,1,temp
GRID_10282,-79.865,156.772,435162.7,-1013941.8,TAM,w,-6.407,0.6208,0,in range
GRID_10283,-79.858,156.677,437146.6,-1013922.5,TAM,w,-6.957,0.4281,0,in range
GRID_10284,-79.855,156.629,438126.1,-1013857.4,TAM,w,-6.764,0.6539,0,in range
GRID_10285,-79.851,156.581,439149.4,-1013891.7,TAM,w,-6.291,0.6108,0,in range
GRID_10286,-79.847,156.534,440155.3,-1013932.8,TAM,w,-6.585,0.7124,0,in range
GRID_10287,-79.836,156.391,443166.7,-1013934.4,TAM,w,-6.26,0.6048,0,in range
GRID_10288,-79.829,156.297,445137.7,-1013907.6,TAM,c,-7.4,0.7097,0,in range
GRID_10289,-79.825,156.249,446163.3,-1013935.1,TAM,w,-6.245,0.7923,0,in range
GRID_10290,-79.822,156.202,447127.4,-1013869.3,TAM,w,-6.75,0.3533,0,in range
GRID_10291,-79.818,156.155,448135.9,-1013902.7,TAM,w,-6.676,0.3411,0,in range
GRID_10292,-79.863,156.608,438150.0,-1012893.0,TAM,w,-6.833,0.4741,0,in range
GRID_10293,-79.859,156.561,439154.9,-1012934.9,TAM,w,-6.035,0.7803,0,in range
GRID_10294,-79.856,156.513,440134.2,-1012867.9,TAM,w,-6.761,0.725,0,in range
GRID_10295,-79.852,156.466,441139.8,-1012907.9,TAM,w,-6.012,0.9318,0,in range
GRID_10296,-79.848,156.418,442163.4,-1012939.3,TAM,w,-6.324,0.7669,0,in range
GRID_10297,-79.841,156.323,444150.0,-1012906.5,TAM,c,-7.318,0.5666,0,in range
GRID_10298,-79.837,156.276,445156.9,-1012942.7,TAM,c,-7.245,0.7399,0,in range
GRID_10299,-79.834,156.229,446120.0,-1012877.7,TAM,w,-6.692,0.6167,0,in range
GRID_10300,-79.83,156.181,447145.3,-1012904.2,TAM,w,-6.424,0.8876,0,in range
GRID_10301,-79.826,156.134,448153.2,-1012937.5,TAM,w,-6.885,0.6785,0,in range
GRID_10302,-79.897,156.922,431133.7,-1011855.2,TAM,c,-5.892,1.2841,0,in range
GRID_10303,-79.893,156.874,432153.2,-1011896.3,TAM,c,-6.031,1.3194,0,in range
GRID_10304,-79.889,156.827,433155.4,-1011944.0,TAM,c,-6.663,0.9702,0,in range
GRID_10305,-79.882,156.731,435153.0,-1011920.7,TAM,w,-6.656,0.5897,0,in range
GRID_10306,-79.879,156.683,436130.6,-1011857.3,TAM,w,-5.88,0.8957,0,in range
GRID_10307,-79.875,156.636,437134.1,-1011901.2,TAM,w,-6.646,0.3573,0,in range
GRID_10308,-79.871,156.588,438155.6,-1011936.4,TAM,w,-5.731,0.8805,0,in range
GRID_10309,-79.868,156.54,439134.0,-1011870.2,TAM,w,-6.557,0.7924,0,in range
GRID_10310,-79.846,156.255,445131.4,-1011877.7,TAM,c,-7.084,0.6403,0,in range
GRID_10311,-79.842,156.208,446138.0,-1011912.8,TAM,w,-6.983,0.5652,0,in range
GRID_10312,-79.838,156.16,447162.5,-1011939.2,TAM,w,-6.26,0.4919,0,in range
GRID_10313,-79.835,156.113,448125.5,-1011872.3,TAM,w,-6.536,0.4004,0,in range
GRID_10314,-79.831,156.066,449133.0,-1011904.6,TAM,w,-6.893,0.37,0,in range
GRID_10315,-79.916,157.046,428131.8,-1010871.0,TAM,c,-6.743,0.9015,0,in range
GRID_10316,-79.912,156.998,429149.6,-1010914.9,TAM,c,-6.534,0.79,0,in range
GRID_10317,-79.901,156.854,432162.2,-1010940.3,TAM,c,-6.964,0.7976,0,in range
GRID_10318,-79.898,156.806,433138.3,-1010879.7,TAM,c,-6.628,0.8985,0,in range
GRID_10319,-79.891,156.71,435134.4,-1010856.3,TAM,c,-6.756,0.8237,0,in range
GRID_10320,-79.887,156.663,436136.9,-1010901.0,TAM,c,-6.835,1.0255,0,in range
GRID_10321,-79.876,156.52,439138.3,-1010913.7,TAM,w,-6.784,0.4807,0,in range
GRID_10322,-79.858,156.282,444126.2,-1010884.7,TAM,w,-6.494,0.6696,0,in range
GRID_10323,-79.854,156.234,445149.4,-1010913.0,TAM,c,-7.318,0.6338,0,in range
GRID_10324,-79.843,156.092,448141.4,-1010907.4,TAM,w,-6.333,0.5075,0,in range
GRID_10325,-79.839,156.045,449148.3,-1010939.6,TAM,w,-6.516,0.528,0,in range
GRID_10326,-79.91,156.833,432145.1,-1009876.1,TAM,c,-6.924,0.7675,0,in range
GRID_10327,-79.906,156.786,433146.0,-1009923.7,TAM,c,-6.6,0.6532,0,in range
GRID_10328,-79.903,156.738,434121.6,-1009862.1,TAM,w,-6.944,0.5254,0,in range
GRID_10329,-79.899,156.69,435140.7,-1009900.2,TAM,w,-6.273,0.6788,0,in range
GRID_10330,-79.895,156.642,436160.2,-1009937.2,TAM,c,-6.425,0.9744,0,in range
GRID_10331,-79.892,156.594,437136.5,-1009872.8,TAM,c,-7.099,0.6035,0,in range
GRID_10332,-79.888,156.546,438156.7,-1009907.9,TAM,c,-7.761,0.8337,0,in range
GRID_10333,-79.884,156.499,439159.6,-1009949.6,TAM,w,-6.571,0.7039,0,in range
GRID_10334,-79.866,156.261,444144.1,-1009920.3,TAM,w,-6.681,0.4649,0,in range
GRID_10335,-79.862,156.213,445166.7,-1009948.5,TAM,w,-6.698,0.5693,0,in range
GRID_10336,-79.859,156.166,446127.7,-1009883.3,TAM,w,-6.101,0.6819,0,in range
GRID_10337,-79.844,155.976,450142.6,-1009898.1,TAM,w,-5.471,0.9183,0,in range
GRID_10338,-79.925,156.909,430161.3,-1008938.2,TAM,c,-6.761,0.9602,0,in range
GRID_10339,-79.922,156.861,431135.4,-1008879.4,TAM,c,-6.293,1.1121,0,in range
GRID_10340,-79.918,156.813,432152.9,-1008920.3,TAM,c,-5.948,1.2624,0,in range
GRID_10341,-79.915,156.765,433127.5,-1008859.7,TAM,c,-5.069,1.339,0,in range
GRID_10342,-79.911,156.717,434145.6,-1008898.6,TAM,c,-6.145,1.1121,0,in range
GRID_10343,-79.907,156.669,435164.0,-1008936.6,TAM,w,-6.344,0.6149,0,in range
GRID_10344,-79.9,156.574,437140.9,-1008916.7,TAM,w,-6.309,0.9487,0,in range
GRID_10345,-79.896,156.526,438160.4,-1008951.7,TAM,c,-6.921,0.7673,0,in range
GRID_10346,-79.893,156.478,439136.5,-1008885.4,TAM,w,-6.691,0.6953,0,in range
GRID_10347,-79.889,156.43,440156.7,-1008918.4,TAM,w,-6.292,0.4382,0,in range
GRID_10348,-79.934,156.888,430144.4,-1007874.5,TAM,c,-6.741,0.9594,0,in range
GRID_10349,-79.93,156.84,431160.8,-1007916.3,TAM,c,-6.632,0.933,0,in range
GRID_10350,-79.927,156.792,432134.4,-1007856.5,TAM,c,-6.114,1.1067,0,in range
GRID_10351,-79.923,156.744,433151.5,-1007896.4,TAM,c,-5.984,1.0845,0,in range
GRID_10352,-79.919,156.696,434168.9,-1007935.3,TAM,c,-6.164,0.9625,0,in range
GRID_10353,-79.916,156.649,435125.7,-1007880.2,TAM,c,-6.705,0.7529,0,in range
GRID_10354,-79.912,156.601,436143.8,-1007917.1,TAM,w,-3.929,0.9526,0,in range
GRID_10355,-79.908,156.553,437162.3,-1007953.1,TAM,w,-6.413,0.7307,0,in range
GRID_10356,-79.905,156.505,438137.4,-1007887.6,TAM,w,-7.059,0.1919,0,in range
GRID_10357,-79.901,156.457,439156.5,-1007921.6,TAM,w,-6.926,0.4541,0,in range
GRID_10358,-79.898,156.41,440114.6,-1007861.9,TAM,w,-6.705,0.6071,0,in range
GRID_10359,-79.942,156.868,430152.2,-1006919.1,TAM,c,-6.429,0.8225,0,in range
GRID_10360,-79.935,156.772,432140.9,-1006901.0,TAM,w,-6.32,0.42,0,in range
GRID_10361,-79.931,156.724,433157.3,-1006940.8,TAM,c,-6.779,0.9352,0,in range
GRID_10362,-79.928,156.676,434130.7,-1006879.1,TAM,c,-5.525,1.4193,0,in range
GRID_10363,-79.924,156.628,435147.8,-1006916.9,TAM,c,-6.821,0.8614,0,in range
GRID_10364,-79.92,156.58,436165.2,-1006953.7,TAM,c,-6.699,0.8994,0,in range
GRID_10365,-79.917,156.532,437139.4,-1006889.2,TAM,w,-6.804,0.5427,0,in range
GRID_10366,-79.947,156.799,431149.0,-1005897.4,TAM,w,-6.268,0.6595,0,in range
GRID_10367,-79.943,156.751,432164.3,-1005938.1,TAM,w,-6.689,0.5211,0,in range
GRID_10368,-79.94,156.703,433136.7,-1005877.2,TAM,w,-6.433,0.6184,0,in range
GRID_10369,-79.936,156.655,434152.8,-1005916.0,TAM,w,-6.402,0.4914,0,in range
GRID_10370,-79.932,156.607,435169.1,-1005953.7,TAM,w,-6.115,0.4977,0,in range
GRID_10371,-79.929,156.559,436142.4,-1005890.1,TAM,w,-6.534,0.5064,0,in range
GRID_10372,-79.925,156.511,437159.4,-1005925.8,TAM,w,-6.674,0.5415,0,in range
GRID_10373,-79.922,156.463,438133.1,-1005860.3,TAM,w,-6.519,0.6218,0,in range
GRID_10374,-79.918,156.416,439133.2,-1005901.8,TAM,w,-6.378,0.4013,0,in range
GRID_10375,-79.955,156.779,431154.8,-1004942.2,TAM,c,-6.157,1.1055,0,in range
GRID_10376,-79.952,156.73,432143.8,-1004874.7,TAM,w,-6.928,0.471,0,in range
GRID_10377,-79.948,156.682,433158.8,-1004914.4,TAM,w,-6.036,0.7366,0,in range
GRID_10378,-79.941,156.586,435146.4,-1004890.2,TAM,w,-6.228,0.8473,0,in range
GRID_10379,-79.937,156.538,436162.4,-1004926.9,TAM,w,-6.473,0.466,0,in range
GRID_10380,-79.934,156.49,437135.1,-1004862.3,TAM,w,-6.316,0.5415,0,in range
GRID_10381,-79.93,156.443,438134.2,-1004904.7,TAM,w,-6.926,0.4212,0,in range
GRID_10382,-79.926,156.395,439151.2,-1004938.4,TAM,w,-6.799,0.5545,0,in range
GRID_10383,-79.96,156.71,432148.4,-1003919.6,TAM,c,-6.489,0.7748,0,in range
GRID_10384,-79.956,156.662,433162.7,-1003959.2,TAM,w,-6.561,0.6929,0,in range
GRID_10385,-79.953,156.614,434134.0,-1003897.3,TAM,w,-6.265,0.5958,1,slope
GRID_10386,-79.942,156.47,437136.3,-1003906.8,TAM,w,-6.668,0.4796,0,in range
GRID_10387,-79.938,156.422,438152.3,-1003941.5,TAM,w,-6.653,0.2806,0,in range
GRID_10388,-79.924,156.23,442131.7,-1003869.9,TAM,w,-6.751,0.303,0,in range
GRID_10389,-79.965,156.641,433140.1,-1002896.1,TAM,w,-6.262,0.6867,0,in range
GRID_10390,-79.961,156.593,434154.0,-1002934.6,TAM,w,-6.264,0.7198,0,in range
GRID_10391,-79.954,156.497,436139.4,-1002908.3,TAM,c,-5.879,1.1589,0,in range
GRID_10392,-79.95,156.449,437154.4,-1002943.9,TAM,c,-6.191,0.8084,0,in range
GRID_10393,-79.947,156.401,438125.9,-1002878.2,TAM,c,-6.326,1.0836,0,in range
GRID_10394,-79.936,156.257,441129.7,-1002875.9,TAM,w,-6.263,0.7505,0,in range
GRID_10395,-79.973,156.62,433160.2,-1001933.6,TAM,c,-6.555,0.8654,0,in range
GRID_10396,-79.97,156.572,434130.0,-1001871.6,TAM,w,-6.429,0.569,0,in range
GRID_10397,-79.966,156.524,435143.6,-1001909.1,TAM,c,-6.022,0.97,0,in range
GRID_10398,-79.962,156.476,436157.5,-1001945.6,TAM,c,-6.755,0.8745,0,in range
GRID_10399,-79.959,156.428,437128.0,-1001880.8,TAM,c,-6.852,0.6833,0,in range
GRID_10400,-79.955,156.38,438142.6,-1001915.3,TAM,c,-6.707,0.9269,0,in range
GRID_10401,-79.944,156.236,441144.4,-1001912.8,TAM,w,-6.327,0.3557,0,in range
GRID_10402,-79.937,156.14,443132.4,-1001872.9,TAM,w,-6.466,0.6373,0,in range
GRID_10403,-79.933,156.092,444149.0,-1001901.6,TAM,w,-6.795,0.2868,0,in range
GRID_10404,-79.978,156.551,434148.8,-1000909.2,TAM,c,-6.651,1.1228,0,in range
GRID_10405,-79.974,156.503,435161.7,-1000946.6,TAM,c,-6.917,0.8529,0,in range
GRID_10406,-79.967,156.407,437144.8,-1000918.2,TAM,c,-6.199,0.82,0,in range
GRID_10407,-79.963,156.359,438158.7,-1000952.6,TAM,c,-6.326,0.9661,0,in range
GRID_10408,-79.96,156.311,439129.0,-1000885.9,TAM,w,-6.627,0.2399,0,in range
GRID_10409,-79.956,156.263,440143.6,-1000918.4,TAM,w,-6.995,0.4807,0,in range
GRID_10410,-79.952,156.215,441158.5,-1000949.9,TAM,w,-6.138,0.6384,0,in range
GRID_10411,-79.949,156.167,442129.6,-1000880.3,TAM,w,-6.626,0.3168,0,in range
GRID_10412,-79.945,156.119,443145.2,-1000909.8,TAM,w,-5.345,0.8475,0,in range
GRID_10413,-79.941,156.071,444161.1,-1000938.4,TAM,c,-6.594,0.8367,0,in range
GRID_10414,-79.938,156.024,445115.4,-1000873.7,TAM,w,-3.812,0.6821,0,in range
GRID_10415,-79.975,156.386,437160.9,-999955.6,TAM,c,-6.167,1.1376,0,in range
GRID_10416,-79.972,156.338,438130.2,-999889.8,TAM,w,-6.677,0.2641,0,in range
GRID_10417,-79.968,156.29,439143.8,-999923.2,TAM,w,-7.013,0.5235,0,in range
GRID_10418,-79.964,156.242,440157.7,-999955.6,TAM,w,-6.999,0.3536,0,in range
GRID_10419,-79.957,156.146,442142.3,-999917.4,TAM,w,-6.227,0.3984,0,in range
GRID_10420,-79.953,156.098,443157.2,-999946.9,TAM,w,-5.733,0.7261,0,in range
GRID_10421,-79.95,156.05,444128.1,-999875.3,TAM,c,-6.245,0.8842,0,in range
GRID_10422,-79.946,156.002,445143.6,-999902.9,TAM,w,-6.823,0.4685,0,in range
GRID_10423,-79.942,155.954,446159.5,-999929.4,TAM,w,-6.617,0.6245,0,in range
GRID_10424,-79.991,156.461,435152.2,-998921.7,TAM,c,-5.788,1.397,0,in range
GRID_10425,-79.987,156.413,436164.1,-998958.0,TAM,c,-6.156,1.1607,0,in range
GRID_10426,-79.984,156.365,437132.5,-998893.0,TAM,c,-6.593,0.849,0,in range
GRID_10427,-79.98,156.317,438145.0,-998927.3,TAM,w,-6.149,0.8554,0,in range
GRID_10428,-79.976,156.269,439157.9,-998960.7,TAM,w,-6.885,0.2371,0,in range
GRID_10429,-79.973,156.221,440127.0,-998892.9,TAM,w,-6.657,0.3333,0,in range
GRID_10430,-79.969,156.173,441140.5,-998924.3,TAM,w,-6.569,0.2886,0,in range
GRID_10431,-79.965,156.125,442154.4,-998954.6,TAM,w,-6.213,0.6677,0,in range
GRID_10432,-79.962,156.077,443124.3,-998884.0,TAM,c,-5.947,1.0378,0,in range
GRID_10433,-80.0,156.44,435124.7,-997859.3,TAM,c,-6.422,0.9538,0,in range
GRID_10434,-79.996,156.392,436135.8,-997895.5,TAM,c,-6.462,0.8888,0,in range
GRID_10435,-79.992,156.344,437147.3,-997930.8,TAM,w,-6.875,0.4559,0,in range
GRID_10436,-79.989,156.296,438115.1,-997864.8,TAM,w,-6.097,0.7896,0,in range
GRID_10437,-79.985,156.247,439144.7,-997890.4,TAM,w,-3.987,0.7332,0,in range
GRID_10438,-79.981,156.199,440157.2,-997922.7,TAM,w,-6.033,0.8493,0,in range
GRID_10439,-79.977,156.151,441170.0,-997954.0,TAM,w,-5.905,0.6242,0,in range
GRID_10440,-79.974,156.103,442138.9,-997884.3,TAM,w,-6.211,0.5518,0,in range
GRID_10441,-79.97,156.055,443152.4,-997913.6,TAM,w,-5.727,0.5415,0,in range
GRID_10442,-80.004,156.371,436150.6,-996933.5,TAM,c,-7.105,0.7483,0,in range
GRID_10443,-80.001,156.323,437117.5,-996868.5,TAM,c,-6.645,0.851,0,in range
GRID_10444,-79.997,156.274,438146.0,-996895.0,TAM,w,-6.544,0.4693,0,in range
GRID_10445,-79.993,156.226,439157.4,-996928.2,TAM,w,-7.044,0.3906,0,in range
GRID_10446,-79.99,156.178,440125.1,-996860.3,TAM,w,-5.916,0.5487,0,in range
GRID_10447,-80.01,156.986,425168.1,-1000953.2,TAM,c,-6.728,1.0277,0,in range
GRID_10448,-80.022,157.014,424166.1,-999951.9,TAM,c,-5.599,1.1108,0,in range
GRID_10449,-80.019,156.965,425149.5,-999890.9,TAM,w,-6.207,0.5894,0,in range
GRID_10450,-80.048,156.549,431135.1,-993866.4,TAM,c,-6.131,0.7171,0,in range
GRID_10451,-80.044,156.501,432142.1,-993906.2,TAM,c,-5.086,0.9988,0,in range
GRID_10452,-80.049,156.431,433137.3,-992876.0,TAM,c,-5.628,0.7009,0,in range
GRID_10453,-80.054,156.244,436155.1,-990956.3,TAM,c,-5.297,0.9631,0,in range
GRID_10454,-80.051,156.195,437134.9,-990883.3,TAM,c,-5.335,0.8932,0,in range
GRID_10455,-80.047,156.147,438141.9,-990917.1,TAM,w,-5.523,0.7032,0,in range
GRID_10456,-80.043,156.098,439166.5,-990942.2,TAM,w,-5.193,0.7413,0,in range
GRID_10457,-80.04,156.05,440129.8,-990873.9,TAM,w,-4.78,0.638,0,in range
GRID_10458,-80.063,156.222,436138.5,-989887.5,TAM,c,-5.246,1.0874,0,in range
GRID_10459,-80.059,156.174,437144.4,-989922.2,TAM,c,-5.386,0.8961,0,in range
GRID_10460,-80.055,156.125,438168.0,-989948.2,TAM,c,-5.454,0.8546,0,in range
GRID_10461,-80.052,156.077,439130.3,-989880.9,TAM,w,-5.414,0.73,0,in range
GRID_10462,-80.048,156.029,440137.3,-989912.6,TAM,w,-5.41,0.5581,0,in range
GRID_10463,-80.071,156.201,436148.0,-988926.6,TAM,c,-5.245,0.8418,0,in range
GRID_10464,-80.067,156.152,437170.5,-988953.6,TAM,c,-5.65,0.7041,0,in range
GRID_10465,-80.064,156.104,438131.9,-988887.2,TAM,c,-5.504,0.9256,0,in range
GRID_10466,-80.06,156.056,439137.8,-988919.8,TAM,w,-6.315,0.3329,0,in range
GRID_10467,-80.056,156.007,440161.4,-988943.8,TAM,w,-5.036,0.4634,0,in range
GRID_10468,-80.08,156.179,436129.9,-987858.2,TAM,c,-5.234,1.0709,0,in range
GRID_10469,-80.076,156.131,437134.5,-987892.7,TAM,c,-4.587,1.4915,0,in range
GRID_10470,-80.072,156.083,438139.4,-987926.3,TAM,w,-5.014,0.884,0,in range
GRID_10471,-80.068,156.034,439161.9,-987951.2,TAM,w,-5.918,0.6818,0,in range
GRID_10472,-80.065,155.986,440123.0,-987882.8,TAM,w,-5.849,0.3245,1,slope
GRID_10473,-80.084,156.109,437159.2,-986924.4,TAM,c,-5.339,0.9663,0,in range
GRID_10474,-80.08,156.061,438163.5,-986957.9,TAM,w,-6.022,0.553,0,in range
GRID_10475,-80.077,156.013,439123.6,-986890.4,TAM,w,-5.694,0.4621,0,in range
GRID_10476,-80.073,155.964,440145.7,-986914.2,TAM,w,-5.373,0.7422,0,in range
GRID_10477,-80.093,156.088,437121.8,-985863.9,TAM,c,-6.434,0.6356,0,in range
GRID_10478,-80.089,156.039,438142.5,-985889.6,TAM,c,-6.665,0.4554,0,in range
GRID_10479,-80.085,155.991,439146.4,-985922.0,TAM,w,-6.342,0.5118,0,in range
GRID_10480,-80.081,155.943,440150.6,-985953.5,TAM,w,-5.71,0.5598,0,in range
GRID_10481,-80.097,156.018,438148.0,-984929.2,TAM,c,-6.678,0.4003,0,in range
GRID_10482,-80.093,155.969,439168.4,-984953.8,TAM,w,-6.34,0.4879,0,in range
GRID_10483,-80.102,155.948,439128.0,-983893.5,TAM,c,-6.711,0.3284,0,in range
GRID_10484,-80.098,155.899,440148.0,-983917.2,TAM,w,-5.998,0.5324,0,in range
GRID_10485,-80.11,155.926,439148.7,-982925.6,TAM,c,-5.389,0.9442,0,in range
GRID_10486,-80.106,155.878,440150.9,-982956.9,TAM,w,-5.579,0.6046,0,in range
GRID_10487,-79.735,156.248,450149.5,-1022945.6,TAM,w,-6.282,0.5768,0,in range
GRID_10488,-79.762,156.462,445145.1,-1021909.7,TAM,c,-6.17,0.7279,0,in range
GRID_10489,-79.758,156.415,446158.5,-1021945.6,TAM,w,-5.852,0.708,0,in range
GRID_10490,-79.747,156.274,449156.6,-1021947.0,TAM,c,-6.762,0.6369,0,in range
GRID_10491,-79.744,156.227,450127.2,-1021878.8,TAM,w,-6.894,0.5253,0,in range
GRID_10492,-79.789,156.677,440137.1,-1020858.6,TAM,w,-5.861,0.6874,0,in range
GRID_10493,-79.77,156.441,445169.6,-1020943.7,TAM,c,-6.746,0.6676,0,in range
GRID_10494,-79.767,156.394,446138.4,-1020879.1,TAM,w,-6.384,0.6176,0,in range
GRID_10495,-79.756,156.253,449134.3,-1020880.4,TAM,w,-6.602,0.5946,0,in range
GRID_10496,-79.752,156.206,450148.3,-1020912.4,TAM,w,-6.895,0.4918,0,in range
GRID_10497,-79.797,156.657,440146.4,-1019900.8,TAM,w,-6.528,0.6635,0,in range
GRID_10498,-79.779,156.421,445131.8,-1019885.2,TAM,c,-6.489,0.7397,0,in range
GRID_10499,-79.775,156.374,446143.8,-1019920.9,TAM,w,-6.459,0.6737,0,in range
GRID_10500,-79.851,156.976,432149.2,-1016895.1,TAM,w,-5.46,0.7342,0,in range
GRID_10501,-79.833,156.738,437147.7,-1016901.5,TAM,w,-5.714,0.7835,0,in range
GRID_10502,-79.852,156.86,434164.1,-1015917.5,TAM,w,-6.674,0.6303,0,in range
GRID_10503,-79.849,156.813,435126.6,-1015862.9,TAM,w,-6.534,0.5801,0,in range
GRID_10504,-79.489,156.786,451142.7,-1051884.8,TAM,w,-6.02,0.51,0,in range
GRID_10505,-79.494,156.72,452137.6,-1050861.4,TAM,w,-5.791,0.3476,0,in range
GRID_10506,-79.522,156.707,451163.4,-1047942.0,TAM,w,-5.769,0.4522,0,in range
GRID_10507,-79.527,156.641,452153.1,-1046918.9,TAM,w,-5.702,0.523,0,in range
GRID_10508,-79.536,156.621,452127.4,-1045856.2,TAM,w,-5.726,0.5665,0,in range
GRID_10509,-79.525,156.483,455125.8,-1045868.9,TAM,w,-5.563,0.6756,0,in range
GRID_10510,-79.533,156.463,455140.9,-1044906.7,TAM,w,-5.533,0.6169,0,in range
GRID_10511,-80.354,157.064,409138.3,-966870.9,TAM,w,-6.219,0.6859,0,in range
GRID_10512,-80.362,157.043,409151.4,-965915.1,TAM,w,-6.199,0.8706,0,in range
GRID_10527,-82.116,159.861,295200.1,-804974.0,TAM,d,-3.008,1.0304,0,in range
GRID_10528,-82.113,159.798,296198.1,-804956.1,TAM,d,-3.068,0.6744,0,in range
GRID_10531,-81.241,156.357,382155.7,-872933.5,TAM,w,-5.371,1.0758,0,in range
GRID_10532,-81.542,159.169,327180.3,-859906.4,TAM,w,-3.253,0.7294,0,in range
GRID_10533,-81.512,158.648,336178.6,-859946.7,TAM,w,-4.412,0.9858,0,in range
GRID_10534,-81.502,158.475,339174.3,-859943.5,TAM,w,-3.456,1.0597,0,in range
GRID_10535,-81.569,158.964,329196.6,-855978.6,TAM,w,-3.772,0.7803,0,in range
GRID_10536,-81.588,159.117,326170.2,-854916.4,TAM,w,-3.856,0.5176,0,in range
GRID_10537,-81.585,159.058,327167.5,-854886.0,TAM,w,-3.77,0.7727,0,in range
GRID_10538,-81.571,158.825,331193.4,-854973.8,TAM,w,-3.676,0.7542,0,in range
GRID_10539,-81.622,159.564,318194.5,-853956.5,TAM,w,-4.758,0.466,0,in range
GRID_10540,-81.631,159.542,318178.9,-852913.6,TAM,w,-4.683,0.7471,0,in range
GRID_10541,-81.624,159.424,320203.4,-852972.0,TAM,w,-3.537,0.7038,0,in range
GRID_10542,-81.602,159.013,327174.0,-852895.8,TAM,w,-3.622,0.9789,0,in range
GRID_10543,-81.598,158.955,328194.1,-852971.8,TAM,w,-3.737,0.976,0,in range
GRID_10544,-81.639,159.52,318200.8,-851973.2,TAM,w,-4.274,0.6992,0,in range
GRID_10545,-81.633,159.402,320185.2,-851929.2,TAM,w,-0.777,0.9844,0,in range
GRID_10546,-81.645,159.439,319174.9,-850909.2,TAM,w,-3.491,0.7548,0,in range
GRID_10547,-81.642,159.38,320166.3,-850886.6,TAM,w,-3.188,0.9008,0,in range
GRID_10548,-81.653,159.417,319194.5,-849968.9,TAM,w,-3.358,0.7448,0,in range
GRID_10549,-81.662,159.394,319189.9,-848921.0,TAM,w,-4.738,0.8584,0,in range
GRID_10550,-81.667,159.313,320196.9,-847958.2,TAM,w,-2.864,0.8375,0,in range
GRID_10551,-81.673,159.232,321163.1,-846892.3,TAM,w,-3.525,1.2225,0,in range
GRID_10552,-81.633,158.526,333172.5,-846934.5,TAM,w,-3.162,1.182,0,in range
GRID_10553,-81.681,159.209,321193.0,-845946.8,TAM,w,-2.921,0.9905,0,in range
GRID_10554,-81.671,159.032,324195.4,-845969.9,TAM,w,-2.384,1.0607,0,in range
GRID_10555,-81.665,158.914,326172.7,-845911.6,TAM,w,-3.187,0.9032,0,in range
GRID_10556,-81.673,158.891,326197.7,-844965.8,TAM,w,-3.106,1.1341,0,in range
GRID_10557,-81.667,158.773,328174.3,-844902.8,TAM,w,-2.829,0.909,0,in range
GRID_10558,-81.698,159.164,321197.2,-843959.7,TAM,w,-3.469,1.0009,0,in range
GRID_10559,-81.69,158.846,326191.5,-842978.6,TAM,w,-3.049,1.108,0,in range
GRID_10560,-81.722,159.238,319178.1,-841924.0,TAM,w,-2.905,0.7361,0,in range
GRID_10561,-81.712,159.06,322182.3,-841947.9,TAM,w,-3.08,1.0817,0,in range
GRID_10562,-81.702,158.882,325189.8,-841961.3,TAM,w,-2.73,0.7278,0,in range
GRID_10563,-81.739,159.193,319180.1,-839938.4,TAM,w,-2.147,0.9506,0,in range
GRID_10564,-81.736,159.133,320176.1,-839909.7,TAM,w,-2.344,1.0718,0,in range
GRID_10565,-81.709,158.658,328200.8,-839971.8,TAM,w,-2.546,1.051,0,in range
GRID_10566,-81.759,159.207,318199.8,-837975.3,TAM,w,-2.31,0.8942,0,in range
GRID_10567,-81.797,159.724,309188.2,-836921.5,TAM,w,-3.551,0.8378,0,in range
GRID_10568,-81.768,159.184,318187.1,-836929.2,TAM,w,-3.184,0.8479,0,in range
GRID_10569,-81.761,159.065,320197.6,-836980.2,TAM,w,-2.317,0.9843,0,in range
GRID_10570,-81.773,159.102,319189.8,-835963.1,TAM,w,-1.779,0.6189,0,in range
GRID_10571,-81.77,159.042,320182.2,-835934.2,TAM,w,-3.31,0.8716,0,in range
GRID_10572,-81.769,158.84,323166.7,-834902.0,TAM,w,-2.934,1.0358,0,in range
GRID_10573,-81.797,159.176,317178.6,-833926.0,TAM,w,-2.057,0.9405,0,in range
GRID_10574,-81.764,158.578,327180.5,-833923.6,TAM,w,-3.512,1.0005,0,in range
GRID_10575,-81.76,158.519,328199.0,-833992.5,TAM,w,-2.832,1.1915,0,in range
GRID_10576,-81.805,159.153,317202.5,-832982.6,TAM,w,-2.68,0.8717,0,in range
GRID_10577,-81.849,159.794,306205.1,-831972.1,TAM,w,-3.041,1.0303,0,in range
GRID_10578,-81.811,159.07,318174.9,-831910.5,TAM,w,-3.227,1.1358,0,in range
GRID_10579,-81.826,159.167,316183.8,-830917.8,TAM,w,-2.333,0.9041,0,in range
GRID_10580,-81.809,158.867,321199.1,-830981.6,TAM,w,-3.096,1.0289,0,in range
GRID_10581,-81.87,159.81,305181.7,-829906.4,TAM,w,-3.993,0.5683,0,in range
GRID_10582,-81.831,159.084,317192.3,-829949.1,TAM,w,-2.595,1.0993,0,in range
GRID_10583,-81.818,158.844,321178.1,-829936.5,TAM,w,-3.13,1.2034,0,in range
GRID_10584,-81.855,159.159,315173.7,-827915.4,TAM,w,-2.519,0.8047,0,in range
GRID_10585,-81.838,158.857,320202.4,-827973.3,TAM,w,-2.907,1.1207,0,in range
GRID_10586,-81.852,158.403,326190.5,-823989.3,TAM,w,-3.789,1.0228,0,in range
GRID_10587,-81.917,159.408,309192.8,-822942.9,TAM,w,-3.829,0.8962,0,in range
GRID_10588,-81.885,158.452,324162.9,-820918.0,TAM,w,-3.65,1.0016,0,in range
GRID_10589,-81.964,159.561,305202.9,-818959.3,TAM,w,-3.795,0.9463,0,in range
GRID_10590,-81.95,159.109,312198.9,-817953.5,TAM,w,-2.256,0.9715,0,in range
GRID_10591,-81.927,158.683,319184.2,-817948.0,TAM,w,-2.098,0.7432,0,in range
GRID_10592,-81.942,158.781,317192.2,-816966.8,TAM,w,-2.312,0.7887,0,in range
GRID_10593,-81.936,158.659,319169.4,-816899.4,TAM,w,-1.936,0.8001,0,in range
GRID_10594,-81.957,158.879,315204.5,-815981.1,TAM,w,-2.698,0.9826,0,in range
GRID_10595,-81.969,158.917,314192.2,-814968.1,TAM,w,-0.974,0.8421,0,in range
GRID_10596,-81.966,158.856,315177.8,-814938.4,TAM,d,-2.222,0.8989,0,in range
GRID_10597,-81.963,158.795,316163.7,-814907.6,TAM,s,-0.137,0.8171,0,in range
GRID_10598,-81.988,159.077,311174.7,-813905.6,TAM,w,-1.49,0.9642,0,in range
GRID_10599,-81.981,158.954,313195.6,-813948.6,TAM,w,-1.615,0.9873,0,in range
GRID_10600,-81.978,158.893,314179.9,-813920.1,TAM,s,-2.611,0.9184,0,in range
GRID_10601,-81.996,159.054,311189.3,-812965.3,TAM,s,-2.77,0.9898,0,in range
GRID_10602,-82.012,158.798,314187.1,-809938.9,TAM,d,-1.942,1.0374,0,in range
GRID_10603,-82.009,158.737,315168.0,-809909.1,TAM,d,-1.882,0.9173,0,in range
GRID_10604,-82.005,158.675,316202.9,-809974.2,TAM,s,-2.563,0.7847,0,in range
GRID_10605,-81.995,158.492,319188.4,-809975.3,TAM,s,-2.365,0.7798,0,in range
GRID_10606,-81.992,158.43,320185.1,-809933.9,TAM,s,-1.933,1.0524,0,in range
GRID_10607,-82.02,158.774,314210.3,-808993.5,TAM,s,-2.224,0.8786,0,in range
GRID_10608,-82.01,158.59,317205.0,-808996.2,TAM,s,-2.206,0.5156,0,in range
GRID_10609,-82.004,158.468,319167.2,-808928.0,TAM,s,-2.475,0.8966,0,in range
GRID_10610,-82.026,158.689,315172.2,-807916.5,TAM,s,-2.341,0.8234,0,in range
GRID_10611,-81.976,157.272,337162.7,-804908.2,TAM,d,-3.498,0.7889,0,in range
GRID_10612,-81.98,157.187,338187.1,-804004.7,TAM,d,-2.586,0.952,0,in range
GRID_10613,-81.977,157.126,339170.2,-803945.9,TAM,d,-2.566,0.8937,0,in range
GRID_10614,-82.025,157.267,335166.6,-799947.0,TAM,d,-2.645,0.8475,0,in range
GRID_10615,-80.841,158.753,361166.6,-928882.3,TAM,w,-7.401,0.1632,0,in range
GRID_10616,-80.837,158.7,362184.5,-928955.1,TAM,w,-6.364,0.7065,0,in range
GRID_10617,-80.834,158.646,363179.2,-928918.7,TAM,w,-6.24,0.7377,0,in range
GRID_10618,-80.827,158.539,365193.3,-928950.9,TAM,w,-5.835,0.9145,0,in range
GRID_10619,-80.876,159.162,353165.9,-927861.6,TAM,w,-6.726,0.561,0,in range
GRID_10623,-80.882,158.466,364170.1,-922893.2,TAM,w,-6.085,0.6158,0,in range
GRID_10624,-80.878,158.413,365184.5,-922962.5,TAM,w,-6.191,0.4021,0,in range
GRID_10627,-80.884,158.027,371148.7,-919873.2,TAM,w,-5.391,0.5964,1,elev
GRID_10630,-80.895,158.059,370185.7,-918965.2,TAM,w,-5.771,0.3992,0,in range
GRID_10631,-80.904,158.037,370170.7,-917910.8,TAM,w,-5.736,0.5215,1,elev
GRID_10632,-80.897,157.93,372171.7,-917926.9,TAM,w,-5.573,0.5297,0,in range
GRID_10633,-81.03,159.975,334202.1,-916967.7,TAM,w,-4.055,0.8725,0,in range
GRID_10635,-80.912,158.016,370179.8,-916964.3,TAM,w,-5.827,0.7339,0,in range
GRID_10636,-80.921,157.994,370163.3,-915910.2,TAM,w,-5.416,0.5512,0,in range
GRID_10638,-81.104,160.242,327192.2,-910905.7,TAM,w,-3.885,0.8192,0,in range
GRID_10639,-80.964,157.128,382137.7,-905881.3,TAM,w,-5.725,0.7333,0,in range
GRID_10640,-80.995,157.298,378140.8,-903886.1,TAM,w,-5.699,0.4365,0,in range
GRID_10641,-80.991,157.244,379161.6,-903932.4,TAM,w,-4.994,0.815,0,in range
GRID_10642,-81.173,160.081,327182.3,-902895.4,TAM,w,-1.703,0.7877,0,in range
GRID_10643,-81.01,157.383,376169.1,-902933.0,TAM,w,-5.804,0.4318,0,in range
GRID_10645,-81.173,159.062,343187.6,-896934.0,TAM,w,-3.765,0.8708,0,in range
GRID_10651,-81.35,159.069,336171.0,-878917.7,TAM,w,-3.488,0.881,0,in range
GRID_10653,-81.384,158.981,336188.6,-874934.0,TAM,w,-3.902,0.7263,0,in range
GRID_10656,-81.401,158.937,336193.2,-872943.1,TAM,w,-4.642,0.683,0,in range
GRID_10657,-81.533,159.191,327199.2,-860950.5,TAM,w,-4.506,0.6475,0,in range
GRID_10658,-81.497,158.555,338172.8,-860924.4,TAM,w,-4.215,0.9503,0,in range
GRID_10659,-81.812,159.822,307191.5,-835912.3,TAM,w,-3.44,1.0103,0,in range
GRID_10660,-81.809,159.762,308179.9,-835897.4,TAM,w,-3.43,1.214,0,in range
GRID_10661,-81.829,159.778,307191.9,-833935.0,TAM,w,-2.496,1.0502,0,in range
GRID_10662,-81.826,159.718,308178.6,-833920.0,TAM,w,-3.812,0.8896,0,in range
GRID_10663,-81.957,159.232,310171.3,-817907.6,TAM,w,-3.44,0.9574,0,in range
GRID_10664,-81.965,159.209,310189.7,-816966.8,TAM,w,-3.504,1.096,0,in range
GRID_10665,-82.005,159.593,303185.4,-814936.2,TAM,w,-3.765,0.9923,0,in range
GRID_10666,-81.982,159.162,310199.9,-814978.2,TAM,w,-3.305,1.1292,0,in range
GRID_10668,-81.991,159.139,310177.2,-813935.9,TAM,w,-3.779,1.0547,0,in range
GRID_10671,-81.999,159.115,310206.9,-812990.2,TAM,w,-3.108,1.0581,0,in range
GRID_10672,-82.015,159.215,308167.9,-811898.1,TAM,s,-2.739,0.8726,0,in range
GRID_10674,-82.026,159.253,307204.2,-810979.8,TAM,s,-3.662,1.1972,0,in range
GRID_10678,-82.055,159.245,306196.0,-807977.8,TAM,s,-3.571,1.0111,1,slope
GRID_10682,-82.079,159.322,304185.2,-805938.4,TAM,d,-3.19,1.0045,0,in range
GRID_10683,-82.097,159.485,301202.8,-804961.1,TAM,s,-2.976,0.9916,1,elev
GRID_10684,-82.087,159.298,304214.2,-804994.4,TAM,d,-3.306,0.9303,1,elev
GRID_10688,-82.095,159.064,307187.4,-802930.0,TAM,w,-3.06,1.181,0,in range
GRID_10689,-82.112,159.017,307181.7,-800945.9,TAM,w,-3.62,0.9527,0,in range
GRID_10690,-82.132,159.031,306205.0,-798983.2,TAM,w,-3.431,0.945,0,in range
GRID_10691,-80.501,158.96,371153.2,-964873.3,TAM,w,-6.887,0.6387,0,in range
GRID_10698,-80.5,158.486,379162.8,-961871.5,TAM,c,-6.816,1.0144,0,in range
GRID_10725,-80.583,158.707,372154.1,-954870.7,TAM,w,-3.904,1.1894,0,in range
GRID_10732,-80.647,158.491,373185.7,-946950.9,TAM,w,-6.932,0.3768,0,in range
GRID_10735,-80.67,158.377,374142.5,-943868.9,TAM,s,-7.255,0.5055,0,in range
GRID_10738,-80.683,158.282,375181.1,-941927.0,TAM,s,-7.266,0.2374,0,in range
GRID_10740,-80.688,158.209,376178.0,-940940.6,TAM,s,-7.044,0.6751,0,in range
GRID_10752,-80.81,158.581,365190.8,-930948.1,TAM,w,-6.121,0.8363,0,in range
GRID_10753,-80.807,158.528,366171.8,-930915.1,TAM,w,-5.579,0.8997,0,in range
GRID_10754,-80.832,158.774,361182.2,-929931.5,TAM,w,-6.099,0.6943,0,in range
GRID_10759,-80.829,158.103,372170.1,-925942.2,TAM,w,-6.235,0.6182,1,elev
GRID_10761,-80.836,157.9,375160.5,-923908.9,TAM,w,-5.015,0.7044,1,elev
GRID_10762,-80.863,158.017,372168.4,-921936.7,TAM,w,-5.816,0.4079,0,in range
GRID_10763,-80.875,158.049,371163.2,-920927.9,TAM,w,-5.942,0.4959,0,in range
GRID_10764,-80.872,157.995,372153.8,-920881.7,TAM,w,-5.551,0.3442,1,elev
GRID_10765,-80.887,158.081,370159.2,-919918.4,TAM,w,-5.766,0.411,0,in range
GRID_10778,-80.217,158.967,382183.9,-993911.8,TAM,g,-5.843,0.6996,0,in range
GRID_10786,-80.497,159.206,367162.4,-966866.8,TAM,w,-6.56,0.8684,0,in range
GRID_10787,-80.502,159.135,368165.5,-965900.2,TAM,w,-6.494,0.841,0,in range
GRID_10788,-80.507,159.063,369183.6,-964926.1,TAM,w,-7.26,0.7705,0,in range
GRID_10789,-80.703,158.598,369182.6,-941946.2,TAM,s,-6.237,0.8175,0,in range
GRID_10790,-80.784,158.951,360192.1,-935939.3,TAM,w,-6.749,0.5474,0,in range
GRID_10791,-80.854,159.951,341179.9,-934895.6,TAM,w,-4.314,0.6957,0,in range
GRID_10792,-80.868,159.857,342186.3,-932898.0,TAM,w,-5.374,0.7814,0,in range
GRID_10793,-80.805,158.656,364170.8,-931934.4,TAM,w,-6.798,0.4252,0,in range
GRID_10794,-80.107,157.497,412161.7,-994899.0,TAM,w,-6.211,0.7821,0,in range
GRID_10795,-80.115,157.477,412173.6,-993946.5,TAM,w,-6.271,0.7653,0,in range
GRID_10796,-80.127,157.506,411168.2,-992941.9,TAM,w,-6.381,0.7592,0,in range
GRID_10797,-80.143,157.584,409148.5,-991882.4,TAM,w,-6.294,0.7251,0,in range
GRID_10798,-80.139,157.535,410163.8,-991936.5,TAM,w,-5.995,0.8609,0,in range
GRID_10799,-80.136,157.485,411155.0,-991881.4,TAM,w,-6.193,0.7019,0,in range
GRID_10800,-80.132,157.436,412171.1,-991933.6,TAM,w,-6.34,0.8592,0,in range
GRID_10801,-80.129,157.387,413145.4,-991883.8,TAM,w,-6.373,0.7682,0,in range
GRID_10802,-80.151,157.564,409160.6,-990930.4,TAM,w,-6.601,0.5614,0,in range
GRID_10803,-80.148,157.514,410150.8,-990876.3,TAM,w,-6.386,0.7531,0,in range
GRID_10804,-80.156,157.494,410161.6,-989924.4,TAM,w,-5.929,0.7198,0,in range
GRID_10805,-80.165,157.473,410147.1,-988864.5,TAM,w,-6.319,0.7814,0,in range
GRID_10806,-80.185,157.482,409153.8,-986907.6,TAM,w,-5.533,0.8499,0,in range
GRID_10807,-80.174,157.333,412182.7,-986950.7,TAM,w,-6.057,0.78,0,in range
GRID_10808,-80.193,157.461,409180.0,-985949.2,TAM,w,-5.957,0.8457,1,"elev, slope"
GRID_10809,-80.19,157.412,410149.1,-985901.9,TAM,w,-5.978,0.8149,1,elev
GRID_10810,-80.202,157.441,409146.4,-984897.0,TAM,w,-5.962,0.8519,1,elev
GRID_10811,-80.198,157.391,410174.0,-984943.5,TAM,w,-5.694,0.7784,1,elev
GRID_10812,-80.195,157.342,411142.6,-984895.3,TAM,w,-6.066,0.8263,0,in range
GRID_10813,-80.215,157.35,410162.4,-982933.4,TAM,w,-5.919,0.8801,1,elev
GRID_10814,-80.149,157.395,412165.8,-989921.3,TAM,w,-5.895,0.757,0,in range
GRID_10815,-80.157,157.087,417140.5,-986885.1,TAM,w,-5.663,0.5944,0,in range
GRID_10816,-80.11,156.45,430141.1,-986900.7,TAM,w,-5.275,0.6608,0,in range
GRID_10817,-80.165,157.066,417161.1,-985926.1,TAM,w,-5.598,0.5784,0,in range
GRID_10818,-80.122,156.477,429151.9,-985899.4,TAM,w,-5.546,0.5508,0,in range
GRID_10819,-80.118,156.429,430152.8,-985940.7,TAM,w,-6.097,0.4998,0,in range
GRID_10820,-80.115,156.38,431127.3,-985873.2,TAM,w,-5.251,0.7855,0,in range
GRID_10821,-80.177,157.095,416151.1,-984927.7,TAM,w,-5.604,0.6463,0,in range
GRID_10822,-80.13,156.456,429163.6,-984939.6,TAM,w,-5.949,0.4008,0,in range
GRID_10823,-80.127,156.407,430137.2,-984873.0,TAM,w,-6.425,0.3639,0,in range
GRID_10824,-80.123,156.359,431137.6,-984913.3,TAM,w,-6.166,0.2297,0,in range
GRID_10825,-80.119,156.31,432155.6,-984945.0,TAM,w,-5.419,0.8119,0,in range
GRID_10826,-80.186,157.074,416128.5,-983868.3,TAM,w,-5.725,0.7008,0,in range
GRID_10827,-80.135,156.386,430147.5,-983913.3,TAM,w,-6.151,0.4277,0,in range
GRID_10828,-80.131,156.337,431164.4,-983945.9,TAM,w,-5.148,0.7083,0,in range
GRID_10829,-80.128,156.288,432137.8,-983877.4,TAM,w,-3.333,0.8216,0,in range
GRID_10830,-80.201,157.152,414151.5,-982921.5,TAM,w,-6.224,0.7374,0,in range
GRID_10831,-80.198,157.102,415136.8,-982862.1,TAM,w,-5.978,0.7893,1,slope
GRID_10832,-80.147,156.414,429141.3,-982920.1,TAM,w,-5.618,0.1699,0,in range
GRID_10833,-80.143,156.365,430157.2,-982953.7,TAM,w,-6.015,0.278,0,in range
GRID_10834,-80.14,156.316,431129.5,-982886.0,TAM,w,-5.909,0.587,0,in range
GRID_10835,-80.217,157.23,412135.5,-981870.4,TAM,w,-6.143,0.9091,1,elev
GRID_10836,-80.213,157.18,413161.9,-981913.8,TAM,w,-5.759,0.8225,1,elev
GRID_10837,-80.159,156.441,428153.2,-981918.7,TAM,w,-6.43,0.3795,0,in range
GRID_10838,-80.155,156.392,429168.1,-981953.2,TAM,w,-5.639,0.448,0,in range
GRID_10839,-80.152,156.343,430139.4,-981886.5,TAM,w,-5.968,0.5433,0,in range
GRID_10840,-80.148,156.294,431154.9,-981919.0,TAM,w,-5.621,0.4759,0,in range
GRID_10841,-80.167,156.42,428163.0,-980959.5,TAM,w,-6.294,0.4219,0,in range
GRID_10842,-80.164,156.371,429133.3,-980893.7,TAM,w,-6.142,0.3537,0,in range
GRID_10843,-80.16,156.322,430147.8,-980927.2,TAM,w,-5.804,0.3851,0,in range
GRID_10844,-80.156,156.273,431162.6,-980959.6,TAM,w,-5.072,0.7491,0,in range
GRID_10845,-80.183,156.497,426146.2,-979928.8,TAM,w,-5.445,0.595,0,in range
GRID_10846,-80.172,156.349,429158.8,-979927.1,TAM,w,-6.325,0.3331,0,in range
GRID_10847,-80.169,156.3,430128.6,-979860.3,TAM,w,-3.424,0.8622,0,in range
GRID_10848,-80.165,156.251,431142.7,-979892.7,TAM,w,-6.064,0.5313,0,in range
GRID_10849,-80.192,156.475,426129.4,-978862.3,TAM,w,-5.296,0.3684,1,slope
GRID_10850,-80.188,156.426,427141.4,-978898.6,TAM,w,-5.741,0.4469,0,in range
GRID_10851,-80.184,156.377,428153.8,-978933.9,TAM,w,-5.149,0.6153,0,in range
GRID_10852,-80.177,156.279,430135.6,-978901.3,TAM,w,-6.048,0.5261,1,slope
GRID_10853,-80.173,156.23,431149.0,-978933.6,TAM,w,-5.544,0.5098,0,in range
GRID_10854,-80.196,156.405,427149.8,-977939.9,TAM,w,-5.301,0.3658,0,in range
GRID_10855,-80.185,156.257,430159.0,-977934.9,TAM,w,-5.619,0.4618,0,in range
GRID_10856,-80.197,156.285,429153.1,-976943.0,TAM,w,-5.926,0.3217,0,in range
GRID_10857,-80.202,156.214,430142.7,-975909.9,TAM,w,-5.937,0.3784,0,in range
GRID_10858,-80.964,156.684,389146.0,-902892.9,TAM,w,-5.997,0.9307,0,in range
GRID_10859,-80.96,156.631,390154.5,-902933.8,TAM,w,-5.543,0.6351,0,in range
GRID_10860,-80.976,156.715,388139.1,-901898.8,TAM,w,-5.79,0.9164,0,in range
GRID_10861,-80.995,156.853,385149.6,-900921.9,TAM,w,-5.083,1.056,0,in range
GRID_10862,-81.002,156.515,390152.7,-897932.7,TAM,w,-6.192,0.5167,0,in range
GRID_10863,-80.998,156.461,391173.4,-897965.3,TAM,w,-3.959,1.042,0,in range
GRID_10864,-81.018,156.599,388141.5,-896899.2,TAM,w,-5.319,0.8558,0,in range
GRID_10865,-81.03,156.629,387151.7,-895898.6,TAM,w,-5.183,0.8145,0,in range
GRID_10866,-81.026,156.576,388154.0,-895941.2,TAM,w,-5.254,0.7319,1,slope
GRID_10867,-80.435,156.257,419148.6,-952903.4,TAM,w,-5.585,0.7462,0,in range
GRID_10868,-80.464,156.241,418136.9,-949883.6,TAM,w,-5.902,0.8611,0,in range
GRID_10869,-80.441,155.939,424163.3,-949963.2,TAM,g,-5.178,1.0282,0,in range
GRID_10870,-80.476,156.27,417128.0,-948893.8,TAM,w,-6.776,1.1228,0,in range
GRID_10871,-80.45,155.916,424143.0,-948894.3,TAM,g,-4.933,0.8721,0,in range
GRID_10872,-80.484,156.247,417156.5,-947925.5,TAM,w,-5.962,0.739,1,slope
GRID_10873,-80.48,156.197,418160.1,-947961.3,TAM,w,-5.165,0.7932,0,in range
GRID_10874,-80.492,156.225,417167.7,-946964.7,TAM,w,-5.88,0.7646,0,in range
GRID_10875,-80.841,156.641,395153.3,-914941.2,TAM,w,-5.607,0.4513,0,in range
GRID_10876,-80.85,156.618,395130.2,-913879.6,TAM,w,-5.079,0.8862,0,in range
GRID_10877,-80.233,155.957,433134.1,-970873.5,TAM,w,-6.067,0.4857,0,in range
GRID_10878,-80.241,155.936,433133.0,-969915.6,TAM,w,-5.82,0.47,0,in range
GRID_10879,-80.253,155.963,432141.2,-968920.7,TAM,w,-5.068,0.5464,0,in range
GRID_10880,-80.249,155.914,433148.3,-968950.2,TAM,c,-6.274,0.5696,0,in range
GRID_10881,-80.283,155.825,433129.7,-964883.1,TAM,w,-5.491,0.3638,0,in range
GRID_10884,-80.899,157.05,386140.4,-911901.4,TAM,w,-5.272,0.9228,0,in range
GRID_10885,-80.888,156.89,389157.2,-911925.2,TAM,w,-6.057,0.8134,0,in range
GRID_10886,-80.884,156.837,390172.6,-911966.8,TAM,w,-6.123,0.8628,0,in range
GRID_10887,-80.911,157.08,385152.1,-910895.6,TAM,w,-5.239,1.0324,0,in range
GRID_10888,-80.9,156.92,388165.6,-910922.4,TAM,w,-5.341,0.9099,0,in range
GRID_10889,-80.898,156.738,391143.5,-909885.6,TAM,w,-6.381,0.8193,0,in range
GRID_10890,-80.924,156.982,386154.0,-908927.9,TAM,w,-5.854,0.567,0,in range
GRID_10891,-80.906,156.715,391163.1,-908925.4,TAM,w,-5.721,0.7306,0,in range
GRID_10892,-80.971,156.791,387157.8,-902915.0,TAM,w,-5.839,0.9604,0,in range
GRID_10893,-80.874,156.678,393134.5,-911884.1,TAM,w,-6.198,0.4716,0,in range
GRID_10894,-79.882,157.127,428148.8,-1014904.1,TAM,w,-6.386,0.4083,0,in range
GRID_10895,-79.878,157.079,429169.4,-1014948.3,TAM,w,-6.849,0.3226,0,in range
GRID_10896,-79.875,157.031,430147.7,-1014890.7,TAM,w,-6.573,0.1519,0,in range
GRID_10897,-79.897,157.203,426166.0,-1013957.5,TAM,w,-6.163,0.5907,0,in range
GRID_10898,-79.894,157.155,427142.8,-1013902.7,TAM,w,-5.475,0.7848,0,in range
GRID_10899,-79.89,157.107,428162.4,-1013947.9,TAM,w,-5.681,0.4882,0,in range
GRID_10900,-79.88,156.963,431137.7,-1013875.9,TAM,c,-6.387,1.0005,0,in range
GRID_10901,-79.876,156.915,432158.6,-1013917.1,TAM,w,-6.216,0.7142,0,in range
GRID_10902,-79.873,156.867,433136.9,-1013856.7,TAM,w,-5.945,0.5971,0,in range
GRID_10903,-79.906,157.182,426155.6,-1012893.2,TAM,w,-6.073,0.4268,0,in range
GRID_10904,-79.902,157.134,427174.1,-1012939.3,TAM,w,-6.497,0.4144,0,in range
GRID_10905,-79.895,157.038,429169.6,-1012927.6,TAM,w,-6.141,0.5639,0,in range
GRID_10906,-79.892,156.991,430128.7,-1012877.4,TAM,w,-3.505,0.8219,0,in range
GRID_10907,-79.888,156.943,431148.6,-1012919.6,TAM,w,-6.084,0.5462,0,in range
GRID_10908,-79.885,156.895,432125.9,-1012860.1,TAM,c,-6.41,0.7534,0,in range
GRID_10909,-79.881,156.847,433146.4,-1012900.3,TAM,w,-6.037,0.5744,0,in range
GRID_10910,-79.877,156.799,434167.3,-1012939.5,TAM,c,-6.28,0.8267,0,in range
GRID_10911,-79.874,156.751,435145.4,-1012877.1,TAM,c,-6.602,0.9616,0,in range
GRID_10912,-79.87,156.704,436149.3,-1012921.9,TAM,c,-7.041,0.9496,0,in range
GRID_10913,-79.867,156.656,437127.8,-1012857.7,TAM,c,-7.435,0.5058,0,in range
GRID_10914,-79.911,157.114,427144.6,-1011882.6,TAM,w,-6.172,0.375,0,in range
GRID_10915,-79.904,157.018,429138.6,-1011870.8,TAM,w,-6.25,0.6202,0,in range
GRID_10916,-79.9,156.97,430157.4,-1011913.9,TAM,w,-5.669,0.46,0,in range
GRID_10917,-79.886,156.779,434132.5,-1011882.5,TAM,c,-6.495,0.8994,0,in range
GRID_10918,-79.894,156.758,434157.8,-1010918.8,TAM,c,-6.455,0.9682,0,in range
GRID_10919,-79.937,156.936,429171.3,-1007932.4,TAM,c,-7.06,0.5062,0,in range
GRID_10920,-79.939,156.82,431124.9,-1006860.2,TAM,c,-7.008,0.755,0,in range
GRID_10921,-79.951,156.847,430134.0,-1005855.7,TAM,c,-6.623,0.6168,0,in range
GRID_10922,-80.096,156.137,436145.7,-985937.1,TAM,w,-6.214,0.3343,0,in range
GRID_10923,-80.101,156.066,437145.2,-984895.8,TAM,w,-5.429,0.764,0,in range
GRID_10924,-80.109,156.045,437150.7,-983935.6,TAM,w,-5.366,0.6687,0,in range
GRID_10925,-80.106,155.996,438125.6,-983861.3,TAM,w,-5.614,0.5536,0,in range
GRID_10926,-80.136,156.267,432146.0,-982917.6,TAM,w,-4.726,0.7308,0,in range
GRID_10927,-80.114,155.975,438129.7,-982901.1,TAM,w,-5.02,0.823,0,in range
GRID_10928,-80.144,156.245,432170.8,-981950.5,TAM,w,-5.824,0.4377,1,slope
GRID_10929,-80.122,155.953,438150.4,-981933.4,TAM,w,-6.0,0.5072,0,in range
GRID_10930,-80.118,155.904,439168.7,-981957.9,TAM,w,-5.668,0.4957,0,in range
GRID_10931,-80.115,155.856,440125.5,-981889.2,TAM,w,-3.173,1.0099,0,in range
GRID_10932,-79.533,157.228,441149.4,-1050890.3,TAM,w,-4.722,1.0127,0,in range
GRID_10933,-79.541,157.209,441158.5,-1049936.2,TAM,w,-5.358,0.8592,0,in range
GRID_10934,-79.553,157.236,440155.2,-1048932.2,TAM,w,-4.867,0.6525,0,in range
GRID_10935,-79.55,157.189,441142.8,-1048873.6,TAM,w,-5.577,0.7361,0,in range
GRID_10936,-79.572,157.356,437156.2,-1047931.3,TAM,c,-5.312,0.8025,0,in range
GRID_10937,-79.569,157.309,438142.4,-1047875.5,TAM,c,-5.287,1.191,0,in range
GRID_10938,-79.565,157.263,439152.9,-1047927.4,TAM,w,-5.145,0.8059,0,in range
GRID_10939,-79.562,157.216,440139.6,-1047869.7,TAM,w,-6.539,0.3958,0,in range
GRID_10940,-79.558,157.17,441150.7,-1047919.8,TAM,w,-5.692,0.6178,0,in range
GRID_10941,-79.551,157.077,443149.6,-1047908.4,TAM,w,-6.287,0.3933,0,in range
GRID_10942,-79.547,157.031,444161.8,-1047955.6,TAM,w,-6.172,0.567,0,in range
GRID_10943,-79.584,157.383,436157.0,-1046924.1,TAM,w,-5.439,0.9498,0,in range
GRID_10944,-79.581,157.336,437142.2,-1046869.2,TAM,w,-5.558,0.4794,0,in range
GRID_10945,-79.57,157.197,440147.5,-1046916.1,TAM,w,-5.138,0.7271,0,in range
GRID_10946,-79.567,157.15,441133.7,-1046857.4,TAM,w,-5.092,0.8791,0,in range
GRID_10947,-79.563,157.104,442144.5,-1046906.5,TAM,w,-4.99,0.8685,0,in range
GRID_10948,-79.582,157.224,439145.4,-1045911.7,TAM,w,-6.246,0.685,0,in range
GRID_10949,-79.579,157.177,440130.6,-1045853.9,TAM,w,-5.19,0.7946,0,in range
GRID_10950,-79.575,157.13,441158.6,-1045896.1,TAM,w,-5.77,0.2322,0,in range
GRID_10951,-79.605,157.391,435126.7,-1044862.1,TAM,c,-4.654,1.4635,0,in range
GRID_10952,-79.601,157.344,436152.4,-1044909.0,TAM,c,-5.459,1.2268,0,in range
GRID_10953,-79.598,157.297,437136.2,-1044853.9,TAM,c,-5.531,1.112,0,in range
GRID_10954,-79.59,157.204,439171.0,-1044950.7,TAM,w,-4.702,0.9113,0,in range
GRID_10955,-79.617,157.418,434129.6,-1043853.7,TAM,c,-4.326,1.5331,0,in range
GRID_10956,-79.613,157.371,435154.3,-1043901.5,TAM,w,-4.347,0.9418,0,in range
GRID_10957,-79.609,157.324,436179.3,-1043948.4,TAM,w,-5.168,0.7724,0,in range
GRID_10958,-79.606,157.278,437144.2,-1043900.9,TAM,w,-5.318,0.6087,0,in range
GRID_10959,-79.628,157.445,433175.7,-1042945.7,TAM,w,-4.941,0.8815,0,in range
GRID_10960,-79.625,157.398,434157.3,-1042893.3,TAM,w,-4.116,1.3122,0,in range
GRID_10961,-79.621,157.352,435163.1,-1042948.7,TAM,w,-5.351,0.5119,0,in range
GRID_10962,-79.633,157.379,434166.2,-1041940.7,TAM,w,-5.307,0.5167,0,in range
GRID_10963,-79.63,157.332,435147.3,-1041887.3,TAM,w,-5.385,0.8186,0,in range
GRID_10964,-79.668,157.575,429137.3,-1039877.1,TAM,w,-5.909,0.5655,0,in range
GRID_10965,-79.68,157.602,428146.6,-1038864.4,TAM,w,-6.439,0.6929,0,in range
GRID_10966,-79.676,157.555,429165.8,-1038917.7,TAM,w,-5.12,0.6227,0,in range
GRID_10967,-79.688,157.583,428157.0,-1037912.6,TAM,w,-5.482,0.7192,0,in range
GRID_10968,-79.685,157.536,429133.8,-1037864.6,TAM,w,-4.75,0.7662,0,in range
GRID_10969,-79.697,157.563,428143.2,-1036852.3,TAM,w,-4.986,0.607,0,in range
GRID_10970,-79.862,157.399,424167.2,-1018946.2,TAM,w,-5.337,0.8618,0,in range
GRID_10971,-79.859,157.351,425147.2,-1018893.6,TAM,w,-4.918,0.9759,0,in range
GRID_10972,-79.852,157.255,427150.0,-1018886.5,TAM,w,-5.788,0.7361,0,in range
GRID_10973,-79.845,157.16,429136.2,-1018883.0,TAM,w,-5.818,0.5556,0,in range
GRID_10974,-79.827,156.921,434155.0,-1018896.7,TAM,w,-6.188,0.564,0,in range
GRID_10975,-79.881,157.523,421165.9,-1017940.1,TAM,w,-6.06,0.533,0,in range
GRID_10976,-79.878,157.475,422144.4,-1017890.2,TAM,w,-5.854,0.8858,0,in range
GRID_10977,-79.874,157.427,423165.0,-1017940.5,TAM,w,-5.805,0.4913,0,in range
GRID_10978,-79.871,157.379,424144.0,-1017888.8,TAM,w,-6.101,0.6102,0,in range
GRID_10979,-79.867,157.331,425165.3,-1017937.1,TAM,c,-6.139,0.9212,0,in range
GRID_10980,-79.864,157.283,426144.8,-1017883.4,TAM,w,-5.871,0.6451,0,in range
GRID_10981,-79.86,157.235,427166.8,-1017929.8,TAM,c,-6.322,0.8634,0,in range
GRID_10982,-79.857,157.187,428146.7,-1017874.3,TAM,c,-6.311,0.8843,0,in range
GRID_10983,-79.886,157.455,422163.9,-1016934.1,TAM,w,-5.708,0.77,0,in range
GRID_10984,-79.883,157.407,423141.9,-1016883.2,TAM,c,-6.101,0.8721,0,in range
GRID_10985,-79.879,157.359,424162.2,-1016932.4,TAM,c,-6.362,0.9781,0,in range
GRID_10986,-79.876,157.311,425140.6,-1016879.7,TAM,w,-5.255,0.9206,0,in range
GRID_10987,-79.865,157.167,428162.2,-1016917.7,TAM,w,-5.306,0.9909,0,in range
GRID_10988,-79.862,157.119,429141.7,-1016861.2,TAM,w,-5.865,0.7965,0,in range
GRID_10989,-79.844,156.881,434135.5,-1016881.9,TAM,w,-6.65,0.487,0,in range
GRID_10990,-79.891,157.387,423160.1,-1015927.1,TAM,w,-5.806,0.8103,0,in range
GRID_10991,-79.888,157.339,424137.6,-1015875.3,TAM,w,-6.553,0.4159,0,in range
GRID_10992,-79.884,157.291,425157.5,-1015923.5,TAM,w,-3.478,0.7979,0,in range
GRID_10993,-79.874,157.147,428134.6,-1015860.4,TAM,w,-6.071,0.7448,0,in range
GRID_10994,-79.87,157.099,429155.8,-1015904.7,TAM,w,-6.232,0.4212,0,in range
GRID_10995,-79.866,157.051,430177.5,-1015948.0,TAM,w,-6.03,0.759,0,in range
GRID_10996,-79.863,157.004,431139.0,-1015897.0,TAM,w,-5.747,0.6071,1,slope
GRID_10997,-79.896,157.319,424154.5,-1014919.2,TAM,w,-5.854,0.8255,0,in range
GRID_10998,-79.893,157.271,425131.5,-1014866.4,TAM,w,-5.825,0.3586,0,in range
GRID_10999,-79.889,157.223,426151.1,-1014913.6,TAM,c,-6.711,0.7571,0,in range
GRID_11000,-79.886,157.175,427128.5,-1014858.8,TAM,c,-6.343,0.9967,0,in range
GRID_11001,-79.489,157.437,439162.2,-1056942.7,TAM,c,-6.882,0.5323,0,in range
GRID_11002,-79.486,157.39,440155.4,-1056885.5,TAM,w,-5.29,0.5883,0,in range
GRID_11003,-79.482,157.344,441172.5,-1056936.1,TAM,w,-5.689,0.4874,0,in range
GRID_11004,-79.498,157.417,439152.6,-1055879.2,TAM,w,-5.733,0.573,0,in range
GRID_11005,-79.513,157.491,437159.5,-1054927.8,TAM,w,-3.353,0.8189,0,in range
GRID_11006,-79.51,157.444,438150.8,-1054872.3,TAM,w,-5.105,0.8013,0,in range
GRID_11007,-79.518,157.425,438164.2,-1053917.9,TAM,w,-5.716,0.6006,0,in range
GRID_11008,-79.508,157.286,441142.6,-1053862.1,TAM,w,-5.629,0.6287,0,in range
GRID_11009,-79.548,157.685,432129.7,-1052855.8,TAM,w,-5.796,0.4202,0,in range
GRID_11010,-79.537,157.545,435161.1,-1052910.1,TAM,w,-5.347,0.4716,0,in range
GRID_11011,-79.527,157.406,438135.0,-1052862.5,TAM,w,-5.799,0.2721,0,in range
GRID_11012,-79.523,157.36,439148.8,-1052914.7,TAM,w,-5.545,0.3495,0,in range
GRID_11013,-79.513,157.221,442125.9,-1052856.0,TAM,w,-6.233,0.3399,0,in range
GRID_11014,-79.509,157.174,443159.4,-1052896.8,TAM,w,-6.019,0.4676,0,in range
GRID_11015,-79.556,157.666,432145.8,-1051902.0,TAM,w,-5.683,0.5198,0,in range
GRID_11016,-79.553,157.619,433133.7,-1051851.0,TAM,w,-5.21,0.458,0,in range
GRID_11017,-79.546,157.526,435133.5,-1051854.9,TAM,w,-6.095,0.2662,0,in range
GRID_11018,-79.535,157.387,438147.2,-1051908.3,TAM,w,-5.647,0.3147,0,in range
GRID_11019,-79.521,157.201,442153.9,-1051893.9,TAM,w,-4.961,0.7565,0,in range
GRID_11020,-79.517,157.155,443168.3,-1051942.3,TAM,w,-6.372,0.3582,0,in range
GRID_11021,-79.568,157.693,431151.3,-1050889.7,TAM,w,-4.975,0.6793,0,in range
GRID_11022,-79.564,157.646,432179.8,-1050940.8,TAM,w,-5.837,0.4137,0,in range
GRID_11023,-79.561,157.6,433148.6,-1050897.3,TAM,w,-5.342,0.5813,0,in range
GRID_11024,-79.557,157.553,434177.8,-1050946.5,TAM,w,-6.047,0.3209,0,in range
GRID_11025,-79.554,157.507,435147.1,-1050901.1,TAM,w,-5.129,0.6767,0,in range
GRID_11026,-79.55,157.46,436176.9,-1050948.4,TAM,w,-5.596,0.6852,0,in range
GRID_11027,-79.529,157.182,442162.9,-1050939.6,TAM,w,-5.365,0.8606,0,in range
GRID_11028,-79.526,157.136,443134.2,-1050887.0,TAM,w,-6.409,0.3808,0,in range
GRID_11029,-79.58,157.721,430139.4,-1049884.2,TAM,w,-5.552,0.9877,0,in range
GRID_11030,-79.576,157.674,431166.9,-1049936.2,TAM,w,-5.104,0.7548,0,in range
GRID_11031,-79.573,157.627,432153.1,-1049886.0,TAM,c,-5.666,1.0358,0,in range
GRID_11032,-79.569,157.581,433162.9,-1049943.7,TAM,c,-5.47,0.9936,0,in range
GRID_11033,-79.566,157.534,434149.6,-1049891.6,TAM,w,-5.576,0.7304,0,in range
GRID_11034,-79.538,157.162,442147.1,-1049876.8,TAM,w,-5.344,0.733,0,in range
GRID_11035,-79.534,157.116,443160.2,-1049925.1,TAM,w,-6.315,0.3131,0,in range
GRID_11036,-79.585,157.655,431140.4,-1048881.6,TAM,c,-5.629,0.882,0,in range
GRID_11037,-79.581,157.608,432167.5,-1048932.6,TAM,c,-5.849,0.9851,0,in range
GRID_11038,-79.578,157.561,433153.2,-1048881.4,TAM,w,-5.32,0.7057,0,in range
GRID_11039,-79.567,157.422,436159.0,-1048939.8,TAM,w,-5.275,0.6927,0,in range
GRID_11040,-79.564,157.375,437145.7,-1048884.9,TAM,w,-4.931,0.7416,0,in range
GRID_11041,-79.546,157.143,442154.9,-1048922.8,TAM,w,-4.868,0.6713,0,in range
GRID_11042,-79.543,157.096,443143.1,-1048862.4,TAM,w,-6.183,0.3394,0,in range
GRID_11043,-79.593,157.635,431173.1,-1047920.9,TAM,w,-5.46,0.6461,0,in range
GRID_11044,-79.59,157.589,432139.5,-1047878.1,TAM,w,-5.356,0.7144,0,in range
GRID_11045,-79.586,157.542,433166.3,-1047928.1,TAM,w,-5.17,0.5662,0,in range
GRID_11046,-79.583,157.495,434151.5,-1047875.9,TAM,w,-5.241,0.9106,0,in range
GRID_11047,-79.579,157.449,435160.7,-1047931.5,TAM,w,-5.367,0.7918,0,in range
GRID_11048,-79.576,157.402,436146.4,-1047877.5,TAM,w,-4.573,0.9992,0,in range
GRID_11049,-79.555,157.123,442137.9,-1047860.2,TAM,w,-5.628,0.4926,0,in range
GRID_11050,-79.586,157.27,438136.2,-1045859.9,TAM,c,-6.519,0.8161,0,in range
GRID_11051,-79.594,157.251,438144.3,-1044906.6,TAM,w,-5.325,0.9842,0,in range
GRID_11052,-79.632,157.492,432152.3,-1042896.1,TAM,w,-5.198,0.7657,0,in range
GRID_11053,-79.644,157.519,431158.4,-1041885.4,TAM,w,-4.988,0.6895,0,in range
GRID_11054,-79.64,157.473,432162.5,-1041943.5,TAM,w,-4.002,1.1565,0,in range
GRID_11055,-79.656,157.547,430147.3,-1040881.6,TAM,w,-5.592,0.7154,0,in range
GRID_11056,-79.652,157.5,431168.6,-1040933.1,TAM,w,-4.431,1.1126,0,in range
GRID_11057,-79.649,157.453,432148.3,-1040882.4,TAM,w,-5.81,0.7235,0,in range
GRID_11058,-79.664,157.528,430157.6,-1039929.5,TAM,w,-4.824,0.6816,0,in range
GRID_11059,-79.661,157.481,431136.3,-1039879.7,TAM,w,-5.423,0.7622,0,in range
GRID_11060,-79.657,157.434,432157.3,-1039930.2,TAM,w,-6.325,0.4838,0,in range
GRID_11061,-79.673,157.508,430143.6,-1038868.8,TAM,w,-4.591,0.7291,0,in range
GRID_11062,-79.669,157.461,431163.5,-1038920.1,TAM,w,-5.145,0.7239,0,in range
GRID_11063,-79.666,157.414,432141.8,-1038869.3,TAM,w,-4.899,0.7321,0,in range
GRID_11078,-80.07,158.671,393163.5,-1006906.1,TAM,g,-5.879,0.4798,0,in range
GRID_11079,-80.072,158.267,400172.5,-1003905.6,TAM,w,-6.628,0.6091,0,in range
GRID_11080,-80.111,158.692,391164.2,-1002870.6,TAM,g,-6.102,0.3992,0,in range
GRID_11081,-80.104,158.593,393176.0,-1002906.3,TAM,g,-5.855,0.285,0,in range
GRID_11082,-80.101,158.544,394153.7,-1002875.2,TAM,w,-6.005,0.6981,1,elev
GRID_11083,-80.097,158.494,395189.1,-1002938.0,TAM,w,-5.673,0.7303,0,in range
GRID_11084,-80.084,158.297,399161.2,-1002895.0,TAM,w,-6.099,0.6868,0,in range
GRID_11085,-80.081,158.248,400140.4,-1002858.1,TAM,w,-6.268,0.6559,0,in range
GRID_11086,-80.109,158.524,394183.2,-1001922.9,TAM,w,-3.655,1.3123,1,elev
GRID_11087,-80.092,158.277,399187.3,-1001942.4,TAM,w,-6.457,0.4789,0,in range
GRID_11088,-80.114,158.455,395188.6,-1000938.7,TAM,w,-6.333,0.6675,1,elev
GRID_11089,-80.111,158.406,396165.3,-1000905.5,TAM,w,-5.927,0.7401,1,elev
GRID_11090,-80.103,158.139,401151.2,-999860.9,TAM,w,-5.993,0.6485,0,in range
GRID_11091,-80.13,158.248,398153.5,-997878.4,TAM,w,-6.113,0.7054,1,elev
GRID_11092,-80.126,158.199,399169.3,-997943.9,TAM,w,-6.005,0.6495,1,elev
GRID_11093,-80.138,158.228,398177.1,-996926.5,TAM,w,-6.22,0.5307,0,in range
GRID_11094,-80.118,157.932,404144.2,-996884.1,TAM,w,-5.888,0.8776,0,in range
GRID_11095,-80.147,158.208,398159.5,-995873.1,TAM,w,-6.261,0.4969,0,in range
GRID_11096,-80.126,157.912,404163.0,-995931.9,TAM,w,-6.399,0.7351,0,in range
GRID_11097,-80.138,157.941,403165.8,-994919.4,TAM,w,-6.152,0.689,0,in range
GRID_11098,-80.135,157.892,404140.1,-994878.4,TAM,w,-6.008,0.8921,0,in range
GRID_11099,-80.164,158.169,398145.6,-993875.2,TAM,w,-5.851,0.8004,1,elev
GRID_11100,-80.143,157.871,404174.9,-993919.4,TAM,w,-6.041,0.8736,0,in range
GRID_11101,-80.179,158.248,396166.7,-992899.0,TAM,g,-5.628,0.5521,0,in range
GRID_11102,-80.169,158.099,399155.5,-992880.5,TAM,w,-5.884,0.6835,1,elev
GRID_11103,-80.155,157.901,403160.5,-992914.4,TAM,w,-6.013,0.7069,0,in range
GRID_11104,-80.145,157.752,406155.5,-992875.3,TAM,w,-6.76,0.6996,0,in range
GRID_11105,-80.167,157.93,402164.6,-991901.6,TAM,w,-5.924,0.8191,1,elev
GRID_11106,-80.157,157.782,405139.1,-991872.3,TAM,w,-5.912,0.8872,1,elev
GRID_11107,-80.153,157.732,406170.4,-991923.4,TAM,w,-6.251,0.8459,0,in range
GRID_11108,-80.179,157.96,401152.5,-990895.1,TAM,w,-6.115,0.6472,1,elev
GRID_11109,-80.175,157.91,402181.7,-990950.1,TAM,w,-6.3,0.3898,1,elev
GRID_11110,-80.172,157.861,403152.7,-990909.9,TAM,w,-5.785,0.7883,1,elev
GRID_11111,-80.184,157.89,402156.9,-989897.5,TAM,w,-6.511,0.689,0,in range
GRID_11112,-80.18,157.84,403185.7,-989951.4,TAM,w,-3.286,1.0694,1,elev
GRID_11113,-80.2,157.56,407183.5,-985946.9,TAM,w,-6.042,0.7559,1,elev
GRID_11114,-80.212,157.59,406166.7,-984946.3,TAM,w,-5.766,0.9762,1,elev
GRID_11115,-80.221,157.569,406152.0,-983887.2,TAM,w,-6.131,0.8169,1,elev
GRID_11116,-80.21,157.42,409171.3,-983938.8,TAM,w,-5.764,0.7335,1,elev
GRID_11117,-80.229,157.549,406161.1,-982936.5,TAM,w,-6.066,0.7837,1,elev
GRID_11118,-80.219,157.399,409153.5,-982879.8,TAM,w,-6.625,0.5748,1,elev
GRID_11119,-79.665,157.802,425138.2,-1041873.3,TAM,w,-5.093,0.5393,0,in range
GRID_11120,-79.758,158.141,415175.2,-1034920.1,TAM,w,-6.414,0.573,0,in range
GRID_11121,-79.792,158.065,415157.2,-1030915.8,TAM,d,-5.535,0.9467,0,in range
GRID_11122,-79.801,158.045,415148.6,-1029857.0,TAM,d,-5.706,0.7521,0,in range
GRID_11123,-79.818,158.007,415134.7,-1027855.8,TAM,d,-6.828,0.6832,0,in range
GRID_11124,-79.957,158.306,404141.1,-1015871.4,TAM,g,-5.375,0.6682,0,in range
GRID_11125,-79.934,157.849,413180.0,-1014947.1,TAM,c,-6.644,0.8789,0,in range
GRID_11126,-79.931,157.801,414154.2,-1014904.6,TAM,c,-6.819,0.7995,0,in range
GRID_11127,-79.928,157.752,415146.3,-1014853.9,TAM,c,-6.293,0.6422,0,in range
GRID_11128,-79.924,157.704,416162.5,-1014910.8,TAM,c,-7.212,0.5085,0,in range
GRID_11129,-79.943,157.829,413162.6,-1013890.6,TAM,c,-6.87,0.7831,0,in range
GRID_11130,-79.939,157.781,414177.4,-1013949.4,TAM,c,-6.859,0.8432,0,in range
GRID_11131,-79.933,157.684,416142.7,-1013854.2,TAM,c,-7.05,0.7537,0,in range
GRID_11132,-79.948,157.761,414158.5,-1012893.0,TAM,c,-6.218,0.8617,0,in range
GRID_11133,-79.944,157.713,415172.9,-1012950.7,TAM,c,-6.065,0.8395,0,in range
GRID_11134,-79.941,157.664,416163.8,-1012899.0,TAM,c,-6.472,0.7334,0,in range
GRID_11135,-79.96,157.79,413149.3,-1011886.6,TAM,c,-6.696,0.8192,0,in range
GRID_11136,-79.956,157.741,414180.4,-1011938.0,TAM,c,-5.49,0.753,0,in range
GRID_11137,-79.953,157.693,415152.6,-1011894.5,TAM,c,-6.063,0.824,0,in range
GRID_11138,-79.949,157.645,416166.7,-1011951.2,TAM,c,-6.379,1.045,0,in range
GRID_11139,-79.968,157.77,413171.2,-1010931.8,TAM,c,-5.761,1.0506,0,in range
GRID_11140,-79.965,157.722,414142.5,-1010889.2,TAM,c,-5.756,1.1133,0,in range
GRID_11141,-79.961,157.673,415173.2,-1010939.6,TAM,c,-5.93,0.8913,0,in range
GRID_11142,-79.991,157.945,409136.4,-1009856.1,TAM,g,-4.176,1.3623,0,in range
GRID_11143,-79.98,157.799,412163.3,-1009924.9,TAM,c,-5.822,0.9911,0,in range
GRID_11144,-79.977,157.75,413151.1,-1009875.9,TAM,c,-5.281,1.0602,0,in range
GRID_11145,-79.973,157.702,414163.1,-1009934.5,TAM,c,-5.677,1.0944,0,in range
GRID_11146,-80.002,157.974,408173.8,-1008947.1,TAM,g,-5.156,1.1421,0,in range
GRID_11147,-79.985,157.73,413171.8,-1008921.4,TAM,c,-5.895,0.8951,0,in range
GRID_11148,-80.025,158.15,404135.8,-1007860.0,TAM,g,-2.913,1.0736,0,in range
GRID_11149,-80.011,157.954,408156.3,-1007891.7,TAM,g,-4.983,1.1262,0,in range
GRID_11150,-80.036,158.179,403178.2,-1006946.9,TAM,g,-6.204,0.3918,0,in range
GRID_11151,-80.17,157.692,406156.8,-989918.8,TAM,w,-5.57,0.9193,1,elev
GRID_11152,-80.228,158.249,394162.8,-987926.9,TAM,g,-5.721,0.8141,0,in range
GRID_11153,-80.221,158.149,396171.5,-987948.2,TAM,g,-5.826,0.629,0,in range
GRID_11154,-80.264,158.339,391156.9,-984884.7,TAM,g,-5.932,0.961,1,slope
GRID_11155,-80.237,157.938,399149.6,-984860.3,TAM,w,-6.22,0.7196,0,in range
GRID_11156,-80.246,157.507,406170.1,-980920.3,TAM,g,-5.957,0.7654,1,elev
GRID_11166,-80.148,158.665,390163.9,-998915.2,TAM,g,-5.497,0.522,0,in range
GRID_11167,-80.18,158.706,388177.6,-995932.1,TAM,g,-5.736,0.7597,0,in range
GRID_11168,-80.192,158.736,387179.9,-994911.7,TAM,g,-5.903,0.8819,0,in range
GRID_11169,-80.794,156.829,394170.4,-920955.6,TAM,w,-5.933,0.5776,0,in range
GRID_11170,-80.803,156.807,394136.6,-919900.0,TAM,w,-5.655,0.7532,0,in range
GRID_11171,-80.815,156.837,393139.0,-918900.3,TAM,w,-6.057,0.87,0,in range
GRID_11172,-80.827,156.867,392142.5,-917899.9,TAM,w,-6.428,0.547,0,in range
GRID_11173,-80.835,156.844,392167.1,-916938.4,TAM,w,-6.238,0.5742,0,in range
GRID_11174,-80.832,156.791,393144.3,-916876.6,TAM,w,-5.911,0.7577,0,in range
GRID_11175,-80.86,156.776,392177.6,-913961.4,TAM,w,-6.387,0.7489,0,in range
GRID_11176,-80.857,156.723,393152.4,-913899.4,TAM,w,-3.625,0.9912,0,in range
GRID_11177,-80.288,158.108,394145.6,-980863.6,TAM,g,-5.939,0.8806,0,in range
GRID_11178,-80.293,158.037,395156.2,-979867.2,TAM,g,-6.007,0.8436,0,in range
GRID_11179,-80.289,157.987,396175.1,-979927.6,TAM,g,-5.708,0.9013,0,in range
GRID_11180,-80.311,157.876,397166.5,-976929.0,TAM,g,-6.065,0.8644,0,in range
GRID_11181,-80.308,157.826,398142.7,-976885.9,TAM,g,-5.447,0.9038,0,in range
GRID_11182,-80.316,157.805,398170.2,-975929.7,TAM,g,-6.584,0.6164,1,slope
GRID_11183,-80.325,157.785,398138.6,-974879.2,TAM,g,-5.999,0.9204,0,in range
GRID_11184,-80.311,157.17,409173.8,-971961.0,TAM,g,-5.887,0.712,0,in range
GRID_11185,-80.344,157.207,407147.7,-968897.3,TAM,g,-5.282,0.7272,0,in range
GRID_11186,-80.34,157.157,408162.9,-968944.9,TAM,g,-6.334,0.8128,0,in range
GRID_11187,-80.349,157.136,408135.5,-967888.2,TAM,g,-5.698,0.7582,0,in range
GRID_11188,-80.385,157.223,405141.0,-964876.3,TAM,g,-6.471,0.7732,0,in range
GRID_11189,-80.39,157.151,406140.8,-963862.5,TAM,g,-5.816,0.6508,0,in range
GRID_11207,-79.612,158.029,423178.4,-1048931.5,TAM,w,-5.547,0.7159,0,in range
GRID_11208,-79.609,157.982,424161.9,-1048888.6,TAM,w,-4.667,0.8537,0,in range
GRID_11209,-79.629,157.991,423176.4,-1046924.7,TAM,c,-5.368,0.917,0,in range
GRID_11210,-79.626,157.944,424158.4,-1046881.7,TAM,w,-5.68,0.4598,0,in range
GRID_11211,-79.638,157.972,423153.9,-1045870.8,TAM,w,-4.653,0.732,0,in range
GRID_11212,-79.634,157.925,424176.3,-1045929.2,TAM,w,-5.099,0.8019,0,in range
GRID_11213,-79.631,157.878,425157.8,-1045885.2,TAM,w,-5.533,0.4713,0,in range
GRID_11214,-79.656,158.095,420172.4,-1044948.1,TAM,w,-4.898,0.8898,0,in range
GRID_11215,-79.65,158.0,422150.5,-1044859.1,TAM,w,-5.761,0.4748,0,in range
GRID_11216,-79.646,157.953,423171.9,-1044918.4,TAM,w,-5.711,0.282,0,in range
GRID_11217,-79.658,157.981,422168.5,-1043907.0,TAM,w,-5.019,0.7476,0,in range
GRID_11218,-79.655,157.934,423148.1,-1043864.7,TAM,w,-4.528,1.2315,0,in range
GRID_11219,-79.667,157.962,422144.9,-1042853.4,TAM,w,-4.31,0.8366,0,in range
GRID_11220,-82.932,157.327,296198.4,-709023.4,TAM,g,-1.963,0.747,1,temp
GRID_11221,-82.941,157.298,296178.6,-707968.4,TAM,g,-1.473,0.7763,1,temp
GRID_11222,-82.949,157.269,296200.0,-707014.1,TAM,g,-1.954,0.6548,1,temp
GRID_11223,-82.942,157.131,298198.5,-707001.6,TAM,g,-1.667,0.6646,1,temp
GRID_11224,-82.939,157.063,299164.8,-706948.4,TAM,g,-1.731,0.5671,1,temp
GRID_11225,-82.958,157.24,296178.2,-705959.4,TAM,g,-2.47,0.4191,1,temp
GRID_11226,-82.954,157.171,297197.4,-706004.1,TAM,g,-1.714,0.6259,1,temp
GRID_11227,-82.951,157.102,298174.6,-705946.9,TAM,g,-2.066,0.6856,1,temp
GRID_11228,-82.963,157.142,297173.6,-704949.6,TAM,g,-1.778,0.7709,1,temp
GRID_11229,-82.964,156.975,299184.4,-703980.1,TAM,g,-1.991,0.5788,1,temp
GRID_11230,-82.979,157.084,297208.0,-703042.1,TAM,g,-0.58,0.9284,1,temp
GRID_11231,-82.981,156.916,299182.7,-701967.1,TAM,g,-2.29,0.4441,1,temp
GRID_11232,-83.013,156.967,297193.0,-699023.3,TAM,g,-1.511,0.6711,1,temp
GRID_11233,-83.006,156.828,299188.2,-699001.6,TAM,g,-2.323,0.4614,1,temp
GRID_11234,-83.022,156.937,297174.7,-697965.0,TAM,g,-1.951,0.5716,1,temp
GRID_11235,-83.034,156.977,296175.9,-696968.6,TAM,g,-2.131,0.6298,1,temp
GRID_11236,-83.023,156.768,299189.2,-696985.3,TAM,g,-0.393,0.7999,1,temp
GRID_11237,-83.053,157.157,293180.9,-695987.2,TAM,n,-1.588,0.7809,1,"temp, litho"
GRID_11238,-82.343,158.939,299215.6,-777009.7,TAM,w,-3.21,0.7259,0,in range
GRID_11239,-82.355,158.979,298203.5,-775996.6,TAM,w,-3.366,0.9061,0,in range
GRID_11240,-82.367,159.018,297206.6,-774977.2,TAM,n,-2.412,0.9941,1,litho
GRID_11241,-82.364,158.954,298189.6,-774950.2,TAM,n,-1.791,1.1364,1,litho
GRID_11242,-82.761,159.455,276208.7,-736988.6,TAM,w,-2.424,0.8769,0,in range
GRID_11243,-82.77,159.429,276198.3,-735944.6,TAM,w,-2.739,1.0416,0,in range
GRID_11245,-82.323,159.511,292207.3,-782001.6,TAM,w,-1.617,1.241,0,in range
GRID_11246,-82.317,159.382,294197.7,-781954.3,TAM,w,-1.359,1.0914,0,in range
GRID_11247,-82.314,159.318,295186.6,-781931.4,TAM,w,-1.428,0.8725,0,in range
GRID_11248,-82.311,159.254,296175.7,-781907.2,TAM,w,-2.933,0.7869,0,in range
GRID_11249,-82.304,159.126,298193.8,-781957.1,TAM,w,-2.583,0.8016,0,in range
GRID_11250,-82.338,159.615,290217.5,-780997.0,TAM,w,-2.219,0.962,0,in range
GRID_11251,-82.335,159.551,291204.0,-780979.0,TAM,w,-1.662,1.2207,0,in range
GRID_11252,-82.326,159.358,294179.1,-780912.3,TAM,w,-1.839,0.8518,0,in range
GRID_11253,-82.35,159.656,289203.5,-779977.2,TAM,w,-1.94,0.8219,0,in range
GRID_11254,-82.347,159.591,290202.2,-779955.3,TAM,w,-1.568,1.1195,0,in range
GRID_11255,-82.318,159.013,299188.5,-779941.6,TAM,w,-2.918,1.0747,0,in range
GRID_11256,-82.365,159.761,287207.6,-778970.8,TAM,w,-3.147,0.9238,0,in range
GRID_11257,-82.362,159.697,288191.1,-778956.4,TAM,w,-1.114,0.9406,0,in range
GRID_11258,-82.356,159.567,290186.2,-778913.8,TAM,w,-1.862,0.8724,0,in range
GRID_11259,-82.339,159.245,295216.2,-779004.6,TAM,w,-0.688,1.0468,0,in range
GRID_11260,-82.336,159.181,296202.5,-778980.2,TAM,w,-1.633,1.1416,0,in range
GRID_11261,-82.333,159.117,297189.1,-778954.6,TAM,w,-1.613,1.1156,0,in range
GRID_11262,-82.33,159.053,298176.0,-778927.8,TAM,w,-1.365,1.0929,0,in range
GRID_11263,-82.326,158.989,299202.3,-779001.6,TAM,w,-2.641,0.8037,0,in range
GRID_11264,-82.355,159.35,293172.6,-777911.2,TAM,w,-1.966,0.8694,0,in range
GRID_11265,-82.351,159.285,294209.3,-777986.2,TAM,w,-1.487,1.2155,0,in range
GRID_11266,-82.345,159.157,296179.4,-777938.6,TAM,w,-2.953,1.2297,0,in range
GRID_11267,-82.338,159.028,298203.5,-777982.8,TAM,w,-2.026,1.1463,0,in range
GRID_11268,-82.36,159.261,294187.5,-776944.8,TAM,w,-2.435,1.0454,0,in range
GRID_11269,-82.357,159.196,295184.9,-776916.5,TAM,w,-1.813,0.8891,0,in range
GRID_11270,-82.353,159.132,296208.0,-776993.9,TAM,w,-0.955,1.1352,0,in range
GRID_11271,-82.378,159.43,291204.7,-775971.0,TAM,w,-3.152,0.9227,0,in range
GRID_11272,-82.375,159.366,292186.6,-775951.5,TAM,w,-2.621,0.9836,0,in range
GRID_11273,-82.362,159.107,296196.9,-775947.5,TAM,w,-2.584,0.7751,0,in range
GRID_11274,-82.359,159.043,297180.5,-775921.7,TAM,w,-1.782,0.9227,0,in range
GRID_11275,-82.409,159.86,284208.8,-774960.1,TAM,w,-3.056,0.9433,0,in range
GRID_11276,-82.406,159.795,285200.8,-774944.3,TAM,w,-2.517,0.7393,0,in range
GRID_11277,-82.403,159.73,286193.1,-774927.2,TAM,w,-2.817,0.9135,0,in range
GRID_11278,-82.393,159.536,289196.6,-774975.6,TAM,w,-2.353,0.4706,0,in range
GRID_11279,-82.387,159.406,291184.4,-774930.0,TAM,w,-2.553,0.6588,0,in range
GRID_11280,-82.383,159.341,292217.3,-775007.4,TAM,w,-1.3,0.9023,0,in range
GRID_11281,-82.38,159.277,293198.6,-774986.6,TAM,w,-1.709,1.1691,0,in range
GRID_11282,-82.377,159.212,294193.7,-774959.4,TAM,w,-1.806,1.2053,0,in range
GRID_11283,-82.374,159.147,295189.2,-774930.9,TAM,w,-2.114,0.95,0,in range
GRID_11284,-82.37,159.083,296210.4,-775008.2,TAM,w,-2.359,0.6988,0,in range
GRID_11285,-82.418,159.837,284181.5,-773924.5,TAM,w,-1.796,0.98,0,in range
GRID_11286,-82.414,159.771,285223.6,-774006.0,TAM,w,-2.439,1.16,0,in range
GRID_11287,-82.411,159.706,286215.0,-773988.8,TAM,w,-2.503,0.6947,0,in range
GRID_11288,-82.408,159.641,287206.7,-773970.4,TAM,w,-2.259,0.5884,0,in range
GRID_11289,-82.405,159.576,288198.8,-773950.7,TAM,w,-2.364,0.5301,0,in range
GRID_11290,-82.402,159.511,289191.1,-773929.8,TAM,w,-2.448,0.7058,0,in range
GRID_11291,-82.398,159.446,290222.1,-774009.7,TAM,w,-2.744,0.8814,0,in range
GRID_11292,-82.395,159.382,291201.7,-773991.3,TAM,w,-2.576,1.0687,0,in range
GRID_11293,-82.392,159.317,292195.2,-773966.6,TAM,w,-1.701,1.13,0,in range
GRID_11294,-82.389,159.252,293189.0,-773940.6,TAM,w,-1.626,1.1802,0,in range
GRID_11295,-82.386,159.187,294183.0,-773913.3,TAM,w,-1.938,0.7446,0,in range
GRID_11296,-82.382,159.123,295202.8,-773991.9,TAM,w,-2.08,1.2255,0,in range
GRID_11297,-82.379,159.058,296197.6,-773962.1,TAM,n,-1.89,0.9485,1,litho
GRID_11298,-82.417,159.617,287189.0,-772929.9,TAM,w,-2.069,0.663,0,in range
GRID_11299,-82.414,159.552,288180.0,-772910.1,TAM,w,-2.418,0.3908,0,in range
GRID_11300,-82.41,159.487,289209.5,-772991.3,TAM,w,-2.614,0.5275,0,in range
GRID_11301,-82.407,159.422,290201.3,-772969.1,TAM,w,-2.043,0.7009,0,in range
GRID_11302,-82.404,159.357,291193.4,-772945.5,TAM,w,-2.712,0.9468,0,in range
GRID_11303,-82.401,159.292,292185.8,-772920.8,TAM,w,-2.34,1.1367,0,in range
GRID_11304,-82.397,159.228,293203.7,-773001.8,TAM,w,-1.439,1.0576,0,in range
GRID_11305,-82.391,159.098,295190.3,-772946.0,TAM,n,-2.064,1.0289,1,litho
GRID_11306,-82.416,159.398,290179.6,-771928.6,TAM,w,-2.59,0.9112,0,in range
GRID_11307,-82.412,159.333,291209.1,-772007.1,TAM,w,-1.857,0.7284,0,in range
GRID_11308,-82.409,159.268,292200.6,-771982.3,TAM,n,-2.418,1.009,1,litho
GRID_11309,-82.406,159.203,293192.4,-771956.2,TAM,n,-2.807,1.0279,1,litho
GRID_11310,-82.403,159.138,294184.5,-771928.8,TAM,n,-2.411,0.9928,1,litho
GRID_11311,-82.45,159.299,290202.2,-767957.2,TAM,g,-1.444,0.978,0,in range
GRID_11312,-82.447,159.234,291189.2,-767933.4,TAM,g,-1.752,0.8948,0,in range
GRID_11313,-82.459,159.275,290176.5,-766917.5,TAM,g,-1.702,0.7096,0,in range
GRID_11314,-82.455,159.21,291201.1,-766995.7,TAM,g,-1.217,1.0325,1,slope
GRID_11315,-82.554,159.827,279201.6,-759952.6,TAM,n,-1.414,1.2629,1,litho
GRID_11316,-82.559,159.736,280219.4,-758996.7,TAM,n,-1.406,1.1499,1,litho
GRID_11317,-83.042,156.947,296199.3,-696011.1,TAM,g,-1.78,0.7706,1,temp
GRID_11318,-83.054,156.987,295202.1,-695014.0,TAM,g,-2.169,0.5322,1,temp
GRID_11319,-83.051,156.918,296167.0,-694958.8,TAM,g,-1.871,0.4793,1,temp
GRID_11320,-83.04,156.709,299174.1,-694975.0,TAM,g,-1.406,0.5547,1,temp
GRID_11321,-83.073,157.168,292201.5,-694034.5,TAM,n,-0.959,0.5519,1,"temp, litho"
GRID_11322,-83.063,156.958,295169.9,-693961.8,TAM,g,-2.032,0.457,1,temp
GRID_11323,-83.055,156.818,297207.9,-694040.0,TAM,g,-1.526,0.6864,1,temp
GRID_11324,-83.082,157.138,292183.8,-692977.6,TAM,n,-1.728,0.6779,1,"temp, litho"
GRID_11325,-83.078,157.068,293200.0,-693021.6,TAM,n,-1.145,0.6416,1,"temp, litho"
GRID_11326,-83.067,156.858,296209.3,-693044.7,TAM,g,-1.788,0.5062,1,temp
GRID_11327,-83.09,157.108,292207.4,-692021.3,TAM,n,-1.064,0.6597,1,"temp, litho"
GRID_11328,-83.087,157.038,293180.2,-691964.9,TAM,n,-1.357,0.7914,1,"temp, litho"
GRID_11329,-83.102,157.149,291204.3,-691025.1,TAM,n,-0.676,0.8291,1,"temp, litho"
GRID_11330,-83.099,157.079,292175.6,-690969.9,TAM,n,-1.422,0.7531,1,"temp, litho"
GRID_11331,-83.095,157.009,293189.9,-691013.8,TAM,n,-1.632,0.4427,1,"temp, litho"
GRID_11332,-83.092,156.938,294174.0,-690950.8,TAM,n,-1.547,0.6101,1,"temp, litho"
GRID_11333,-83.088,156.868,295189.2,-690991.7,TAM,n,-2.3,0.4993,1,"temp, litho"
GRID_11334,-83.081,156.728,297178.1,-690969.2,TAM,n,-1.9,0.6363,1,"temp, litho"
GRID_11335,-83.114,157.19,290202.7,-690027.8,TAM,n,-2.127,0.5395,1,"temp, litho"
GRID_11336,-83.093,156.768,296179.8,-689974.7,TAM,n,-2.278,0.6038,1,"temp, litho"
GRID_11337,-83.123,157.16,290183.2,-688971.8,TAM,n,-2.175,0.3919,1,"temp, litho"
GRID_11338,-83.128,157.06,291172.9,-687962.5,TAM,n,-2.155,0.5063,1,"temp, litho"
GRID_11339,-83.118,156.678,296184.6,-687006.7,TAM,c,-0.994,0.966,1,temp
GRID_11340,-83.126,156.647,296210.7,-686045.9,TAM,n,-1.393,0.6235,1,"temp, litho"
GRID_11341,-83.146,156.828,293184.3,-684974.5,TAM,n,-0.927,0.8651,1,"temp, litho"
GRID_11342,-83.196,157.235,286202.8,-682015.5,TAM,n,-1.821,0.5915,1,"temp, litho"
GRID_11343,-83.193,157.164,287174.6,-681961.7,TAM,n,-1.556,0.6556,1,"temp, litho"
GRID_11344,-83.205,157.205,286179.9,-680961.4,TAM,n,-1.662,0.7184,1,"temp, litho"
GRID_11345,-83.201,157.134,287192.9,-681007.9,TAM,n,-2.064,0.4214,1,"temp, litho"
GRID_11346,-83.197,157.062,288218.3,-681047.9,TAM,n,-1.933,0.6295,1,"temp, litho"
GRID_11347,-83.21,157.104,287167.9,-679954.0,TAM,n,-2.08,0.4964,1,"temp, litho"
GRID_11348,-83.202,156.961,289205.2,-680037.4,TAM,n,-1.771,0.6869,1,"temp, litho"
GRID_11349,-83.218,157.073,287196.1,-678995.6,TAM,n,-2.289,0.6023,1,"temp, litho"
GRID_11350,-83.214,157.002,288207.6,-679040.5,TAM,n,-1.829,0.5589,1,"temp, litho"
GRID_11351,-83.211,156.931,289176.9,-678983.6,TAM,n,-1.579,0.7709,1,"temp, litho"
GRID_11352,-83.234,157.187,285168.6,-677958.6,TAM,n,-1.583,0.6856,1,"temp, litho"
GRID_11353,-83.23,157.115,286189.8,-678001.3,TAM,n,-1.098,0.8123,1,"temp, litho"
GRID_11354,-83.223,156.972,288179.5,-677986.9,TAM,n,-1.387,0.5545,1,"temp, litho"
GRID_11355,-83.219,156.9,289202.2,-678025.1,TAM,n,-1.819,0.6517,1,"temp, litho"
GRID_11356,-83.242,157.156,285196.9,-677000.9,TAM,n,-1.458,0.8576,1,"temp, litho"
GRID_11357,-83.243,156.982,287209.0,-676031.3,TAM,g,-1.274,0.605,1,temp
GRID_11358,-83.24,156.911,288174.7,-675975.6,TAM,c,-2.149,1.0446,1,temp
GRID_11359,-83.252,156.952,287178.9,-674978.4,TAM,g,-1.349,0.5883,1,temp
GRID_11360,-83.267,157.065,285210.2,-674038.3,TAM,g,-0.854,0.933,1,temp
GRID_11361,-83.257,156.849,288177.7,-673960.1,TAM,g,0.141,0.4601,1,temp
GRID_11362,-83.253,156.778,289184.5,-674003.1,TAM,n,-0.319,0.3301,1,"temp, litho"
GRID_11363,-83.276,157.035,285180.5,-672985.9,TAM,g,0.87,0.6616,1,temp
GRID_11364,-83.269,156.891,287170.4,-672968.6,TAM,g,-1.021,0.4969,1,temp
GRID_11365,-83.265,156.819,288187.4,-673007.8,TAM,g,-0.826,0.8724,1,temp
GRID_11366,-83.285,156.829,287212.4,-671054.7,TAM,g,-0.861,0.6751,1,temp
GRID_11367,-83.278,156.685,289199.9,-671031.1,TAM,g,-1.93,0.6446,1,temp
GRID_11368,-83.275,156.613,290172.7,-670967.2,TAM,g,-1.095,0.8418,1,temp
GRID_11369,-83.298,156.87,286175.7,-669957.4,TAM,g,-0.98,0.3621,1,temp
GRID_11370,-83.299,156.695,288177.6,-668980.1,TAM,g,-1.605,0.5632,1,temp
GRID_11371,-83.295,156.623,289190.9,-669017.5,TAM,g,-1.101,0.7346,1,temp
GRID_11372,-83.291,156.551,290204.9,-669053.4,TAM,g,-0.843,0.9096,1,temp
GRID_11373,-83.311,156.736,287182.4,-667985.0,TAM,g,-1.008,0.7232,1,temp
GRID_11374,-83.3,156.519,290187.7,-667991.8,TAM,g,-1.683,0.5375,1,temp
GRID_11375,-83.461,156.957,278206.9,-654049.2,TAM,n,-0.928,0.5739,1,"temp, litho"
GRID_11376,-83.591,157.176,270211.7,-642055.2,TAM,n,-0.557,0.4673,1,"temp, litho"
GRID_11377,-82.782,159.472,275187.2,-734926.4,TAM,w,-4.724,1.0712,0,in range
GRID_11378,-82.778,159.404,276212.6,-735007.5,TAM,w,-2.445,0.942,0,in range
GRID_11379,-82.802,159.489,274205.1,-732965.9,TAM,w,-4.3,1.0262,0,in range
GRID_11380,-82.814,159.532,273197.5,-731945.8,TAM,w,-4.963,1.0457,0,in range
GRID_11381,-82.804,159.327,276199.4,-731983.6,TAM,w,-1.48,1.1544,0,in range
GRID_11382,-82.798,159.19,278181.3,-731932.6,TAM,g,-1.416,1.1123,0,in range
GRID_11383,-82.819,159.438,274206.5,-730986.3,TAM,w,-4.502,0.9631,0,in range
GRID_11384,-82.806,159.164,278203.2,-730991.1,TAM,g,-2.024,0.7691,1,slope
GRID_11385,-82.818,159.206,277202.8,-729971.9,TAM,w,-2.29,0.9924,0,in range
GRID_11386,-82.815,159.138,278185.5,-729948.0,TAM,w,-2.178,1.2953,0,in range
GRID_11387,-82.827,159.18,277185.3,-728928.9,TAM,w,-1.978,1.2092,0,in range
GRID_11388,-82.823,159.112,278205.7,-729006.8,TAM,w,-0.557,0.8168,0,in range
GRID_11389,-82.832,159.085,278199.0,-727959.2,TAM,w,-1.893,1.1856,0,in range
GRID_11393,-82.925,159.194,273212.5,-719010.3,TAM,w,-3.372,0.7456,0,in range
GRID_11394,-82.922,159.124,274207.3,-718981.5,TAM,w,-3.537,0.6614,0,in range
GRID_11395,-82.79,159.447,275201.6,-733989.6,TAM,w,-4.247,0.9484,0,in range
GRID_11396,-82.787,159.378,276200.5,-733963.8,TAM,w,-2.327,1.0677,0,in range
GRID_11397,-82.784,159.31,277187.0,-733941.4,TAM,w,-0.738,0.7844,0,in range
GRID_11398,-82.799,159.421,275189.8,-732946.1,TAM,w,-4.451,1.0238,0,in range
GRID_11399,-82.795,159.352,276226.0,-733022.2,TAM,w,-2.174,0.9508,0,in range
GRID_11400,-82.792,159.284,277211.5,-732999.8,TAM,w,-2.46,1.0582,0,in range
GRID_11401,-82.831,159.481,273199.3,-729966.6,TAM,w,-3.543,0.7782,0,in range
GRID_11402,-82.843,159.524,272193.7,-728945.9,TAM,w,-4.211,0.9728,0,in range
GRID_11403,-82.839,159.455,273224.4,-729025.9,TAM,w,-3.954,0.9864,0,in range
GRID_11404,-82.94,159.307,271216.2,-718018.1,TAM,w,-4.134,0.9479,0,in range
GRID_11405,-82.949,159.28,271207.4,-716972.7,TAM,w,-4.0,0.9845,0,in range
GRID_11406,-82.969,159.298,270211.5,-715018.6,TAM,w,-1.703,0.7703,1,temp
GRID_11407,-82.31,155.998,340152.2,-763922.6,TAM,w,-3.482,0.982,0,in range
GRID_11408,-82.38,157.043,323185.3,-762968.4,TAM,w,-2.293,1.2289,0,in range
GRID_11409,-82.376,156.98,324194.7,-763014.2,TAM,w,-3.006,1.2493,0,in range
GRID_11410,-82.373,156.916,325175.1,-762952.6,TAM,w,-0.395,1.1387,0,in range
GRID_11411,-82.362,156.726,328177.4,-762972.3,TAM,w,-2.176,1.403,0,in range
GRID_11412,-82.322,156.033,339153.8,-762934.2,TAM,w,-3.539,0.9396,0,in range
GRID_11413,-82.396,157.144,321162.0,-761928.8,TAM,w,-3.622,1.1167,0,in range
GRID_11414,-82.364,156.418,332186.8,-760997.2,TAM,w,-2.632,1.1113,0,in range
GRID_11415,-82.381,156.363,332173.7,-758979.2,TAM,w,-2.93,1.0183,0,in range
GRID_11416,-82.377,156.3,333183.4,-759013.0,TAM,w,-1.773,0.659,0,in range
GRID_11417,-82.422,156.908,323185.4,-757990.9,TAM,w,-2.496,0.8266,0,in range
GRID_11418,-82.386,156.272,333159.3,-757951.4,TAM,w,-3.0,1.0783,0,in range
GRID_11419,-82.371,156.019,337167.9,-757967.8,TAM,w,-2.432,1.1312,0,in range
GRID_11420,-82.394,156.244,333178.2,-756989.9,TAM,w,-3.276,0.9265,0,in range
GRID_11421,-82.39,156.181,334186.5,-757022.2,TAM,w,-2.181,0.9971,0,in range
GRID_11422,-82.443,156.917,322168.4,-755934.6,TAM,w,-2.985,1.0391,0,in range
GRID_11423,-82.403,156.216,333152.2,-755928.7,TAM,w,-3.119,0.9469,0,in range
GRID_11424,-82.482,156.559,325193.3,-750004.5,TAM,w,-2.286,0.6774,0,in range
GRID_11425,-82.479,156.495,326161.4,-749940.8,TAM,w,-2.774,0.2816,0,in range
GRID_11426,-82.506,156.632,323199.3,-748015.5,TAM,w,-1.651,1.0359,0,in range
GRID_11427,-82.473,156.054,332189.5,-748006.2,TAM,w,-2.658,0.7781,0,in range
GRID_11428,-82.47,155.99,333157.9,-747933.6,TAM,w,-2.148,0.6225,0,in range
GRID_11429,-82.511,156.54,324182.9,-746995.3,TAM,w,-1.981,0.6649,0,in range
GRID_11430,-82.479,155.805,335168.9,-745958.6,TAM,w,-2.954,0.6499,0,in range
GRID_11431,-82.502,156.033,331178.9,-744994.4,TAM,c,-2.936,0.8953,0,in range
GRID_11432,-82.498,155.969,332188.5,-745022.4,TAM,w,-1.746,0.9931,0,in range
GRID_11433,-82.491,155.841,334164.5,-744975.0,TAM,w,-2.481,0.9362,0,in range
GRID_11434,-82.487,155.777,335175.4,-744999.1,TAM,w,-2.088,0.8652,0,in range
GRID_11435,-82.518,156.133,329172.1,-743975.6,TAM,c,-2.707,0.6644,0,in range
GRID_11436,-82.514,156.069,330179.9,-744006.1,TAM,w,-2.508,0.5867,0,in range
GRID_11437,-82.511,156.004,331156.7,-743930.0,TAM,c,-2.604,0.6741,0,in range
GRID_11438,-82.507,155.94,332165.4,-743957.9,TAM,w,-2.463,0.7834,0,in range
GRID_11439,-82.503,155.876,333174.5,-743984.6,TAM,w,-2.2,0.6774,0,in range
GRID_11440,-82.499,155.812,334184.0,-744009.9,TAM,w,-2.124,0.8129,0,in range
GRID_11441,-82.526,156.105,329182.2,-743017.0,TAM,c,-2.054,0.7059,0,in range
GRID_11442,-82.523,156.04,330157.8,-742942.0,TAM,w,-2.718,0.7623,0,in range
GRID_11443,-82.519,155.976,331165.1,-742971.2,TAM,w,-2.652,0.6793,0,in range
GRID_11444,-82.515,155.912,332172.8,-742999.0,TAM,w,-2.149,0.8792,0,in range
GRID_11445,-82.538,156.14,328198.9,-742021.1,TAM,w,-1.824,0.5139,0,in range
GRID_11446,-82.531,156.011,330179.1,-741977.7,TAM,w,-2.556,0.7792,0,in range
GRID_11447,-82.524,155.883,332147.8,-741935.0,TAM,w,-1.786,0.7305,0,in range
GRID_11448,-82.543,156.047,329181.5,-740989.1,TAM,w,-2.643,0.4617,0,in range
GRID_11449,-82.536,155.918,331160.5,-740943.0,TAM,w,-3.294,0.7239,0,in range
GRID_11450,-82.943,156.965,300203.0,-706034.4,TAM,g,-1.96,0.6813,1,temp
GRID_11451,-82.929,156.691,304179.8,-705992.2,TAM,g,-1.73,0.5948,1,temp
GRID_11452,-82.96,156.906,300203.0,-704020.4,TAM,g,-1.813,0.58,1,temp
GRID_11453,-82.942,156.563,305192.6,-704010.8,TAM,n,-2.199,0.8177,1,"temp, litho"
GRID_11454,-82.969,156.877,300174.1,-702966.2,TAM,g,-1.784,0.5667,1,temp
GRID_11455,-82.986,156.818,300168.3,-700953.3,TAM,g,-2.065,0.6091,1,temp
GRID_11456,-82.994,156.788,300191.7,-699994.7,TAM,g,-1.594,0.5706,1,temp
GRID_11457,-83.002,156.759,300201.8,-699041.4,TAM,g,-1.515,0.5263,1,temp
GRID_11458,-83.011,156.729,300180.3,-697983.0,TAM,g,-1.57,0.597,1,temp
GRID_11459,-83.019,156.699,300200.8,-697024.9,TAM,g,-1.797,0.6791,1,temp
GRID_11460,-82.194,158.712,308192.9,-790963.2,TAM,w,-4.037,0.9672,0,in range
GRID_11461,-82.191,158.649,309181.5,-790928.7,TAM,w,-3.127,1.0095,0,in range
GRID_11462,-82.196,158.562,310182.8,-789950.6,TAM,w,-3.184,1.111,0,in range
GRID_11463,-82.193,158.499,311171.1,-789913.6,TAM,w,-1.439,0.9801,0,in range
GRID_11464,-82.211,158.663,308194.4,-788971.8,TAM,w,-3.038,1.1592,0,in range
GRID_11465,-82.228,158.614,308192.7,-786981.1,TAM,w,-3.81,0.9894,0,in range
GRID_11466,-82.218,158.789,306182.3,-788935.8,TAM,w,-3.656,0.923,0,in range
GRID_11467,-82.223,158.701,307195.5,-787956.3,TAM,w,-3.288,1.2767,0,in range
GRID_11468,-82.255,159.12,300180.8,-786920.1,TAM,w,-2.864,0.8959,0,in range
GRID_11469,-82.235,158.74,306184.4,-786945.2,TAM,c,-2.302,0.942,0,in range
GRID_11470,-82.232,158.677,307168.5,-786913.0,TAM,w,-3.565,0.6382,0,in range
GRID_11471,-82.263,159.096,300199.1,-785979.0,TAM,w,-3.48,0.7244,0,in range
GRID_11472,-82.25,158.842,304192.3,-785963.0,TAM,w,-3.917,0.6589,0,in range
GRID_11473,-82.243,158.715,306210.9,-785998.4,TAM,w,-4.025,0.8569,0,in range
GRID_11474,-82.24,158.652,307194.1,-785966.0,TAM,w,-3.875,0.9527,0,in range
GRID_11475,-82.272,159.072,300177.6,-784936.1,TAM,w,-1.884,1.2099,0,in range
GRID_11476,-82.262,158.881,303185.6,-784948.7,TAM,w,-1.682,1.2079,0,in range
GRID_11477,-82.28,159.047,300208.0,-783990.1,TAM,w,-2.523,1.0949,0,in range
GRID_11478,-82.27,158.856,303213.3,-784002.4,TAM,w,-2.293,1.2194,0,in range
GRID_11479,-82.267,158.793,304193.5,-783973.6,TAM,w,-2.669,1.0047,0,in range
GRID_11480,-82.289,159.023,300184.9,-782947.6,TAM,w,-2.288,1.1877,0,in range
GRID_11481,-82.282,158.895,302208.2,-782987.4,TAM,w,-2.486,0.9633,0,in range
GRID_11482,-82.279,158.832,303187.1,-782959.8,TAM,s,-2.313,1.2118,0,in range
GRID_11483,-82.297,158.998,300213.7,-782001.8,TAM,w,-2.206,1.2268,0,in range
GRID_11484,-82.294,158.935,301191.0,-781976.6,TAM,w,-2.14,1.2152,0,in range
GRID_11485,-82.291,158.871,302182.2,-781944.9,TAM,w,-3.051,0.7771,0,in range
GRID_11486,-82.315,158.949,300177.1,-779912.3,TAM,s,-3.328,1.0289,0,in range
GRID_11487,-82.332,158.9,300176.4,-777925.3,TAM,w,-2.732,1.009,0,in range
GRID_11488,-82.939,156.495,306158.3,-703947.9,TAM,n,-2.149,0.7898,1,"temp, litho"
GRID_11489,-82.947,156.465,306178.7,-702988.1,TAM,n,-1.757,0.722,1,"temp, litho"
GRID_11490,-82.955,156.435,306198.1,-702028.4,TAM,n,-2.056,0.7059,1,"temp, litho"
GRID_11491,-82.982,156.749,301184.4,-700991.9,TAM,g,-1.452,0.5964,1,temp
GRID_11492,-82.956,156.268,308199.1,-701033.1,TAM,n,-1.557,0.8258,1,"temp, litho"
GRID_11493,-82.99,156.719,301206.7,-700033.1,TAM,g,-1.74,0.5898,1,temp
GRID_11494,-82.961,156.169,309189.7,-700001.0,TAM,n,-2.063,0.8109,1,"temp, litho"
GRID_11495,-82.969,156.139,309203.5,-699041.5,TAM,n,-0.031,0.5353,1,"temp, litho"
GRID_11496,-82.982,156.177,308167.5,-697950.2,TAM,n,-2.341,0.4391,1,"temp, litho"
GRID_11497,-83.012,156.561,302182.2,-696999.8,TAM,g,-1.801,0.7853,1,temp
GRID_11498,-83.008,156.492,303195.3,-697035.2,TAM,g,-1.332,0.7109,1,temp
GRID_11499,-82.994,156.216,307164.8,-696962.9,TAM,n,-1.486,0.6705,1,"temp, litho"
GRID_11500,-82.99,156.147,308180.2,-696991.3,TAM,n,-1.085,0.6532,1,"temp, litho"
GRID_11501,-83.024,156.6,301188.3,-696005.0,TAM,c,-1.945,0.7943,1,temp
GRID_11502,-83.02,156.531,302199.9,-696041.7,TAM,g,-2.155,0.4394,1,temp
GRID_11503,-83.017,156.462,303168.4,-695977.0,TAM,g,-1.321,0.6742,1,temp
GRID_11504,-83.002,156.185,307189.8,-695998.9,TAM,n,-1.143,0.4504,1,"temp, litho"
GRID_11505,-83.036,156.639,300195.8,-695009.2,TAM,g,0.077,0.4309,1,temp
GRID_11506,-83.033,156.57,301162.6,-694947.2,TAM,c,-1.358,0.8095,1,temp
GRID_11507,-83.029,156.501,302173.1,-694983.8,TAM,g,-2.171,0.4368,1,temp
GRID_11508,-83.025,156.431,303196.3,-695013.7,TAM,g,-1.092,0.8923,1,temp
GRID_11509,-83.045,156.609,300170.3,-693951.6,TAM,g,-1.602,0.5734,1,temp
GRID_11510,-83.041,156.54,301179.3,-693989.5,TAM,g,-1.077,0.8733,1,temp
GRID_11511,-83.037,156.47,302201.0,-694020.8,TAM,g,-2.284,0.3465,1,temp
GRID_11512,-81.045,157.162,378164.7,-897950.8,TAM,w,-5.841,0.638,0,in range
GRID_11513,-81.134,157.306,372155.1,-889927.3,TAM,w,-5.119,0.9019,0,in range
GRID_11514,-81.146,156.885,378169.4,-885963.0,TAM,w,-4.672,0.9947,0,in range
GRID_11515,-81.3,158.221,351168.3,-878917.4,TAM,w,-4.88,0.7759,0,in range
GRID_11516,-81.315,158.311,349181.8,-877945.6,TAM,w,-5.197,0.6591,0,in range
GRID_11517,-81.324,158.289,349155.2,-876898.2,TAM,w,-5.211,0.6715,0,in range
GRID_11518,-81.354,158.142,350183.9,-872958.4,TAM,w,-4.393,0.8311,0,in range
GRID_11519,-81.375,158.153,349162.8,-870896.8,TAM,d,-4.015,1.2367,1,elev
GRID_11520,-81.371,158.097,350176.8,-870960.5,TAM,d,-4.391,0.7167,1,elev
GRID_11521,-81.361,157.927,353169.9,-870929.7,TAM,d,-4.265,0.7227,0,in range
GRID_11522,-81.373,157.961,352161.2,-869924.3,TAM,d,-4.919,0.7407,0,in range
GRID_11523,-81.369,157.904,353190.8,-869978.3,TAM,d,-4.759,0.6693,0,in range
GRID_11524,-81.27,156.34,381143.4,-869918.6,TAM,w,-5.974,0.7038,0,in range
GRID_11525,-81.392,158.108,349154.5,-868899.6,TAM,d,-4.417,0.8064,0,in range
GRID_11526,-81.275,156.26,382137.8,-868885.6,TAM,w,-4.792,1.1743,0,in range
GRID_11527,-81.42,156.034,379129.3,-852900.1,TAM,w,-5.885,0.7129,0,in range
GRID_11528,-81.477,158.21,344161.3,-860900.5,TAM,w,-3.669,0.8942,0,in range
GRID_11529,-81.49,158.107,345179.1,-858963.2,TAM,w,-3.578,1.222,0,in range
GRID_11530,-81.519,158.429,339182.1,-857944.6,TAM,w,-3.309,0.9981,0,in range
GRID_11531,-81.531,158.464,338176.9,-856932.8,TAM,w,-3.444,0.9438,0,in range
GRID_11532,-81.524,158.348,340193.2,-856956.8,TAM,w,-3.939,0.8107,0,in range
GRID_11533,-81.55,158.279,340174.3,-853909.1,TAM,w,-3.583,1.0317,0,in range
GRID_11534,-81.558,158.256,340193.4,-852961.1,TAM,w,-2.783,0.9417,0,in range
GRID_11535,-81.57,158.291,339187.7,-851951.5,TAM,w,-2.849,1.1754,0,in range
GRID_11536,-81.42,155.896,381182.5,-851984.5,TAM,w,-4.175,0.7268,0,in range
GRID_11537,-81.444,156.096,377144.1,-850913.7,TAM,w,-4.561,0.7164,0,in range
GRID_11538,-81.429,155.871,381152.4,-850921.1,TAM,w,-4.658,0.7096,0,in range
GRID_11539,-81.599,158.28,338179.5,-848944.8,TAM,w,-2.666,1.093,0,in range
GRID_11540,-81.454,155.796,381146.6,-847931.3,TAM,w,-4.671,0.4985,0,in range
GRID_11541,-81.66,158.316,335185.3,-842968.6,TAM,w,-3.012,1.0801,0,in range
GRID_11542,-81.669,158.292,335174.9,-841915.2,TAM,w,-1.97,0.7148,0,in range
GRID_11543,-81.515,155.813,378165.8,-841968.0,TAM,w,-5.032,0.2646,0,in range
GRID_11544,-81.704,158.399,332195.4,-838987.1,TAM,w,-2.881,1.275,0,in range
GRID_11545,-81.725,158.411,331176.2,-836925.0,TAM,w,-3.218,0.978,0,in range
GRID_11546,-81.704,158.057,337197.4,-836989.3,TAM,w,-3.334,1.1293,0,in range
GRID_11547,-81.727,158.269,333168.6,-835898.8,TAM,w,-3.261,1.0485,0,in range
GRID_11548,-81.607,156.148,369174.5,-834977.4,TAM,w,-4.735,0.4735,0,in range
GRID_11549,-81.658,155.091,382169.4,-822975.0,TAM,w,-3.935,1.1288,1,aspect
GRID_11550,-81.781,155.89,365171.2,-815968.4,TAM,w,-4.113,0.912,0,in range
GRID_11551,-82.011,158.235,322170.9,-806914.0,TAM,d,-2.211,0.6599,0,in range
GRID_11552,-81.964,157.237,338161.0,-805909.6,TAM,d,-2.668,1.0275,0,in range
GRID_11553,-82.022,157.561,331182.4,-801958.9,TAM,s,-2.714,0.8221,0,in range
GRID_11554,-82.035,157.45,332191.4,-800005.7,TAM,d,-2.849,0.8015,0,in range
GRID_11555,-82.032,157.389,333168.8,-799953.7,TAM,d,-2.692,0.6615,0,in range
GRID_11556,-82.044,157.424,332177.4,-798948.0,TAM,d,-3.135,0.8394,0,in range
GRID_11557,-80.875,158.359,366175.1,-922922.6,TAM,w,-5.806,0.5882,0,in range
GRID_11563,-80.97,158.307,363175.0,-912943.2,TAM,w,-5.463,0.6384,1,elev
GRID_11564,-80.967,158.253,364156.8,-912905.0,TAM,w,-6.343,0.2986,0,in range
GRID_11565,-81.018,158.122,364166.4,-906898.4,TAM,w,-5.776,0.5722,0,in range
GRID_11566,-80.99,157.689,372171.1,-906951.0,TAM,w,-5.682,0.5507,0,in range
GRID_11567,-80.981,157.397,377166.4,-905950.4,TAM,w,-5.209,0.7892,0,in range
GRID_11568,-80.978,157.343,378146.4,-905897.1,TAM,w,-4.804,0.7348,0,in range
GRID_11571,-81.058,157.827,367181.4,-900964.0,TAM,w,-5.852,0.3136,0,in range
GRID_11573,-81.086,157.946,364160.7,-898889.2,TAM,w,-5.968,0.4974,0,in range
GRID_11574,-81.094,157.924,364177.3,-897939.3,TAM,w,-5.837,0.5498,0,in range
GRID_11575,-81.103,157.902,364152.1,-896888.3,TAM,w,-5.917,0.5696,0,in range
GRID_11576,-81.111,157.88,364167.4,-895938.7,TAM,w,-5.531,0.6476,0,in range
GRID_11577,-81.164,158.254,356166.1,-892918.5,TAM,w,-6.019,0.503,0,in range
GRID_11578,-81.179,158.343,354173.9,-891947.7,TAM,w,-5.355,0.6575,0,in range
GRID_11579,-81.117,157.351,372171.3,-891933.3,TAM,w,-5.697,0.5505,0,in range
GRID_11580,-81.191,158.376,353177.0,-890932.8,TAM,w,-6.238,0.4913,0,in range
GRID_11581,-81.237,158.321,352175.8,-885923.8,TAM,w,-5.28,0.5709,0,in range
GRID_11582,-81.242,158.243,353179.1,-884936.3,TAM,w,-5.025,0.7054,0,in range
GRID_11583,-81.254,158.277,352168.8,-883928.0,TAM,w,-5.336,0.7397,0,in range
GRID_11584,-81.251,158.221,353154.1,-883887.7,TAM,w,-4.392,1.2286,0,in range
GRID_11587,-81.214,157.475,366180.6,-882948.2,TAM,w,-5.309,0.7865,0,in range
GRID_11588,-81.283,158.266,351165.5,-880917.9,TAM,w,-5.026,0.8135,0,in range
GRID_11589,-81.291,158.243,351195.2,-879965.2,TAM,w,-5.015,0.766,0,in range
GRID_11592,-81.361,158.255,348178.3,-872937.3,TAM,w,-4.586,0.5789,1,elev
GRID_11593,-81.39,158.244,347172.0,-869928.8,TAM,d,-0.919,1.2327,1,elev
GRID_11594,-81.427,158.21,346188.2,-865970.5,TAM,w,-1.869,0.9221,1,elev
GRID_11595,-80.877,158.231,368154.9,-921899.3,TAM,w,-6.009,0.4704,0,in range
GRID_11596,-81.164,156.251,387157.6,-879924.3,TAM,w,-5.555,1.0514,0,in range
GRID_11597,-81.176,156.282,386154.2,-878933.4,TAM,w,-6.053,0.7536,0,in range
GRID_11598,-81.169,156.173,388134.5,-878896.7,TAM,w,-5.506,1.0646,0,in range
GRID_11599,-81.223,156.082,387138.2,-872886.7,TAM,w,-6.493,0.676,0,in range
GRID_11600,-81.25,156.199,384164.7,-870976.9,TAM,w,-5.874,0.8517,0,in range
GRID_11601,-80.346,155.597,434118.8,-956876.4,TAM,w,-6.22,0.694,0,in range
GRID_11602,-80.358,155.624,433126.1,-955885.3,TAM,w,-5.984,0.88,0,in range
GRID_11603,-80.354,155.574,434141.0,-955905.3,TAM,w,-6.332,1.0621,0,in range
GRID_11604,-80.374,155.701,431121.0,-954871.6,TAM,w,-6.204,0.829,0,in range
GRID_11605,-80.37,155.651,432134.5,-954893.6,TAM,w,-6.089,0.5493,0,in range
GRID_11606,-80.382,155.679,431127.2,-953908.6,TAM,w,-6.069,0.8348,0,in range
GRID_11607,-80.394,155.706,430137.7,-952915.5,TAM,w,-5.836,0.6696,0,in range
GRID_11608,-80.402,155.683,430159.9,-951945.4,TAM,w,-6.203,0.6754,0,in range
GRID_11609,-80.411,155.661,430119.7,-950883.3,TAM,w,-6.254,0.5984,0,in range
GRID_11610,-80.407,155.611,431130.0,-950906.0,TAM,w,-5.671,0.6182,0,in range
GRID_11611,-81.405,155.81,383132.1,-852905.7,TAM,w,-5.996,0.8062,0,in range
GRID_11612,-81.393,155.642,386171.8,-852972.5,TAM,w,-5.728,0.6805,0,in range
GRID_11613,-81.39,155.587,387125.9,-852899.8,TAM,w,-3.329,1.1183,0,in range
GRID_11614,-81.405,155.673,385170.4,-851987.2,TAM,w,-5.416,0.8552,0,in range
GRID_11615,-81.402,155.617,386138.2,-851908.7,TAM,w,-4.929,0.4859,0,in range
GRID_11616,-81.398,155.561,387151.4,-851928.6,TAM,w,-4.852,0.7623,0,in range
GRID_11617,-81.414,155.648,385136.8,-850923.6,TAM,w,-4.613,0.563,0,in range
GRID_11618,-81.281,153.237,427133.2,-846938.6,TAM,w,-5.653,0.1381,0,in range
GRID_11619,-81.463,155.633,383151.8,-845948.3,TAM,w,-4.989,0.6948,0,in range
GRID_11620,-81.459,155.577,384159.1,-845971.1,TAM,w,-4.759,0.6816,0,in range
GRID_11621,-81.289,153.21,427138.4,-845957.2,TAM,w,-5.266,0.4404,0,in range
GRID_11622,-81.471,155.607,383174.9,-844978.7,TAM,w,-4.715,0.5455,0,in range
GRID_11623,-81.468,155.551,384136.2,-844902.0,TAM,w,-3.921,1.0396,0,in range
GRID_11624,-81.322,153.237,425116.7,-842940.1,TAM,w,-4.337,0.5388,0,in range
GRID_11625,-81.334,153.263,424144.4,-841962.4,TAM,w,-4.744,0.4452,0,in range
GRID_11626,-81.33,153.209,425134.7,-841952.3,TAM,w,-5.857,0.2025,0,in range
GRID_11627,-81.326,153.155,426125.3,-841941.0,TAM,w,-5.039,0.3816,0,in range
GRID_11628,-81.334,153.128,426127.1,-840960.7,TAM,w,-5.004,0.2549,0,in range
GRID_11629,-81.338,152.91,429124.7,-838944.3,TAM,w,-5.966,0.643,0,in range
GRID_11630,-81.378,152.362,435102.4,-830931.5,TAM,w,-5.595,0.5904,0,in range
GRID_11631,-81.581,154.852,389171.5,-828983.6,TAM,w,-5.167,0.5825,0,in range
GRID_11632,-81.646,155.061,383152.7,-823962.7,TAM,w,-3.931,0.7905,0,in range
GRID_11633,-81.642,155.004,384156.7,-823977.0,TAM,w,-4.411,0.7219,0,in range
GRID_11634,-81.638,154.947,385161.2,-823990.0,TAM,w,-3.936,0.767,0,in range
GRID_11635,-81.634,154.89,386166.1,-824001.8,TAM,w,-4.601,0.498,0,in range
GRID_11636,-81.651,154.977,384129.4,-822905.5,TAM,w,-4.615,0.6867,0,in range
GRID_11637,-81.647,154.92,385132.9,-822918.5,TAM,w,-4.464,0.5829,0,in range
GRID_11638,-81.643,154.863,386136.9,-822930.2,TAM,w,-4.462,0.5155,0,in range
GRID_11639,-81.639,154.806,387141.3,-822940.9,TAM,w,-5.084,0.5638,0,in range
GRID_11640,-81.663,154.866,385166.4,-820973.7,TAM,w,-5.084,0.4314,0,in range
GRID_11641,-81.659,154.809,386168.9,-820985.3,TAM,w,-4.075,0.6005,0,in range
GRID_11642,-81.668,154.782,386137.1,-819914.3,TAM,w,-4.142,0.8435,0,in range
GRID_11643,-81.664,154.725,387139.0,-819924.7,TAM,w,-4.852,0.6643,0,in range
GRID_11644,-79.878,155.776,452138.0,-1004926.7,TAM,w,-5.216,0.5796,1,temp
GRID_11645,-79.886,155.754,452164.2,-1003954.6,TAM,w,-5.301,0.6753,1,temp
GRID_11646,-79.883,155.707,453122.7,-1003882.6,TAM,w,-5.993,0.41,1,temp
GRID_11647,-79.902,155.828,450150.1,-1002940.0,TAM,w,-6.343,0.7432,0,in range
GRID_11648,-79.895,155.733,452127.3,-1002890.7,TAM,w,-6.026,0.5043,1,temp
GRID_11649,-79.903,155.711,452152.2,-1001918.9,TAM,w,-5.731,0.5419,1,temp
GRID_11650,-79.911,155.69,452158.9,-1000955.1,TAM,w,-5.522,0.2941,1,temp
GRID_11651,-79.924,155.716,451119.5,-999863.2,TAM,w,-5.258,0.8354,1,temp
GRID_11652,-79.873,155.217,462150.2,-1000964.6,TAM,c,-5.897,0.5266,1,temp
GRID_11653,-79.889,155.289,460159.9,-999953.6,TAM,c,-5.664,0.5493,1,temp
GRID_11654,-79.886,155.242,461117.5,-999873.9,TAM,c,-4.962,1.1672,1,temp
GRID_11655,-79.882,155.195,462121.2,-999892.8,TAM,w,-5.381,0.7312,1,temp
GRID_11656,-79.905,155.362,458155.4,-998947.2,TAM,c,-5.144,0.9869,1,temp
GRID_11657,-79.902,155.315,459111.8,-998869.4,TAM,c,-5.802,0.5627,1,temp
GRID_11658,-79.898,155.268,460114.2,-998890.1,TAM,c,-4.818,1.1391,1,temp
GRID_11659,-79.894,155.22,461134.4,-998901.8,TAM,w,-6.004,0.5532,1,temp
GRID_11660,-79.89,155.173,462137.4,-998920.5,TAM,w,-5.634,0.5157,1,temp
GRID_11661,-79.917,155.388,457155.0,-997960.9,TAM,w,-4.677,0.8261,1,temp
GRID_11662,-79.914,155.34,458127.9,-997876.0,TAM,w,-4.974,0.7154,1,temp
GRID_11663,-79.91,155.293,459129.3,-997897.6,TAM,c,-5.534,0.658,1,temp
GRID_11664,-79.906,155.246,460131.1,-997918.2,TAM,w,-5.687,0.6191,1,temp
GRID_11665,-79.902,155.198,461150.6,-997929.8,TAM,w,-5.912,0.5297,1,temp
GRID_11666,-79.898,155.151,462153.0,-997948.4,TAM,c,-6.051,0.581,1,temp
GRID_11667,-79.933,155.461,455155.9,-996949.5,TAM,w,-5.064,0.6391,1,temp
GRID_11668,-79.93,155.414,456110.1,-996874.4,TAM,w,-5.726,0.548,1,temp
GRID_11669,-79.926,155.366,457127.6,-996889.9,TAM,w,-6.065,0.4713,1,temp
GRID_11670,-79.922,155.319,458128.0,-996912.4,TAM,w,-5.824,0.5671,1,temp
GRID_11671,-79.918,155.271,459146.1,-996925.9,TAM,w,-4.929,0.7378,1,temp
GRID_11672,-79.914,155.224,460147.2,-996946.4,TAM,w,-5.292,0.6632,1,temp
GRID_11673,-79.91,155.177,461148.7,-996966.0,TAM,w,-5.379,0.5607,1,temp
GRID_11674,-79.907,155.129,462121.8,-996877.2,TAM,c,-5.941,0.6843,1,temp
GRID_11675,-79.949,155.535,453142.7,-995942.6,TAM,c,-5.617,0.5914,1,temp
GRID_11676,-79.945,155.487,454158.5,-995960.9,TAM,w,-5.61,0.2376,1,temp
GRID_11677,-79.942,155.439,455129.2,-995878.8,TAM,w,-5.155,0.4596,1,temp
GRID_11678,-79.934,155.344,457145.1,-995918.5,TAM,w,-5.188,0.5843,1,temp
GRID_11679,-79.926,155.249,459162.3,-995954.3,TAM,w,-5.328,0.5451,1,temp
GRID_11680,-79.923,155.202,460116.9,-995875.4,TAM,w,-5.333,0.5976,1,temp
GRID_11681,-79.958,155.513,453116.8,-994872.1,TAM,c,-5.48,1.0023,0,in range
GRID_11682,-79.954,155.465,454131.9,-994890.4,TAM,c,-6.047,0.705,0,in range
GRID_11683,-79.942,155.323,457144.5,-994955.3,TAM,w,-6.381,0.3267,0,in range
GRID_11684,-79.939,155.275,458115.2,-994870.2,TAM,w,-5.526,0.5737,0,in range
GRID_11685,-79.935,155.228,459114.6,-994891.6,TAM,w,-5.245,0.5249,0,in range
GRID_11686,-79.989,155.778,447118.6,-993863.2,TAM,w,-5.407,0.8103,0,in range
GRID_11687,-79.985,155.73,448131.0,-993887.3,TAM,w,-6.17,0.3319,0,in range
GRID_11688,-79.981,155.682,449143.7,-993910.5,TAM,w,-5.325,0.5871,0,in range
GRID_11689,-79.97,155.539,452121.4,-993882.2,TAM,c,-5.302,0.7577,0,in range
GRID_11690,-79.966,155.491,453135.5,-993901.4,TAM,c,-6.002,0.6734,0,in range
GRID_11691,-79.962,155.443,454150.0,-993919.6,TAM,c,-6.409,0.36,0,in range
GRID_11692,-79.958,155.396,455147.4,-993944.8,TAM,w,-6.41,0.4371,0,in range
GRID_11693,-79.943,155.206,459129.4,-993920.3,TAM,w,-5.494,0.5923,0,in range
GRID_11694,-80.001,155.804,446129.3,-992868.1,TAM,w,-5.213,0.723,0,in range
GRID_11695,-79.997,155.756,447140.7,-992893.1,TAM,w,-5.473,0.6517,0,in range
GRID_11696,-79.993,155.709,448135.1,-992925.0,TAM,w,-6.311,0.6317,0,in range
GRID_11697,-79.989,155.661,449147.2,-992948.1,TAM,w,-5.839,0.526,0,in range
GRID_11698,-79.986,155.613,450114.4,-992870.5,TAM,c,-5.448,1.0134,0,in range
GRID_11699,-79.982,155.565,451127.1,-992891.6,TAM,c,-5.841,0.7814,0,in range
GRID_11700,-79.978,155.517,452140.2,-992911.7,TAM,c,-5.959,0.7492,0,in range
GRID_11701,-79.974,155.469,453153.6,-992930.8,TAM,c,-6.07,0.6168,0,in range
GRID_11702,-79.97,155.422,454150.0,-992956.9,TAM,w,-6.549,0.2232,0,in range
GRID_11703,-79.967,155.374,455118.6,-992874.5,TAM,w,-6.143,0.4379,0,in range
GRID_11704,-80.02,155.927,443148.7,-991925.1,TAM,w,-3.825,1.1899,0,in range
GRID_11705,-80.005,155.735,447144.8,-991931.0,TAM,w,-5.638,0.8969,0,in range
GRID_11706,-80.001,155.687,448155.8,-991955.0,TAM,w,-6.498,0.5041,0,in range
GRID_11707,-79.998,155.639,449122.1,-991878.3,TAM,w,-6.09,0.3645,0,in range
GRID_11708,-79.994,155.591,450133.8,-991900.3,TAM,c,-4.723,1.1565,0,in range
GRID_11709,-79.99,155.543,451145.9,-991921.3,TAM,c,-5.653,0.8351,0,in range
GRID_11710,-79.986,155.495,452158.3,-991941.4,TAM,c,-5.95,0.5263,0,in range
GRID_11711,-79.983,155.448,453108.2,-991868.8,TAM,c,-5.616,0.7134,0,in range
GRID_11712,-79.979,155.4,454121.3,-991886.8,TAM,c,-6.452,0.5385,0,in range
GRID_11713,-79.975,155.352,455134.6,-991903.9,TAM,w,-5.835,0.5614,0,in range
GRID_11714,-79.971,155.304,456148.3,-991920.0,TAM,w,-5.08,0.6094,0,in range
GRID_11715,-80.028,155.906,443154.8,-990963.4,TAM,w,-5.454,0.5802,0,in range
GRID_11716,-80.025,155.857,444136.4,-990883.6,TAM,w,-5.03,0.2739,0,in range
GRID_11717,-80.014,155.713,447120.5,-990861.5,TAM,c,-5.495,0.839,0,in range
GRID_11718,-80.01,155.665,448130.8,-990885.4,TAM,w,-5.875,0.4449,0,in range
GRID_11719,-80.006,155.617,449141.5,-990908.4,TAM,w,-6.25,0.7112,0,in range
GRID_11720,-80.002,155.569,450152.5,-990930.3,TAM,c,-3.201,1.5963,0,in range
GRID_11721,-79.998,155.521,451163.9,-990951.2,TAM,c,-6.54,0.5832,0,in range
GRID_11722,-79.995,155.474,452112.9,-990879.5,TAM,c,-5.727,0.7015,0,in range
GRID_11723,-79.991,155.426,453125.0,-990898.5,TAM,w,-5.043,0.6683,0,in range
GRID_11724,-79.987,155.378,454137.3,-990916.5,TAM,c,-5.087,0.6994,0,in range
GRID_11725,-79.979,155.283,456145.8,-990957.4,TAM,w,-5.504,0.5322,0,in range
GRID_11726,-79.976,155.235,457113.3,-990873.1,TAM,w,-5.68,0.6275,0,in range
GRID_11727,-80.037,155.884,443132.9,-989894.3,TAM,w,-5.798,0.5208,0,in range
GRID_11728,-80.033,155.836,444141.2,-989922.0,TAM,w,-4.872,0.5531,0,in range
GRID_11729,-80.029,155.788,445149.9,-989948.8,TAM,c,-4.908,0.99,0,in range
GRID_11730,-80.026,155.74,446114.0,-989874.9,TAM,c,-5.467,0.9774,0,in range
GRID_11731,-80.022,155.692,447123.3,-989899.7,TAM,w,-5.035,0.7261,0,in range
GRID_11732,-80.014,155.595,449160.2,-989938.6,TAM,w,-6.279,0.5258,0,in range
GRID_11733,-80.011,155.548,450108.0,-989868.6,TAM,c,-5.224,1.1435,0,in range
GRID_11734,-80.007,155.5,451118.7,-989889.5,TAM,c,-6.086,0.4153,0,in range
GRID_11735,-80.003,155.452,452129.7,-989909.5,TAM,c,-6.541,0.5314,0,in range
GRID_11736,-79.999,155.404,453141.0,-989928.4,TAM,w,-5.979,0.4875,0,in range
GRID_11737,-79.995,155.356,454152.7,-989946.3,TAM,w,-5.429,0.674,0,in range
GRID_11738,-79.992,155.308,455119.0,-989863.7,TAM,w,-5.19,0.6872,0,in range
GRID_11739,-79.988,155.261,456114.0,-989887.7,TAM,w,-5.301,0.5798,0,in range
GRID_11740,-80.045,155.862,443154.9,-988925.1,TAM,w,-6.006,0.3267,0,in range
GRID_11741,-80.041,155.814,444162.6,-988952.8,TAM,w,-5.242,0.4859,0,in range
GRID_11742,-80.034,155.718,446134.0,-988905.5,TAM,w,-5.254,0.692,1,slope
GRID_11743,-80.026,155.622,448151.6,-988954.0,TAM,w,-3.679,0.6509,0,in range
GRID_11744,-80.023,155.574,449115.7,-988877.1,TAM,w,-5.803,0.5519,0,in range
GRID_11745,-80.019,155.526,450125.4,-988898.9,TAM,c,-6.105,0.5969,0,in range
GRID_11746,-80.015,155.478,451135.4,-988919.7,TAM,c,-6.216,0.5879,0,in range
GRID_11747,-80.011,155.43,452145.7,-988939.6,TAM,w,-4.916,0.6827,0,in range
GRID_11748,-80.007,155.382,453156.4,-988958.4,TAM,c,-6.311,0.4055,0,in range
GRID_11749,-80.004,155.334,454121.7,-988876.7,TAM,w,-5.708,0.5039,0,in range
GRID_11750,-80.053,155.841,443159.1,-987963.9,TAM,w,-6.226,0.3908,0,in range
GRID_11751,-80.05,155.793,444121.2,-987891.7,TAM,w,-5.736,0.5516,0,in range
GRID_11752,-80.046,155.744,445145.7,-987910.6,TAM,w,-5.672,0.3927,0,in range
GRID_11753,-80.042,155.696,446153.4,-987936.3,TAM,w,-5.885,0.328,0,in range
GRID_11754,-80.038,155.648,447161.3,-987960.9,TAM,w,-5.613,0.4215,0,in range
GRID_11755,-80.035,155.6,448124.5,-987884.9,TAM,w,-5.522,0.386,0,in range
GRID_11756,-80.031,155.552,449133.1,-987907.6,TAM,w,-5.935,0.4572,0,in range
GRID_11757,-80.027,155.504,450142.1,-987929.4,TAM,w,-4.853,0.8249,0,in range
GRID_11758,-80.023,155.456,451151.4,-987950.1,TAM,w,-5.744,0.5414,0,in range
GRID_11759,-80.02,155.408,452115.5,-987870.3,TAM,w,-5.681,0.6572,0,in range
GRID_11760,-80.012,155.312,454135.7,-987906.8,TAM,w,-5.664,0.6425,0,in range
GRID_11761,-80.008,155.264,455146.4,-987923.6,TAM,w,-3.069,0.9669,0,in range
GRID_11762,-80.062,155.819,443135.0,-986895.2,TAM,w,-5.637,0.3805,0,in range
GRID_11763,-80.058,155.771,444141.2,-986922.8,TAM,w,-6.359,0.3852,0,in range
GRID_11764,-80.054,155.723,445147.9,-986949.4,TAM,w,-5.592,0.4613,0,in range
GRID_11765,-80.047,155.626,447134.2,-986892.1,TAM,w,-5.897,0.3527,0,in range
GRID_11766,-80.043,155.578,448141.8,-986915.7,TAM,w,-5.152,0.5459,0,in range
GRID_11767,-80.039,155.53,449149.8,-986938.3,TAM,w,-5.824,0.4638,0,in range
GRID_11768,-80.035,155.482,450158.1,-986959.9,TAM,w,-5.715,0.5706,0,in range
GRID_11769,-80.032,155.434,451121.2,-986881.0,TAM,w,-5.108,0.7674,0,in range
GRID_11770,-80.02,155.29,454149.0,-986937.1,TAM,w,-3.481,0.8118,0,in range
GRID_11771,-80.07,155.797,443155.0,-985926.6,TAM,w,-3.436,0.768,0,in range
GRID_11772,-80.063,155.701,445121.5,-985880.8,TAM,c,-5.71,0.8284,0,in range
GRID_11773,-80.059,155.653,446127.7,-985906.3,TAM,w,-5.224,0.6894,0,in range
GRID_11774,-80.055,155.604,447151.5,-985923.0,TAM,w,-5.582,0.6022,0,in range
GRID_11775,-80.051,155.556,448158.5,-985946.6,TAM,w,-5.91,0.3473,0,in range
GRID_11776,-80.044,155.46,450128.0,-985891.1,TAM,w,-5.972,0.4702,0,in range
GRID_11777,-80.04,155.412,451135.9,-985911.7,TAM,w,-5.708,0.6434,0,in range
GRID_11778,-80.067,155.631,446145.1,-984937.5,TAM,w,-5.895,0.5071,0,in range
GRID_11779,-80.063,155.583,447151.0,-984962.0,TAM,w,-6.188,0.4863,0,in range
GRID_11780,-80.056,155.486,449135.7,-984900.5,TAM,w,-5.664,0.4172,0,in range
GRID_11781,-80.052,155.438,450142.6,-984922.0,TAM,w,-5.675,0.5396,0,in range
GRID_11782,-80.029,155.15,456145.3,-984930.7,TAM,w,-5.022,0.7027,0,in range
GRID_11783,-80.083,155.706,444135.1,-983924.9,TAM,w,-5.93,0.5716,0,in range
GRID_11784,-80.076,155.609,446116.5,-983869.2,TAM,w,-5.963,0.3266,0,in range
GRID_11785,-80.072,155.561,447121.7,-983893.6,TAM,w,-5.724,0.4434,0,in range
GRID_11786,-80.095,155.732,443148.9,-982929.3,TAM,w,-5.582,0.5923,0,in range
GRID_11787,-80.333,155.57,435157.7,-957966.3,TAM,w,-6.539,0.7722,0,in range
GRID_11788,-80.342,155.547,435134.8,-956895.4,TAM,w,-5.897,0.9658,0,in range
GRID_11789,-80.35,155.525,435139.6,-955931.9,TAM,w,-6.624,0.6584,0,in range
GRID_11790,-80.346,155.475,436155.3,-955949.8,TAM,w,-4.04,1.0584,0,in range
GRID_11791,-80.362,155.552,434145.9,-954942.0,TAM,w,-5.427,0.832,0,in range
GRID_11792,-80.358,155.502,435160.5,-954960.9,TAM,w,-5.937,0.786,0,in range
GRID_11793,-80.339,155.254,440159.8,-954955.7,TAM,w,-6.573,0.5632,0,in range
GRID_11794,-80.336,155.205,441113.9,-954876.9,TAM,w,-6.301,0.5939,0,in range
GRID_11795,-80.328,155.106,443131.5,-954907.0,TAM,w,-5.815,0.783,0,in range
GRID_11796,-80.371,155.529,434121.4,-953871.7,TAM,w,-5.764,0.8165,0,in range
GRID_11797,-80.336,155.083,443146.2,-953935.4,TAM,w,-5.698,0.6497,0,in range
GRID_11798,-80.379,155.506,434141.6,-952901.1,TAM,w,-6.585,0.5151,0,in range
GRID_11799,-80.364,155.308,438117.3,-952885.8,TAM,w,-6.34,0.7309,0,in range
GRID_11800,-80.352,155.159,441145.2,-952934.3,TAM,w,-5.527,0.8363,0,in range
GRID_11801,-80.344,155.06,443160.1,-952964.0,TAM,w,-6.344,0.6669,0,in range
GRID_11802,-80.341,155.011,444113.5,-952882.1,TAM,w,-5.779,0.9926,0,in range
GRID_11803,-80.337,154.961,445130.1,-952890.6,TAM,w,-5.683,0.5752,0,in range
GRID_11804,-80.372,155.285,438133.9,-951915.0,TAM,w,-6.321,0.9103,0,in range
GRID_11805,-80.368,155.235,439147.7,-951929.5,TAM,w,-5.946,0.8083,0,in range
GRID_11806,-80.38,155.262,438149.9,-950944.3,TAM,w,-5.392,1.0681,0,in range
GRID_11807,-80.285,155.462,439143.2,-961920.6,TAM,w,-6.336,0.5219,0,in range
GRID_11808,-80.281,155.413,440147.7,-961942.6,TAM,w,-5.817,0.5263,0,in range
GRID_11809,-80.297,155.489,438145.3,-960933.1,TAM,w,-5.654,0.5053,0,in range
GRID_11810,-80.293,155.44,439148.8,-960956.0,TAM,w,-5.424,0.6144,0,in range
GRID_11811,-80.318,155.372,439149.4,-957948.3,TAM,w,-6.226,0.8858,0,in range
GRID_11812,-80.314,155.322,440167.8,-957962.3,TAM,w,-6.679,0.8712,0,in range
GRID_11813,-80.307,155.224,442126.6,-957903.2,TAM,w,-6.491,0.8363,0,in range
GRID_11814,-80.303,155.175,443129.3,-957921.8,TAM,w,-5.835,1.0183,0,in range
GRID_11815,-80.299,155.125,444149.2,-957931.7,TAM,w,-6.314,0.8731,0,in range
GRID_11816,-80.295,155.076,445152.6,-957948.3,TAM,w,-5.967,1.0913,0,in range
GRID_11817,-80.327,155.349,439123.3,-956877.2,TAM,w,-5.827,1.1805,0,in range
GRID_11818,-80.311,155.152,443146.1,-956949.8,TAM,w,-6.434,0.8991,0,in range
GRID_11819,-80.304,155.053,445121.9,-956876.9,TAM,w,-6.451,0.6255,0,in range
GRID_11820,-80.288,154.857,449136.2,-956933.0,TAM,w,-6.562,0.8046,0,in range
GRID_11821,-80.3,154.883,448144.8,-955948.2,TAM,w,-6.185,0.4176,0,in range
GRID_11822,-82.851,157.679,295190.4,-718997.8,TAM,g,-2.258,0.8807,0,in range
GRID_11823,-82.86,157.651,295168.6,-717946.0,TAM,g,-2.811,0.8404,0,in range
GRID_11824,-82.865,157.554,296175.6,-716941.5,TAM,g,-3.326,0.9053,0,in range
GRID_11825,-82.87,157.458,297167.5,-715940.8,TAM,g,-2.237,1.1716,0,in range
GRID_11826,-82.878,157.429,297195.1,-714985.1,TAM,n,-2.684,0.5471,1,"temp, litho"
GRID_11827,-82.874,157.361,298211.2,-715034.3,TAM,g,-1.979,0.6503,1,temp
GRID_11828,-82.941,157.7,291204.1,-710029.0,TAM,g,-0.993,0.94,1,temp
GRID_11829,-82.95,157.671,291190.7,-708974.0,TAM,g,-1.323,0.8506,1,temp
GRID_11830,-83.006,157.807,287201.4,-704011.5,TAM,g,-2.057,0.4383,1,temp
GRID_11831,-82.999,157.668,289198.4,-704018.4,TAM,c,-2.193,1.208,1,temp
GRID_11832,-82.989,157.459,292182.4,-703965.5,TAM,n,-2.316,0.7724,1,"temp, litho"
GRID_11833,-83.011,157.709,288198.5,-703015.0,TAM,c,-1.864,0.8412,1,temp
GRID_11834,-83.008,157.639,289181.5,-702964.8,TAM,c,-2.073,1.1447,1,temp
GRID_11835,-82.997,157.43,292204.0,-703012.4,TAM,g,-1.954,0.5494,1,temp
GRID_11836,-83.023,157.75,287200.1,-702010.5,TAM,g,-1.671,0.7076,1,temp
GRID_11837,-83.035,157.791,286203.3,-701005.0,TAM,g,-1.795,0.6892,1,temp
GRID_11838,-83.032,157.721,287183.5,-700957.4,TAM,g,-1.29,0.6074,1,temp
GRID_11839,-83.028,157.651,288205.4,-701009.2,TAM,g,-0.975,0.6162,1,temp
GRID_11840,-83.018,157.442,291178.7,-700959.8,TAM,g,-1.544,0.6345,1,temp
GRID_11841,-83.014,157.372,292202.6,-701005.9,TAM,n,-2.421,0.6342,1,"temp, litho"
GRID_11842,-83.011,157.303,293172.8,-700955.2,TAM,c,-2.442,0.7391,1,temp
GRID_11843,-83.047,157.833,285195.9,-700003.4,TAM,c,-1.738,0.8256,1,temp
GRID_11844,-83.023,157.343,292179.5,-699952.7,TAM,c,0.03,0.8716,1,temp
GRID_11845,-83.019,157.274,293190.7,-700002.5,TAM,c,-1.607,1.0573,1,temp
GRID_11846,-83.016,157.204,294172.4,-699945.2,TAM,n,-0.322,0.529,1,"temp, litho"
GRID_11847,-83.031,157.314,292197.5,-699000.3,TAM,c,-1.564,0.9661,1,temp
GRID_11848,-83.028,157.245,293165.5,-698949.4,TAM,c,-2.149,0.7137,1,temp
GRID_11849,-83.024,157.175,294188.4,-698992.5,TAM,n,-2.211,0.7533,1,"temp, litho"
GRID_11850,-83.064,157.775,285203.5,-697999.2,TAM,c,-1.634,0.7062,1,temp
GRID_11851,-83.04,157.285,292172.5,-697947.4,TAM,n,-1.518,0.8733,1,"temp, litho"
GRID_11852,-83.036,157.215,293193.8,-697991.9,TAM,n,0.391,0.4154,1,"temp, litho"
GRID_11853,-83.088,157.449,288167.2,-693949.5,TAM,g,-0.352,1.2162,1,temp
GRID_11854,-83.989,158.801,236222.1,-609048.4,TAM,d,-0.474,0.5627,1,"temp, precip"
GRID_11855,-83.068,157.267,291212.4,-695041.0,TAM,c,-1.143,1.1294,1,temp
GRID_11856,-83.065,157.197,292188.1,-694986.1,TAM,c,-2.054,1.0653,1,temp
GRID_11857,-83.077,157.238,291184.7,-693989.0,TAM,c,-1.882,0.6689,1,temp
GRID_11858,-83.085,157.208,291210.2,-693032.7,TAM,c,-1.495,0.7025,1,temp
GRID_11859,-83.101,157.319,289194.7,-691986.6,TAM,n,-1.73,0.7131,1,"temp, litho"
GRID_11860,-83.097,157.249,290208.5,-692034.8,TAM,c,-2.208,0.587,1,temp
GRID_11861,-83.094,157.179,291180.6,-691981.1,TAM,n,-1.694,0.7693,1,"temp, litho"
GRID_11862,-83.113,157.361,288184.0,-690991.4,TAM,n,-2.041,0.6351,1,"temp, litho"
GRID_11863,-83.109,157.29,289208.3,-691035.9,TAM,c,-1.471,0.8114,1,temp
GRID_11864,-83.106,157.22,290178.9,-690983.5,TAM,n,-1.571,0.6955,1,"temp, litho"
GRID_11865,-83.118,157.26,289190.9,-689979.8,TAM,n,-2.1,0.5195,1,"temp, litho"
GRID_11866,-83.17,157.912,279189.8,-687975.0,TAM,n,-2.15,0.7248,1,"temp, litho"
GRID_11867,-83.182,157.955,278182.6,-686972.2,TAM,n,-1.886,0.6685,1,"temp, litho"
GRID_11868,-83.178,157.883,279209.8,-687025.9,TAM,n,-1.876,0.6219,1,"temp, litho"
GRID_11869,-83.175,157.812,280184.4,-686982.1,TAM,n,-1.99,0.6678,1,"temp, litho"
GRID_11870,-83.19,157.926,278202.7,-686023.4,TAM,g,-2.269,0.4195,1,temp
GRID_11871,-83.187,157.854,279187.8,-685976.1,TAM,n,-1.882,0.6263,1,"temp, litho"
GRID_11872,-83.183,157.782,280214.4,-686028.2,TAM,n,-1.841,0.6252,1,"temp, litho"
GRID_11873,-83.199,157.896,278192.8,-684969.0,TAM,g,-1.985,0.6289,1,temp
GRID_11874,-83.195,157.825,279205.9,-685027.4,TAM,g,-0.61,0.5636,1,temp
GRID_11875,-83.192,157.753,280190.3,-684978.6,TAM,g,-1.42,0.5706,1,temp
GRID_11876,-83.174,157.396,285206.7,-685030.3,TAM,n,-2.5,0.6477,1,"temp, litho"
GRID_11877,-83.2,157.724,280206.5,-684030.0,TAM,g,-1.567,0.5147,1,temp
GRID_11878,-83.197,157.652,281190.1,-683979.7,TAM,c,-2.198,0.5649,1,temp
GRID_11879,-83.179,157.295,286203.5,-684023.9,TAM,n,-2.003,0.6825,1,"temp, litho"
GRID_11880,-83.212,157.766,279210.2,-683024.8,TAM,g,-1.306,0.7178,1,temp
GRID_11881,-83.191,157.337,285198.2,-683026.8,TAM,n,-2.528,0.4925,1,"temp, litho"
GRID_11882,-83.224,157.809,278203.6,-682023.3,TAM,g,-1.414,0.5959,1,temp
GRID_11883,-83.221,157.737,279184.3,-681975.7,TAM,g,-1.121,0.8658,1,temp
GRID_11884,-83.233,157.779,278189.8,-680969.7,TAM,g,-0.959,0.7854,1,temp
GRID_11885,-83.229,157.707,279210.6,-681022.9,TAM,c,0.251,0.8269,1,temp
GRID_11886,-83.226,157.635,280190.6,-680973.8,TAM,c,-1.723,0.6739,1,temp
GRID_11887,-83.215,157.42,283204.2,-681024.4,TAM,n,-1.862,0.6434,1,"temp, litho"
GRID_11888,-83.212,157.348,284185.7,-680969.6,TAM,c,-2.058,0.7737,1,temp
GRID_11889,-83.234,157.606,280203.1,-680025.9,TAM,c,-1.657,0.7117,1,temp
GRID_11890,-83.231,157.534,281182.4,-679975.3,TAM,c,-2.009,0.4944,1,temp
GRID_11891,-83.227,157.462,282203.7,-680024.0,TAM,n,-1.24,0.4466,1,"temp, litho"
GRID_11892,-83.224,157.39,283183.7,-679970.6,TAM,n,-1.15,0.5954,1,"temp, litho"
GRID_11893,-83.243,157.576,280185.1,-678972.5,TAM,g,-2.186,0.4738,1,temp
GRID_11894,-83.236,157.432,282183.4,-678970.6,TAM,n,-2.347,0.4507,1,"temp, litho"
GRID_11895,-83.229,157.288,284183.4,-678962.8,TAM,n,-0.762,0.75,1,"temp, litho"
GRID_11896,-83.251,157.546,280207.6,-678020.1,TAM,g,-1.117,0.528,1,temp
GRID_11897,-83.248,157.474,281184.6,-677969.4,TAM,g,-0.947,0.8661,1,temp
GRID_11898,-83.244,157.402,282203.8,-678017.9,TAM,n,-1.376,0.7308,1,"temp, litho"
GRID_11899,-83.241,157.33,283181.6,-677964.4,TAM,n,-1.287,0.8002,1,"temp, litho"
GRID_11900,-83.237,157.258,284201.9,-678010.0,TAM,n,-1.152,0.5648,1,"temp, litho"
GRID_11901,-83.256,157.444,281205.2,-677017.0,TAM,g,0.531,0.8107,1,temp
GRID_11902,-83.253,157.372,282181.5,-676964.8,TAM,g,-0.984,0.606,1,temp
GRID_11903,-83.249,157.3,283200.2,-677011.8,TAM,g,-1.294,0.7244,1,temp
GRID_11904,-83.246,157.228,284177.2,-676956.8,TAM,n,-1.31,0.6859,1,"temp, litho"
GRID_11905,-83.268,157.487,280196.4,-676020.0,TAM,g,-1.489,0.7379,1,temp
GRID_11906,-83.265,157.414,281183.0,-675964.2,TAM,g,-1.044,0.6973,1,temp
GRID_11907,-83.261,157.342,282200.1,-676012.6,TAM,g,-1.273,0.607,1,temp
GRID_11908,-83.258,157.27,283175.7,-675958.9,TAM,g,-1.185,0.6774,1,temp
GRID_11909,-83.273,157.384,281201.7,-675012.2,TAM,g,-1.716,0.6688,1,"elev, temp"
GRID_11910,-83.27,157.312,282175.8,-674959.9,TAM,g,-1.223,0.6275,1,"elev, temp"
GRID_11911,-83.249,156.706,290203.6,-674039.5,TAM,n,-2.933,0.4473,1,"temp, litho"
GRID_11912,-83.246,156.634,291180.0,-673974.4,TAM,n,-1.723,0.6469,1,"temp, litho"
GRID_11913,-83.261,156.747,289205.0,-673045.6,TAM,n,-1.465,0.5858,1,"temp, litho"
GRID_11914,-83.254,156.603,291198.5,-673016.7,TAM,n,-1.679,0.6356,1,"temp, litho"
GRID_11915,-83.232,156.175,297186.1,-673015.6,TAM,c,-0.934,0.8369,1,temp
GRID_11916,-83.244,156.215,296188.8,-672026.4,TAM,n,-1.342,0.5823,1,"temp, litho"
GRID_11917,-83.24,156.143,297209.4,-672052.3,TAM,c,-1.135,0.8364,1,temp
GRID_11918,-83.253,156.183,296168.1,-670963.7,TAM,n,-1.639,0.7247,1,"temp, litho"
GRID_11919,-83.241,155.969,299204.6,-671047.1,TAM,n,-2.496,0.4729,1,"temp, litho"
GRID_11920,-83.273,156.191,295194.6,-669011.2,TAM,n,-2.057,0.5614,1,"temp, litho"
GRID_11921,-83.266,156.048,297173.1,-668969.4,TAM,n,-2.804,0.3968,1,"temp, litho"
GRID_11922,-83.423,157.618,272219.4,-661043.1,TAM,c,-0.623,0.6243,1,temp
GRID_11923,-83.416,157.47,274218.2,-661042.2,TAM,n,-0.977,0.6064,1,"temp, litho"
GRID_11924,-83.435,157.662,271214.8,-660042.7,TAM,n,-0.872,0.6012,1,"temp, litho"
GRID_11925,-83.432,157.588,272191.6,-659994.0,TAM,n,-0.58,0.6107,1,"temp, litho"
GRID_11926,-83.425,157.44,274188.1,-659993.0,TAM,n,-0.965,0.5257,1,"temp, litho"
GRID_11927,-83.421,157.366,275208.0,-660040.6,TAM,n,-1.342,0.6044,1,"temp, litho"
GRID_11928,-83.447,157.706,270211.9,-659041.2,TAM,c,-1.069,0.6994,1,temp
GRID_11929,-83.444,157.632,271187.2,-658993.9,TAM,n,-0.471,0.5413,1,"temp, litho"
GRID_11930,-83.44,157.557,272216.0,-659041.1,TAM,c,-0.873,0.543,1,temp
GRID_11931,-83.437,157.483,273192.1,-658990.9,TAM,n,-1.0,0.6294,1,"temp, litho"
GRID_11932,-83.433,157.409,274210.4,-659039.9,TAM,d,-1.41,0.7442,1,temp
GRID_11933,-83.459,157.75,269210.7,-658038.6,TAM,c,-0.514,0.8214,1,temp
GRID_11934,-83.456,157.675,270196.0,-657987.9,TAM,n,-1.559,0.5668,1,"temp, litho"
GRID_11935,-83.449,157.527,272186.2,-657992.5,TAM,n,-1.065,0.55,1,"temp, litho"
GRID_11936,-83.438,157.304,275207.5,-658033.7,TAM,d,-1.147,0.794,1,temp
GRID_11937,-83.471,157.794,268211.2,-657034.8,TAM,c,-0.365,0.7538,1,temp
GRID_11938,-83.468,157.719,269194.9,-656985.6,TAM,n,-1.422,0.6619,1,"temp, litho"
GRID_11939,-83.464,157.645,270209.0,-657040.3,TAM,n,-0.727,0.492,1,"temp, litho"
GRID_11940,-83.483,157.838,267213.4,-656029.9,TAM,c,-0.617,0.834,1,temp
GRID_11941,-83.48,157.763,268195.6,-655982.0,TAM,g,-0.544,0.3542,1,temp
GRID_11942,-83.488,157.733,268208.8,-655035.0,TAM,c,-0.558,0.8112,1,temp
GRID_11943,-83.485,157.658,269190.2,-654985.6,TAM,c,-0.387,0.8815,1,temp
GRID_11944,-83.481,157.583,270213.6,-655035.5,TAM,n,-1.28,0.5847,1,"temp, litho"
GRID_11945,-83.497,157.702,268191.2,-653982.7,TAM,n,-0.553,0.6611,1,"temp, litho"
GRID_11946,-83.493,157.627,269212.9,-654034.0,TAM,g,-0.054,0.6465,1,temp
GRID_11947,-83.49,157.552,270193.6,-653983.1,TAM,n,-0.583,0.6361,1,"temp, litho"
GRID_11948,-83.505,157.671,268213.9,-653031.3,TAM,n,-2.151,0.5759,1,"temp, litho"
GRID_11949,-83.502,157.596,269193.0,-652981.8,TAM,n,-0.789,0.6558,1,"temp, litho"
GRID_11950,-83.498,157.521,270214.1,-653031.5,TAM,n,-0.738,0.6183,1,"temp, litho"
GRID_11951,-83.51,157.565,269213.7,-652030.5,TAM,n,-1.336,0.5633,1,"temp, litho"
GRID_11952,-83.507,157.49,270192.1,-651979.5,TAM,n,-1.22,0.7329,1,"temp, litho"
GRID_11953,-83.515,157.459,270210.7,-651028.3,TAM,n,-0.312,0.4582,1,"temp, litho"
GRID_11954,-83.532,157.397,270203.3,-649025.9,TAM,n,-0.963,0.7898,1,"temp, litho"
GRID_11955,-83.553,157.41,269177.3,-646975.1,TAM,n,-0.917,0.6518,1,"temp, litho"
GRID_11956,-83.549,157.334,270203.1,-647019.6,TAM,n,-1.789,0.5761,1,"temp, litho"
GRID_11957,-83.545,157.259,271218.3,-647067.2,TAM,n,-0.844,0.644,1,"temp, litho"
GRID_11958,-83.565,157.454,268179.1,-645974.4,TAM,n,-0.962,0.5801,1,"temp, litho"
GRID_11959,-83.557,157.303,270216.9,-646069.3,TAM,n,-0.976,0.5996,1,"temp, litho"
GRID_11960,-83.573,157.422,268205.3,-645019.8,TAM,c,-0.6,0.7255,1,temp
GRID_11961,-83.569,157.347,269217.2,-645070.3,TAM,n,-1.37,0.7615,1,"temp, litho"
GRID_11962,-83.566,157.271,270198.9,-645014.0,TAM,n,-0.895,0.5965,1,"temp, litho"
GRID_11963,-83.581,157.391,268219.2,-644070.2,TAM,c,-0.476,0.7526,1,temp
GRID_11964,-83.578,157.315,269199.4,-644015.3,TAM,n,-2.274,0.5278,1,"temp, litho"
GRID_11965,-83.574,157.239,270222.0,-644059.5,TAM,n,-1.29,0.7046,1,"temp, litho"
GRID_11966,-83.586,157.283,269222.5,-643061.1,TAM,n,-0.729,0.7016,1,"temp, litho"
GRID_11967,-83.583,157.208,270190.6,-643009.4,TAM,n,-1.007,0.665,1,"temp, litho"
GRID_11968,-83.595,157.252,269191.3,-642011.2,TAM,n,-0.936,0.5703,1,"temp, litho"
GRID_11969,-83.607,157.296,268193.7,-641011.9,TAM,n,-1.367,0.7314,1,"temp, litho"
GRID_11970,-83.615,157.264,268214.9,-640058.4,TAM,n,-0.803,0.6226,1,"temp, litho"
GRID_11971,-83.624,157.232,268192.9,-639004.5,TAM,n,-0.541,0.4091,1,"temp, litho"
GRID_11972,-82.936,157.797,290207.6,-711025.5,TAM,g,-2.226,0.5437,1,temp
GRID_11973,-82.948,157.838,289205.3,-710021.6,TAM,g,-2.615,0.4743,1,temp
GRID_11974,-82.945,157.769,290183.9,-709975.5,TAM,g,-1.909,0.569,1,temp
GRID_11975,-83.168,158.084,277204.6,-689012.2,TAM,n,-2.09,0.6436,1,"temp, litho"
GRID_11976,-83.18,158.127,276200.3,-688006.5,TAM,n,-2.256,0.5713,1,"temp, litho"
GRID_11977,-83.177,158.055,277186.8,-687962.1,TAM,c,-2.134,0.7954,1,temp
GRID_11978,-83.189,158.098,276182.6,-686956.6,TAM,n,-1.33,0.7704,1,"temp, litho"
GRID_11979,-83.185,158.026,277208.8,-687013.2,TAM,c,-1.695,0.9922,1,temp
GRID_11980,-83.201,158.141,275180.1,-685950.0,TAM,c,-1.946,0.8534,1,temp
GRID_11981,-83.197,158.069,276204.7,-686008.0,TAM,g,-1.138,0.5054,1,temp
GRID_11982,-83.194,157.997,277189.0,-685963.5,TAM,g,0.176,0.5393,1,temp
GRID_11983,-83.212,158.184,274219.8,-685043.5,TAM,g,-1.005,0.9507,1,temp
GRID_11984,-83.209,158.112,275202.3,-685001.7,TAM,g,-1.697,0.7809,1,temp
GRID_11985,-83.221,158.155,274201.6,-683994.3,TAM,c,-1.619,0.6918,1,temp
GRID_11986,-83.218,158.083,275182.9,-683952.5,TAM,g,-2.305,0.4832,1,temp
GRID_11987,-83.211,157.939,277187.5,-683965.7,TAM,g,-1.18,0.7484,1,temp
GRID_11988,-83.229,158.126,274222.9,-683046.5,TAM,g,-1.695,0.6078,1,temp
GRID_11989,-83.238,158.097,274202.8,-681997.7,TAM,g,-2.164,0.4974,1,temp
GRID_11990,-83.235,158.025,275181.9,-681955.7,TAM,g,-2.333,0.4381,1,temp
GRID_11991,-83.231,157.953,276202.3,-682013.4,TAM,g,-1.731,0.5873,1,temp
GRID_11992,-83.228,157.881,277182.2,-681968.6,TAM,g,-1.11,0.9172,1,temp
GRID_11993,-83.236,157.851,277210.6,-681016.0,TAM,g,-0.919,0.6669,1,temp
GRID_11994,-83.248,157.894,276207.3,-680012.3,TAM,g,-1.019,0.7269,1,temp
GRID_11995,-83.245,157.822,277185.0,-679967.4,TAM,g,-1.004,0.7837,1,temp
GRID_11996,-83.241,157.75,278204.3,-680022.0,TAM,c,-1.478,0.8627,1,temp
GRID_11997,-83.238,157.678,279182.8,-679974.2,TAM,c,-0.163,0.9283,1,temp
GRID_11998,-83.257,157.865,276182.0,-678964.0,TAM,g,-1.963,0.4761,1,temp
GRID_11999,-83.253,157.793,277199.7,-679020.0,TAM,g,-0.024,0.4915,1,temp
GRID_12000,-83.25,157.72,278188.5,-678968.7,TAM,c,-1.438,0.8674,1,temp
GRID_12001,-83.246,157.648,279207.3,-679021.7,TAM,g,-1.136,0.7009,1,temp
GRID_12002,-83.262,157.763,277184.1,-677967.0,TAM,g,-1.579,0.4836,1,temp
GRID_12003,-83.258,157.691,278201.3,-678021.4,TAM,c,-0.374,1.2634,1,temp
GRID_12004,-83.255,157.618,279189.4,-677968.6,TAM,g,-2.173,0.4836,1,temp
GRID_12005,-83.274,157.806,276181.3,-676964.1,TAM,g,-1.928,0.4955,1,temp
GRID_12006,-83.27,157.733,277208.7,-677015.1,TAM,g,-1.42,0.6042,1,temp
GRID_12007,-83.267,157.661,278183.5,-676968.5,TAM,g,-1.29,0.6772,1,temp
GRID_12008,-83.282,157.776,276206.0,-676012.5,TAM,g,-1.764,0.6296,1,temp
GRID_12009,-83.275,157.631,278206.2,-676016.7,TAM,g,-1.326,0.6913,1,temp
GRID_12010,-83.272,157.559,279180.2,-675968.7,TAM,g,-1.765,0.6352,1,temp
GRID_12011,-83.28,157.529,279201.0,-675016.9,TAM,g,-2.254,0.3682,1,temp
GRID_12012,-83.303,157.79,275175.9,-673961.6,TAM,g,-1.647,0.7473,1,temp
GRID_12013,-83.292,157.571,278207.2,-674012.8,TAM,g,-1.186,0.7405,1,temp
GRID_12014,-83.289,157.499,279179.1,-673964.6,TAM,g,-1.581,0.588,1,temp
GRID_12015,-83.311,157.76,275198.8,-673010.6,TAM,g,-1.436,0.6593,1,temp
GRID_12016,-83.323,157.803,274199.7,-672006.3,TAM,g,-1.87,0.4918,1,temp
GRID_12017,-82.3,155.505,347165.0,-761960.2,TAM,w,-2.131,0.8885,0,in range
GRID_12018,-82.294,155.076,353136.2,-759933.1,TAM,w,-4.666,0.7031,0,in range
GRID_12019,-82.302,155.047,353152.6,-758963.0,TAM,w,-4.42,0.6335,0,in range
GRID_12020,-82.29,154.861,356170.7,-758997.6,TAM,w,-4.287,0.3821,0,in range
GRID_12021,-82.363,155.893,339190.3,-758021.0,TAM,w,-1.78,1.1724,0,in range
GRID_12022,-82.314,155.08,352163.9,-757979.2,TAM,w,-4.816,0.5049,0,in range
GRID_12023,-82.31,155.018,353168.1,-757993.1,TAM,w,-4.139,0.6195,0,in range
GRID_12024,-82.306,154.956,354172.9,-758005.9,TAM,w,-4.642,0.5029,0,in range
GRID_12025,-82.295,154.77,357143.2,-757937.6,TAM,w,-4.509,0.6319,0,in range
GRID_12026,-82.372,155.865,339159.3,-756959.3,TAM,w,-2.9,1.0779,0,in range
GRID_12027,-82.303,154.741,357154.4,-756967.5,TAM,w,-4.559,0.5535,0,in range
GRID_12028,-82.38,155.837,339172.0,-755997.3,TAM,w,-2.627,1.1724,0,in range
GRID_12029,-82.388,155.127,348146.9,-750944.8,TAM,w,-4.135,0.4666,0,in range
GRID_12030,-82.566,157.357,311189.5,-746006.3,TAM,w,-1.582,1.0404,0,in range
GRID_12031,-82.483,155.869,334157.1,-745934.4,TAM,c,-2.949,0.7805,0,in range
GRID_12032,-82.514,155.219,341180.7,-739026.1,TAM,w,-2.417,0.874,0,in range
GRID_12033,-82.511,155.155,342143.4,-738941.5,TAM,w,-2.315,0.7818,0,in range
GRID_12034,-82.523,155.189,341155.7,-737956.5,TAM,w,-2.655,0.5371,0,in range
GRID_12035,-82.519,155.125,342163.3,-737970.7,TAM,w,-2.77,0.7321,0,in range
GRID_12036,-82.528,154.938,344154.3,-735961.0,TAM,w,-3.216,0.6802,0,in range
GRID_12037,-82.564,155.041,341174.1,-733019.2,TAM,n,-2.194,0.9067,1,litho
GRID_12038,-82.58,155.139,339186.3,-732018.6,TAM,n,-2.032,0.8526,1,litho
GRID_12039,-82.577,155.075,340141.6,-731935.9,TAM,n,-1.888,0.8007,1,litho
GRID_12040,-82.573,155.011,341143.2,-731950.9,TAM,n,-2.313,0.8501,1,litho
GRID_12041,-82.593,155.174,338143.9,-730939.1,TAM,n,-3.486,0.6257,1,litho
GRID_12042,-82.589,155.109,339156.4,-730950.6,TAM,n,-1.465,0.9465,1,litho
GRID_12043,-82.585,155.045,340156.7,-730966.8,TAM,n,-2.63,0.6534,1,litho
GRID_12044,-82.605,155.209,337148.6,-729957.5,TAM,n,-3.075,0.8334,1,litho
GRID_12045,-82.601,155.144,338159.8,-729970.4,TAM,n,-2.274,0.8088,1,litho
GRID_12046,-82.597,155.079,339171.5,-729981.8,TAM,n,-1.878,0.8143,1,litho
GRID_12047,-82.621,155.308,335158.0,-728953.8,TAM,n,-2.899,0.7073,1,litho
GRID_12048,-82.617,155.243,336167.4,-728969.2,TAM,n,-2.612,0.9082,1,litho
GRID_12049,-82.613,155.179,337164.6,-728989.1,TAM,n,-2.884,0.7971,1,litho
GRID_12050,-82.609,155.114,338174.9,-729001.8,TAM,n,-1.901,0.9171,1,litho
GRID_12051,-82.605,155.049,339185.7,-729013.2,TAM,n,-2.563,0.7594,1,litho
GRID_12052,-82.633,155.343,334166.8,-727969.2,TAM,n,-2.386,0.7917,1,litho
GRID_12053,-82.629,155.278,335174.8,-727985.8,TAM,n,-2.018,0.8479,1,litho
GRID_12054,-82.625,155.214,336170.6,-728007.0,TAM,n,-2.145,0.917,1,litho
GRID_12055,-82.645,155.379,333164.2,-726989.5,TAM,n,-2.797,0.7771,1,litho
GRID_12056,-82.641,155.314,334170.8,-727007.4,TAM,n,-2.757,0.7288,1,litho
GRID_12057,-82.65,155.284,334141.1,-725940.9,TAM,n,-2.39,0.5804,1,litho
GRID_12058,-82.646,155.219,335147.3,-725957.3,TAM,n,-2.524,0.5002,1,litho
GRID_12059,-82.642,155.154,336153.9,-725972.4,TAM,n,-2.166,0.7233,1,litho
GRID_12060,-82.638,155.089,337161.0,-725986.2,TAM,n,-2.238,0.6278,1,litho
GRID_12061,-82.626,154.894,340185.0,-726019.4,TAM,n,-3.014,0.6681,1,litho
GRID_12062,-82.607,154.572,345149.4,-725967.2,TAM,g,-0.96,1.2878,1,aspect
GRID_12063,-82.719,155.269,331183.7,-719020.0,TAM,c,-2.335,0.567,0,in range
GRID_12064,-82.715,155.203,332194.7,-719034.0,TAM,c,-2.173,0.9119,0,in range
GRID_12065,-82.712,155.138,333147.7,-718953.4,TAM,g,-2.566,0.5224,0,in range
GRID_12066,-82.708,155.072,334159.4,-718964.7,TAM,g,-2.242,0.657,0,in range
GRID_12067,-82.704,155.007,335159.1,-718980.4,TAM,g,-1.447,0.8819,0,in range
GRID_12068,-82.728,155.239,331149.2,-717955.5,TAM,c,-2.109,0.9192,0,in range
GRID_12069,-82.724,155.173,332159.1,-717969.4,TAM,c,-2.415,0.5891,0,in range
GRID_12070,-82.72,155.107,333169.5,-717981.9,TAM,g,-2.203,0.6096,0,in range
GRID_12071,-82.716,155.042,334167.8,-717998.8,TAM,g,-1.52,0.6108,0,in range
GRID_12072,-82.712,154.976,335179.1,-718008.6,TAM,g,-1.286,0.6611,0,in range
GRID_12073,-82.708,154.911,336178.4,-718022.9,TAM,n,-1.938,0.7755,1,litho
GRID_12074,-82.736,155.208,331171.8,-716984.4,TAM,g,-2.169,0.6633,0,in range
GRID_12075,-82.732,155.143,332168.3,-717003.9,TAM,g,-2.073,0.6883,0,in range
GRID_12076,-82.728,155.077,333177.8,-717016.3,TAM,g,-1.445,0.8439,0,in range
GRID_12077,-82.744,155.178,331181.0,-716019.2,TAM,g,-2.706,0.5183,1,slope
GRID_12078,-82.717,154.718,338176.1,-715999.1,TAM,n,-2.165,0.645,1,litho
GRID_12079,-82.713,154.653,339174.8,-716009.1,TAM,n,-1.404,0.7032,1,litho
GRID_12080,-82.753,155.147,331156.0,-714949.6,TAM,n,-2.282,0.5652,1,litho
GRID_12081,-82.725,154.688,338178.0,-715033.4,TAM,n,-1.527,0.7623,1,litho
GRID_12082,-82.761,155.117,331163.3,-713984.8,TAM,n,-2.98,0.6423,1,litho
GRID_12083,-82.773,155.152,330177.3,-712999.8,TAM,c,-2.111,0.7304,0,in range
GRID_12084,-82.769,155.086,331182.1,-713014.5,TAM,n,-2.385,0.7854,1,litho
GRID_12085,-82.785,155.188,329180.2,-712019.6,TAM,n,-1.584,0.7443,1,litho
GRID_12086,-82.781,155.122,330183.7,-712035.6,TAM,n,-2.847,0.654,1,litho
GRID_12087,-82.778,155.055,331154.0,-711945.6,TAM,n,-1.313,0.7656,1,litho
GRID_12088,-82.794,155.157,329153.2,-710951.0,TAM,n,-1.244,0.8365,1,litho
GRID_12089,-82.798,155.06,330172.5,-709997.4,TAM,n,-1.699,0.7437,1,litho
GRID_12090,-82.806,155.029,330188.4,-709028.0,TAM,n,-2.902,0.4992,1,litho
GRID_12091,-82.822,155.131,328192.1,-708032.1,TAM,n,-1.066,1.0259,1,litho
GRID_12092,-82.819,155.065,329145.3,-707950.2,TAM,n,-1.818,0.6249,1,litho
GRID_12093,-82.815,154.998,330157.3,-707960.0,TAM,n,-1.921,0.6221,1,litho
GRID_12094,-82.827,155.034,329160.2,-706981.4,TAM,n,-1.745,0.6651,1,litho
GRID_12095,-82.836,154.838,331159.6,-704963.2,TAM,n,-1.728,0.7239,1,litho
GRID_12096,-82.122,155.728,352179.3,-781008.2,TAM,w,-4.235,0.7406,0,in range
GRID_12097,-82.179,155.021,359163.3,-770965.9,TAM,w,-4.279,0.664,0,in range
GRID_12098,-82.404,158.018,309175.9,-765929.9,TAM,d,-2.475,0.9398,0,in range
GRID_12099,-82.397,157.89,311173.6,-765944.7,TAM,d,-3.316,0.9572,0,in range
GRID_12100,-82.412,157.992,309196.5,-764980.6,TAM,s,-3.229,1.0883,0,in range
GRID_12101,-82.424,158.031,308186.1,-763977.1,TAM,s,-2.708,1.2963,0,in range
GRID_12102,-82.421,157.966,309175.3,-763930.3,TAM,s,-2.747,1.2016,0,in range
GRID_12103,-82.436,158.069,307190.5,-762967.2,TAM,d,-2.923,0.632,0,in range
GRID_12104,-82.429,157.94,309194.2,-762981.2,TAM,d,-3.121,1.0198,0,in range
GRID_12105,-82.448,158.108,306183.1,-761961.7,TAM,s,-2.047,1.2206,0,in range
GRID_12106,-82.848,154.874,330161.1,-703986.7,TAM,n,-2.479,0.5507,1,litho
GRID_12107,-82.993,156.384,305163.6,-697960.5,TAM,n,-2.268,0.6007,1,"temp, litho"
GRID_12108,-82.989,156.315,306179.0,-697991.7,TAM,n,-1.665,0.6104,1,"temp, litho"
GRID_12109,-82.985,156.246,307195.0,-698021.5,TAM,n,-1.11,0.6382,1,"temp, litho"
GRID_12110,-83.013,156.392,304193.1,-696005.6,TAM,c,-1.968,0.8531,1,temp
GRID_12111,-83.009,156.323,305206.2,-696038.1,TAM,n,-2.876,0.3981,1,"temp, litho"
GRID_12112,-83.022,156.362,304164.2,-694947.6,TAM,n,-0.997,0.9177,1,"temp, litho"
GRID_12113,-83.018,156.293,305176.2,-694980.0,TAM,n,-1.842,0.7321,1,"temp, litho"
GRID_12114,-83.026,156.263,305189.0,-694021.9,TAM,n,-1.744,0.6087,1,"temp, litho"
GRID_12115,-83.023,156.194,306156.6,-693953.0,TAM,n,-1.899,0.5845,1,"temp, litho"
GRID_12116,-83.046,156.44,302172.3,-692963.3,TAM,g,-1.116,0.8255,1,temp
GRID_12117,-83.038,156.301,304203.0,-693026.6,TAM,n,-0.991,0.8959,1,"temp, litho"
GRID_12118,-83.035,156.232,305169.1,-692959.0,TAM,n,-1.163,0.6505,1,"temp, litho"
GRID_12119,-83.031,156.163,306179.6,-692989.7,TAM,n,-1.777,0.6132,1,"temp, litho"
GRID_12120,-83.039,156.133,306189.6,-692032.0,TAM,n,-1.41,0.7443,1,"temp, litho"
GRID_12121,-83.059,156.31,303174.5,-690978.4,TAM,n,-1.496,0.6453,1,"temp, litho"
GRID_12122,-83.071,156.349,302179.4,-689986.7,TAM,n,-1.328,0.8523,1,"temp, litho"
GRID_12123,-83.083,156.388,301185.9,-688993.8,TAM,n,-1.643,0.59,1,"temp, litho"
GRID_12124,-83.079,156.319,302190.5,-689029.9,TAM,n,-1.725,0.6284,1,"temp, litho"
GRID_12125,-83.091,156.358,301196.9,-688037.3,TAM,n,-1.46,0.7514,1,"temp, litho"
GRID_12126,-83.084,156.218,303184.9,-687997.4,TAM,n,-1.34,0.7682,1,"temp, litho"
GRID_12127,-83.092,156.187,303205.1,-687035.7,TAM,n,-1.546,0.6279,1,"temp, litho"
GRID_12128,-83.097,156.087,304182.8,-686007.3,TAM,n,-1.686,0.6027,1,"temp, litho"
GRID_12129,-83.13,156.134,302164.9,-682967.7,TAM,n,-2.525,0.4796,1,"temp, litho"
GRID_12130,-83.126,156.064,303175.9,-682996.4,TAM,n,-1.09,0.8095,1,"temp, litho"
GRID_12131,-83.134,156.033,303191.3,-682035.6,TAM,n,-1.782,0.4912,1,"temp, litho"
GRID_12132,-83.127,155.893,305168.5,-681989.1,TAM,c,-1.29,0.9737,1,temp
GRID_12133,-83.15,156.142,301187.9,-681016.5,TAM,n,-1.399,0.5943,1,"temp, litho"
GRID_12134,-83.143,156.001,303173.2,-680970.2,TAM,n,0.288,0.6408,1,"temp, litho"
GRID_12135,-83.135,155.861,305192.8,-681022.9,TAM,n,-1.616,0.6756,1,"temp, litho"
GRID_12136,-83.193,155.813,303173.5,-675001.3,TAM,n,-0.156,0.8858,1,"temp, litho"
GRID_13320,-84.284,178.675,14362.9,-620971.6,TAM,s,-3.575,0.4835,0,in range
GRID_13321,-84.33,178.943,11365.8,-616025.6,TAM,n,-4.767,0.4191,1,litho
GRID_13322,-84.349,179.033,10363.2,-613974.9,TAM,g,-5.198,0.6304,1,slope
GRID_13323,-84.435,177.312,28358.8,-604036.4,TAM,g,-1.809,0.8296,0,in range
GRID_13324,-84.457,178.443,16365.6,-602085.0,TAM,n,-3.646,0.4992,1,litho
GRID_13325,-84.465,177.869,22364.1,-601020.7,TAM,g,-1.333,0.4768,0,in range
GRID_13326,-84.463,177.394,27355.8,-601032.1,TAM,g,-2.324,0.5023,0,in range
GRID_13327,-84.503,178.142,19366.0,-596986.9,TAM,s,-2.708,0.7175,0,in range
GRID_13328,-84.528,177.556,25354.6,-594039.3,TAM,s,-1.65,0.4545,0,in range
GRID_13329,-84.528,177.459,26360.3,-593995.5,TAM,s,-1.634,0.5002,0,in range
GRID_13330,-84.711,177.371,26359.1,-574060.8,TAM,s,1.677,0.6576,0,in range
GRID_13331,-84.721,177.566,24359.0,-573060.1,TAM,s,2.322,0.5198,0,in range
GRID_13332,-84.72,177.366,26364.2,-573080.2,TAM,s,1.535,0.5092,0,in range
GRID_13333,-84.739,177.357,26358.9,-571010.9,TAM,d,1.13,0.7774,0,in range
GRID_13334,-84.748,177.353,26353.5,-570030.8,TAM,s,0.842,0.7378,0,in range
GRID_13335,-84.757,177.448,25364.7,-569095.4,TAM,s,2.037,0.6581,0,in range
GRID_13336,-84.757,177.348,26358.0,-569050.2,TAM,s,-0.163,0.4815,0,in range
GRID_13337,-84.785,177.536,24359.7,-566089.8,TAM,s,1.596,0.6582,0,in range
GRID_13338,-84.785,177.435,25357.5,-566046.0,TAM,d,2.6,1.0877,0,in range
GRID_13339,-84.783,177.031,29359.4,-566070.5,TAM,s,0.441,0.4022,0,in range
GRID_13340,-84.795,177.531,24362.2,-565000.7,TAM,d,2.255,0.5079,0,in range
GRID_13341,-84.804,177.527,24359.4,-564020.6,TAM,c,1.926,1.0644,0,in range
GRID_13342,-84.803,177.325,26352.8,-564039.9,TAM,s,0.491,0.4492,0,in range
GRID_13343,-84.802,177.223,27362.1,-564100.8,TAM,s,0.159,0.3693,0,in range
GRID_13344,-84.813,177.523,24356.4,-563040.6,TAM,d,1.416,0.3927,0,in range
GRID_13345,-84.812,177.32,26356.2,-563059.4,TAM,s,0.672,0.5468,0,in range
GRID_13346,-84.84,177.407,25363.4,-560055.4,TAM,s,1.4,0.5262,0,in range
GRID_13347,-84.839,177.203,27362.6,-560070.3,TAM,d,0.078,0.5028,0,in range
GRID_13348,-84.838,176.999,29362.2,-560077.9,TAM,s,-0.402,0.4628,0,in range
GRID_13349,-84.849,177.301,26353.4,-559029.4,TAM,d,0.893,0.7015,0,in range
GRID_13350,-84.848,177.198,27363.6,-559089.8,TAM,d,-0.063,0.331,0,in range
GRID_13351,-84.848,177.096,28358.9,-559040.2,TAM,s,-0.14,0.3487,0,in range
GRID_13352,-84.857,176.989,29351.4,-558008.4,TAM,d,-0.139,0.3463,1,slope
GRID_13353,-84.866,176.983,29358.3,-557027.5,TAM,s,-0.872,0.3508,0,in range
GRID_13354,-84.878,177.697,22362.3,-556045.6,TAM,s,1.879,0.9487,0,in range
GRID_13355,-84.877,177.594,23366.4,-556113.2,TAM,s,1.236,0.5305,0,in range
GRID_13356,-84.876,177.183,27360.3,-556039.9,TAM,d,1.423,0.5609,0,in range
GRID_13357,-84.887,177.693,22361.7,-555065.6,TAM,d,-0.799,0.1971,0,in range
GRID_13358,-84.884,176.973,29352.1,-555066.7,TAM,d,-0.114,0.371,0,in range
GRID_13359,-84.896,177.586,23357.0,-554044.6,TAM,d,0.334,0.6826,0,in range
GRID_13360,-84.904,177.375,25357.3,-553085.3,TAM,d,0.75,0.4109,0,in range
GRID_13361,-84.913,177.37,25360.6,-552105.0,TAM,d,-0.267,0.3459,0,in range
GRID_13362,-84.913,177.266,26362.7,-552058.0,TAM,d,-0.184,0.4212,0,in range
GRID_13363,-84.922,177.262,26354.5,-551078.2,TAM,d,-1.406,0.4947,0,in range
GRID_13364,-84.922,177.158,27354.7,-551029.4,TAM,d,-0.415,0.5019,0,in range
GRID_13365,-84.921,176.951,29351.1,-551035.6,TAM,s,-1.223,0.441,0,in range
GRID_13366,-84.932,177.36,25361.8,-550035.6,TAM,d,-1.432,0.5275,0,in range
GRID_13367,-84.94,177.148,27353.5,-549068.8,TAM,s,-0.576,0.3626,0,in range
GRID_13368,-84.685,177.682,23357.2,-577022.3,TAM,s,-0.317,0.635,0,in range
GRID_13369,-84.684,177.583,24358.8,-577089.8,TAM,s,0.462,0.9397,0,in range
GRID_13370,-84.733,178.561,14371.3,-572091.3,TAM,s,0.921,0.6463,0,in range
GRID_13371,-84.78,178.751,12362.6,-567023.0,TAM,w,3.266,0.6711,0,in range
GRID_13372,-84.779,178.549,14364.3,-567084.7,TAM,s,0.123,0.5338,0,in range
GRID_13373,-84.779,178.448,15364.0,-567058.5,TAM,s,1.099,0.2228,0,in range
GRID_13374,-84.788,178.546,14369.2,-566105.0,TAM,s,0.238,0.3804,0,in range
GRID_13375,-84.798,178.544,14361.3,-565016.7,TAM,s,0.147,0.3247,0,in range
GRID_13376,-84.797,178.442,15370.1,-565099.0,TAM,w,0.935,0.6239,0,in range
GRID_13377,-84.807,178.744,12367.5,-564084.4,TAM,w,1.177,0.7371,0,in range
GRID_13378,-84.807,178.642,13371.6,-564061.5,TAM,w,0.985,0.4472,0,in range
GRID_13379,-84.807,178.541,14365.9,-564037.1,TAM,w,0.799,0.2798,0,in range
GRID_13380,-84.817,178.945,10368.5,-563036.5,TAM,w,-0.08,0.2479,0,in range
GRID_13381,-84.817,178.843,11370.8,-563017.1,TAM,w,1.756,0.6088,0,in range
GRID_13382,-84.816,178.742,12365.7,-563105.0,TAM,w,0.491,0.4029,0,in range
GRID_13383,-84.816,178.64,13368.1,-563082.1,TAM,w,1.358,0.571,0,in range
GRID_13384,-84.816,178.538,14370.5,-563057.4,TAM,w,1.315,0.659,0,in range
GRID_13385,-84.816,178.437,15363.0,-563031.2,TAM,w,0.674,0.5361,0,in range
GRID_13386,-84.816,178.335,16365.3,-563002.9,TAM,w,2.64,1.3272,0,in range
GRID_13387,-84.826,179.045,9369.5,-562074.6,TAM,w,1.331,0.514,0,in range
GRID_13388,-84.826,178.943,10370.1,-562057.0,TAM,w,0.8,0.1597,0,in range
GRID_13389,-84.825,178.536,14365.1,-562078.0,TAM,w,1.447,0.7155,0,in range
GRID_13390,-84.836,179.451,5376.0,-561038.9,TAM,w,1.288,0.4464,0,in range
GRID_13391,-84.836,179.349,6374.7,-561028.5,TAM,w,1.068,0.3008,0,in range
GRID_13392,-84.835,179.043,9372.7,-561095.2,TAM,w,0.448,0.4122,0,in range
GRID_13393,-84.845,179.45,5376.4,-560059.6,TAM,w,1.082,0.3234,0,in range
GRID_13394,-84.845,179.348,6373.4,-560049.2,TAM,w,2.813,0.3351,0,in range
GRID_13395,-84.845,179.246,7370.4,-560037.0,TAM,w,0.663,0.253,0,in range
GRID_13396,-84.843,178.428,15370.9,-560092.2,TAM,s,0.474,0.4541,0,in range
GRID_13397,-84.843,178.326,16367.9,-560063.9,TAM,d,1.875,0.49,0,in range
GRID_13398,-84.853,178.63,13370.1,-559055.2,TAM,d,0.09,0.385,0,in range
GRID_13399,-84.853,178.528,14365.4,-559030.5,TAM,c,0.477,0.6875,0,in range
GRID_13400,-84.853,178.426,15360.5,-559004.0,TAM,s,0.905,0.704,0,in range
GRID_13401,-84.852,178.323,16368.6,-559084.3,TAM,c,2.09,0.6627,0,in range
GRID_13402,-84.862,178.628,13366.2,-558075.8,TAM,d,0.161,0.3614,0,in range
GRID_13403,-84.862,178.525,14369.4,-558050.9,TAM,s,0.787,0.6998,0,in range
GRID_13404,-84.871,178.625,13371.9,-557096.2,TAM,d,-0.747,0.2829,0,in range
GRID_13405,-84.871,178.523,14363.7,-557071.5,TAM,c,2.542,1.2251,0,in range
GRID_13406,-84.871,178.42,15365.1,-557044.8,TAM,c,2.032,0.8633,0,in range
GRID_13407,-84.881,178.623,13365.2,-556008.0,TAM,s,0.283,0.5893,0,in range
GRID_13408,-84.88,178.52,14367.5,-556091.9,TAM,d,1.21,0.6915,0,in range
GRID_13409,-84.88,178.417,15367.2,-556065.1,TAM,s,1.629,0.7044,0,in range
GRID_13410,-84.889,178.517,14371.3,-555112.3,TAM,d,-0.624,0.3479,0,in range
GRID_13411,-84.899,178.515,14362.5,-554024.2,TAM,s,-1.036,0.2948,0,in range
GRID_13412,-84.919,179.754,2370.2,-552029.3,TAM,d,-0.169,0.2825,0,in range
GRID_13413,-84.919,179.65,3372.2,-552024.1,TAM,s,-0.235,0.2892,0,in range
GRID_13414,-84.915,177.784,21362.3,-552056.4,TAM,d,1.687,0.4897,0,in range
GRID_13415,-84.928,179.753,2375.6,-551050.1,TAM,d,-0.274,0.195,1,elev
GRID_13416,-84.924,177.884,20362.6,-551114.4,TAM,c,1.541,0.7339,0,in range
GRID_13417,-84.924,177.78,21362.9,-551076.5,TAM,d,-0.847,0.1761,0,in range
GRID_13418,-84.937,179.649,3369.8,-550065.8,TAM,s,1.391,0.4782,0,in range
GRID_13419,-84.937,179.544,4377.8,-550058.7,TAM,s,-0.418,0.3076,0,in range
GRID_13420,-84.935,178.192,17361.9,-550019.7,TAM,d,0.212,0.148,0,in range
GRID_13421,-84.934,178.088,18363.9,-550096.0,TAM,s,0.497,0.6376,0,in range
GRID_13422,-84.934,177.984,19362.4,-550061.8,TAM,d,-0.858,0.7221,0,in range
GRID_13423,-84.934,177.88,20360.8,-550025.7,TAM,c,-0.407,0.2837,0,in range
GRID_13424,-84.933,177.776,21363.3,-550096.6,TAM,d,-0.099,0.3954,0,in range
GRID_13425,-84.933,177.672,22361.8,-550056.9,TAM,c,-0.156,0.6215,0,in range
GRID_13426,-84.946,179.439,5376.3,-549070.6,TAM,s,0.201,0.3993,0,in range
GRID_13427,-84.944,178.397,15366.5,-549099.6,TAM,d,-0.539,0.2133,0,in range
GRID_13428,-84.944,178.293,16363.2,-549070.8,TAM,s,-1.036,0.3079,0,in range
GRID_13429,-84.944,178.189,17359.8,-549040.1,TAM,s,-0.308,0.1703,0,in range
GRID_13430,-84.943,178.084,18369.6,-549116.1,TAM,d,-0.597,0.4644,0,in range
GRID_13431,-84.943,177.98,19366.3,-549081.9,TAM,d,-0.527,0.5441,0,in range
GRID_13432,-84.943,177.876,20362.9,-549045.8,TAM,d,0.173,0.321,0,in range
GRID_13433,-84.942,177.772,21363.7,-549116.7,TAM,d,-0.229,0.3087,0,in range
GRID_13434,-84.955,178.916,10369.4,-548019.7,TAM,c,-0.034,0.5042,0,in range
GRID_13435,-84.954,178.812,11366.4,-548108.8,TAM,d,-0.353,0.526,0,in range
GRID_13436,-84.954,178.498,14370.0,-548038.2,TAM,c,-0.144,0.5464,0,in range
GRID_13437,-84.954,178.394,15364.8,-548011.2,TAM,s,-1.264,0.2531,0,in range
GRID_13438,-84.953,178.29,16362.7,-548091.2,TAM,d,-0.42,0.2903,0,in range
GRID_13439,-84.953,178.185,17367.1,-548060.3,TAM,s,-0.188,0.2742,0,in range
GRID_13440,-84.953,178.081,18361.9,-548027.9,TAM,s,-0.381,0.4142,0,in range
GRID_13441,-84.964,178.914,10370.0,-547040.4,TAM,d,0.5,0.4832,0,in range
GRID_13442,-84.964,178.81,11362.9,-547020.7,TAM,c,-0.483,0.3695,0,in range
GRID_13443,-84.963,178.391,15366.0,-547031.7,TAM,s,-0.793,0.6544,0,in range
GRID_13444,-84.962,178.287,16362.1,-547111.7,TAM,s,0.24,0.4346,0,in range
GRID_13445,-84.96,177.45,24362.2,-547031.6,TAM,s,-0.68,0.5371,0,in range
GRID_13446,-84.959,177.346,25360.2,-547095.2,TAM,s,-0.301,0.4579,0,in range
GRID_13447,-84.973,178.912,10370.5,-546061.1,TAM,s,-0.432,0.2606,0,in range
GRID_13448,-84.973,178.807,11371.2,-546041.2,TAM,c,-0.834,0.2682,0,in range
GRID_13449,-84.969,177.55,23365.6,-546095.1,TAM,d,-1.102,0.3498,0,in range
GRID_13450,-84.969,177.446,24356.8,-546051.8,TAM,s,-0.333,0.2555,0,in range
GRID_13451,-84.968,177.341,25362.5,-546114.9,TAM,s,-0.836,0.5284,0,in range
GRID_13452,-84.968,177.237,26353.7,-546068.0,TAM,s,-0.785,0.6829,0,in range
GRID_13453,-84.982,179.015,9372.0,-545099.9,TAM,d,-1.48,0.3896,0,in range
GRID_13454,-84.982,178.91,10370.9,-545081.8,TAM,s,0.715,0.4929,0,in range
GRID_13455,-84.978,177.441,24360.7,-545071.5,TAM,s,-0.65,0.5655,0,in range
GRID_13456,-84.978,177.336,25359.6,-545026.0,TAM,d,-0.89,0.4139,1,elev
GRID_13457,-84.977,177.231,26363.6,-545087.2,TAM,s,-0.487,0.5067,1,elev
GRID_13458,-84.991,178.908,10371.3,-544102.5,TAM,s,-0.402,0.2992,0,in range
GRID_13459,-84.899,178.928,10368.6,-554113.3,TAM,d,-0.148,0.8077,0,in range
GRID_13460,-85.121,179.959,379.3,-530059.4,TAM,d,-2.866,0.0683,0,in range
GRID_13461,-85.13,179.959,378.6,-529080.4,TAM,d,-2.637,0.4051,0,in range
GRID_13462,-85.139,179.959,377.9,-528101.4,TAM,s,-2.182,0.3298,1,elev
GRID_13463,-84.836,179.757,2379.6,-561059.6,TAM,w,1.078,0.5803,0,in range
GRID_13464,-84.946,179.856,1380.0,-549095.2,TAM,d,-1.139,0.2855,0,in range
GRID_13465,-84.955,179.856,1377.6,-548116.1,TAM,s,-1.092,0.3938,0,in range
GRID_13466,-84.965,179.856,1374.8,-547028.2,TAM,s,-1.033,0.4164,0,in range
GRID_13467,-85.773,179.33,5369.1,-459122.1,TAM,b,0.829,0.9257,1,"elev, litho"
GRID_13468,-85.801,179.325,5373.3,-456077.6,TAM,b,0.904,0.9764,1,"elev, litho"
GRID_13549,-85.398,176.634,29353.0,-499068.8,TAM,b,0.617,1.3675,1,"elev, temp, litho"
GRID_13550,-85.397,176.52,30352.5,-499118.0,TAM,b,0.164,1.1659,1,"temp, litho"
GRID_13551,-84.39,175.829,44338.3,-607985.1,TAM,c,-3.6,0.9312,1,elev
GRID_13552,-84.45,175.307,49341.2,-601047.3,TAM,d,-2.024,0.4373,1,elev
GRID_13553,-84.494,175.077,51342.6,-596073.3,TAM,s,-3.708,0.8358,1,elev
GRID_13554,-84.494,174.981,52341.2,-595986.5,TAM,s,-4.155,0.737,1,elev
GRID_13555,-84.503,175.069,51341.6,-595090.3,TAM,s,-3.814,0.5821,1,"elev, slope"
GRID_13556,-84.503,174.973,52338.6,-595003.4,TAM,s,-2.744,0.6576,1,elev
GRID_13557,-84.502,174.878,53334.8,-595024.2,TAM,s,-4.041,0.7517,1,elev
GRID_13558,-84.542,175.324,48346.6,-591082.6,TAM,s,-3.356,0.745,1,elev
GRID_13559,-84.552,175.316,48340.2,-589991.2,TAM,s,-3.363,0.6254,1,elev
GRID_13560,-84.609,175.658,44348.1,-584083.9,TAM,s,-3.2,0.4878,1,elev
GRID_13561,-84.676,174.808,52348.2,-576100.8,TAM,d,-3.229,0.4821,1,elev
GRID_13562,-84.696,174.889,51339.8,-574006.5,TAM,d,-2.462,0.4884,1,elev
GRID_13563,-84.706,174.979,50342.9,-573002.5,TAM,d,-3.084,0.3539,1,elev
GRID_13564,-84.733,174.953,50344.4,-570053.0,TAM,d,-3.493,0.5493,1,elev
GRID_13565,-84.751,174.936,50340.7,-568087.1,TAM,d,-3.421,0.4703,1,elev
GRID_13566,-84.789,175.001,49335.9,-564024.9,TAM,d,-3.71,0.2995,1,elev
GRID_13567,-84.854,175.04,48340.5,-557012.6,TAM,s,-3.12,0.4887,1,elev
GRID_13568,-84.929,176.841,30361.0,-550109.2,TAM,s,-1.246,0.1961,0,in range
GRID_13569,-84.938,176.732,31351.7,-549072.9,TAM,d,-3.085,0.5281,1,elev
GRID_13570,-84.94,175.478,43343.3,-548038.4,TAM,w,-3.356,0.9411,1,elev
GRID_13571,-84.939,175.374,44346.8,-548067.3,TAM,w,-2.897,0.6691,1,elev
GRID_13572,-84.95,175.678,41348.0,-547101.5,TAM,w,-3.186,0.7068,1,elev
GRID_13573,-84.945,174.95,48343.9,-547073.9,TAM,w,-3.371,0.769,0,in range
GRID_13574,-84.954,174.941,48343.5,-546090.9,TAM,w,-0.84,0.4661,0,in range
GRID_13575,-84.953,174.733,50335.6,-546020.2,TAM,w,-3.135,0.4453,0,in range
GRID_13576,-84.952,174.629,51336.8,-546036.2,TAM,w,-3.443,0.3775,0,in range
GRID_13577,-84.963,174.932,48342.7,-545108.0,TAM,w,-3.306,0.4974,1,elev
GRID_13578,-84.963,174.827,49341.6,-545018.5,TAM,w,-3.123,0.7263,1,elev
GRID_13579,-84.996,174.37,53335.0,-541034.9,TAM,d,-2.897,0.4479,1,elev
GRID_13580,-84.143,176.095,43346.3,-635009.4,TAM,g,-2.187,0.319,0,in range
GRID_13581,-84.195,175.605,48341.5,-628971.1,TAM,g,-3.185,0.1889,0,in range
GRID_13582,-84.252,175.929,44343.5,-623045.0,TAM,g,-3.36,0.7989,0,in range
GRID_13583,-84.278,175.725,46350.5,-620060.8,TAM,g,-3.115,0.7331,0,in range
GRID_13584,-84.277,175.542,48339.2,-620018.1,TAM,g,-2.631,0.8614,0,in range
GRID_13585,-84.292,175.159,52344.9,-618054.2,TAM,g,-3.031,0.7322,0,in range
GRID_13586,-84.302,175.243,51348.4,-617045.5,TAM,g,-2.835,0.4934,0,in range
GRID_13587,-84.344,175.955,43354.3,-613075.6,TAM,g,-2.737,0.5408,0,in range
GRID_13588,-84.347,175.112,52341.7,-612046.0,TAM,s,-3.248,1.0002,1,elev
GRID_13589,-84.356,175.011,53335.4,-610976.9,TAM,s,-3.225,1.0685,1,elev
GRID_13590,-84.366,175.189,51345.7,-610055.0,TAM,s,-0.626,0.7359,1,elev
GRID_13591,-84.375,175.181,51348.6,-609071.7,TAM,c,-1.862,1.1605,1,elev
GRID_13592,-84.385,175.173,51342.0,-607979.9,TAM,s,-0.152,0.7088,1,elev
GRID_13593,-83.739,172.712,86323.3,-674980.8,TAM,s,-4.603,0.4988,0,in range
GRID_13594,-83.758,172.775,85320.9,-673022.4,TAM,s,-4.247,0.2703,0,in range
GRID_13595,-83.768,172.848,84327.7,-672050.0,TAM,g,-4.978,0.2203,0,in range
GRID_13596,-83.778,172.837,84320.9,-670953.2,TAM,g,-5.307,0.2221,0,in range
GRID_13597,-85.159,173.083,63338.0,-522098.2,TAM,d,-1.586,0.2915,1,elev
GRID_13598,-85.168,173.07,63338.3,-521112.0,TAM,d,-0.958,0.8576,1,elev
GRID_13599,-85.385,172.513,65325.9,-497070.8,TAM,c,-0.536,0.3906,1,temp
GRID_13600,-85.384,172.4,66320.5,-497048.8,TAM,c,0.392,0.532,1,temp
GRID_13601,-85.382,172.286,67338.5,-497131.4,TAM,c,0.026,0.7406,1,temp
GRID_13602,-85.396,172.725,63334.7,-496122.5,TAM,c,-0.331,0.3268,1,temp
GRID_13603,-85.395,172.611,64335.7,-496103.3,TAM,c,-0.089,0.4353,1,temp
GRID_13604,-85.391,172.271,67337.0,-496143.9,TAM,c,-0.141,0.6436,1,temp
GRID_13605,-85.39,172.158,68330.2,-496117.9,TAM,c,-0.539,0.4762,1,temp
GRID_13606,-85.408,172.938,61329.5,-495059.3,TAM,c,-0.226,0.3987,1,temp
GRID_13607,-85.407,172.824,62328.0,-495044.2,TAM,c,0.139,0.4682,1,temp
GRID_13608,-85.405,172.71,63340.4,-495135.0,TAM,c,0.664,0.5128,1,temp
GRID_13609,-85.399,172.142,68334.9,-495129.2,TAM,c,-0.059,0.6381,1,temp
GRID_13610,-85.398,172.029,69326.4,-495101.1,TAM,c,-0.74,0.4332,1,temp
GRID_13611,-85.417,172.924,61329.9,-494073.0,TAM,c,0.068,0.5871,1,temp
GRID_13612,-85.416,172.81,62326.4,-494057.9,TAM,c,0.031,0.4364,1,temp
GRID_13613,-85.414,172.696,63337.0,-494148.7,TAM,c,0.459,0.5001,1,temp
GRID_13614,-85.407,172.013,69328.7,-494112.4,TAM,c,0.207,0.7872,1,temp
GRID_13615,-85.427,173.024,60335.4,-493099.8,TAM,c,-0.37,0.5865,1,temp
GRID_13616,-85.426,172.91,61329.8,-493086.7,TAM,d,-0.76,0.6586,1,temp
GRID_13617,-85.425,172.795,62333.0,-493070.5,TAM,c,0.62,0.4854,1,temp
GRID_13618,-85.436,173.01,60336.8,-492113.6,TAM,c,-0.727,0.4236,1,"elev, temp"
GRID_13619,-85.435,172.895,61337.8,-492099.4,TAM,c,-0.27,0.6611,1,temp
GRID_13620,-85.434,172.781,62330.5,-492084.3,TAM,c,0.163,0.5026,1,temp
GRID_13621,-85.446,173.111,59338.7,-491139.5,TAM,b,0.356,0.9993,1,"elev, temp, litho"
GRID_13622,-85.445,172.996,60337.7,-491127.3,TAM,c,-0.488,0.3925,1,"elev, temp"
GRID_13623,-85.444,172.881,61336.8,-491113.2,TAM,c,-0.235,0.6182,1,temp
GRID_13624,-85.456,173.097,59328.0,-490045.4,TAM,b,-0.134,0.9107,1,"elev, temp, litho"
GRID_13625,-85.454,172.982,60338.1,-490141.2,TAM,b,1.19,1.1735,1,"elev, temp, litho"
GRID_13626,-85.453,171.932,69325.0,-489060.8,TAM,b,0.218,0.8054,1,"elev, temp, litho"
GRID_13627,-85.451,171.818,70328.9,-489137.2,TAM,b,0.572,0.955,1,"elev, temp, litho"
GRID_13628,-85.463,172.031,68329.1,-488102.9,TAM,b,-0.587,0.9598,1,"elev, temp, litho"
GRID_13629,-85.462,171.916,69323.9,-488072.4,TAM,b,0.702,1.2728,1,"elev, temp, litho"
GRID_13630,-85.472,172.015,68329.4,-487114.5,TAM,b,0.637,1.3188,1,"elev, temp, litho"
GRID_13631,-85.48,171.883,69328.7,-486094.5,TAM,b,2.302,1.5735,1,"elev, temp, litho"
GRID_13632,-85.498,172.678,62328.0,-485068.2,TAM,b,0.213,0.81,1,"elev, temp, litho"
GRID_13633,-85.495,172.446,64334.5,-485135.2,TAM,b,1.069,1.1443,1,"elev, temp, litho"
GRID_13634,-85.49,171.982,68337.0,-485136.8,TAM,b,0.03,0.7915,1,"elev, temp, litho"
GRID_13635,-85.501,172.082,67325.3,-484070.5,TAM,b,1.43,0.9687,1,"elev, temp, litho"
GRID_13636,-85.523,172.399,64329.7,-482064.2,TAM,b,1.63,1.9505,1,"elev, temp, litho"
GRID_13637,-85.521,172.283,65334.7,-482148.5,TAM,b,0.542,1.3978,1,"elev, temp, litho"
GRID_13638,-83.94,172.556,85324.9,-653038.9,TAM,g,-3.919,0.6007,0,in range
GRID_13639,-83.951,172.631,84316.4,-651962.1,TAM,g,-4.917,0.5461,0,in range
GRID_13640,-83.949,172.545,85323.2,-652050.7,TAM,g,-4.223,0.6242,1,slope
GRID_13641,-83.958,172.533,85332.4,-651061.2,TAM,g,-4.011,0.5945,0,in range
GRID_13642,-84.005,172.564,84317.8,-646032.7,TAM,s,-4.836,0.6231,0,in range
GRID_13643,-84.014,172.552,84326.1,-645043.4,TAM,s,-4.912,0.5011,0,in range
GRID_13644,-85.02,174.023,56338.8,-538105.3,TAM,d,-1.596,0.3819,1,elev
GRID_13645,-85.029,174.012,56339.9,-537120.7,TAM,s,-1.862,0.4045,1,elev
GRID_13646,-85.052,173.449,61329.5,-534055.5,TAM,d,-2.273,0.4738,1,elev
GRID_13647,-85.046,172.92,66338.1,-534114.2,TAM,d,-0.654,0.4354,1,elev
GRID_13648,-85.044,172.709,68332.2,-534082.1,TAM,d,-1.454,0.3971,1,elev
GRID_13649,-85.043,172.604,69324.9,-534063.8,TAM,c,-0.486,0.4479,0,in range
GRID_13650,-85.042,172.498,70327.0,-534042.5,TAM,c,-0.44,0.5107,0,in range
GRID_13651,-85.053,172.696,68328.9,-533095.5,TAM,d,1.531,1.3652,1,"elev, aspect"
GRID_13652,-85.052,172.59,69329.1,-533076.0,TAM,s,-0.909,0.2223,1,elev
GRID_13653,-85.051,172.484,70329.4,-533054.7,TAM,s,-1.105,0.164,1,elev
GRID_13654,-85.05,172.379,71320.6,-533032.7,TAM,s,-0.446,0.429,0,in range
GRID_13655,-85.048,172.273,72335.9,-533115.5,TAM,c,-0.208,0.6079,0,in range
GRID_13656,-85.047,172.168,73327.6,-533089.8,TAM,c,-0.393,0.4798,0,in range
GRID_13657,-85.059,172.365,71320.8,-532044.9,TAM,d,-0.844,0.6261,1,elev
GRID_13658,-85.056,172.153,73333.5,-532100.7,TAM,c,0.072,0.52,0,in range
GRID_13659,-85.065,172.139,73329.6,-531112.9,TAM,c,0.123,0.5199,0,in range
GRID_13660,-85.064,172.033,74327.1,-531084.1,TAM,c,-0.037,0.4795,0,in range
GRID_13661,-85.076,172.23,72324.2,-530043.1,TAM,d,-1.329,0.4456,1,elev
GRID_13662,-85.074,172.124,73334.4,-530123.9,TAM,d,-0.959,0.3583,0,in range
GRID_13663,-85.073,172.018,74330.2,-530095.0,TAM,c,1.766,0.8222,0,in range
GRID_13664,-85.085,172.216,72321.1,-529055.4,TAM,d,-1.463,0.5659,1,elev
GRID_13665,-85.084,172.109,73323.9,-529027.1,TAM,d,-0.978,0.6151,0,in range
GRID_13666,-85.082,172.003,74332.8,-529106.0,TAM,c,1.433,1.4954,0,in range
GRID_13667,-85.094,172.201,72326.7,-528066.5,TAM,s,-1.604,0.2581,0,in range
GRID_13668,-85.093,172.095,73318.5,-528039.5,TAM,c,-0.854,0.7179,0,in range
GRID_13669,-85.109,172.72,67333.7,-527081.4,TAM,d,0.401,1.535,1,"elev, aspect"
GRID_13670,-85.112,172.172,72327.3,-526090.0,TAM,s,0.45,0.3795,0,in range
GRID_13671,-85.124,172.371,70326.4,-525044.3,TAM,d,1.071,0.6396,1,elev
GRID_13672,-84.576,173.049,71324.2,-585024.6,TAM,d,-1.706,0.1836,1,elev
GRID_13673,-84.578,172.458,77326.2,-584042.0,TAM,s,-2.576,0.2913,0,in range
GRID_13674,-84.577,172.362,78319.1,-584019.5,TAM,s,-2.611,0.3526,1,elev
GRID_13675,-84.597,172.529,76333.5,-582087.3,TAM,s,-2.649,0.359,0,in range
GRID_13676,-84.604,172.323,78324.1,-581054.1,TAM,s,-2.357,0.6939,1,elev
GRID_13677,-84.639,172.868,72320.7,-577993.5,TAM,s,-2.293,0.7065,1,elev
GRID_13678,-84.774,172.58,73328.1,-563055.8,TAM,d,-1.355,0.5235,0,in range
GRID_13679,-84.19,172.509,82312.0,-625981.9,TAM,s,-4.086,0.539,0,in range
GRID_13680,-84.219,173.389,72324.9,-624036.2,TAM,s,-3.979,0.4017,0,in range
GRID_13681,-84.304,174.406,60335.5,-616012.9,TAM,s,-3.089,1.1208,0,in range
GRID_13682,-84.303,174.314,61335.3,-616023.5,TAM,s,-3.076,1.1043,0,in range
GRID_13683,-84.318,174.019,64336.1,-614075.7,TAM,g,-2.512,0.688,0,in range
GRID_13684,-84.298,172.272,83319.7,-613986.1,TAM,s,-3.671,0.4445,0,in range
GRID_13685,-84.328,174.009,64329.6,-612981.9,TAM,g,-2.64,0.7153,0,in range
GRID_13686,-84.343,174.648,57337.1,-612035.6,TAM,g,-2.439,0.7133,0,in range
GRID_13687,-84.342,174.555,58340.8,-612050.0,TAM,g,-1.775,0.662,0,in range
GRID_13688,-84.338,174.092,63329.6,-611991.7,TAM,s,-3.388,0.9644,0,in range
GRID_13689,-84.336,173.907,65328.4,-612000.5,TAM,g,-2.537,0.8685,0,in range
GRID_13690,-84.354,174.825,55338.1,-611017.3,TAM,g,-2.915,0.8148,0,in range
GRID_13691,-84.353,174.732,56339.8,-611035.1,TAM,g,-2.771,0.7681,0,in range
GRID_13692,-84.352,174.639,57341.7,-611051.2,TAM,g,-2.553,0.7639,0,in range
GRID_13693,-84.351,174.546,58343.8,-611065.7,TAM,g,-2.596,0.5766,0,in range
GRID_13694,-84.344,173.804,66334.5,-611016.4,TAM,d,-3.767,0.324,0,in range
GRID_13695,-84.356,174.073,63330.2,-610021.9,TAM,s,-3.974,0.9765,0,in range
GRID_13696,-84.381,174.8,55338.4,-608066.4,TAM,g,-3.132,1.0312,1,elev
GRID_13697,-84.374,174.053,63340.1,-608051.0,TAM,s,-4.09,0.9562,0,in range
GRID_13699,-84.397,173.556,68331.1,-604991.1,TAM,d,-1.637,0.7216,1,elev
GRID_13700,-84.42,174.004,63337.1,-603017.3,TAM,s,-2.4,0.9609,0,in range
GRID_13701,-84.427,173.807,65327.9,-602038.5,TAM,s,-4.55,0.8429,0,in range
GRID_13702,-84.436,173.796,65337.6,-601052.1,TAM,s,-4.435,0.6489,0,in range
GRID_13703,-84.445,173.786,65336.5,-600066.9,TAM,s,-4.239,0.7988,0,in range
GRID_13704,-84.493,173.058,72324.0,-594002.5,TAM,s,-2.351,0.5076,0,in range
GRID_13705,-84.513,173.226,70325.3,-592050.5,TAM,s,-3.078,0.4,1,elev
GRID_13706,-84.512,173.13,71330.2,-592039.9,TAM,d,-2.842,0.4069,1,elev
GRID_13707,-84.513,172.451,78326.9,-591045.1,TAM,d,-2.305,0.2579,0,in range
GRID_13708,-84.531,173.203,70331.1,-590077.0,TAM,d,-2.457,0.3727,1,elev
GRID_13709,-84.542,172.509,77317.0,-587995.0,TAM,s,-2.524,0.4119,0,in range
GRID_13710,-84.551,172.496,77322.5,-587006.3,TAM,s,-2.604,0.3055,0,in range
GRID_13711,-84.56,172.484,77317.4,-586019.1,TAM,s,-2.196,0.4117,0,in range
GRID_13712,-84.568,172.375,78316.6,-585008.0,TAM,s,-2.569,0.2511,1,elev
GRID_13713,-84.723,172.955,70321.9,-569031.1,TAM,d,-1.541,0.3208,1,elev
GRID_13714,-84.754,174.226,57343.4,-567094.9,TAM,s,-3.04,0.5313,0,in range
GRID_13715,-84.775,174.507,54342.8,-565094.8,TAM,s,-4.132,0.5934,1,elev
GRID_13716,-84.774,174.407,55339.6,-565107.4,TAM,s,-3.39,0.6373,1,elev
GRID_13717,-84.773,174.206,57332.7,-565018.1,TAM,s,-3.621,0.4499,0,in range
GRID_13718,-84.785,174.497,54337.0,-564002.3,TAM,s,-3.89,0.7345,1,elev
GRID_13719,-84.851,173.706,61330.7,-556060.6,TAM,s,-3.917,0.6739,0,in range
GRID_13720,-84.86,173.694,61339.6,-555074.5,TAM,s,-2.632,0.3113,0,in range
GRID_13721,-84.913,172.585,71327.2,-548065.3,TAM,d,-1.452,0.4342,0,in range
GRID_13722,-84.911,172.38,73316.5,-548022.2,TAM,s,-1.846,0.5005,0,in range
GRID_13723,-84.93,173.293,64333.5,-547067.9,TAM,s,-3.76,0.7048,0,in range
GRID_13724,-84.926,172.88,68329.1,-547021.8,TAM,d,-1.999,0.7535,0,in range
GRID_13725,-84.924,172.777,69339.7,-547113.9,TAM,s,-1.396,0.2281,0,in range
GRID_13726,-84.921,172.469,72322.5,-547056.9,TAM,d,-1.543,0.3891,0,in range
GRID_13727,-84.918,172.263,74332.9,-547116.7,TAM,s,-0.993,0.3503,0,in range
GRID_13728,-84.94,173.384,63339.2,-546088.7,TAM,d,-4.116,0.6496,0,in range
GRID_13729,-84.939,173.281,64333.5,-546082.0,TAM,d,-3.406,0.5399,1,elev
GRID_13730,-84.938,173.178,65328.0,-546073.5,TAM,d,-3.609,0.6152,0,in range
GRID_13731,-84.937,173.074,66332.2,-546062.0,TAM,d,-1.466,0.5014,0,in range
GRID_13732,-84.936,172.971,67327.1,-546049.9,TAM,s,-1.594,0.3943,0,in range
GRID_13733,-84.93,172.455,72327.6,-546068.5,TAM,s,-2.152,0.5217,0,in range
GRID_13734,-84.948,173.269,64333.1,-545096.1,TAM,d,-3.902,0.6685,0,in range
GRID_13735,-84.945,172.958,67330.9,-545062.8,TAM,s,-1.101,0.2367,0,in range
GRID_13736,-84.943,172.751,69327.1,-545031.9,TAM,s,-1.618,0.5335,1,elev
GRID_13737,-84.939,172.441,72332.3,-545080.2,TAM,s,-1.872,0.6086,0,in range
GRID_13738,-84.967,174.296,54347.2,-544104.8,TAM,c,-3.931,0.739,0,in range
GRID_13739,-84.963,173.776,59330.3,-544021.8,TAM,c,-2.674,0.7716,0,in range
GRID_13740,-84.962,173.672,60329.6,-544021.3,TAM,c,-4.404,0.7152,0,in range
GRID_13741,-84.961,173.568,61329.2,-544019.0,TAM,c,-4.219,0.9426,0,in range
GRID_13742,-84.958,173.36,63341.5,-544117.0,TAM,d,-3.885,0.6153,0,in range
GRID_13743,-84.957,173.256,64341.8,-544109.2,TAM,d,-3.601,0.368,1,elev
GRID_13744,-84.954,172.945,67334.3,-544075.8,TAM,d,-1.715,0.4705,1,elev
GRID_13745,-84.953,172.842,68325.8,-544061.8,TAM,s,-1.223,0.2497,0,in range
GRID_13746,-84.947,172.324,73328.9,-544068.8,TAM,s,-1.172,0.306,1,elev
GRID_13747,-84.977,174.286,54333.9,-543012.9,TAM,d,-3.801,0.718,0,in range
GRID_13748,-84.976,174.182,55330.5,-543021.6,TAM,c,-3.948,0.3571,0,in range
GRID_13749,-84.973,173.869,58331.0,-543035.7,TAM,c,-4.093,0.5022,0,in range
GRID_13750,-84.971,173.66,60335.4,-543035.6,TAM,c,-4.496,0.7963,0,in range
GRID_13751,-84.97,173.556,61333.2,-543033.3,TAM,s,-3.895,0.7209,0,in range
GRID_13752,-84.969,173.452,62331.2,-543029.1,TAM,s,-4.459,0.6769,0,in range
GRID_13753,-84.962,172.829,68327.1,-543074.9,TAM,d,-1.46,0.4116,1,elev
GRID_13754,-84.986,174.276,54331.0,-542029.1,TAM,d,-3.42,0.4752,0,in range
GRID_13755,-84.981,173.753,59335.6,-542051.3,TAM,d,-4.209,0.5726,0,in range
GRID_13756,-84.98,173.649,60331.4,-542050.9,TAM,d,-3.733,0.4412,1,elev
GRID_13757,-84.978,173.44,62333.1,-542043.3,TAM,d,-3.625,0.4049,1,elev
GRID_13758,-84.993,174.056,56333.0,-541059.1,TAM,d,-3.883,0.595,0,in range
GRID_13759,-84.992,173.951,57335.9,-541063.1,TAM,d,-3.595,0.6269,0,in range
GRID_13760,-84.996,172.567,70331.2,-539089.0,TAM,d,-0.88,0.2548,1,elev
GRID_13761,-85.012,172.33,72328.2,-537068.4,TAM,s,1.132,1.3815,0,in range
GRID_13762,-83.787,172.827,84315.7,-669966.0,TAM,g,-5.699,0.2881,0,in range
GRID_13763,-83.796,172.816,84321.7,-668977.4,TAM,g,-4.156,0.5567,0,in range
GRID_13764,-83.806,172.89,83322.8,-668005.0,TAM,g,-5.043,0.1973,0,in range
GRID_13765,-83.815,172.879,83329.6,-667016.5,TAM,g,-6.147,0.5885,0,in range
GRID_13766,-83.813,172.711,85312.6,-666985.3,TAM,g,-6.247,0.3575,0,in range
GRID_13767,-83.845,173.018,81314.0,-663973.9,TAM,g,-3.809,1.1231,1,aspect
GRID_13768,-83.855,173.092,80325.4,-662997.2,TAM,g,-5.613,0.2316,0,in range
GRID_13769,-83.854,173.007,81322.2,-662985.4,TAM,g,-5.19,0.1638,1,slope
GRID_13770,-83.882,173.061,80328.9,-660035.0,TAM,g,-6.078,0.659,0,in range
GRID_13771,-83.911,173.899,70331.4,-657999.2,TAM,g,-5.561,0.3949,0,in range
GRID_13772,-83.907,173.555,74329.6,-657997.9,TAM,g,-4.876,0.4807,0,in range
GRID_13773,-83.922,174.062,68335.3,-657005.3,TAM,g,-6.164,0.3924,0,in range
GRID_13774,-83.92,173.89,70330.5,-657013.7,TAM,g,-5.014,0.3919,0,in range
GRID_13775,-83.919,173.804,71328.3,-657015.7,TAM,g,-6.695,0.5106,0,in range
GRID_13776,-83.917,173.632,73324.5,-657015.0,TAM,g,-5.303,0.1376,1,slope
GRID_13777,-83.916,173.546,74322.8,-657012.4,TAM,g,-4.809,0.414,1,slope
GRID_13778,-83.926,173.622,73330.3,-656028.3,TAM,g,-5.725,0.798,0,in range
GRID_13779,-83.925,173.536,74327.2,-656025.6,TAM,g,-4.674,0.6278,0,in range
GRID_13780,-83.935,173.612,73335.8,-655041.5,TAM,g,-4.591,0.5618,0,in range
GRID_13781,-83.933,173.44,75326.7,-655034.8,TAM,g,-2.736,0.6599,0,in range
GRID_13782,-83.923,172.665,84318.8,-655036.0,TAM,g,-4.078,0.9687,0,in range
GRID_13783,-83.922,172.579,85315.9,-655016.7,TAM,g,-3.876,0.5337,0,in range
GRID_13784,-83.944,173.603,73329.5,-654056.1,TAM,g,-4.003,0.4685,0,in range
GRID_13785,-83.932,172.653,84330.6,-654046.3,TAM,g,-5.689,1.0175,0,in range
GRID_13786,-83.958,173.94,69320.3,-652960.2,TAM,g,-4.922,0.6499,0,in range
GRID_13787,-83.954,173.593,73322.1,-652961.2,TAM,g,-3.955,0.6319,0,in range
GRID_13788,-84.02,174.585,61328.4,-646978.5,TAM,n,-4.273,0.6745,1,litho
GRID_13789,-84.047,173.67,71328.1,-642994.8,TAM,s,-4.67,0.4913,0,in range
GRID_13790,-84.068,173.915,68335.6,-641020.4,TAM,s,-4.526,0.3939,0,in range
GRID_13791,-84.077,173.906,68332.2,-640035.3,TAM,s,-5.381,0.9538,0,in range
GRID_13792,-84.083,173.631,71330.9,-639050.7,TAM,s,-4.729,0.5028,0,in range
GRID_13793,-84.082,173.542,72335.8,-639047.3,TAM,s,-5.841,0.4329,0,in range
GRID_13794,-84.171,174.988,55340.0,-631016.8,TAM,n,-2.828,0.8248,1,litho
GRID_13795,-84.282,174.983,54338.3,-618974.8,TAM,g,-2.784,0.7325,0,in range
GRID_13796,-85.65,174.249,47349.8,-470149.1,TAM,b,1.384,1.6461,1,"elev, litho"
GRID_13797,-85.649,174.129,48345.5,-470157.1,TAM,b,0.107,0.7517,1,"elev, litho"
GRID_13798,-85.648,174.008,49349.7,-470162.1,TAM,b,1.241,1.4206,1,litho
GRID_13799,-85.682,176.29,30350.4,-468065.0,TAM,b,1.24,0.8683,1,"elev, litho"
GRID_13800,-85.817,174.273,45340.9,-452101.7,TAM,c,0.298,1.2562,1,coast
GRID_13801,-85.854,174.349,44345.1,-448158.3,TAM,b,0.808,1.3296,1,"elev, coast, litho"
GRID_13802,-85.863,174.336,44350.2,-447174.5,TAM,b,1.739,1.4169,1,"elev, coast, litho"
GRID_13803,-85.885,174.821,40347.5,-445151.9,TAM,b,1.007,1.2209,1,"elev, coast, litho"
GRID_13804,-85.923,174.903,39343.3,-441094.2,TAM,b,1.804,1.2628,1,"elev, coast, litho"
GRID_13805,-85.93,174.633,41350.3,-440146.3,TAM,b,1.696,1.2163,1,"elev, coast, litho"
GRID_13925,-84.868,169.426,102319.4,-548114.6,TAM,c,-0.839,0.2203,0,in range
GRID_13926,-84.867,169.325,103305.6,-548040.3,TAM,c,-0.29,0.4119,0,in range
GRID_13927,-84.887,170.015,96321.1,-547101.6,TAM,d,-1.832,0.5322,0,in range
GRID_13928,-84.886,169.914,97304.4,-547038.0,TAM,c,-1.569,0.6973,0,in range
GRID_13929,-84.884,169.812,98316.6,-547078.1,TAM,d,-1.343,0.3683,0,in range
GRID_13930,-84.882,169.711,99319.7,-547118.0,TAM,s,-2.183,0.5419,0,in range
GRID_13931,-84.881,169.61,100303.6,-547049.1,TAM,d,-0.906,0.4083,1,elev
GRID_13932,-84.879,169.509,101307.4,-547085.4,TAM,s,-1.487,0.5327,0,in range
GRID_13933,-84.895,169.896,97304.5,-546043.4,TAM,d,-0.948,0.2777,1,slope
GRID_13934,-84.893,169.794,98315.0,-546083.5,TAM,d,-1.485,0.559,1,elev
GRID_13935,-84.888,169.49,101310.2,-546089.0,TAM,s,-0.348,0.4033,1,elev
GRID_13936,-84.887,169.389,102292.7,-546016.5,TAM,s,-1.217,0.2725,0,in range
GRID_13937,-84.912,170.387,92312.8,-545033.7,TAM,c,0.22,0.8967,0,in range
GRID_13938,-84.91,170.285,93319.6,-545082.9,TAM,c,-1.015,0.4668,0,in range
GRID_13939,-84.909,170.183,94308.4,-545023.2,TAM,c,-1.499,0.734,0,in range
GRID_13940,-84.904,169.878,97303.9,-545048.9,TAM,d,-2.207,0.4335,0,in range
GRID_13941,-84.902,169.776,98312.7,-545089.0,TAM,s,-0.929,0.667,0,in range
GRID_13942,-84.899,169.573,100302.4,-545058.2,TAM,c,-0.358,0.3238,1,elev
GRID_13943,-84.897,169.471,101312.4,-545092.7,TAM,d,-1.079,0.4041,1,elev
GRID_13944,-84.918,170.166,94302.9,-544030.4,TAM,d,-2.301,0.3947,0,in range
GRID_13945,-84.916,170.064,95308.8,-544076.0,TAM,d,-1.238,0.3657,0,in range
GRID_13946,-84.905,169.35,102302.4,-544022.2,TAM,d,-1.036,0.2255,1,elev
GRID_13947,-84.903,169.249,103301.9,-544054.8,TAM,d,-1.506,0.3509,0,in range
GRID_13948,-84.925,170.046,95310.4,-543081.6,TAM,c,-0.314,0.7304,0,in range
GRID_13949,-84.92,169.739,98315.9,-543098.4,TAM,d,-1.824,0.275,0,in range
GRID_13950,-84.923,169.312,102300.0,-542029.9,TAM,d,-1.434,0.2347,1,elev
GRID_13951,-84.921,169.21,103305.5,-542060.6,TAM,s,-0.763,0.541,0,in range
GRID_13952,-84.919,169.108,104311.5,-542089.5,TAM,s,0.224,0.3844,0,in range
GRID_13953,-84.946,170.215,93319.9,-541108.9,TAM,d,-1.449,0.327,0,in range
GRID_13954,-84.942,169.907,96303.5,-541027.9,TAM,c,-0.55,0.2828,0,in range
GRID_13955,-84.94,169.804,97314.5,-541068.0,TAM,d,-1.271,0.3656,0,in range
GRID_13956,-84.93,169.191,103301.7,-541064.6,TAM,d,-1.584,0.3877,0,in range
GRID_13957,-84.928,169.089,104305.9,-541093.5,TAM,s,-0.45,0.3774,0,in range
GRID_13958,-84.964,170.179,93325.8,-539120.6,TAM,c,-0.684,0.4518,0,in range
GRID_13959,-84.96,169.87,96308.5,-539037.8,TAM,c,-0.344,0.3683,0,in range
GRID_13960,-84.95,169.254,102301.0,-539040.1,TAM,d,-1.02,0.4933,1,"elev, slope"
GRID_13961,-84.948,169.152,103301.4,-539070.8,TAM,d,-1.02,0.4466,0,in range
GRID_13962,-84.96,169.337,101318.7,-538118.6,TAM,d,-0.971,0.2437,1,elev
GRID_13963,-84.969,169.318,101315.7,-537122.8,TAM,s,-1.166,0.4925,0,in range
GRID_13964,-84.968,169.215,102301.4,-537046.7,TAM,s,-0.534,0.4539,0,in range
GRID_13965,-84.98,169.402,100308.0,-536094.5,TAM,d,0.624,0.5542,1,elev
GRID_13966,-84.979,169.298,101301.1,-536018.5,TAM,s,-1.138,0.265,0,in range
GRID_13967,-84.977,169.195,102305.3,-536049.2,TAM,c,-0.208,0.3075,0,in range
GRID_13968,-84.989,169.382,100314.7,-535097.1,TAM,d,-1.234,0.3568,1,elev
GRID_13969,-84.988,169.279,101296.7,-535022.8,TAM,s,0.524,0.379,0,in range
GRID_13970,-84.986,169.176,102299.2,-535053.6,TAM,s,-0.348,0.3534,0,in range
GRID_13971,-85.0,169.466,99311.3,-534067.1,TAM,d,-1.034,0.4353,1,elev
GRID_13972,-84.997,169.259,101301.0,-534025.5,TAM,s,-1.079,0.2809,0,in range
GRID_13973,-85.007,169.343,100316.8,-533104.3,TAM,s,-1.055,0.163,0,in range
GRID_13974,-85.023,169.74,96310.5,-532073.8,TAM,d,-1.279,0.5159,1,elev
GRID_13975,-85.018,169.428,99306.3,-532076.2,TAM,s,-1.196,0.2014,0,in range
GRID_13976,-85.016,169.324,100312.2,-532108.9,TAM,s,-1.197,0.3006,0,in range
GRID_13977,-85.032,169.721,96312.3,-531078.5,TAM,d,-0.9,0.2465,1,"elev, slope"
GRID_13978,-85.029,169.512,98308.3,-531044.6,TAM,d,-1.208,0.5185,1,elev
GRID_13979,-85.027,169.408,99312.0,-531079.1,TAM,s,-1.383,0.4287,0,in range
GRID_13980,-85.039,169.598,97314.6,-530121.6,TAM,d,-0.871,0.8052,1,elev
GRID_13981,-85.038,169.493,98305.8,-530049.3,TAM,d,-1.273,0.633,1,elev
GRID_13982,-85.036,169.389,99307.8,-530083.8,TAM,d,-1.338,0.7729,0,in range
GRID_13983,-85.034,169.284,100319.5,-530114.7,TAM,c,0.014,0.602,0,in range
GRID_13984,-85.047,169.474,98302.7,-529054.1,TAM,d,-1.175,0.5742,1,elev
GRID_13985,-85.045,169.369,99312.2,-529086.9,TAM,d,-1.118,0.5851,0,in range
GRID_13986,-85.061,169.769,95307.0,-528054.4,TAM,d,-1.764,0.4459,1,elev
GRID_13987,-85.057,169.559,97320.6,-528129.5,TAM,d,-1.188,0.4083,1,elev
GRID_13988,-85.056,169.454,98308.2,-528057.2,TAM,d,-0.617,0.8785,1,slope
GRID_13989,-85.054,169.35,99306.7,-528091.7,TAM,d,-1.386,0.7548,0,in range
GRID_13990,-85.07,169.75,95307.9,-527059.4,TAM,d,-1.328,0.3706,1,elev
GRID_13991,-85.068,169.645,96312.7,-527097.9,TAM,d,-0.059,0.5178,1,elev
GRID_13992,-85.067,169.54,97298.2,-527027.5,TAM,d,-1.135,0.4503,0,in range
GRID_13993,-85.065,169.435,98303.8,-527062.1,TAM,d,-0.076,0.3885,0,in range
GRID_13994,-85.063,169.33,99309.8,-527094.9,TAM,d,-1.205,0.6647,0,in range
GRID_13995,-85.076,169.52,97304.1,-526030.7,TAM,d,-1.207,0.7102,0,in range
GRID_13996,-85.074,169.415,98307.9,-526065.4,TAM,d,-0.495,0.584,0,in range
GRID_13997,-85.086,169.606,96318.2,-525106.2,TAM,d,-0.932,0.6426,1,elev
GRID_13998,-85.085,169.501,97300.2,-525035.8,TAM,d,-1.154,0.597,0,in range
GRID_13999,-85.083,169.395,98311.4,-525068.8,TAM,c,0.256,0.4479,0,in range
GRID_14000,-85.097,169.693,95306.6,-524074.6,TAM,d,-0.36,0.9339,0,in range
GRID_14001,-85.095,169.587,96315.4,-524111.4,TAM,d,-1.097,0.4892,0,in range
GRID_14002,-85.094,169.481,97304.7,-524039.2,TAM,d,-0.452,0.5115,0,in range
GRID_14003,-85.108,169.779,94307.6,-523039.5,TAM,s,-0.829,0.5195,0,in range
GRID_14004,-85.106,169.673,95314.1,-523078.2,TAM,c,-0.716,0.5279,0,in range
GRID_14005,-85.104,169.567,96321.0,-523114.9,TAM,c,0.528,0.323,0,in range
GRID_14006,-85.103,169.462,97299.4,-523044.4,TAM,c,0.465,0.3344,0,in range
GRID_14007,-85.117,169.76,94307.0,-522044.8,TAM,c,0.316,0.7339,0,in range
GRID_14008,-85.115,169.654,95311.7,-522083.4,TAM,c,1.025,0.9913,0,in range
GRID_14009,-85.126,169.741,94305.7,-521050.1,TAM,c,0.245,0.9715,0,in range
GRID_14010,-84.36,167.821,129294.0,-599071.4,TAM,d,-1.969,0.4805,1,elev
GRID_14011,-84.371,167.892,128300.4,-598060.5,TAM,d,-2.579,0.3253,1,elev
GRID_14012,-84.369,167.801,129296.1,-598068.8,TAM,s,-2.036,0.5425,1,elev
GRID_14013,-84.382,167.964,127299.1,-597050.3,TAM,s,-2.663,0.2887,1,elev
GRID_14014,-84.378,167.781,129297.5,-597066.2,TAM,s,-2.25,0.689,1,elev
GRID_14015,-84.391,167.945,127292.5,-596050.1,TAM,s,-1.684,1.0227,1,elev
GRID_14016,-84.383,167.578,131295.1,-596072.9,TAM,s,-2.023,0.9213,1,elev
GRID_14017,-84.456,168.384,121297.4,-590078.1,TAM,c,-0.583,0.8361,0,in range
GRID_14018,-84.454,168.29,122309.5,-590091.5,TAM,c,-0.149,0.945,0,in range
GRID_14019,-84.453,168.197,123289.4,-589998.7,TAM,c,-0.707,0.885,0,in range
GRID_14020,-84.443,167.733,128294.5,-590044.5,TAM,w,-2.098,0.3405,0,in range
GRID_14021,-84.462,168.178,123284.4,-588999.0,TAM,c,-0.568,0.8413,0,in range
GRID_14022,-84.46,168.085,124285.2,-589011.1,TAM,c,0.899,1.2809,0,in range
GRID_14023,-84.469,168.065,124288.2,-588009.4,TAM,c,0.129,0.1739,0,in range
GRID_14024,-84.47,167.673,128285.0,-587038.9,TAM,c,-0.824,0.3388,0,in range
GRID_14025,-84.483,167.839,126285.6,-586025.0,TAM,c,-0.084,0.6281,0,in range
GRID_14026,-84.475,167.466,130286.9,-586040.4,TAM,c,-1.416,0.432,0,in range
GRID_14027,-84.375,169.031,116304.0,-600065.3,TAM,c,-1.393,0.8523,0,in range
GRID_14028,-84.388,169.197,114299.7,-599009.8,TAM,w,-1.616,0.5399,0,in range
GRID_14029,-84.386,169.105,115302.6,-599039.3,TAM,w,-2.481,0.3641,0,in range
GRID_14030,-84.384,169.013,116305.8,-599067.1,TAM,c,-1.849,0.8684,0,in range
GRID_14031,-84.383,168.921,117288.5,-598986.4,TAM,c,-1.549,0.7414,0,in range
GRID_14032,-84.395,169.088,115294.9,-598043.2,TAM,w,-2.467,0.2725,0,in range
GRID_14033,-84.393,168.995,116307.0,-598068.9,TAM,w,-2.435,0.6038,0,in range
GRID_14034,-84.392,168.903,117288.1,-597988.2,TAM,w,-1.478,0.7428,0,in range
GRID_14035,-84.375,168.076,126289.2,-598043.5,TAM,d,-2.395,0.3642,0,in range
GRID_14036,-84.393,168.037,126290.1,-596040.7,TAM,d,-2.966,0.3679,0,in range
GRID_14037,-84.42,168.941,116306.9,-595074.9,TAM,c,-1.221,0.802,0,in range
GRID_14038,-84.402,168.017,126294.8,-595038.4,TAM,d,-3.006,0.3576,1,slope
GRID_14039,-84.394,167.649,130300.2,-595065.5,TAM,s,-3.1,0.4481,0,in range
GRID_14040,-84.429,168.923,116305.6,-594077.0,TAM,c,-1.117,0.5959,0,in range
GRID_14041,-84.428,168.83,117290.8,-593994.2,TAM,c,-1.914,0.5299,0,in range
GRID_14042,-84.411,167.998,126288.4,-594038.3,TAM,c,-2.256,0.598,0,in range
GRID_14043,-84.403,167.629,130298.1,-594063.2,TAM,s,-2.784,0.343,1,elev
GRID_14044,-84.44,168.998,115299.4,-593053.5,TAM,c,-1.615,0.6252,0,in range
GRID_14045,-84.438,168.905,116303.8,-593079.2,TAM,c,0.534,1.4328,0,in range
GRID_14046,-84.437,168.812,117287.4,-592996.4,TAM,c,-1.293,0.6364,0,in range
GRID_14047,-84.435,168.719,118292.3,-593018.7,TAM,c,-2.217,0.6908,0,in range
GRID_14048,-84.426,168.255,123290.3,-593000.3,TAM,c,-0.968,0.5872,0,in range
GRID_14049,-84.424,168.163,124286.9,-593014.7,TAM,c,-2.273,0.7604,0,in range
GRID_14050,-84.422,168.07,125294.3,-593025.1,TAM,c,-2.586,0.6988,0,in range
GRID_14051,-84.414,167.701,129296.4,-593056.6,TAM,s,-2.262,0.3692,0,in range
GRID_14052,-84.447,168.887,116301.3,-592081.4,TAM,c,-1.104,0.7997,0,in range
GRID_14053,-84.446,168.793,117293.6,-591996.6,TAM,c,-0.851,0.5426,0,in range
GRID_14054,-84.444,168.7,118297.0,-592018.9,TAM,c,-1.278,0.5639,0,in range
GRID_14055,-84.442,168.607,119300.8,-592039.5,TAM,c,-1.19,0.6862,0,in range
GRID_14056,-84.435,168.236,123287.2,-592000.4,TAM,c,0.017,1.2343,0,in range
GRID_14057,-84.433,168.144,124282.3,-592014.7,TAM,c,-0.089,1.1066,0,in range
GRID_14058,-84.431,168.051,125288.2,-592025.2,TAM,c,-2.518,0.7183,0,in range
GRID_14059,-84.425,167.774,128287.2,-592050.8,TAM,s,-2.466,0.4599,0,in range
GRID_14060,-84.455,168.775,117288.9,-590998.9,TAM,c,0.323,1.3121,0,in range
GRID_14061,-84.453,168.682,118290.8,-591021.2,TAM,c,-0.867,0.9776,0,in range
GRID_14062,-84.451,168.589,119293.0,-591041.8,TAM,c,-0.809,0.9206,0,in range
GRID_14063,-84.449,168.496,120295.6,-591060.7,TAM,c,-1.039,0.7019,0,in range
GRID_14064,-84.447,168.403,121298.6,-591077.9,TAM,c,-0.433,0.6705,0,in range
GRID_14065,-84.445,168.31,122302.0,-591093.4,TAM,c,-0.927,1.0325,0,in range
GRID_14066,-84.444,168.217,123283.5,-591000.6,TAM,c,-0.589,1.0231,0,in range
GRID_14067,-83.461,170.01,123300.0,-699983.2,TAM,g,-3.357,0.7429,0,in range
GRID_14068,-83.468,169.917,124302.5,-699031.3,TAM,g,-4.164,0.4575,0,in range
GRID_14069,-83.51,169.686,126300.6,-694023.0,TAM,g,-3.304,0.8587,1,slope
GRID_14070,-83.519,169.671,126306.5,-693025.4,TAM,g,-3.624,0.72,0,in range
GRID_14071,-83.527,169.577,127285.6,-691960.2,TAM,g,-3.052,1.1576,0,in range
GRID_14072,-83.387,169.152,135285.2,-705976.3,TAM,g,-3.391,0.7214,0,in range
GRID_14073,-83.407,169.2,134285.5,-703949.0,TAM,g,-3.994,0.5588,0,in range
GRID_14074,-83.464,170.659,115310.3,-701012.4,TAM,s,-3.001,0.7909,0,in range
GRID_14075,-83.486,171.364,106316.3,-700008.7,TAM,g,-3.002,0.529,0,in range
GRID_14076,-83.485,171.284,107310.1,-699967.2,TAM,c,-3.782,0.8673,0,in range
GRID_14077,-83.483,171.205,108308.4,-700033.9,TAM,c,-2.952,0.8424,0,in range
GRID_14078,-83.473,170.646,115310.0,-700018.8,TAM,s,-3.858,0.8035,0,in range
GRID_14079,-83.497,171.432,105306.9,-698949.4,TAM,g,-2.864,0.6772,0,in range
GRID_14080,-83.495,171.352,106315.5,-699017.1,TAM,c,-3.827,0.5503,0,in range
GRID_14081,-83.494,171.272,107307.9,-698975.6,TAM,g,-4.355,0.6589,0,in range
GRID_14082,-83.484,170.713,114298.0,-698970.6,TAM,s,-4.311,0.515,0,in range
GRID_14083,-83.506,171.42,105307.0,-697957.9,TAM,g,-4.506,0.5769,0,in range
GRID_14084,-83.504,171.34,106314.2,-698025.6,TAM,c,-3.533,0.6935,0,in range
GRID_14085,-83.502,171.18,108296.5,-697941.2,TAM,c,-3.924,0.7852,0,in range
GRID_14086,-83.494,170.78,113306.0,-698028.4,TAM,s,-4.506,0.7607,0,in range
GRID_14087,-83.493,170.7,114298.1,-697977.0,TAM,s,-3.908,0.7318,0,in range
GRID_14088,-83.491,170.62,115308.1,-698031.7,TAM,g,-4.52,0.4242,0,in range
GRID_14089,-83.515,171.408,105306.7,-696966.4,TAM,g,-4.791,0.5323,0,in range
GRID_14090,-83.512,171.248,107302.3,-696992.6,TAM,c,-4.142,0.7734,0,in range
GRID_14091,-83.502,170.687,114297.8,-696983.6,TAM,s,-3.351,0.5112,0,in range
GRID_14092,-83.523,171.316,106294.1,-695934.9,TAM,g,-4.235,0.5001,1,slope
GRID_14093,-83.518,171.075,109304.9,-696019.7,TAM,g,-4.186,0.4253,0,in range
GRID_14094,-83.513,170.754,113290.2,-695934.0,TAM,s,-4.385,0.6234,0,in range
GRID_14095,-83.511,170.674,114297.1,-695990.2,TAM,g,-2.869,1.2561,0,in range
GRID_14096,-83.5,170.114,121299.8,-696020.3,TAM,g,-3.841,0.5359,0,in range
GRID_14097,-83.523,170.821,112302.5,-694990.6,TAM,g,-4.36,0.6238,0,in range
GRID_14098,-83.522,170.741,113290.3,-694940.7,TAM,g,-3.529,0.8284,0,in range
GRID_14099,-83.531,170.728,113290.0,-693947.4,TAM,g,-3.953,0.5456,1,slope
GRID_14100,-83.541,170.795,112304.2,-693004.1,TAM,g,-4.025,0.7068,0,in range
GRID_14101,-83.54,170.714,113301.4,-692952.1,TAM,g,-4.003,0.5083,0,in range
GRID_14102,-83.552,170.862,111303.5,-691951.9,TAM,g,-4.135,0.5311,0,in range
GRID_14103,-83.538,170.138,120299.2,-691992.7,TAM,g,-4.115,0.4423,0,in range
GRID_14104,-83.562,170.93,110310.5,-691007.8,TAM,g,-3.979,0.5618,0,in range
GRID_14105,-83.561,170.849,111304.6,-690958.7,TAM,g,-3.537,0.8243,0,in range
GRID_14106,-83.562,170.432,116312.3,-690022.9,TAM,g,-4.146,0.3101,0,in range
GRID_14107,-83.556,170.11,120300.6,-690002.2,TAM,g,-4.674,0.321,0,in range
GRID_14108,-83.58,170.904,110314.0,-689021.6,TAM,g,-4.137,0.4674,0,in range
GRID_14109,-83.573,170.5,115295.5,-688978.7,TAM,g,-4.324,0.4977,0,in range
GRID_14110,-83.564,170.015,121293.4,-688943.6,TAM,g,-3.433,0.8798,0,in range
GRID_14111,-83.583,170.567,114311.2,-688038.5,TAM,g,-3.324,0.8174,0,in range
GRID_14112,-83.582,170.486,115301.8,-687983.6,TAM,g,-3.353,0.9512,0,in range
GRID_14113,-83.597,170.797,111304.4,-686986.5,TAM,g,-4.415,0.5179,1,slope
GRID_14114,-83.595,170.716,112310.7,-687043.4,TAM,g,-4.23,0.7689,0,in range
GRID_14115,-83.592,170.554,114306.4,-687045.5,TAM,g,-3.386,0.8225,0,in range
GRID_14116,-83.591,170.473,115295.6,-686990.6,TAM,g,-3.0,0.7234,0,in range
GRID_14117,-83.612,170.608,113303.3,-685003.6,TAM,g,-3.087,1.0235,0,in range
GRID_14118,-83.628,169.494,126281.8,-680957.7,TAM,g,-3.672,0.6681,0,in range
GRID_14119,-83.666,168.667,135283.8,-675005.9,TAM,w,-2.554,1.1384,1,elev
GRID_14120,-83.769,172.25,91322.5,-671025.4,TAM,s,-6.139,0.3393,0,in range
GRID_14121,-83.768,172.166,92321.1,-670998.6,TAM,s,-6.705,0.5867,0,in range
GRID_14122,-83.763,171.832,96308.4,-670988.1,TAM,s,-5.656,0.5641,0,in range
GRID_14123,-85.368,167.921,105298.5,-492053.2,TAM,c,-0.148,1.0053,1,"temp, coast"
GRID_14124,-85.366,167.81,106297.4,-492060.9,TAM,c,1.167,0.8264,1,"temp, coast"
GRID_14125,-85.364,167.699,107296.9,-492066.6,TAM,c,-0.523,0.7934,1,"temp, coast"
GRID_14126,-85.36,167.477,109297.0,-492071.9,TAM,c,0.741,0.7961,1,"temp, coast"
GRID_14127,-85.378,168.009,104316.6,-491150.5,TAM,c,0.88,0.504,1,"temp, coast"
GRID_14128,-85.377,167.898,105290.8,-491053.9,TAM,c,0.71,0.8543,1,"temp, coast"
GRID_14129,-85.375,167.786,106296.5,-491059.7,TAM,c,0.376,0.7357,1,"temp, coast"
GRID_14130,-85.373,167.675,107294.0,-491065.4,TAM,c,-0.301,0.8766,1,"temp, coast"
GRID_14131,-85.389,168.097,103315.4,-490139.6,TAM,c,1.084,0.6173,1,"temp, coast"
GRID_14132,-85.387,167.985,104318.6,-490149.4,TAM,c,0.701,0.8232,1,"temp, coast"
GRID_14133,-85.386,167.874,105290.8,-490052.8,TAM,c,0.374,0.9955,1,"temp, coast"
GRID_14134,-85.384,167.762,106294.7,-490058.6,TAM,c,0.888,0.7494,1,"temp, coast"
GRID_14135,-85.382,167.651,107290.4,-490064.2,TAM,c,-0.449,0.8977,1,"temp, coast"
GRID_14136,-85.38,167.539,108295.1,-490065.9,TAM,c,0.909,0.5808,1,"temp, coast"
GRID_14137,-85.4,168.186,102309.0,-489128.5,TAM,c,0.135,0.855,1,"temp, coast"
GRID_14138,-85.398,168.074,103309.9,-489140.4,TAM,c,0.584,1.0075,1,"temp, coast"
GRID_14139,-85.396,167.962,104311.2,-489150.3,TAM,c,0.136,0.8728,1,"temp, coast"
GRID_14140,-85.395,167.85,105290.1,-489051.7,TAM,c,1.016,0.8115,1,"temp, coast"
GRID_14141,-85.393,167.738,106292.1,-489057.5,TAM,c,0.425,1.0336,1,"temp, coast"
GRID_14142,-85.391,167.626,107294.5,-489061.3,TAM,c,0.197,0.7249,1,"temp, coast"
GRID_14143,-85.409,168.162,102313.1,-488127.6,TAM,c,-0.117,0.5705,1,"temp, coast"
GRID_14144,-85.407,168.05,103312.1,-488139.5,TAM,c,0.045,1.0855,1,"temp, coast"
GRID_14145,-85.405,167.938,104311.6,-488149.3,TAM,c,0.948,0.8743,1,"temp, coast"
GRID_14146,-85.402,167.713,106297.1,-488054.7,TAM,c,-0.178,0.6653,1,"temp, coast"
GRID_14147,-85.4,167.602,107289.2,-488060.3,TAM,c,0.163,0.8048,1,"temp, coast"
GRID_14148,-85.418,168.139,102307.9,-487128.6,TAM,c,-0.253,0.7968,1,"temp, coast"
GRID_14149,-85.416,168.026,103313.5,-487138.7,TAM,d,0.688,1.1514,1,"temp, coast"
GRID_14150,-85.413,167.801,105294.6,-487048.1,TAM,d,0.084,1.2108,1,"temp, coast"
GRID_14151,-85.411,167.689,106292.9,-487053.9,TAM,c,1.756,0.9081,1,"temp, coast"
GRID_14152,-85.427,168.115,102310.3,-486128.0,TAM,d,2.548,1.0038,1,"temp, coast"
GRID_14153,-85.425,168.002,103314.1,-486138.0,TAM,d,0.787,0.9323,1,"temp, coast"
GRID_14154,-85.42,167.665,106287.8,-486053.1,TAM,s,-1.395,0.6183,1,"temp, coast"
GRID_14155,-85.434,167.978,103313.8,-485137.4,TAM,d,0.44,1.1331,1,"temp, coast"
GRID_14156,-85.429,167.64,106290.3,-485050.6,TAM,d,-0.174,0.9675,1,"temp, coast"
GRID_14157,-85.449,168.294,100305.7,-484102.4,TAM,d,0.04,1.3111,1,"temp, coast"
GRID_14158,-85.437,167.615,106315.4,-484154.4,TAM,d,0.823,0.8093,1,"temp, coast"
GRID_14159,-84.922,170.472,91324.0,-544097.1,TAM,c,-1.367,0.331,0,in range
GRID_14160,-84.921,170.37,92310.7,-544040.9,TAM,c,-1.304,0.5852,0,in range
GRID_14161,-84.919,170.268,93315.8,-544090.2,TAM,c,-1.322,0.6581,0,in range
GRID_14162,-84.931,170.455,91323.1,-543104.4,TAM,c,0.746,0.7368,0,in range
GRID_14163,-84.93,170.353,92308.0,-543048.2,TAM,c,-1.455,0.3899,0,in range
GRID_14164,-84.928,170.25,93320.9,-543095.8,TAM,d,-1.35,0.1389,0,in range
GRID_14165,-84.942,170.541,90311.1,-542060.4,TAM,c,-0.52,0.6254,0,in range
GRID_14166,-84.94,170.438,91321.5,-542111.7,TAM,c,-1.349,0.4979,0,in range
GRID_14167,-84.951,170.524,90310.7,-541067.8,TAM,c,-0.987,0.4469,0,in range
GRID_14168,-84.949,170.421,91319.5,-541119.1,TAM,d,-1.796,0.2783,0,in range
GRID_14169,-84.977,170.368,91310.3,-538031.2,TAM,d,-0.324,0.5768,0,in range
GRID_14170,-84.975,170.265,92314.1,-538080.6,TAM,c,-0.126,0.4891,0,in range
GRID_14171,-84.974,170.162,93299.9,-538021.0,TAM,c,-0.989,0.5099,0,in range
GRID_14172,-84.97,169.955,95318.9,-538108.9,TAM,c,0.287,0.4665,0,in range
GRID_14173,-84.984,170.247,92317.3,-537086.6,TAM,d,-1.059,0.473,0,in range
GRID_14174,-84.978,169.833,96310.9,-537048.1,TAM,d,-0.223,0.3329,1,elev
GRID_14175,-84.997,169.9,95320.3,-535125.3,TAM,c,-0.71,0.2641,0,in range
GRID_14176,-84.996,169.796,96310.8,-535058.5,TAM,d,-2.155,0.436,1,elev
GRID_14177,-85.007,169.881,95306.7,-534022.8,TAM,d,-1.94,0.5248,1,elev
GRID_14178,-85.014,169.759,96308.1,-533069.2,TAM,d,-1.424,0.4667,1,elev
GRID_14179,-85.042,170.349,90303.2,-531029.8,TAM,c,-0.507,0.4414,0,in range
GRID_14180,-85.052,170.436,89316.1,-530093.6,TAM,d,-2.088,0.5822,0,in range
GRID_14181,-85.051,170.331,90305.6,-530036.2,TAM,d,-1.169,0.3617,0,in range
GRID_14182,-85.049,170.226,91313.7,-530084.3,TAM,c,0.042,0.6603,0,in range
GRID_14183,-85.063,170.523,88314.0,-529048.3,TAM,d,-1.093,0.3939,0,in range
GRID_14184,-85.061,170.418,89319.6,-529100.1,TAM,d,0.031,1.4533,1,elev
GRID_14185,-85.06,170.313,90307.4,-529042.8,TAM,c,-1.08,0.5185,0,in range
GRID_14186,-85.072,170.506,88309.5,-528056.4,TAM,d,-2.043,0.55,1,elev
GRID_14187,-85.07,170.4,89322.6,-528106.7,TAM,c,-0.563,0.8625,0,in range
GRID_14188,-85.069,170.295,90308.6,-528049.3,TAM,c,0.233,0.4583,0,in range
GRID_14189,-85.081,170.488,88313.6,-527063.1,TAM,d,-0.968,0.8061,0,in range
GRID_14190,-85.079,170.382,89324.9,-527113.3,TAM,c,0.081,0.5997,0,in range
GRID_14191,-85.078,170.277,90309.1,-527056.0,TAM,c,0.057,0.7463,0,in range
GRID_14192,-85.071,169.855,94322.7,-527126.1,TAM,d,-2.33,0.5109,0,in range
GRID_14193,-85.091,170.576,87325.9,-526125.0,TAM,c,-1.755,0.4447,0,in range
GRID_14194,-85.09,170.47,88317.1,-526069.8,TAM,c,0.193,0.7031,0,in range
GRID_14195,-85.088,170.364,89326.6,-526120.0,TAM,c,0.251,0.5015,0,in range
GRID_14196,-85.101,170.559,87303.5,-525026.0,TAM,c,-0.137,0.7701,0,in range
GRID_14197,-85.099,170.452,88320.0,-525076.6,TAM,c,0.246,0.6264,0,in range
GRID_14198,-85.097,170.346,89327.7,-525126.8,TAM,c,-0.518,0.5785,0,in range
GRID_14199,-85.096,170.241,90308.3,-525069.4,TAM,c,-0.043,0.6792,0,in range
GRID_14200,-85.11,170.541,87307.6,-524032.8,TAM,c,-0.651,0.4995,0,in range
GRID_14201,-85.108,170.435,88313.1,-524085.0,TAM,c,-0.248,0.6102,0,in range
GRID_14202,-85.107,170.328,89309.9,-524026.4,TAM,c,1.582,0.8505,0,in range
GRID_14203,-85.105,170.222,90316.2,-524074.6,TAM,c,-0.848,0.6575,0,in range
GRID_14204,-85.102,170.01,92311.3,-524058.2,TAM,c,-1.298,0.4026,0,in range
GRID_14205,-85.13,171.377,79326.2,-523100.0,TAM,d,-1.845,0.5739,0,in range
GRID_14206,-85.12,170.63,86316.4,-523094.6,TAM,d,-1.366,0.5138,0,in range
GRID_14207,-85.119,170.523,87311.0,-523039.7,TAM,c,-0.553,0.6211,0,in range
GRID_14208,-85.117,170.417,88314.7,-523091.8,TAM,c,-0.625,0.4178,0,in range
GRID_14209,-85.114,170.204,90314.3,-523081.5,TAM,c,-0.666,0.532,0,in range
GRID_14210,-85.112,170.098,91319.2,-523127.8,TAM,c,-0.453,0.4813,0,in range
GRID_14211,-85.111,169.991,92314.9,-523063.5,TAM,c,-1.739,0.2042,0,in range
GRID_14212,-85.109,169.885,93320.7,-523106.0,TAM,c,-0.71,0.7983,0,in range
GRID_14213,-85.142,171.575,77326.8,-522079.7,TAM,c,-1.26,0.2778,0,in range
GRID_14214,-85.141,171.468,78317.8,-522042.0,TAM,d,-1.735,0.4111,1,elev
GRID_14215,-85.139,171.361,79325.3,-522109.9,TAM,d,-1.152,0.6701,1,elev
GRID_14216,-85.129,170.612,86321.0,-522101.5,TAM,c,-0.183,0.6984,0,in range
GRID_14217,-85.128,170.505,87313.8,-522046.7,TAM,c,-0.775,0.4648,0,in range
GRID_14218,-85.126,170.399,88315.8,-522098.8,TAM,c,-0.115,0.5823,0,in range
GRID_14219,-85.125,170.292,89309.0,-522040.2,TAM,d,0.477,0.5502,0,in range
GRID_14220,-85.123,170.186,90311.7,-522088.4,TAM,c,0.123,0.5608,0,in range
GRID_14221,-85.121,170.079,91324.0,-522133.2,TAM,c,-0.691,0.5942,0,in range
GRID_14222,-85.12,169.973,92308.8,-522070.4,TAM,c,0.232,0.6017,0,in range
GRID_14223,-85.118,169.866,93321.9,-522111.3,TAM,c,-0.436,0.59,0,in range
GRID_14224,-85.151,171.559,77328.9,-521089.7,TAM,d,-2.073,0.5148,1,elev
GRID_14225,-85.15,171.452,78318.1,-521052.0,TAM,c,-0.989,0.4868,0,in range
GRID_14226,-85.144,171.023,82319.0,-521095.6,TAM,d,-1.693,0.3,1,slope
GRID_14227,-85.138,170.594,86325.0,-521108.6,TAM,c,-1.235,0.3643,0,in range
GRID_14228,-85.137,170.487,87316.0,-521053.7,TAM,c,-1.378,0.4937,0,in range
GRID_14229,-85.135,170.381,88316.2,-521105.8,TAM,d,-1.517,0.4367,1,elev
GRID_14230,-85.134,170.274,89307.6,-521047.2,TAM,d,-0.477,0.4218,1,elev
GRID_14231,-85.132,170.167,90317.6,-521093.8,TAM,d,-1.527,0.4776,0,in range
GRID_14232,-85.131,170.06,91309.4,-521031.4,TAM,c,-0.533,0.4902,0,in range
GRID_14233,-85.129,169.954,92311.1,-521075.8,TAM,c,-0.448,0.4307,0,in range
GRID_14234,-85.127,169.847,93322.4,-521116.6,TAM,c,-0.304,0.5446,0,in range
GRID_14235,-85.162,171.651,76318.3,-520029.4,TAM,d,-2.173,0.4439,1,elev
GRID_14236,-85.16,171.543,77330.4,-520099.8,TAM,d,-1.045,0.3917,0,in range
GRID_14237,-85.149,170.684,85312.7,-520062.8,TAM,c,-1.317,0.4703,0,in range
GRID_14238,-85.147,170.577,86319.4,-520117.2,TAM,c,-0.157,0.5637,0,in range
GRID_14239,-85.144,170.362,88325.1,-520111.3,TAM,d,-1.818,0.4222,1,elev
GRID_14240,-85.141,170.149,90313.9,-520100.9,TAM,d,-0.751,0.6238,1,elev
GRID_14241,-85.14,170.042,91303.8,-520038.4,TAM,c,-0.742,0.5021,0,in range
GRID_14242,-85.138,169.935,92312.8,-520081.2,TAM,c,-0.75,0.6724,0,in range
GRID_14243,-85.136,169.828,93322.3,-520122.1,TAM,c,-0.101,0.5354,0,in range
GRID_14244,-85.172,171.743,75327.0,-519074.8,TAM,d,-1.049,0.4854,1,elev
GRID_14245,-85.171,171.635,76321.1,-519039.5,TAM,d,-1.255,0.3146,0,in range
GRID_14246,-85.161,170.881,83317.2,-519064.2,TAM,d,-0.843,0.5492,0,in range
GRID_14247,-85.159,170.774,84321.3,-519122.5,TAM,c,-0.828,0.4034,0,in range
GRID_14248,-85.158,170.666,85317.3,-519069.9,TAM,c,-0.446,0.5232,0,in range
GRID_14249,-85.156,170.559,86322.2,-519124.3,TAM,c,-0.718,0.6938,0,in range
GRID_14250,-85.15,170.13,90318.5,-519106.4,TAM,d,-0.939,0.5555,1,elev
GRID_14251,-85.149,170.023,91306.6,-519044.0,TAM,c,-0.497,0.3635,0,in range
GRID_14252,-85.147,169.916,92313.9,-519086.7,TAM,d,0.574,0.4909,0,in range
GRID_14253,-85.17,170.864,83315.7,-518072.9,TAM,c,-2.049,0.1612,0,in range
GRID_14254,-85.168,170.756,84327.1,-518129.7,TAM,d,-1.523,0.4437,1,elev
GRID_14255,-85.167,170.648,85321.3,-518077.1,TAM,c,-0.367,0.5698,0,in range
GRID_14256,-85.165,170.541,86324.4,-518131.5,TAM,c,-0.605,0.4771,0,in range
GRID_14257,-85.164,170.433,87319.0,-518075.1,TAM,d,-1.844,0.4318,0,in range
GRID_14258,-85.162,170.326,88322.9,-518125.6,TAM,d,-1.152,0.8233,1,elev
GRID_14259,-85.161,170.219,89308.8,-518066.9,TAM,d,0.573,1.4868,1,elev
GRID_14260,-85.159,170.111,90322.5,-518112.0,TAM,c,-1.162,0.5764,1,elev
GRID_14261,-85.158,170.004,91308.8,-518049.5,TAM,c,-0.87,0.6833,0,in range
GRID_14262,-85.156,169.897,92314.3,-518092.3,TAM,c,-0.984,0.4531,0,in range
GRID_14263,-85.179,170.846,83322.8,-517080.2,TAM,d,-1.829,0.3175,0,in range
GRID_14264,-85.178,170.739,84305.8,-517031.1,TAM,c,-1.176,0.6017,1,elev
GRID_14265,-85.175,170.523,86308.0,-517031.5,TAM,d,-0.806,0.3596,1,elev
GRID_14266,-85.173,170.415,87318.7,-517082.4,TAM,c,-0.791,0.3801,0,in range
GRID_14267,-85.171,170.308,88320.8,-517132.8,TAM,c,0.075,0.651,0,in range
GRID_14268,-85.17,170.2,89313.9,-517072.6,TAM,d,0.234,0.4437,0,in range
GRID_14269,-85.168,170.093,90316.9,-517119.2,TAM,c,0.837,1.048,0,in range
GRID_14270,-85.167,169.985,91310.4,-517055.2,TAM,d,-0.978,0.5093,0,in range
GRID_14271,-85.165,169.878,92314.0,-517097.9,TAM,c,-1.105,0.3762,0,in range
GRID_14272,-85.182,170.397,87317.8,-516089.7,TAM,c,-0.461,0.4573,1,elev
GRID_14273,-85.179,170.181,89318.5,-516078.4,TAM,c,0.881,0.966,0,in range
GRID_14274,-85.177,170.074,90319.6,-516124.9,TAM,c,-0.502,0.5953,0,in range
GRID_14275,-85.176,169.966,91311.2,-516060.9,TAM,d,-1.259,0.4262,0,in range
GRID_14276,-85.186,170.055,90321.7,-515130.7,TAM,c,-0.068,0.5962,0,in range
GRID_14277,-85.185,169.947,91311.5,-515066.7,TAM,d,-1.407,0.6037,0,in range
GRID_14278,-85.195,170.036,90323.1,-514136.6,TAM,d,-0.105,0.367,1,elev
GRID_14279,-85.194,169.928,91311.1,-514072.5,TAM,c,-0.927,0.4141,0,in range
GRID_14280,-85.205,170.017,90305.0,-513035.3,TAM,d,-1.009,0.7114,0,in range
GRID_14281,-85.217,170.215,88309.7,-512058.1,TAM,d,-1.037,0.7353,1,elev
GRID_14282,-85.215,170.106,89321.1,-512103.5,TAM,d,-1.047,0.5322,0,in range
GRID_14283,-85.229,170.414,86313.4,-511074.7,TAM,c,0.0,0.643,1,elev
GRID_14284,-85.226,170.196,88312.8,-511064.1,TAM,c,-0.23,0.7152,0,in range
GRID_14285,-85.224,170.087,89322.4,-511109.5,TAM,s,-1.192,0.3502,0,in range
GRID_14286,-85.238,170.395,86319.5,-510080.9,TAM,c,0.99,1.0331,0,in range
GRID_14287,-85.236,170.286,87326.4,-510130.1,TAM,c,-0.801,0.5391,0,in range
GRID_14288,-85.235,170.177,88315.3,-510070.3,TAM,c,0.638,0.4331,0,in range
GRID_14289,-85.283,167.913,107303.0,-501078.3,TAM,d,-1.205,0.467,1,temp
GRID_14290,-85.281,167.804,108302.0,-501085.8,TAM,d,0.546,0.9206,1,temp
GRID_14291,-85.279,167.695,109301.4,-501091.4,TAM,s,-0.314,0.5118,1,temp
GRID_14292,-85.294,167.999,106302.0,-500068.5,TAM,c,0.511,0.5385,1,temp
GRID_14293,-85.292,167.89,107298.7,-500078.1,TAM,d,-0.148,0.6576,1,temp
GRID_14294,-85.29,167.781,108295.9,-500085.6,TAM,d,0.413,0.4454,1,temp
GRID_14295,-85.288,167.671,109302.3,-500089.3,TAM,s,0.904,0.5067,1,temp
GRID_14296,-85.303,167.976,106298.8,-499068.4,TAM,d,0.471,0.7509,1,temp
GRID_14297,-85.301,167.866,107302.4,-499076.1,TAM,d,0.364,1.4086,1,temp
GRID_14298,-85.323,168.039,105299.1,-497057.0,TAM,d,-0.12,0.6895,1,temp
GRID_14299,-84.1,168.822,124295.4,-629005.3,TAM,w,-1.972,0.4049,0,in range
GRID_14300,-84.109,168.805,124291.8,-628007.2,TAM,w,-1.932,0.507,0,in range
GRID_14301,-84.137,169.757,113298.4,-626985.8,TAM,w,-0.976,0.7482,0,in range
GRID_14302,-84.149,169.919,111296.5,-626017.4,TAM,w,-3.241,0.3128,0,in range
GRID_14303,-84.123,168.594,126302.3,-626051.2,TAM,w,-2.644,0.3327,0,in range
GRID_14304,-84.156,169.814,112308.8,-625062.4,TAM,w,-1.409,0.7232,0,in range
GRID_14305,-84.165,169.798,112309.8,-624066.7,TAM,w,-1.113,0.8859,0,in range
GRID_14306,-84.175,169.321,117299.6,-622040.2,TAM,w,-1.438,0.7777,0,in range
GRID_14307,-84.173,169.232,118306.4,-622071.2,TAM,w,-2.358,0.39,0,in range
GRID_14308,-84.172,169.143,119293.0,-621993.6,TAM,w,-1.554,0.6568,0,in range
GRID_14309,-84.17,169.054,120300.4,-622021.3,TAM,w,-2.378,0.3386,0,in range
GRID_14310,-84.168,168.966,121297.3,-622049.5,TAM,w,-2.245,0.3756,0,in range
GRID_14311,-84.188,169.482,115292.9,-620975.9,TAM,w,-0.857,1.3123,0,in range
GRID_14312,-84.186,169.393,116297.4,-621010.1,TAM,w,-1.458,0.5658,0,in range
GRID_14313,-84.197,169.466,115287.2,-619980.5,TAM,w,-2.088,0.559,0,in range
GRID_14314,-84.195,169.376,116301.0,-620012.6,TAM,w,-2.216,0.1941,0,in range
GRID_14315,-84.206,169.449,115291.7,-618983.0,TAM,c,-1.272,0.6391,0,in range
GRID_14316,-84.204,169.36,116293.3,-619017.2,TAM,w,-2.244,0.3563,0,in range
GRID_14317,-84.218,169.611,113305.5,-618021.6,TAM,w,-0.982,1.1596,0,in range
GRID_14318,-84.213,169.343,116295.7,-618019.8,TAM,w,-0.479,1.3658,0,in range
GRID_14319,-84.212,168.789,122287.1,-616973.2,TAM,w,-1.476,0.7713,0,in range
GRID_14320,-84.21,168.7,123288.0,-616996.0,TAM,w,-2.126,0.6783,0,in range
GRID_14321,-84.25,169.832,110305.9,-615025.3,TAM,c,-1.324,0.6023,0,in range
GRID_14322,-84.247,169.652,112296.2,-614997.0,TAM,g,-1.208,1.2099,0,in range
GRID_14323,-84.245,169.562,113301.5,-615033.9,TAM,g,-1.495,0.96,0,in range
GRID_14324,-84.259,169.816,110304.5,-614030.2,TAM,c,-1.369,0.5711,0,in range
GRID_14325,-84.237,168.646,123290.8,-613997.8,TAM,w,-2.081,0.3867,0,in range
GRID_14326,-84.268,169.8,110302.4,-613035.1,TAM,w,-1.588,0.9208,0,in range
GRID_14327,-84.266,169.709,111314.8,-613073.4,TAM,c,-1.754,0.5796,0,in range
GRID_14328,-84.265,169.619,112297.3,-613004.8,TAM,g,-1.883,0.6093,0,in range
GRID_14329,-84.263,169.529,113299.7,-613041.8,TAM,g,-1.797,0.9955,0,in range
GRID_14330,-84.261,169.438,114313.1,-613075.1,TAM,g,-1.134,0.5958,0,in range
GRID_14331,-84.26,169.348,115296.1,-613001.7,TAM,g,-1.206,0.6929,0,in range
GRID_14332,-84.277,169.784,110299.9,-612040.1,TAM,w,-1.984,0.572,0,in range
GRID_14333,-84.275,169.693,111310.7,-612078.4,TAM,c,-0.884,0.9767,0,in range
GRID_14334,-84.274,169.602,112302.4,-612007.9,TAM,g,-2.65,0.4534,0,in range
GRID_14335,-84.272,169.512,113303.2,-612044.8,TAM,g,-1.494,0.4972,0,in range
GRID_14336,-84.269,169.331,115296.6,-612004.7,TAM,g,-1.748,0.6483,0,in range
GRID_14337,-84.267,169.241,116298.4,-612036.7,TAM,g,-1.282,0.406,0,in range
GRID_14338,-84.286,169.767,110307.4,-611043.3,TAM,c,-1.05,0.8394,0,in range
GRID_14339,-84.284,169.676,111316.8,-611081.5,TAM,c,-1.648,0.6573,0,in range
GRID_14340,-84.283,169.586,112296.2,-611012.9,TAM,c,-2.938,0.4608,0,in range
GRID_14341,-84.281,169.495,113306.2,-611047.9,TAM,g,-2.608,0.3585,0,in range
GRID_14342,-84.276,169.224,116296.8,-611039.8,TAM,g,-1.601,0.555,0,in range
GRID_14343,-84.295,169.751,110303.7,-610048.4,TAM,c,-0.942,0.7217,0,in range
GRID_14344,-84.294,169.66,111292.0,-609979.5,TAM,c,-0.991,0.9349,0,in range
GRID_14345,-84.292,169.569,112300.1,-610016.1,TAM,c,-2.916,0.5724,0,in range
GRID_14346,-84.29,169.478,113308.6,-610051.0,TAM,w,-2.942,0.2549,0,in range
GRID_14347,-84.285,169.206,116305.3,-610040.9,TAM,g,-1.137,0.4125,0,in range
GRID_14348,-84.254,167.675,133283.1,-610012.4,TAM,d,-3.104,0.4398,0,in range
GRID_14349,-84.304,169.734,110310.1,-609051.6,TAM,c,-0.921,0.8992,0,in range
GRID_14350,-84.303,169.643,111296.9,-608982.7,TAM,c,-0.671,1.1009,0,in range
GRID_14351,-84.301,169.552,112303.4,-609019.3,TAM,c,-2.573,0.5005,0,in range
GRID_14352,-84.312,169.627,111290.5,-607988.0,TAM,c,-0.951,0.8812,0,in range
GRID_14353,-84.31,169.536,112295.6,-608024.5,TAM,c,-2.268,0.7155,0,in range
GRID_14354,-84.308,169.445,113301.0,-608059.4,TAM,c,-2.625,0.4588,0,in range
GRID_14355,-84.283,168.176,127297.2,-608064.7,TAM,s,-2.733,0.4339,0,in range
GRID_14356,-84.321,169.61,111294.3,-606991.3,TAM,c,-1.399,0.7192,0,in range
GRID_14357,-84.319,169.519,112297.8,-607027.9,TAM,c,-1.6,0.7015,0,in range
GRID_14358,-84.317,169.428,113301.7,-607062.8,TAM,c,-2.97,0.4504,0,in range
GRID_14359,-84.316,169.336,114296.4,-606987.0,TAM,c,-2.183,0.4279,0,in range
GRID_14360,-84.33,169.593,111297.4,-605994.8,TAM,c,-1.083,0.8938,0,in range
GRID_14361,-84.328,169.502,112299.4,-606031.3,TAM,c,-1.282,0.5582,0,in range
GRID_14362,-84.326,169.411,113301.8,-606066.2,TAM,w,-3.143,0.2674,0,in range
GRID_14363,-84.325,169.319,114295.0,-605990.4,TAM,c,-2.072,0.4689,0,in range
GRID_14364,-84.301,168.138,127297.7,-606062.6,TAM,s,-3.106,0.465,0,in range
GRID_14365,-84.339,169.576,111299.9,-604998.2,TAM,c,-0.988,0.5115,0,in range
GRID_14366,-84.337,169.485,112300.4,-605034.7,TAM,c,-1.569,0.8503,0,in range
GRID_14367,-84.335,169.393,113311.8,-605067.6,TAM,w,-3.056,0.1127,0,in range
GRID_14368,-84.334,169.302,114292.9,-604993.8,TAM,c,-1.847,0.5481,0,in range
GRID_14369,-84.346,169.468,112300.9,-604038.3,TAM,c,-0.86,0.9758,0,in range
GRID_14370,-84.344,169.376,113310.8,-604071.1,TAM,w,-3.21,0.1552,0,in range
GRID_14371,-84.343,169.285,114290.3,-603997.3,TAM,c,-0.559,0.7906,0,in range
GRID_14372,-84.355,169.451,112300.7,-603041.8,TAM,c,-1.161,0.5693,0,in range
GRID_14373,-84.353,169.359,113309.1,-603074.7,TAM,w,-3.118,0.1355,0,in range
GRID_14374,-84.352,169.267,114297.6,-602998.9,TAM,c,-2.523,0.4818,0,in range
GRID_14375,-84.35,169.176,115296.0,-603030.4,TAM,c,-1.42,0.4884,0,in range
GRID_14376,-84.362,169.342,113306.8,-602078.3,TAM,c,-2.938,0.373,0,in range
GRID_14377,-84.361,169.25,114293.8,-602002.5,TAM,c,-2.155,0.5478,0,in range
GRID_14378,-84.359,169.158,115301.2,-602032.1,TAM,c,-1.814,0.5087,0,in range
GRID_14379,-84.357,169.067,116298.5,-602061.9,TAM,c,-1.101,0.6345,0,in range
GRID_14380,-84.337,168.062,127290.9,-602059.3,TAM,s,-2.367,0.679,0,in range
GRID_14381,-84.371,169.325,113304.0,-601082.0,TAM,w,-2.165,0.5197,0,in range
GRID_14382,-84.37,169.233,114289.4,-601006.2,TAM,w,-3.148,0.3009,0,in range
GRID_14383,-84.368,169.141,115295.3,-601035.7,TAM,c,-1.41,0.6067,0,in range
GRID_14384,-84.366,169.049,116301.6,-601063.6,TAM,c,-1.701,0.6512,0,in range
GRID_14385,-84.365,168.957,117287.4,-600982.9,TAM,c,-1.557,0.6353,0,in range
GRID_14386,-84.342,167.86,129298.2,-601074.8,TAM,d,-3.072,0.352,0,in range
GRID_14387,-84.379,169.215,114294.9,-600008.0,TAM,w,-3.16,0.2827,0,in range
GRID_14388,-84.377,169.123,115299.2,-600037.5,TAM,c,-1.25,0.6076,0,in range
GRID_14389,-85.313,167.489,110301.2,-497085.1,TAM,c,-0.036,0.97,1,"temp, coast"
GRID_14390,-85.394,172.498,65328.2,-496083.3,TAM,c,-0.22,0.6387,1,temp
GRID_14391,-85.393,172.384,66329.6,-496060.1,TAM,c,0.004,0.7286,1,temp
GRID_14392,-85.324,167.575,109297.6,-496081.7,TAM,c,0.792,0.3979,1,"temp, coast"
GRID_14393,-85.404,172.597,64330.8,-495117.0,TAM,c,-0.848,0.6592,1,temp
GRID_14394,-85.403,172.483,65330.0,-495095.8,TAM,b,-0.191,0.7939,1,"elev, temp, litho"
GRID_14395,-85.402,172.369,66329.4,-495072.6,TAM,b,0.341,1.0272,1,"elev, temp, litho"
GRID_14396,-85.401,172.256,67320.4,-495048.6,TAM,c,-0.336,0.5843,1,"elev, temp"
GRID_14397,-85.335,167.661,108297.2,-495076.5,TAM,c,0.027,1.1139,1,"temp, coast"
GRID_14398,-85.333,167.551,109294.4,-495080.1,TAM,c,1.072,0.9455,1,"temp, coast"
GRID_14399,-85.413,172.582,64334.1,-494129.5,TAM,c,-1.569,0.3966,1,temp
GRID_14400,-85.41,172.24,67326.4,-494060.0,TAM,b,0.596,1.0485,1,"elev, temp, litho"
GRID_14401,-85.408,172.126,68339.1,-494140.5,TAM,c,1.609,0.6146,1,"elev, temp"
GRID_14402,-85.403,171.672,72331.2,-494121.5,TAM,c,-0.336,0.6616,1,temp
GRID_14403,-85.402,171.559,73321.5,-494085.5,TAM,c,0.54,0.6604,1,temp
GRID_14404,-85.401,171.445,74320.6,-494046.2,TAM,c,0.234,0.4586,1,temp
GRID_14405,-85.398,171.219,76318.6,-494071.6,TAM,c,0.345,0.5835,1,temp
GRID_14406,-85.346,167.747,107300.1,-494069.4,TAM,c,-0.275,0.8676,1,"temp, coast"
GRID_14407,-85.344,167.637,108295.0,-494074.9,TAM,d,0.351,1.123,1,"temp, coast"
GRID_14408,-85.342,167.526,109298.9,-494076.6,TAM,c,1.176,0.7076,1,"temp, coast"
GRID_14409,-85.424,172.681,63327.8,-493053.4,TAM,c,-0.297,0.684,1,temp
GRID_14410,-85.422,172.567,64336.8,-493142.1,TAM,b,-0.109,0.9615,1,"elev, temp, litho"
GRID_14411,-85.419,172.225,67323.4,-493072.5,TAM,c,-0.429,0.6913,1,"elev, temp"
GRID_14412,-85.418,172.111,68319.2,-493045.3,TAM,c,-0.259,0.9737,1,temp
GRID_14413,-85.412,171.655,72335.7,-493131.6,TAM,c,0.568,0.5401,1,temp
GRID_14414,-85.411,171.542,73324.1,-493095.6,TAM,c,2.109,0.793,1,temp
GRID_14415,-85.41,171.428,74321.3,-493056.2,TAM,c,0.325,0.3599,1,temp
GRID_14416,-85.408,171.315,75326.4,-493123.7,TAM,c,0.789,0.9591,1,temp
GRID_14417,-85.407,171.201,76324.1,-493080.3,TAM,c,-0.299,0.8816,1,temp
GRID_14418,-85.359,167.945,105296.8,-493054.5,TAM,c,0.48,0.6164,1,"temp, coast"
GRID_14419,-85.357,167.834,106297.6,-493062.3,TAM,c,0.256,0.9149,1,"temp, coast"
GRID_14420,-85.355,167.723,107298.9,-493067.9,TAM,c,0.518,1.037,1,"temp, coast"
GRID_14421,-85.353,167.613,108292.0,-493073.5,TAM,c,0.984,0.8343,1,"temp, coast"
GRID_14422,-85.351,167.502,109294.1,-493075.1,TAM,c,1.058,0.7273,1,"temp, coast"
GRID_14423,-85.433,172.666,63331.9,-492066.0,TAM,c,-1.029,0.3413,1,"elev, temp"
GRID_14424,-85.432,172.552,64324.9,-492046.9,TAM,b,0.452,1.1217,1,"elev, temp, litho"
GRID_14425,-85.43,172.438,65332.5,-492133.5,TAM,c,0.838,1.5649,1,"elev, temp"
GRID_14426,-85.429,172.323,66334.6,-492109.2,TAM,c,-0.593,0.5962,1,temp
GRID_14427,-85.423,171.753,71320.5,-492070.7,TAM,c,-0.529,0.5871,1,temp
GRID_14428,-85.421,171.639,72331.1,-492143.0,TAM,c,-0.111,0.7412,1,temp
GRID_14429,-85.42,171.525,73326.2,-492105.7,TAM,c,0.29,0.7744,1,temp
GRID_14430,-85.419,171.411,74321.4,-492066.3,TAM,c,0.157,0.7217,1,temp
GRID_14431,-85.417,171.297,75333.2,-492132.5,TAM,c,-0.088,0.3709,1,temp
GRID_14432,-85.416,171.184,76320.3,-492090.4,TAM,c,0.245,0.4446,1,temp
GRID_14433,-85.443,172.766,62336.1,-491096.9,TAM,c,-0.857,0.4532,1,temp
GRID_14434,-85.442,172.652,63327.0,-491079.8,TAM,b,0.063,1.0327,1,"elev, temp, litho"
GRID_14435,-85.441,172.537,64326.6,-491059.5,TAM,c,1.358,0.711,1,"elev, temp"
GRID_14436,-85.433,171.85,70333.2,-491114.2,TAM,c,-0.559,0.5796,1,temp
GRID_14437,-85.432,171.736,71325.9,-491080.9,TAM,c,0.45,1.1124,1,temp
GRID_14438,-85.429,171.508,73327.7,-491115.9,TAM,c,1.313,0.5884,1,temp
GRID_14439,-85.428,171.394,74320.9,-491076.5,TAM,c,-0.148,0.5122,1,temp
GRID_14440,-85.426,171.28,75330.9,-491142.7,TAM,c,-0.168,0.7068,1,temp
GRID_14441,-85.425,171.166,76324.6,-491099.3,TAM,d,-0.456,0.7606,1,temp
GRID_14442,-85.369,167.453,109290.4,-491070.6,TAM,c,1.997,1.6085,1,"temp, coast"
GRID_14443,-85.452,172.752,62332.6,-490110.8,TAM,b,0.729,1.1394,1,"elev, temp, litho"
GRID_14444,-85.449,172.407,65325.7,-490049.9,TAM,c,-0.363,0.5183,1,"elev, temp"
GRID_14445,-85.442,171.834,70331.3,-490125.7,TAM,c,-0.161,0.5867,1,temp
GRID_14446,-85.441,171.72,71322.0,-490092.4,TAM,c,-0.255,0.5731,1,"elev, temp"
GRID_14447,-85.44,171.605,72321.5,-490055.8,TAM,c,1.219,0.61,1,temp
GRID_14448,-85.438,171.491,73328.5,-490126.1,TAM,c,0.375,0.7373,1,temp
GRID_14449,-85.437,171.377,74319.9,-490086.7,TAM,c,-0.377,0.5254,1,temp
GRID_14450,-85.435,171.262,75336.5,-490151.6,TAM,c,-0.508,0.496,1,temp
GRID_14451,-85.434,171.148,76328.3,-490108.2,TAM,d,-0.965,0.5602,1,temp
GRID_14452,-85.46,172.622,63332.7,-489105.3,TAM,b,0.094,0.9198,1,"elev, temp, litho"
GRID_14453,-85.459,172.507,64328.5,-489085.0,TAM,b,0.725,1.0735,1,"elev, temp, litho"
GRID_14454,-85.458,172.392,65324.4,-489062.7,TAM,b,0.252,0.8383,1,"elev, temp, litho"
GRID_14455,-85.454,172.047,68328.2,-489091.3,TAM,c,-1.042,0.3618,1,"elev, temp"
GRID_14456,-85.45,171.703,71326.2,-489102.7,TAM,c,1.245,0.6601,1,temp
GRID_14457,-85.449,171.588,72323.7,-489066.1,TAM,c,-0.461,0.7728,1,temp
GRID_14458,-85.447,171.474,73328.9,-489136.4,TAM,c,-0.114,0.586,1,temp
GRID_14460,-85.445,171.245,75316.4,-489054.3,TAM,c,0.357,0.4738,1,temp
GRID_14461,-85.443,171.131,76322.8,-489118.4,TAM,c,-0.656,0.526,1,temp
GRID_14462,-85.469,172.607,63334.8,-488118.1,TAM,b,0.089,1.1401,1,"elev, temp, litho"
GRID_14463,-85.46,171.801,70334.4,-488147.6,TAM,c,0.697,1.6007,1,"elev, temp"
GRID_14464,-85.458,171.571,72325.3,-488076.5,TAM,c,0.291,0.6287,1,temp
GRID_14465,-85.456,171.457,73328.6,-488146.7,TAM,d,-0.647,0.4112,1,temp
GRID_14466,-85.455,171.342,74324.6,-488106.0,TAM,d,-1.122,0.2596,1,temp
GRID_14467,-85.454,171.227,75320.7,-488063.3,TAM,c,1.191,0.6486,1,temp
GRID_14468,-85.452,171.113,76325.2,-488127.4,TAM,d,0.263,0.3524,1,temp
GRID_14469,-85.451,170.998,77321.8,-488080.6,TAM,d,-0.164,0.5525,1,temp
GRID_14470,-85.471,171.9,69322.3,-487084.1,TAM,c,-0.581,0.2791,1,"elev, temp"
GRID_14471,-85.47,171.784,70323.9,-487050.4,TAM,c,-0.648,0.5744,1,"elev, temp"
GRID_14472,-85.468,171.669,71332.8,-487123.4,TAM,c,1.754,0.6395,1,temp
GRID_14473,-85.467,171.554,72326.4,-487086.8,TAM,c,-0.111,0.2917,1,temp
GRID_14474,-85.466,171.439,73320.0,-487048.2,TAM,c,0.069,1.1012,1,temp
GRID_14475,-85.464,171.324,74330.3,-487115.1,TAM,c,0.763,1.5601,1,"temp, aspect"
GRID_14476,-85.463,171.21,75316.0,-487073.7,TAM,c,-0.541,0.7501,1,temp
GRID_14478,-85.477,171.652,71335.2,-486133.9,TAM,c,-0.498,0.8307,1,temp
GRID_14479,-85.476,171.537,72326.8,-486097.3,TAM,c,-0.55,0.8461,1,temp
GRID_14480,-85.475,171.422,73318.6,-486058.7,TAM,c,-0.034,0.3834,1,temp
GRID_14481,-85.473,171.307,74326.9,-486125.5,TAM,d,0.407,0.503,1,temp
GRID_14482,-85.472,171.192,75319.1,-486082.8,TAM,c,-0.466,0.7638,1,temp
GRID_14483,-85.488,171.751,70323.5,-485072.5,TAM,c,-1.123,0.6732,1,"elev, temp"
GRID_14484,-85.486,171.635,71337.1,-485144.4,TAM,c,1.708,0.6368,1,temp
GRID_14485,-85.485,171.52,72326.7,-485107.8,TAM,c,0.173,0.7022,1,temp
GRID_14486,-85.484,171.405,73316.5,-485069.1,TAM,c,0.613,1.5576,1,temp
GRID_14487,-85.482,171.289,74331.4,-485134.7,TAM,c,0.083,1.2394,1,temp
GRID_14488,-85.481,171.174,75321.6,-485092.0,TAM,c,-0.191,0.45,1,temp
GRID_14490,-85.495,171.618,71338.4,-484154.9,TAM,c,0.196,0.6512,1,temp
GRID_14491,-85.494,171.503,72326.0,-484118.3,TAM,c,-0.728,0.6713,1,temp
GRID_14492,-85.493,171.387,73322.3,-484078.4,TAM,c,-0.467,0.4532,1,temp
GRID_14493,-85.491,171.271,74335.2,-484143.9,TAM,c,0.556,0.4453,1,temp
GRID_14494,-85.49,171.156,75323.5,-484101.2,TAM,d,0.34,0.4614,1,temp
GRID_14496,-85.507,171.833,69335.7,-483127.5,TAM,c,1.529,1.3785,1,temp
GRID_14497,-85.5,171.254,74330.1,-483154.5,TAM,d,-1.199,0.6892,1,temp
GRID_14498,-85.52,172.166,66334.0,-482121.8,TAM,c,-0.63,0.362,1,"elev, temp"
GRID_14499,-85.528,172.033,67332.3,-481104.9,TAM,c,-1.18,0.4322,1,temp
GRID_14500,-83.772,171.82,96309.4,-669997.7,TAM,s,-6.213,0.5194,0,in range
GRID_14501,-83.715,168.749,133276.4,-669964.5,TAM,w,-2.67,1.4027,0,in range
GRID_14502,-83.782,171.892,95313.8,-669040.0,TAM,s,-5.934,0.3294,0,in range
GRID_14503,-83.781,171.808,96310.1,-669007.4,TAM,s,-5.652,0.5333,0,in range
GRID_14504,-83.78,171.724,97306.5,-668973.2,TAM,g,-5.294,0.4264,0,in range
GRID_14505,-83.791,171.88,95315.5,-668049.7,TAM,s,-5.834,0.4936,0,in range
GRID_14506,-83.79,171.796,96310.3,-668017.0,TAM,s,-5.53,0.618,0,in range
GRID_14507,-83.789,171.712,97305.3,-667982.9,TAM,g,-4.73,0.6036,0,in range
GRID_14508,-83.788,171.628,98300.4,-667947.3,TAM,g,-4.929,0.6497,0,in range
GRID_14509,-83.801,171.868,95301.3,-666951.6,TAM,s,-5.801,0.3824,0,in range
GRID_14510,-83.799,171.783,96321.8,-667025.1,TAM,s,-6.308,0.5643,0,in range
GRID_14511,-83.798,171.699,97315.3,-666990.9,TAM,g,-4.846,0.3853,0,in range
GRID_14512,-83.797,171.615,98309.0,-666955.3,TAM,g,-5.859,0.2301,0,in range
GRID_14513,-83.742,168.699,133284.7,-666964.3,TAM,w,-2.33,1.1434,0,in range
GRID_14514,-83.81,171.855,95313.8,-665959.8,TAM,g,-4.12,0.4622,0,in range
GRID_14515,-83.807,171.687,97313.3,-666000.7,TAM,s,-5.427,0.4852,0,in range
GRID_14516,-83.806,171.603,98305.5,-665965.1,TAM,g,-4.848,0.1245,0,in range
GRID_14517,-83.751,168.683,133278.6,-665965.9,TAM,w,-2.433,1.2371,1,elev
GRID_14518,-83.819,171.843,95314.2,-664969.6,TAM,s,-4.903,0.5803,0,in range
GRID_14519,-83.756,168.501,135284.8,-665005.6,TAM,w,-2.34,1.0678,0,in range
GRID_14520,-83.792,168.433,135287.8,-661003.6,TAM,s,-2.583,1.2444,1,elev
GRID_14521,-83.86,169.44,122293.0,-655999.2,TAM,w,-2.854,1.324,0,in range
GRID_14522,-83.855,168.75,130290.2,-655013.0,TAM,d,-2.262,0.8778,1,elev
GRID_14523,-83.868,168.902,128279.5,-653967.1,TAM,w,-2.214,1.333,1,elev
GRID_14524,-83.88,168.615,131295.7,-652035.3,TAM,s,-2.784,1.0002,1,elev
GRID_14525,-83.878,168.531,132294.8,-652055.6,TAM,s,-2.738,1.2163,1,elev
GRID_14526,-83.875,168.362,134283.5,-651982.5,TAM,s,-2.615,0.9487,1,elev
GRID_14527,-83.887,168.514,132293.2,-651055.9,TAM,s,-2.54,1.1787,1,elev
GRID_14528,-83.884,168.345,134278.9,-650982.8,TAM,s,-2.642,1.1001,1,elev
GRID_14529,-83.924,169.856,116299.4,-650009.6,TAM,w,-3.275,0.9264,0,in range
GRID_14530,-83.893,168.327,134285.1,-649980.8,TAM,s,-2.507,0.9968,1,elev
GRID_14531,-83.938,170.097,113302.1,-648991.2,TAM,w,-2.953,0.648,0,in range
GRID_14532,-83.935,169.926,115295.7,-648971.8,TAM,w,-1.471,0.8922,0,in range
GRID_14533,-83.933,169.841,116296.7,-649014.4,TAM,w,-1.303,0.8177,0,in range
GRID_14534,-83.904,168.394,133284.0,-648964.0,TAM,s,-2.729,1.1501,1,elev
GRID_14535,-83.902,168.31,134279.4,-648981.2,TAM,d,-2.188,0.7757,1,elev
GRID_14536,-83.92,168.275,134277.5,-646979.9,TAM,s,-2.94,0.9677,1,elev
GRID_14537,-83.936,168.154,135285.9,-644989.7,TAM,s,-2.369,0.4898,1,elev
GRID_14538,-83.983,170.022,113302.5,-644016.6,TAM,w,-3.113,0.4306,0,in range
GRID_14539,-83.98,169.85,115292.9,-643995.1,TAM,w,-2.463,0.3475,0,in range
GRID_14540,-83.994,170.093,112298.3,-642976.6,TAM,w,-1.619,0.4447,0,in range
GRID_14541,-84.003,170.078,112297.8,-641981.9,TAM,w,-1.52,0.4536,0,in range
GRID_14542,-84.059,170.074,111291.6,-635968.1,TAM,w,-1.342,0.6809,0,in range
GRID_14543,-84.068,170.058,111300.0,-634971.8,TAM,w,-1.036,0.7141,0,in range
GRID_14544,-84.075,169.956,112297.3,-634022.2,TAM,w,-1.158,0.8591,0,in range
GRID_14545,-84.163,171.906,89309.3,-627991.0,TAM,g,-4.868,0.6644,0,in range
GRID_14546,-84.173,171.982,88324.3,-627030.9,TAM,s,-2.86,1.5108,0,in range
GRID_14547,-84.172,171.893,89313.6,-627000.7,TAM,s,-3.758,0.7428,0,in range
GRID_14548,-84.792,170.507,93324.3,-558103.1,TAM,d,-0.082,1.1979,0,in range
GRID_14549,-84.791,170.408,94306.7,-558048.3,TAM,d,-1.181,0.384,0,in range
GRID_14550,-84.801,170.491,93318.4,-557111.3,TAM,d,-1.516,0.226,0,in range
GRID_14551,-84.811,170.474,93303.6,-556010.5,TAM,d,-1.657,0.4259,0,in range
GRID_14552,-84.821,170.557,92319.6,-555071.8,TAM,c,-0.757,0.889,0,in range
GRID_14553,-84.854,169.665,100305.5,-550035.1,TAM,s,-1.904,0.6473,0,in range
GRID_14554,-84.852,169.565,101304.7,-550073.2,TAM,s,-1.106,0.3745,0,in range
GRID_14555,-84.864,169.748,99314.9,-549109.2,TAM,d,-1.971,0.5346,0,in range
GRID_14556,-84.863,169.647,100302.3,-549040.3,TAM,s,-1.347,0.4637,0,in range
GRID_14557,-84.861,169.546,101309.4,-549076.6,TAM,s,-1.395,0.4484,0,in range
GRID_14558,-84.859,169.445,102317.0,-549111.1,TAM,s,-0.699,0.3232,0,in range
GRID_14559,-84.873,169.73,99312.8,-548114.5,TAM,c,-1.441,0.4981,0,in range
GRID_14560,-84.872,169.628,100308.0,-548043.8,TAM,d,-1.202,0.3217,0,in range
GRID_14561,-84.87,169.527,101313.5,-548080.1,TAM,d,-1.316,0.2853,0,in range
GRID_14562,-84.939,170.335,92314.2,-542053.9,TAM,d,-1.344,0.1761,0,in range
GRID_14563,-84.937,170.233,93316.0,-542103.1,TAM,d,-1.355,0.353,0,in range
GRID_14564,-84.96,170.506,90319.2,-540073.7,TAM,c,-0.98,0.376,0,in range
GRID_14565,-84.959,170.403,91308.1,-540017.7,TAM,d,0.773,1.0533,0,in range
GRID_14566,-84.957,170.3,92315.4,-540067.2,TAM,c,-0.112,0.6042,0,in range
GRID_14567,-84.966,170.283,92310.3,-539074.7,TAM,c,-0.392,0.3797,0,in range
GRID_14568,-85.061,171.067,83320.8,-530077.9,TAM,d,-0.73,0.6019,0,in range
GRID_14569,-85.081,171.14,82310.3,-528033.9,TAM,c,-0.026,0.7509,0,in range
GRID_14570,-85.091,171.229,81324.1,-527086.1,TAM,c,-0.328,0.5909,0,in range
GRID_14571,-85.102,171.319,80315.4,-526030.3,TAM,c,-0.462,0.4759,0,in range
GRID_14572,-85.1,171.213,81321.7,-526095.8,TAM,d,-0.338,0.792,0,in range
GRID_14573,-85.111,171.303,80314.3,-525040.1,TAM,c,-1.178,0.4876,0,in range
GRID_14574,-84.543,171.922,83321.6,-587064.3,TAM,d,-1.824,0.2154,0,in range
GRID_14575,-84.542,171.826,84320.6,-587031.6,TAM,d,-1.733,0.4628,0,in range
GRID_14576,-84.561,171.895,83322.1,-585085.6,TAM,s,-2.273,0.5358,0,in range
GRID_14577,-84.57,171.881,83326.7,-584095.6,TAM,d,-1.68,0.4239,1,elev
GRID_14578,-84.581,171.963,82323.3,-583028.9,TAM,s,-2.237,0.4728,1,elev
GRID_14579,-84.58,171.867,83315.5,-582997.9,TAM,d,-1.707,0.3535,1,elev
GRID_14580,-84.59,171.95,82318.5,-582040.4,TAM,s,-2.153,0.6014,1,elev
GRID_14581,-84.602,172.129,80320.9,-581001.2,TAM,s,-2.316,0.671,1,elev
GRID_14582,-84.612,172.213,79321.5,-580040.1,TAM,d,0.032,1.2743,1,elev
GRID_14583,-84.601,171.439,87327.9,-580099.4,TAM,d,-1.862,0.2807,0,in range
GRID_14584,-84.629,171.395,87317.5,-577019.4,TAM,d,-1.406,0.3094,1,elev
GRID_14585,-84.627,171.298,88327.2,-577085.9,TAM,d,-1.936,0.3078,0,in range
GRID_14586,-84.653,171.156,89322.1,-574069.6,TAM,s,-1.641,0.4682,0,in range
GRID_14587,-84.658,170.849,92310.3,-573045.5,TAM,s,-1.56,0.4138,0,in range
GRID_14588,-84.667,170.833,92314.3,-572052.9,TAM,d,-0.992,0.2457,1,elev
GRID_14589,-84.666,170.735,93310.1,-572001.6,TAM,d,-1.703,0.4579,0,in range
GRID_14590,-84.664,170.638,94313.7,-572057.5,TAM,d,-1.499,0.4416,0,in range
GRID_14591,-84.673,170.622,94313.9,-571064.9,TAM,d,-0.534,1.048,0,in range
GRID_14592,-84.672,170.524,95308.4,-571010.1,TAM,d,-1.716,0.3905,0,in range
GRID_14593,-84.695,171.488,85317.7,-570057.5,TAM,d,-1.487,0.3337,1,elev
GRID_14594,-84.701,171.276,87327.4,-569092.6,TAM,s,-1.228,0.3952,1,elev
GRID_14595,-84.699,171.08,89307.4,-569005.5,TAM,d,-1.306,0.2865,1,elev
GRID_14596,-84.708,171.064,89314.2,-568013.1,TAM,s,-2.095,0.6183,1,elev
GRID_14597,-84.728,171.839,81314.2,-567015.0,TAM,s,-0.073,1.1189,1,elev
GRID_14598,-84.709,170.557,94319.0,-567093.2,TAM,d,0.893,0.595,0,in range
GRID_14599,-84.708,170.459,95306.9,-567038.4,TAM,s,0.154,0.36,0,in range
GRID_14600,-84.742,171.513,84314.2,-565036.5,TAM,d,-1.149,0.3899,1,elev
GRID_14601,-84.738,171.216,87308.5,-565022.0,TAM,d,-0.881,0.4821,1,elev
GRID_14602,-84.755,171.796,81320.5,-564046.0,TAM,d,-0.334,1.0205,1,elev
GRID_14603,-84.751,171.498,84317.3,-564045.9,TAM,s,0.985,1.3302,1,elev
GRID_14604,-84.765,171.881,80329.9,-563088.8,TAM,s,-1.212,0.6426,0,in range
GRID_14605,-84.764,171.782,81318.3,-563056.9,TAM,s,-1.52,0.5094,0,in range
GRID_14606,-84.178,171.701,91319.9,-626051.6,TAM,c,-3.336,0.7013,0,in range
GRID_14607,-84.189,171.778,90307.2,-624988.5,TAM,s,-4.67,0.6188,0,in range
GRID_14608,-84.199,171.855,89313.0,-624031.7,TAM,s,-4.851,0.4973,0,in range
GRID_14609,-84.198,171.765,90308.7,-623998.4,TAM,s,-4.589,0.5292,0,in range
GRID_14610,-84.196,171.675,91320.3,-624071.2,TAM,c,-3.048,0.7717,0,in range
GRID_14611,-84.195,171.585,92316.4,-624034.6,TAM,c,-4.998,0.7287,0,in range
GRID_14612,-84.209,171.932,88321.5,-623073.3,TAM,s,-4.831,0.5019,0,in range
GRID_14613,-84.207,171.752,90309.7,-623008.2,TAM,c,-4.317,0.961,0,in range
GRID_14614,-84.206,171.662,91304.0,-622973.3,TAM,c,-3.821,0.689,0,in range
GRID_14615,-84.204,171.572,92314.3,-623044.5,TAM,s,-3.978,0.4637,0,in range
GRID_14616,-84.216,171.739,90310.3,-622018.1,TAM,s,-4.988,0.9222,0,in range
GRID_14617,-84.215,171.648,91313.9,-621981.6,TAM,s,-3.769,0.6937,0,in range
GRID_14618,-84.213,171.558,92322.7,-622052.8,TAM,s,-4.191,0.6783,0,in range
GRID_14619,-84.907,172.072,76321.4,-548051.2,TAM,s,-1.01,0.6031,0,in range
GRID_14620,-84.916,172.058,76320.0,-547062.8,TAM,d,-1.598,0.5019,0,in range
GRID_14621,-84.928,172.249,74319.8,-546020.5,TAM,d,-2.212,0.6255,1,"elev, slope"
GRID_14622,-84.925,172.043,76327.7,-546073.0,TAM,s,-1.654,0.4717,1,elev
GRID_14623,-84.924,171.94,77324.5,-546042.7,TAM,d,-1.211,0.2802,1,slope
GRID_14624,-84.935,172.132,75330.4,-545113.2,TAM,s,-1.439,0.372,1,elev
GRID_14625,-84.928,171.514,81318.0,-545022.2,TAM,s,-1.448,0.3818,0,in range
GRID_14626,-84.945,172.118,75314.4,-544017.2,TAM,d,-1.676,0.5118,1,elev
GRID_14627,-84.943,172.014,76332.0,-544095.0,TAM,s,-1.452,0.3831,1,elev
GRID_14628,-84.938,171.602,80321.9,-544070.2,TAM,s,-1.063,0.4937,0,in range
GRID_14629,-84.96,171.882,77324.1,-542086.8,TAM,s,-1.339,0.6092,1,elev
GRID_14630,-84.968,171.763,78325.2,-541063.7,TAM,c,-1.116,0.5759,0,in range
GRID_14631,-83.778,172.239,91319.0,-670036.6,TAM,s,-7.206,0.3627,0,in range
GRID_14632,-83.777,172.155,92316.1,-670009.9,TAM,s,-6.203,0.3476,0,in range
GRID_14633,-83.787,172.227,91326.8,-669046.3,TAM,s,-6.267,0.3652,0,in range
GRID_14634,-83.798,172.3,90313.8,-667975.0,TAM,s,-6.207,0.3644,0,in range
GRID_14635,-83.807,172.289,90310.5,-666986.4,TAM,s,-6.823,0.6526,0,in range
GRID_14636,-83.802,171.952,94308.2,-666982.8,TAM,s,-6.685,0.4534,0,in range
GRID_14637,-83.818,172.446,88325.0,-666043.8,TAM,g,-4.117,0.5992,0,in range
GRID_14638,-83.826,172.35,89324.9,-665031.4,TAM,g,-4.044,0.7663,0,in range
GRID_14639,-83.834,172.254,90321.6,-664017.6,TAM,g,-4.423,0.7113,0,in range
GRID_14640,-83.833,172.17,91309.8,-663992.3,TAM,g,-4.515,0.5139,0,in range
GRID_14641,-83.829,171.916,94313.8,-664012.3,TAM,s,-4.822,0.3444,0,in range
GRID_14642,-83.839,171.988,93327.5,-663051.9,TAM,s,-5.105,0.6087,0,in range
GRID_14643,-83.838,171.904,94314.8,-663022.2,TAM,g,-5.351,0.4945,0,in range
GRID_14644,-83.858,171.965,93304.4,-660965.6,TAM,s,-4.735,0.5378,0,in range
GRID_14645,-84.186,172.239,85319.8,-626018.5,TAM,s,-4.607,0.6176,0,in range
GRID_14646,-84.185,172.149,86317.9,-625991.6,TAM,s,-4.144,0.4565,0,in range
GRID_14647,-84.022,166.625,150281.8,-632040.1,TAM,s,-3.801,0.286,1,elev
GRID_14648,-84.018,166.09,156281.5,-631032.1,TAM,d,-4.169,0.5276,0,in range
GRID_14649,-84.016,166.005,157270.2,-631010.8,TAM,d,-4.347,0.5761,0,in range
GRID_14650,-84.034,165.962,157268.3,-628991.3,TAM,s,-3.211,0.3583,1,elev
GRID_14651,-84.047,166.113,155270.4,-628029.5,TAM,d,-3.885,0.5073,1,elev
GRID_14652,-84.101,165.984,155260.1,-621974.1,TAM,d,-2.723,0.5403,1,elev
GRID_14653,-84.294,166.164,148280.8,-602057.9,TAM,d,-2.341,0.3924,1,elev
GRID_14654,-84.314,166.209,147288.9,-600059.9,TAM,d,-1.266,1.2624,1,elev
GRID_14655,-83.443,166.839,162278.0,-694000.4,TAM,w,-4.091,0.6032,0,in range
GRID_14656,-83.441,166.761,163272.6,-693991.0,TAM,w,-4.05,0.4052,0,in range
GRID_14657,-83.465,166.96,160271.3,-692006.7,TAM,w,-4.238,0.3336,0,in range
GRID_14658,-83.664,166.628,159265.1,-669977.0,TAM,w,-3.32,1.0661,0,in range
GRID_14659,-83.671,166.528,160256.6,-668956.6,TAM,w,-3.104,1.0534,0,in range
GRID_14660,-83.677,166.427,161282.2,-668037.8,TAM,w,-3.866,0.8471,0,in range
GRID_14661,-83.723,167.876,143285.6,-667004.2,TAM,w,-3.85,1.0401,0,in range
GRID_14662,-83.777,167.77,143273.5,-660990.4,TAM,w,-2.789,0.787,0,in range
GRID_14663,-83.802,167.632,144281.9,-657983.9,TAM,w,-2.952,0.6212,0,in range
GRID_14664,-83.843,167.021,150287.5,-652057.0,TAM,s,-3.64,0.5913,0,in range
GRID_14665,-83.842,166.585,155270.3,-651000.4,TAM,s,-4.019,0.6998,0,in range
GRID_14666,-83.849,166.482,156262.2,-649979.1,TAM,s,-4.315,0.8055,0,in range
GRID_14667,-83.87,166.963,150284.2,-649040.1,TAM,w,-2.802,0.8316,0,in range
GRID_14668,-83.891,166.653,153265.8,-645992.4,TAM,s,-4.352,0.7964,0,in range
GRID_14669,-83.911,166.697,152268.5,-643990.5,TAM,d,-4.03,0.6554,0,in range
GRID_14670,-83.92,166.677,152267.5,-642983.7,TAM,d,-3.684,0.5658,0,in range
GRID_14671,-83.911,166.34,156278.1,-643029.3,TAM,d,-4.155,0.7273,0,in range
GRID_14672,-83.935,166.91,149281.5,-642006.7,TAM,s,-3.783,0.5318,1,slope
GRID_14673,-83.929,166.299,156274.0,-641013.0,TAM,s,-3.661,0.6225,0,in range
GRID_14674,-83.94,166.363,155275.5,-640023.1,TAM,s,-4.137,0.5952,0,in range
GRID_14675,-83.938,166.279,156265.3,-640006.4,TAM,s,-4.223,0.5687,0,in range
GRID_14676,-83.958,166.681,151269.3,-638967.8,TAM,d,-2.936,0.6359,1,elev
GRID_14677,-83.945,166.173,157266.9,-638976.0,TAM,s,-4.351,0.6646,0,in range
GRID_14678,-83.956,166.237,156268.1,-637987.9,TAM,s,-4.599,0.7071,0,in range
GRID_14679,-83.951,166.068,158280.3,-638052.7,TAM,d,-3.908,0.6228,0,in range
GRID_14680,-83.98,166.811,149272.6,-636977.1,TAM,d,-3.929,0.5932,1,elev
GRID_14681,-83.978,166.726,150267.4,-636966.9,TAM,s,-4.385,0.679,1,elev
GRID_14682,-83.975,166.641,151287.7,-637061.1,TAM,d,-3.973,0.5721,1,elev
GRID_14683,-83.991,166.877,148266.8,-635982.2,TAM,s,-4.492,0.6205,0,in range
GRID_14684,-83.986,166.706,150289.5,-636066.7,TAM,s,-4.187,0.5986,1,elev
GRID_14685,-83.984,166.621,151283.3,-636054.9,TAM,s,-3.803,0.4383,1,elev
GRID_14686,-83.982,166.536,152277.4,-636041.5,TAM,s,-3.708,0.4481,1,elev
GRID_14687,-83.998,166.771,149268.8,-634964.8,TAM,s,-4.312,0.6794,1,elev
GRID_14688,-83.995,166.686,150285.8,-635060.5,TAM,d,-3.243,0.4745,1,elev
GRID_14689,-84.004,166.666,150281.5,-634054.5,TAM,d,-3.401,0.5328,1,elev
GRID_14690,-83.079,167.31,165280.6,-734005.2,TAM,w,-3.828,0.6904,0,in range
GRID_14691,-83.096,167.591,161280.7,-732997.5,TAM,w,-2.699,1.0997,0,in range
GRID_14692,-83.088,167.293,165282.6,-732999.2,TAM,w,-3.955,0.4685,0,in range
GRID_14693,-83.104,167.185,166277.2,-730986.1,TAM,w,-3.237,0.3448,0,in range
GRID_14694,-83.191,166.938,167284.2,-721026.7,TAM,w,-3.012,0.5568,0,in range
GRID_14695,-83.214,166.414,173282.5,-717030.5,TAM,w,-3.576,0.7072,0,in range
GRID_14696,-83.234,166.774,168275.2,-715983.5,TAM,w,-3.216,0.5667,0,in range
GRID_14697,-83.232,166.699,169262.5,-715974.7,TAM,w,-3.407,0.5571,0,in range
GRID_14698,-83.324,167.321,159279.8,-707989.9,TAM,w,-3.949,0.4421,0,in range
GRID_14699,-83.381,167.7,153270.1,-702960.2,TAM,w,-4.819,0.7837,0,in range
GRID_14700,-83.446,167.327,156289.6,-695038.5,TAM,w,-4.779,0.4133,0,in range
GRID_14701,-83.475,168.097,146283.5,-693984.7,TAM,w,-4.762,0.4895,0,in range
GRID_14702,-83.455,167.31,156280.4,-694035.6,TAM,w,-4.827,0.4544,0,in range
GRID_14703,-83.484,168.081,146274.8,-692984.5,TAM,w,-1.898,0.6728,0,in range
GRID_14704,-83.502,168.46,141295.4,-692015.7,TAM,w,-4.843,0.5256,0,in range
GRID_14705,-83.504,168.126,145282.2,-690967.1,TAM,w,-4.601,0.2914,0,in range
GRID_14706,-83.515,168.189,144277.0,-689953.5,TAM,w,-4.647,0.3834,0,in range
GRID_14707,-83.513,168.11,145273.1,-689967.1,TAM,w,-2.129,0.8086,0,in range
GRID_14708,-83.495,167.396,154287.6,-690016.8,TAM,w,-4.363,0.3394,1,slope
GRID_14709,-83.493,167.317,155286.7,-690016.0,TAM,w,-5.108,0.5035,0,in range
GRID_14710,-83.491,167.238,156286.1,-690013.7,TAM,w,-5.206,0.5085,0,in range
GRID_14711,-83.489,167.16,157273.7,-690012.7,TAM,w,-4.892,0.5601,0,in range
GRID_14712,-83.524,168.173,144268.8,-688953.6,TAM,w,-4.268,0.3951,0,in range
GRID_14713,-83.504,167.379,154278.1,-689014.3,TAM,w,-4.322,0.3323,1,slope
GRID_14714,-83.502,167.3,155275.9,-689013.4,TAM,w,-3.9,0.3809,0,in range
GRID_14715,-83.5,167.221,156273.9,-689011.2,TAM,w,-4.176,0.4634,0,in range
GRID_14716,-83.498,167.142,157272.3,-689007.4,TAM,w,-4.096,0.5363,0,in range
GRID_14717,-83.496,167.063,158270.9,-689002.3,TAM,w,-3.778,0.2408,0,in range
GRID_14718,-83.538,168.395,141291.5,-688013.5,TAM,w,-4.369,0.4974,0,in range
GRID_14719,-83.513,167.361,154280.0,-688009.1,TAM,c,-2.532,0.7193,0,in range
GRID_14720,-83.511,167.282,155276.5,-688008.2,TAM,w,-3.82,0.3287,0,in range
GRID_14721,-83.509,167.203,156273.2,-688006.0,TAM,w,-4.243,0.2933,0,in range
GRID_14722,-83.522,167.343,154281.4,-687004.0,TAM,w,-4.286,0.3619,0,in range
GRID_14723,-83.52,167.264,155276.5,-687003.1,TAM,w,-3.743,0.4649,0,in range
GRID_14724,-83.531,167.325,154282.1,-685999.0,TAM,w,-4.095,0.3479,0,in range
GRID_14725,-83.54,167.307,154282.1,-684994.1,TAM,w,-4.515,0.3122,0,in range
GRID_14726,-83.538,167.228,155274.6,-684993.1,TAM,w,-4.244,0.3214,0,in range
GRID_14727,-83.536,167.148,156279.4,-684988.1,TAM,w,-4.002,0.4455,0,in range
GRID_14728,-83.549,167.29,154269.7,-683991.9,TAM,w,-4.849,0.3711,0,in range
GRID_14729,-83.547,167.21,155272.8,-683988.3,TAM,w,-3.794,0.1659,0,in range
GRID_14730,-83.563,167.094,156268.0,-681973.6,TAM,w,-4.245,0.3698,0,in range
GRID_14731,-83.561,167.014,157269.0,-681967.1,TAM,w,-4.379,0.5019,0,in range
GRID_14732,-83.576,167.235,154276.3,-680975.1,TAM,w,-3.981,0.3823,0,in range
GRID_14733,-83.574,167.155,155275.4,-680971.4,TAM,w,-4.352,0.2194,0,in range
GRID_14734,-83.572,167.076,156263.0,-680969.0,TAM,w,-4.05,0.474,0,in range
GRID_14735,-83.614,168.424,139282.0,-679974.7,TAM,w,-3.177,0.618,0,in range
GRID_14736,-83.599,167.779,147273.6,-679960.6,TAM,w,-2.713,0.1768,0,in range
GRID_14737,-83.597,167.699,148269.2,-679967.1,TAM,w,-1.677,0.8504,0,in range
GRID_14738,-83.585,167.217,154273.4,-679970.5,TAM,w,-3.103,0.2362,0,in range
GRID_14739,-83.583,167.137,155271.1,-679966.8,TAM,w,-4.004,0.5778,0,in range
GRID_14740,-83.625,168.488,138283.2,-678955.8,TAM,w,-2.176,0.9034,0,in range
GRID_14741,-83.61,167.842,146273.5,-678950.8,TAM,w,-3.82,0.4785,0,in range
GRID_14742,-83.599,167.02,156267.9,-677950.0,TAM,w,-3.815,0.6571,0,in range
GRID_14743,-83.61,167.082,155266.3,-676950.9,TAM,w,-2.153,0.5299,0,in range
GRID_14744,-83.608,167.002,156260.3,-676945.7,TAM,w,-3.203,0.8249,0,in range
GRID_14745,-83.616,166.983,156288.5,-676044.8,TAM,w,-2.777,0.67,0,in range
GRID_14746,-83.614,166.903,157281.7,-676038.1,TAM,w,-3.518,0.7416,0,in range
GRID_14747,-83.657,167.494,149286.0,-673052.0,TAM,w,-2.498,0.6826,0,in range
GRID_14748,-83.641,166.847,157273.2,-673020.3,TAM,w,-3.103,0.8878,0,in range
GRID_14749,-83.639,166.766,158274.3,-673009.4,TAM,w,-2.813,0.633,0,in range
GRID_14750,-83.648,166.747,158272.8,-672002.7,TAM,w,-3.642,0.8347,0,in range
GRID_14751,-83.657,166.728,158270.6,-670996.1,TAM,w,-3.499,1.1357,0,in range
GRID_14752,-83.075,167.863,158280.3,-735992.4,TAM,w,-3.418,0.4924,0,in range
GRID_14753,-83.082,167.773,159274.6,-734997.2,TAM,w,-4.182,0.8063,0,in range
GRID_14754,-83.312,167.586,156284.6,-709996.0,TAM,w,-5.536,0.2584,1,slope
GRID_14755,-83.385,169.074,136287.5,-706005.4,TAM,g,-5.08,0.2468,0,in range
GRID_14756,-83.405,168.714,140294.3,-702998.3,TAM,g,-3.231,1.2075,0,in range
GRID_14757,-83.637,168.634,136295.1,-678024.6,TAM,w,-3.352,0.7115,0,in range
GRID_14758,-83.646,168.618,136291.0,-677025.5,TAM,w,-2.188,1.0251,1,elev
GRID_14759,-84.056,167.639,138280.8,-630984.5,TAM,s,-4.041,0.5358,1,elev
GRID_14760,-84.063,167.534,139272.3,-629985.9,TAM,s,-3.954,0.5543,1,elev
GRID_14761,-84.086,167.756,136299.3,-628073.6,TAM,d,-3.32,0.7885,1,elev
GRID_14762,-84.085,167.669,137276.1,-627972.3,TAM,d,-3.585,0.5054,1,elev
GRID_14763,-84.163,167.407,138294.8,-619050.4,TAM,d,-4.228,0.7594,0,in range
GRID_14764,-84.161,167.319,139293.2,-619049.7,TAM,s,-4.28,0.2339,1,elev
GRID_14765,-84.159,167.231,140291.9,-619047.4,TAM,s,-4.07,0.396,1,"elev, slope"
GRID_14766,-84.17,167.3,139283.1,-618047.7,TAM,d,-3.743,0.5841,1,elev
GRID_14767,-83.718,168.058,141278.8,-667988.8,TAM,w,-3.682,0.8721,0,in range
GRID_14768,-83.714,167.894,143281.6,-668007.6,TAM,w,-3.687,1.0253,0,in range
GRID_14769,-83.729,168.123,140274.3,-666976.2,TAM,w,-3.772,0.9254,0,in range
GRID_14770,-83.745,168.006,141273.9,-664983.9,TAM,w,-2.771,0.9004,0,in range
GRID_14771,-83.783,168.018,140275.5,-660965.1,TAM,w,-2.931,0.7416,1,elev
GRID_14772,-83.781,167.935,141278.3,-660974.2,TAM,w,-2.587,0.751,1,elev
GRID_14773,-83.779,167.852,142281.5,-660981.8,TAM,w,-1.607,0.6949,1,"elev, aspect"
GRID_14774,-83.792,168.0,140279.3,-659962.3,TAM,w,-2.581,0.6341,1,elev
GRID_14775,-83.802,168.066,139293.8,-659057.9,TAM,w,-1.452,0.5014,1,elev
GRID_14776,-83.801,167.983,140271.1,-658962.0,TAM,w,-2.748,0.6421,1,elev
GRID_14777,-83.815,167.781,142270.7,-656973.2,TAM,w,-2.914,0.5876,0,in range
GRID_14778,-83.854,167.085,149291.3,-651056.9,TAM,w,-3.29,0.6765,0,in range
GRID_14779,-83.881,167.821,140295.7,-650046.8,TAM,w,-3.463,0.6958,0,in range
GRID_14780,-83.863,167.066,149287.9,-650052.1,TAM,w,-3.399,0.907,0,in range
GRID_14781,-83.872,167.047,149283.7,-649047.5,TAM,s,-4.361,0.7509,0,in range
GRID_14782,-83.881,167.027,149290.3,-648040.3,TAM,s,-3.679,0.7669,0,in range
GRID_14783,-83.892,167.092,148287.4,-647041.6,TAM,s,-3.8,0.8331,0,in range
GRID_14784,-83.903,167.157,147287.0,-646041.6,TAM,s,-4.364,0.6659,0,in range
GRID_14785,-83.912,167.138,147283.1,-645037.3,TAM,s,-4.286,0.5604,0,in range
GRID_14786,-83.919,167.034,148282.6,-644026.1,TAM,s,-3.927,0.5923,0,in range
GRID_14787,-83.928,167.015,148276.0,-643021.9,TAM,s,-3.712,0.5579,0,in range
GRID_14788,-83.996,167.495,141280.7,-637012.9,TAM,d,-3.409,0.6731,1,elev
GRID_14789,-84.005,167.476,141279.4,-636009.3,TAM,d,-3.64,0.6231,1,elev
GRID_14790,-84.001,167.304,143283.8,-636007.2,TAM,d,-3.56,0.5291,0,in range
GRID_14791,-84.014,167.457,141277.5,-635005.9,TAM,s,-4.171,0.5728,1,elev
GRID_14792,-84.012,167.371,142278.1,-635005.6,TAM,d,-3.756,0.6116,1,elev
GRID_14793,-84.021,167.352,142274.1,-634002.3,TAM,s,-4.344,0.7018,1,"elev, slope"
GRID_14794,-84.017,167.18,144273.3,-633997.0,TAM,d,-3.759,0.6068,1,elev
GRID_14795,-84.032,167.418,141282.8,-632996.8,TAM,d,-3.61,0.4953,1,elev
GRID_14796,-84.041,167.399,141278.9,-631993.6,TAM,d,-2.067,1.0515,1,elev
GRID_14797,-83.797,168.25,137287.5,-660035.0,TAM,s,-2.969,0.689,1,elev
GRID_14798,-83.851,167.708,142273.0,-652960.9,TAM,w,-3.105,0.6371,0,in range
GRID_14799,-83.871,168.194,136283.7,-652012.3,TAM,s,-3.615,0.7184,1,elev
GRID_14800,-83.861,167.774,141290.1,-652060.1,TAM,w,-3.372,0.7692,0,in range
GRID_14801,-83.88,168.176,136287.7,-651010.2,TAM,s,-3.276,0.8324,1,elev
GRID_14802,-83.868,167.671,142299.3,-651060.3,TAM,w,-3.116,0.5715,0,in range
GRID_14803,-83.889,168.158,136291.1,-650008.2,TAM,s,-3.273,0.6717,1,elev
GRID_14804,-83.887,168.074,137289.0,-650020.7,TAM,s,-2.661,0.5324,1,elev
GRID_14805,-83.925,168.087,136287.3,-646003.1,TAM,s,-3.091,0.4408,1,elev
GRID_14806,-83.952,168.033,136286.5,-642998.2,TAM,s,-3.529,0.7472,1,elev
GRID_14808,-85.152,166.015,127283.4,-511075.9,TAM,c,1.446,0.5809,1,coast
GRID_14809,-85.163,166.094,126291.1,-510089.5,TAM,c,0.639,0.3704,1,coast
GRID_14810,-85.161,165.988,127287.2,-510066.1,TAM,c,1.404,0.2479,1,coast
GRID_14811,-85.159,165.883,128274.8,-510042.9,TAM,c,1.483,0.268,1,coast
GRID_14812,-85.172,166.068,126286.8,-509082.0,TAM,c,0.639,0.818,1,coast
GRID_14813,-85.17,165.962,127281.2,-509058.5,TAM,c,0.95,0.8284,1,coast
GRID_14814,-85.167,165.856,128302.5,-509138.6,TAM,c,1.467,0.643,1,coast
GRID_14815,-85.165,165.75,129297.8,-509111.2,TAM,c,1.367,0.5935,1,coast
GRID_14816,-85.179,165.935,127283.2,-508048.9,TAM,c,0.128,0.4821,1,coast
GRID_14817,-85.176,165.829,128302.8,-508128.9,TAM,c,1.014,0.9356,1,coast
GRID_14818,-85.174,165.724,129287.4,-508103.8,TAM,s,-0.279,0.4753,1,coast
GRID_14819,-85.236,165.076,133288.7,-500092.8,TAM,d,1.782,0.9074,1,"elev, temp, coast"
GRID_14820,-85.234,164.97,134270.1,-500055.4,TAM,d,1.179,0.7227,1,"temp, coast"
GRID_14821,-85.243,164.941,134268.9,-499042.1,TAM,d,0.647,1.4379,1,"temp, coast"
GRID_14822,-85.24,164.834,135286.0,-499105.4,TAM,c,1.251,0.681,1,"temp, coast"
GRID_14823,-85.258,165.234,131299.3,-498144.6,TAM,d,0.726,0.9465,1,"elev, temp, coast"
GRID_14824,-85.265,165.098,132285.5,-497095.8,TAM,d,0.024,0.9479,1,"elev, temp, coast"
GRID_14825,-85.263,164.991,133270.0,-497058.0,TAM,c,0.704,0.6411,1,"temp, coast"
GRID_14826,-85.258,164.776,135277.0,-497079.1,TAM,c,1.495,0.5465,1,"temp, coast"
GRID_14827,-85.274,165.069,132284.9,-496082.9,TAM,d,1.43,0.9464,1,"elev, temp, coast"
GRID_14828,-85.269,164.854,134287.6,-496108.0,TAM,c,1.343,0.6774,1,"temp, coast"
GRID_14829,-85.267,164.747,135271.1,-496066.2,TAM,c,1.377,0.6469,1,"temp, coast"
GRID_14830,-85.283,165.041,132274.6,-495072.5,TAM,d,1.202,0.8799,1,"elev, temp, coast"
GRID_14831,-85.28,164.933,133292.4,-495137.4,TAM,d,1.555,0.7678,1,"temp, coast"
GRID_14832,-85.278,164.825,134282.4,-495095.2,TAM,c,1.208,0.6135,1,"temp, coast"
GRID_14833,-85.276,164.717,135272.8,-495051.0,TAM,c,2.093,1.2366,1,"temp, coast"
GRID_14834,-85.294,165.12,131284.7,-494098.1,TAM,d,1.117,0.8227,1,"elev, temp, coast"
GRID_14835,-85.292,165.012,132272.1,-494059.9,TAM,d,0.408,1.196,1,"temp, coast"
GRID_14836,-85.289,164.904,133288.1,-494124.7,TAM,c,1.529,0.5933,1,"temp, coast"
GRID_14837,-85.287,164.796,134276.3,-494082.5,TAM,c,1.727,0.7236,1,"temp, coast"
GRID_14838,-85.284,164.688,135293.5,-494143.2,TAM,c,1.401,0.5264,1,"temp, coast"
GRID_14839,-85.305,165.2,130289.0,-493124.2,TAM,d,-0.06,0.776,1,"elev, temp, coast"
GRID_14840,-85.303,165.091,131282.9,-493085.7,TAM,s,-0.344,0.606,1,"temp, coast"
GRID_14841,-85.301,164.983,132268.5,-493047.4,TAM,c,1.579,0.7481,1,"temp, coast"
GRID_14842,-85.298,164.874,133291.4,-493109.9,TAM,c,1.138,0.5716,1,"temp, coast"
GRID_14843,-85.296,164.766,134277.8,-493067.7,TAM,c,1.462,0.7443,1,"temp, coast"
GRID_14844,-85.312,165.062,131280.1,-492073.4,TAM,d,0.743,1.0225,1,"temp, coast"
GRID_14845,-85.325,165.251,129296.3,-491136.5,TAM,d,0.837,0.9366,1,"elev, temp, coast"
GRID_14846,-85.323,165.142,130286.2,-491099.8,TAM,d,2.882,1.8795,1,"temp, coast"
GRID_14847,-85.35,165.522,126292.1,-489109.9,TAM,d,1.209,0.6737,1,"elev, temp, coast"
GRID_14848,-85.348,165.412,127285.6,-489077.0,TAM,d,0.76,0.8275,1,"elev, temp, coast"
GRID_14849,-85.345,165.303,128298.6,-489149.6,TAM,s,-0.031,0.5727,1,"temp, coast"
GRID_14850,-85.343,165.193,129293.1,-489112.6,TAM,c,1.422,0.5071,1,"temp, coast"
GRID_14851,-85.357,165.384,127277.6,-488067.6,TAM,d,0.962,1.6615,1,"temp, coast"
GRID_14852,-85.354,165.274,128297.4,-488137.9,TAM,c,0.265,0.5744,1,"temp, coast"
GRID_14853,-85.355,165.742,124279.2,-489064.1,TAM,d,0.14,0.9777,1,"temp, coast, slope"
GRID_14854,-85.381,166.128,120303.6,-487145.1,TAM,s,2.288,0.8574,1,"temp, coast"
GRID_14855,-85.393,166.212,119278.2,-486053.5,TAM,s,1.939,0.8846,1,"temp, coast"
GRID_14856,-85.388,165.99,121292.3,-486115.3,TAM,d,1.301,0.7671,1,"temp, coast"
GRID_14857,-85.397,165.962,121292.4,-485106.4,TAM,d,1.428,0.7323,1,"elev, temp, coast"
GRID_14858,-85.393,165.74,123278.2,-485054.4,TAM,d,0.398,1.0246,1,"temp, coast"
GRID_14859,-85.41,166.157,119302.4,-484143.6,TAM,d,1.104,0.6739,1,"elev, temp, coast"
GRID_14860,-85.408,166.045,120301.0,-484120.6,TAM,d,0.148,0.8322,1,"temp, coast"
GRID_14861,-85.401,165.712,123300.5,-484150.9,TAM,c,1.124,0.6252,1,"temp, coast"
GRID_14862,-85.399,165.601,124292.4,-484121.8,TAM,d,1.67,0.8802,1,"temp, coast"
GRID_14863,-85.419,166.129,119304.3,-483135.0,TAM,d,0.852,1.0341,1,"elev, temp, coast"
GRID_14864,-85.422,165.766,122282.6,-482053.2,TAM,d,-0.563,0.9966,1,"elev, temp, coast"
GRID_14865,-85.419,165.655,123297.1,-482131.5,TAM,d,0.184,0.854,1,"elev, temp, coast"
GRID_14866,-85.417,165.543,124293.6,-482100.2,TAM,d,-0.001,0.9429,1,"temp, coast"
GRID_14867,-85.125,166.539,123287.8,-515074.9,TAM,c,0.461,0.3236,0,in range
GRID_14868,-85.143,166.488,123288.7,-513061.2,TAM,c,0.38,0.304,0,in range
GRID_14869,-85.141,166.383,124280.0,-513045.8,TAM,c,1.018,0.5758,0,in range
GRID_14870,-85.138,166.277,125306.3,-513132.0,TAM,c,-0.003,0.4868,0,in range
GRID_14871,-85.152,166.463,123283.4,-512055.5,TAM,c,0.414,1.2107,0,in range
GRID_14872,-85.15,166.357,124281.9,-512038.0,TAM,c,0.27,0.3899,0,in range
GRID_14873,-85.156,166.226,125296.9,-511118.6,TAM,c,1.221,0.3131,0,in range
GRID_14874,-85.154,166.12,126294.4,-511097.1,TAM,c,1.221,0.4532,1,coast
GRID_14875,-85.167,166.306,124299.8,-510130.6,TAM,d,0.159,0.5873,1,coast
GRID_14876,-85.165,166.2,125295.3,-510111.0,TAM,c,0.99,0.6916,1,coast
GRID_14877,-85.174,166.174,125292.8,-509103.5,TAM,c,0.129,0.469,1,coast
GRID_14878,-85.183,166.148,125289.4,-508096.1,TAM,d,0.625,0.7942,1,coast
GRID_14879,-85.192,166.121,125294.0,-507086.6,TAM,d,-0.677,0.6044,1,coast
GRID_14880,-85.185,165.803,128293.2,-507121.6,TAM,d,1.261,0.5907,1,coast
GRID_14881,-85.183,165.697,129285.0,-507094.2,TAM,s,0.102,0.8167,1,coast
GRID_14882,-85.181,165.591,130277.0,-507064.8,TAM,d,-0.086,0.4775,1,coast
GRID_14883,-85.192,165.67,129281.6,-506084.7,TAM,d,0.833,0.7774,1,coast
GRID_14884,-85.19,165.563,130280.7,-506053.0,TAM,s,-0.162,0.4291,1,coast
GRID_14885,-85.187,165.457,131298.7,-506127.0,TAM,s,0.015,0.4525,1,coast
GRID_14886,-85.185,165.351,132289.8,-506093.7,TAM,s,0.081,0.4879,1,coast
GRID_14887,-85.183,165.246,133272.5,-506060.8,TAM,c,1.564,0.7221,1,coast
GRID_14888,-85.194,165.324,132280.3,-505084.3,TAM,d,1.146,0.5836,1,"temp, coast"
GRID_14889,-85.192,165.218,133270.0,-505049.1,TAM,s,0.009,0.4844,1,"temp, coast"
GRID_14890,-85.189,165.112,134288.0,-505117.0,TAM,c,-0.006,0.4634,1,"temp, coast"
GRID_14891,-85.187,165.006,135278.5,-505077.8,TAM,d,-0.099,0.7652,1,"temp, coast"
GRID_14892,-85.2,165.19,133294.4,-504142.6,TAM,d,0.726,0.957,1,"elev, temp, coast"
GRID_14893,-85.198,165.083,134291.6,-504103.0,TAM,d,0.775,1.0323,1,"elev, temp, coast"
GRID_14894,-85.205,164.949,135272.5,-503052.3,TAM,d,1.497,0.9197,1,"elev, temp, coast"
GRID_14895,-85.213,164.92,135300.7,-502143.6,TAM,d,1.064,0.5911,1,"elev, temp, coast"
GRID_14896,-85.222,164.892,135290.9,-501132.3,TAM,s,0.648,1.2145,1,"temp, coast"
GRID_14897,-83.143,165.292,189254.1,-720983.5,TAM,s,-4.1,0.5422,0,in range
GRID_14898,-83.152,165.272,189256.4,-719968.9,TAM,s,-3.193,0.6793,0,in range
GRID_14899,-84.624,165.701,144270.3,-566036.4,TAM,s,-1.424,0.2875,0,in range
GRID_14900,-84.63,165.581,145292.9,-565100.6,TAM,d,-1.117,0.4214,0,in range
GRID_14901,-84.628,165.486,146284.3,-565069.7,TAM,s,-0.228,0.3037,0,in range
GRID_14902,-84.639,165.557,145285.4,-564091.3,TAM,s,-0.964,0.653,0,in range
GRID_14903,-84.637,165.462,146275.1,-564060.3,TAM,s,0.027,0.3252,0,in range
GRID_14904,-84.635,165.367,147265.1,-564027.6,TAM,s,0.148,0.3851,0,in range
GRID_14905,-84.632,165.272,148283.1,-564098.4,TAM,s,-0.702,0.5139,0,in range
GRID_14906,-84.646,165.437,146274.9,-563048.5,TAM,d,-0.951,0.5029,0,in range
GRID_14907,-84.644,165.342,147263.4,-563015.8,TAM,s,-0.501,0.4348,0,in range
GRID_14908,-84.641,165.247,148279.8,-563086.5,TAM,s,-0.509,0.3847,0,in range
GRID_14909,-84.655,165.412,146273.9,-562036.8,TAM,d,-1.045,0.3288,0,in range
GRID_14910,-84.65,165.222,148275.7,-562074.8,TAM,s,-0.38,0.5346,0,in range
GRID_14911,-84.652,164.911,151267.8,-561051.5,TAM,s,-0.699,0.5499,0,in range
GRID_14912,-84.67,165.267,147280.7,-560086.2,TAM,d,0.58,0.4626,0,in range
GRID_14913,-84.668,165.171,148274.6,-560049.1,TAM,s,-0.838,0.4091,0,in range
GRID_14914,-84.666,165.076,149259.1,-560012.8,TAM,s,-0.034,0.218,0,in range
GRID_14915,-84.663,164.98,150281.8,-560077.2,TAM,s,-0.812,0.4377,0,in range
GRID_14916,-84.661,164.885,151267.0,-560037.3,TAM,s,-0.71,0.5111,1,elev
GRID_14917,-84.672,164.955,150271.9,-559065.8,TAM,d,-0.031,0.3805,1,elev
GRID_14918,-84.667,164.764,152277.8,-559086.7,TAM,s,-0.394,0.4573,1,elev
GRID_14919,-84.66,164.478,155270.5,-559053.5,TAM,d,-0.315,0.1433,0,in range
GRID_14920,-84.683,165.025,149279.5,-558092.6,TAM,s,-0.938,0.6565,0,in range
GRID_14921,-84.692,164.999,149279.2,-557078.8,TAM,s,-0.791,0.6512,0,in range
GRID_14922,-84.685,164.712,152268.7,-557058.9,TAM,s,-1.446,0.4328,1,elev
GRID_14923,-84.696,164.781,151283.5,-556086.8,TAM,s,-0.441,0.3912,0,in range
GRID_14924,-84.708,164.851,150262.7,-555010.8,TAM,s,-1.191,0.5367,0,in range
GRID_14925,-84.703,164.659,152265.7,-555028.9,TAM,s,-0.732,0.5708,0,in range
GRID_14926,-84.712,164.633,152258.0,-554015.4,TAM,s,-0.772,0.5121,0,in range
GRID_14927,-84.723,164.703,151265.3,-553046.5,TAM,s,-0.009,0.6873,0,in range
GRID_14928,-84.72,164.606,152288.0,-553104.3,TAM,s,-1.212,0.3348,0,in range
GRID_14929,-84.718,164.51,153272.6,-553058.1,TAM,s,-0.134,0.4108,0,in range
GRID_14930,-84.732,164.676,151267.1,-552030.6,TAM,c,-0.324,0.604,0,in range
GRID_14931,-84.729,164.58,152278.6,-552091.1,TAM,s,1.028,0.6985,0,in range
GRID_14932,-84.738,164.553,152277.9,-551075.4,TAM,s,-0.914,0.2383,0,in range
GRID_14933,-84.747,164.526,152276.3,-550059.7,TAM,s,-0.4,0.6666,0,in range
GRID_14934,-84.745,164.43,153256.1,-550013.5,TAM,s,0.863,1.2706,0,in range
GRID_14935,-84.758,163.865,158279.2,-547116.7,TAM,c,-0.09,0.3889,0,in range
GRID_14936,-84.77,163.933,157268.4,-546049.4,TAM,c,-0.696,0.6475,0,in range
GRID_14937,-84.779,163.905,157263.8,-545031.6,TAM,s,-1.277,0.3933,0,in range
GRID_14938,-84.919,164.528,147264.8,-532029.2,TAM,c,0.456,0.2424,1,precip
GRID_14939,-84.925,164.4,148277.4,-531070.1,TAM,c,-0.295,0.3779,1,precip
GRID_14940,-84.922,164.3,149292.4,-531124.7,TAM,c,0.119,0.1624,1,precip
GRID_14941,-84.92,164.201,150269.2,-531075.3,TAM,c,0.838,0.2652,1,precip
GRID_14942,-84.917,164.101,151285.2,-531126.2,TAM,s,-0.18,0.2692,1,precip
GRID_14943,-84.934,164.372,148273.2,-530054.6,TAM,c,2.048,0.5097,1,precip
GRID_14944,-84.931,164.272,149286.5,-530109.2,TAM,c,0.872,0.3462,1,precip
GRID_14945,-84.929,164.172,150270.9,-530057.2,TAM,c,0.537,0.6965,1,precip
GRID_14946,-84.926,164.072,151285.3,-530108.0,TAM,s,-0.672,0.2321,1,precip
GRID_14947,-84.924,163.972,152270.4,-530052.2,TAM,d,-0.546,0.2907,1,precip
GRID_14948,-84.943,164.344,148268.0,-529039.3,TAM,c,-1.036,0.2538,1,precip
GRID_14949,-84.94,164.244,149279.7,-529093.8,TAM,c,-0.013,0.4622,1,precip
GRID_14950,-84.938,164.144,150262.4,-529041.8,TAM,s,-0.34,0.2639,1,precip
GRID_14951,-84.935,164.044,151275.2,-529092.5,TAM,s,-0.83,0.2878,1,precip
GRID_14952,-84.933,163.944,152258.6,-529036.8,TAM,s,-0.931,0.4445,1,precip
GRID_14953,-84.951,164.316,148291.2,-528128.9,TAM,c,-0.052,0.2041,1,precip
GRID_14954,-84.949,164.216,149271.9,-528078.6,TAM,s,0.225,0.2767,1,precip
GRID_14955,-84.946,164.115,150291.9,-528128.6,TAM,s,-0.428,0.2815,1,precip
GRID_14956,-84.944,164.015,151273.4,-528074.6,TAM,d,-1.601,0.3284,1,precip
GRID_14957,-84.96,164.288,148284.1,-527113.8,TAM,c,0.112,0.3557,1,precip
GRID_14958,-84.958,164.187,149272.4,-527060.9,TAM,s,0.157,0.1866,1,precip
GRID_14959,-84.955,164.087,150281.5,-527113.5,TAM,d,0.154,0.4746,1,precip
GRID_14960,-84.953,163.986,151270.5,-527056.9,TAM,s,-1.083,0.5291,1,precip
GRID_14961,-84.95,163.886,152280.7,-527105.6,TAM,s,0.163,0.6609,1,precip
GRID_14962,-84.969,164.26,148276.1,-526098.8,TAM,s,-0.165,0.2364,1,precip
GRID_14963,-84.964,164.058,150279.4,-526095.9,TAM,d,-0.239,0.3628,1,precip
GRID_14964,-84.962,163.957,151266.7,-526039.2,TAM,d,-1.048,0.4679,1,precip
GRID_14965,-84.959,163.857,152275.3,-526087.9,TAM,s,-0.665,0.3783,1,precip
GRID_14966,-84.973,164.029,150276.2,-525078.4,TAM,s,0.21,0.4722,1,precip
GRID_14967,-85.005,164.145,148261.8,-522032.8,TAM,s,-1.15,0.1958,1,precip
GRID_14968,-85.008,163.913,150283.9,-521114.6,TAM,d,1.68,1.1711,1,"precip, coast"
GRID_14969,-85.02,163.985,149268.8,-520048.2,TAM,s,0.156,0.5424,1,"precip, coast"
GRID_14970,-85.029,163.956,149261.4,-519031.7,TAM,d,0.917,0.7216,1,"precip, coast"
GRID_14971,-85.026,163.854,150275.9,-519078.6,TAM,d,-0.274,0.7917,1,"precip, coast"
GRID_14972,-84.328,165.985,149264.7,-598000.9,TAM,d,-1.685,0.4346,1,elev
GRID_14973,-84.285,164.374,167278.4,-598075.9,TAM,c,-2.976,0.748,0,in range
GRID_14974,-84.283,164.286,168255.7,-598027.8,TAM,d,-2.378,0.5772,0,in range
GRID_14975,-84.328,165.602,153258.7,-596989.8,TAM,s,-2.694,0.564,1,elev
GRID_14976,-84.321,165.332,156263.2,-596998.1,TAM,c,-1.524,0.4579,0,in range
GRID_14977,-84.294,164.349,167275.0,-597059.4,TAM,d,-3.392,0.3503,0,in range
GRID_14978,-84.292,164.261,168250.9,-597011.4,TAM,s,-1.886,0.4957,0,in range
GRID_14979,-84.289,164.172,169267.1,-597063.5,TAM,s,-2.104,0.701,0,in range
GRID_14980,-84.332,165.399,155263.1,-596021.7,TAM,s,-3.163,0.7071,1,elev
GRID_14981,-84.33,165.309,156254.4,-595987.7,TAM,s,-0.427,0.6897,0,in range
GRID_14982,-84.327,165.219,157273.7,-596057.3,TAM,s,-1.851,0.5464,0,in range
GRID_14983,-84.322,165.039,159286.0,-596086.0,TAM,d,-0.567,0.3915,0,in range
GRID_14984,-84.31,164.592,164278.6,-596084.5,TAM,s,-2.957,0.5514,0,in range
GRID_14985,-84.303,164.324,167270.8,-596043.2,TAM,s,-2.567,0.7443,0,in range
GRID_14986,-84.301,164.235,168255.6,-595992.1,TAM,s,-2.809,0.6425,0,in range
GRID_14987,-84.298,164.147,169260.0,-596047.1,TAM,c,-0.546,1.0842,0,in range
GRID_14988,-84.338,165.285,156282.8,-595079.9,TAM,s,-2.524,0.4747,0,in range
GRID_14989,-84.334,165.105,158263.5,-595006.8,TAM,d,-3.346,0.3672,0,in range
GRID_14990,-84.329,164.926,160263.1,-595035.0,TAM,s,-2.691,0.891,0,in range
GRID_14991,-84.312,164.299,167265.8,-595027.0,TAM,c,-1.925,0.8742,0,in range
GRID_14992,-84.309,164.21,168278.7,-595080.7,TAM,c,-1.349,0.7975,0,in range
GRID_14993,-84.307,164.121,169262.4,-595028.0,TAM,c,-1.348,0.7521,0,in range
GRID_14995,-84.347,165.261,156282.8,-594067.0,TAM,s,-2.427,0.6559,1,elev
GRID_14996,-84.343,165.081,158260.5,-593993.8,TAM,s,-2.073,0.5359,0,in range
GRID_14997,-84.34,164.991,159277.9,-594059.9,TAM,c,-1.666,0.6132,0,in range
GRID_14998,-84.338,164.901,160267.6,-594019.2,TAM,s,-1.654,0.778,0,in range
GRID_14999,-84.323,164.364,166267.9,-594063.3,TAM,d,-2.866,0.3462,0,in range
GRID_15000,-84.318,164.185,168271.3,-594064.6,TAM,d,-2.236,0.662,0,in range
GRID_15001,-84.316,164.096,169253.6,-594011.9,TAM,c,-1.177,0.8637,0,in range
GRID_15002,-84.313,164.007,170266.1,-594062.2,TAM,c,-1.642,0.6277,0,in range
GRID_15003,-84.354,165.147,157269.2,-593018.4,TAM,s,-2.495,0.7078,1,elev
GRID_15004,-84.351,165.057,158284.7,-593086.2,TAM,s,-2.541,0.5301,0,in range
GRID_15005,-84.347,164.877,160260.8,-593006.3,TAM,s,-2.094,0.5066,0,in range
GRID_15006,-84.335,164.428,165253.6,-592990.4,TAM,s,-2.126,0.7095,1,elev
GRID_15007,-84.33,164.249,167253.1,-592995.1,TAM,s,-1.844,0.5941,0,in range
GRID_15008,-84.327,164.16,168263.1,-593048.7,TAM,s,-1.46,0.627,0,in range
GRID_15009,-84.325,164.07,169254.2,-592993.0,TAM,s,-2.43,0.4989,0,in range
GRID_15010,-84.322,163.981,170265.3,-593043.3,TAM,c,-1.776,0.864,0,in range
GRID_15011,-84.36,165.033,158280.2,-592073.4,TAM,s,-2.318,0.6802,1,elev
GRID_15012,-84.358,164.943,159266.5,-592034.3,TAM,s,-2.595,0.7562,1,elev
GRID_15013,-84.356,164.853,160253.2,-591993.5,TAM,s,-2.332,0.715,1,elev
GRID_15014,-84.353,164.763,161268.7,-592056.1,TAM,s,-2.209,0.6978,1,elev
GRID_15015,-84.351,164.673,162256.1,-592012.0,TAM,s,-2.106,0.5676,0,in range
GRID_15016,-84.343,164.403,165278.2,-592079.5,TAM,w,-2.334,0.5126,1,elev
GRID_15017,-84.338,164.224,167275.1,-592084.1,TAM,s,-1.737,0.5211,0,in range
GRID_15018,-84.336,164.134,168264.4,-592030.0,TAM,c,-2.009,0.7598,0,in range
GRID_15019,-84.333,164.045,169273.6,-592081.9,TAM,c,-1.476,0.7684,0,in range
GRID_15020,-84.331,163.956,170253.3,-592027.4,TAM,c,-1.54,1.2065,0,in range
GRID_15021,-84.372,165.099,157262.2,-590993.1,TAM,b,-1.18,0.7521,1,"elev, litho"
GRID_15022,-84.367,164.919,159259.6,-591021.6,TAM,b,-0.568,0.9454,1,"elev, litho"
GRID_15023,-84.364,164.828,160283.6,-591083.1,TAM,w,-1.888,0.3699,1,elev
GRID_15024,-84.362,164.738,161269.2,-591040.6,TAM,w,-1.538,0.2868,1,elev
GRID_15025,-84.36,164.648,162255.0,-590996.5,TAM,s,-2.349,0.7426,1,elev
GRID_15026,-84.355,164.468,164256.6,-591008.2,TAM,s,-2.324,0.742,0,in range
GRID_15027,-84.352,164.378,165272.7,-591063.9,TAM,s,-2.184,0.7996,0,in range
GRID_15028,-84.347,164.199,167266.6,-591068.4,TAM,s,-2.811,0.8948,0,in range
GRID_15029,-84.345,164.109,168254.5,-591014.3,TAM,c,-0.067,0.9897,0,in range
GRID_15030,-84.342,164.019,169272.5,-591063.2,TAM,c,-1.532,0.7298,0,in range
GRID_15031,-84.337,163.84,171269.8,-591054.2,TAM,c,-0.164,0.468,0,in range
GRID_15032,-84.378,164.985,158268.5,-590048.3,TAM,b,-1.54,1.119,1,"elev, litho"
GRID_15033,-84.376,164.894,159262.2,-590006.3,TAM,b,-0.706,1.1026,1,"elev, litho"
GRID_15034,-84.373,164.804,160274.4,-590070.5,TAM,w,-1.969,0.6169,1,elev
GRID_15035,-84.371,164.713,161268.8,-590025.2,TAM,s,-0.388,0.5303,0,in range
GRID_15036,-84.368,164.623,162282.0,-590086.0,TAM,s,-1.784,0.5902,0,in range
GRID_15037,-84.361,164.353,165266.4,-590048.4,TAM,c,-1.668,0.847,0,in range
GRID_15038,-84.359,164.263,166252.0,-589997.6,TAM,c,-0.702,0.5009,0,in range
GRID_15039,-84.356,164.173,167267.7,-590049.9,TAM,s,-2.713,0.8214,0,in range
GRID_15040,-84.354,164.083,168254.0,-589995.8,TAM,d,-1.809,0.6076,0,in range
GRID_15041,-84.351,163.994,169260.3,-590047.6,TAM,s,-1.745,0.543,0,in range
GRID_15042,-84.348,163.904,170277.5,-590094.8,TAM,c,-1.72,0.8306,0,in range
GRID_15043,-84.382,164.779,160274.6,-589055.3,TAM,s,-1.872,0.6901,1,elev
GRID_15044,-84.38,164.689,161257.2,-589012.8,TAM,s,-1.846,0.6635,0,in range
GRID_15045,-84.377,164.598,162279.2,-589070.7,TAM,s,-1.854,0.7052,0,in range
GRID_15046,-84.375,164.508,163262.5,-589024.9,TAM,c,-0.943,0.6718,0,in range
GRID_15047,-84.372,164.418,164275.2,-589082.2,TAM,c,-0.824,0.6053,0,in range
GRID_15048,-84.37,164.328,165259.2,-589033.1,TAM,c,-1.518,0.9069,0,in range
GRID_15049,-84.367,164.238,166272.9,-589087.0,TAM,c,-1.342,0.8286,0,in range
GRID_15050,-84.365,164.148,167257.5,-589034.5,TAM,s,0.117,1.3982,0,in range
GRID_15051,-84.362,164.058,168272.3,-589085.1,TAM,s,-1.315,0.7902,0,in range
GRID_15052,-84.36,163.968,169257.5,-589029.2,TAM,s,-1.197,0.6081,0,in range
GRID_15053,-84.357,163.878,170273.2,-589076.3,TAM,s,-2.293,0.9385,0,in range
GRID_15054,-84.389,164.664,161255.1,-587997.7,TAM,s,-1.569,0.5458,1,elev
GRID_15055,-84.386,164.573,162275.7,-588055.6,TAM,s,-0.845,0.3721,0,in range
GRID_15056,-84.384,164.483,163257.4,-588009.7,TAM,s,-1.417,0.7783,0,in range
GRID_15057,-84.381,164.393,164268.7,-588067.0,TAM,c,-1.157,0.8821,0,in range
GRID_15058,-84.379,164.302,165261.4,-588015.0,TAM,c,-0.948,0.4995,0,in range
GRID_15059,-84.376,164.212,166273.7,-588068.9,TAM,c,-0.934,0.5914,0,in range
GRID_15060,-84.395,164.548,162271.2,-587040.5,TAM,s,-1.339,0.6726,1,elev
GRID_15061,-84.393,164.458,163251.5,-586994.6,TAM,d,-1.363,0.4793,1,elev
GRID_15062,-84.388,164.277,165252.5,-586999.8,TAM,c,-1.335,0.8894,0,in range
GRID_15063,-84.385,164.187,166263.3,-587053.7,TAM,c,-1.963,0.6887,0,in range
GRID_15064,-84.399,164.342,164263.3,-586034.1,TAM,s,-1.723,0.9015,1,elev
GRID_15065,-84.396,164.251,165282.5,-586086.7,TAM,c,-1.798,0.6207,0,in range
GRID_15066,-84.394,164.161,166262.3,-586035.8,TAM,c,-1.02,0.667,0,in range
GRID_15067,-84.391,164.071,167272.3,-586087.9,TAM,s,-1.63,0.764,0,in range
GRID_15068,-84.408,164.317,164254.2,-585019.2,TAM,s,-2.032,0.9389,1,elev
GRID_15069,-84.405,164.226,165271.9,-585071.9,TAM,s,0.261,0.6098,1,elev
GRID_15070,-84.403,164.135,166260.5,-585018.0,TAM,c,-0.104,0.8084,0,in range
GRID_15071,-84.4,164.045,167269.0,-585070.1,TAM,c,-1.556,0.5401,0,in range
GRID_15072,-84.398,163.954,168258.2,-585012.9,TAM,c,-1.473,0.9692,0,in range
GRID_15073,-84.395,163.864,169267.6,-585061.5,TAM,c,-0.959,0.5845,0,in range
GRID_15074,-84.414,164.2,165270.7,-584054.2,TAM,d,-1.671,0.6959,0,in range
GRID_15075,-84.412,164.11,166247.5,-584003.3,TAM,c,-0.896,0.5326,0,in range
GRID_15076,-84.409,164.019,167264.7,-584052.4,TAM,c,0.323,1.4463,0,in range
GRID_15077,-84.407,163.928,168252.4,-583995.2,TAM,c,-1.321,1.1649,0,in range
GRID_15078,-84.404,163.838,169260.4,-584043.8,TAM,c,-1.192,0.6206,0,in range
GRID_15079,-84.423,164.175,165258.4,-583039.6,TAM,c,-0.735,0.4685,0,in range
GRID_15080,-84.42,164.084,166273.7,-583090.4,TAM,c,-1.685,0.5962,0,in range
GRID_15081,-84.418,163.993,167259.6,-583034.8,TAM,c,-0.966,0.405,0,in range
GRID_15082,-84.429,164.058,166269.3,-582073.0,TAM,c,-1.513,0.6838,0,in range
GRID_15083,-84.427,163.967,167253.7,-582017.4,TAM,c,-1.512,0.6382,0,in range
GRID_15084,-84.453,164.58,160264.8,-581045.6,TAM,s,-1.702,0.704,0,in range
GRID_15085,-84.446,164.305,163257.9,-581003.1,TAM,s,-1.331,0.6975,1,elev
GRID_15086,-84.441,164.123,165251.5,-581005.0,TAM,c,-0.72,0.2982,0,in range
GRID_15087,-84.438,164.032,166263.9,-581055.7,TAM,c,-1.461,0.5742,0,in range
GRID_15088,-84.436,163.941,167246.8,-581000.1,TAM,c,-0.774,0.4617,0,in range
GRID_15089,-84.454,164.28,163275.5,-580093.7,TAM,b,-0.658,1.1783,1,"elev, litho"
GRID_15090,-84.447,164.006,166257.7,-580038.6,TAM,c,-1.254,1.0615,0,in range
GRID_15091,-84.444,163.914,167279.3,-580084.6,TAM,c,-1.044,0.7004,0,in range
GRID_15092,-84.458,164.071,165270.9,-579075.6,TAM,c,-1.078,0.5564,0,in range
GRID_15093,-84.465,163.953,166252.6,-578001.8,TAM,c,-1.294,0.7519,0,in range
GRID_15094,-84.471,163.835,167260.8,-577031.0,TAM,d,-1.855,0.5937,0,in range
GRID_15095,-84.5,164.545,159256.6,-576017.2,TAM,d,-1.441,0.4495,1,elev
GRID_15096,-84.509,164.519,159256.6,-575001.0,TAM,d,-1.582,0.3753,1,elev
GRID_15097,-84.499,164.15,163253.6,-575010.3,TAM,c,-0.206,0.4927,1,elev
GRID_15098,-84.496,164.058,164266.4,-575061.4,TAM,c,-0.163,0.3865,0,in range
GRID_15099,-84.494,163.966,165249.7,-575006.1,TAM,c,0.508,0.3839,0,in range
GRID_15100,-84.491,163.874,166263.4,-575053.7,TAM,d,0.809,0.2455,0,in range
GRID_15101,-84.515,164.401,160264.8,-574042.8,TAM,s,-1.564,0.5658,1,elev
GRID_15102,-84.51,164.216,162265.5,-574046.0,TAM,b,0.229,1.0333,1,"elev, litho"
GRID_15103,-84.507,164.124,163276.4,-574098.7,TAM,b,0.67,0.8232,1,"elev, litho"
GRID_15104,-84.505,164.031,164267.9,-574042.2,TAM,c,-0.542,0.6092,1,elev
GRID_15105,-84.502,163.939,165279.7,-574091.5,TAM,c,-0.004,0.4241,0,in range
GRID_15106,-84.5,163.847,166261.9,-574034.4,TAM,d,-0.596,0.3817,0,in range
GRID_15107,-84.566,166.056,142281.5,-573045.2,TAM,s,-1.204,0.5809,0,in range
GRID_15108,-84.514,164.005,164258.5,-573026.1,TAM,b,0.48,1.0422,1,"elev, litho"
GRID_15109,-84.511,163.913,165268.8,-573075.3,TAM,c,-0.248,0.3937,0,in range
GRID_15110,-84.528,164.164,162251.9,-572013.9,TAM,b,0.584,1.1558,1,"elev, litho"
GRID_15111,-84.525,164.071,163269.7,-572063.7,TAM,b,0.768,1.1502,1,"elev, litho"
GRID_15112,-84.523,163.979,164248.1,-572010.0,TAM,b,0.696,1.123,1,"elev, litho"
GRID_15113,-84.536,164.137,162283.4,-571099.9,TAM,b,0.872,1.4817,1,"elev, litho"
GRID_15114,-84.574,165.232,150285.8,-570098.0,TAM,d,-0.84,0.3721,0,in range
GRID_15115,-84.57,165.044,152267.9,-570022.3,TAM,d,-0.52,0.4152,0,in range
GRID_15116,-84.549,163.898,164271.9,-569058.7,TAM,b,0.75,1.2733,1,"elev, litho"
GRID_15117,-84.585,164.9,153274.8,-568061.8,TAM,d,-0.295,0.2976,0,in range
GRID_15118,-84.573,164.431,158270.1,-568046.2,TAM,s,-0.417,0.377,0,in range
GRID_15119,-84.606,165.346,148270.2,-567026.7,TAM,d,-1.171,0.2483,0,in range
GRID_15120,-84.603,165.252,149283.4,-567098.4,TAM,d,-0.451,0.3588,0,in range
GRID_15121,-84.601,165.157,150279.2,-567060.5,TAM,s,0.09,0.2817,0,in range
GRID_15122,-84.596,164.969,152280.2,-567089.9,TAM,d,-0.366,0.3232,0,in range
GRID_15123,-84.594,164.875,153267.1,-567049.4,TAM,s,-0.671,0.4466,0,in range
GRID_15124,-84.569,163.938,163272.3,-567081.6,TAM,b,0.765,0.8301,1,"elev, litho"
GRID_15125,-84.608,165.038,151260.0,-566011.2,TAM,s,-1.136,0.3203,0,in range
GRID_15126,-84.605,164.943,152283.1,-566074.9,TAM,s,-0.484,0.4334,0,in range
GRID_15127,-84.603,164.849,153268.5,-566034.4,TAM,d,-0.37,0.4538,1,elev
GRID_15128,-84.598,164.661,155268.8,-566053.2,TAM,c,-0.407,0.4804,0,in range
GRID_15129,-84.581,164.004,162259.1,-566014.0,TAM,b,1.761,1.1562,1,"elev, litho"
GRID_15130,-84.614,164.918,152275.2,-565062.8,TAM,d,0.575,0.4501,0,in range
GRID_15131,-84.607,164.635,155266.2,-565038.3,TAM,s,0.369,0.8628,1,elev
GRID_15132,-84.592,164.071,161268.6,-565052.2,TAM,b,0.39,0.8661,1,"elev, litho"
GRID_15133,-84.621,164.798,153258.6,-564007.5,TAM,d,-0.711,0.4379,0,in range
GRID_15134,-84.622,164.489,156269.0,-563067.9,TAM,d,-0.208,0.5067,0,in range
GRID_15136,-84.615,164.206,159255.5,-563022.2,TAM,s,-0.765,0.5641,1,elev
GRID_15137,-84.612,164.112,160268.4,-563074.1,TAM,w,-1.22,0.4198,1,elev
GRID_15138,-84.632,164.152,159280.9,-561092.2,TAM,b,1.223,0.8837,1,"elev, litho"
GRID_15139,-84.641,164.125,159277.4,-560075.0,TAM,b,0.96,1.2803,1,"elev, litho"
GRID_15140,-84.002,165.494,163273.4,-631058.9,TAM,d,-4.137,0.5147,0,in range
GRID_15141,-84.053,165.275,164272.9,-625059.7,TAM,s,-4.479,0.4185,0,in range
GRID_15142,-84.065,165.338,163254.8,-623975.9,TAM,s,-4.645,0.528,0,in range
GRID_15143,-84.053,164.909,168262.3,-623997.6,TAM,s,-4.343,0.5832,0,in range
GRID_15144,-84.073,165.315,163284.4,-623067.8,TAM,d,-4.471,0.4948,0,in range
GRID_15145,-84.107,165.876,156272.8,-621046.9,TAM,d,-3.653,0.3325,1,elev
GRID_15146,-84.1,165.248,163264.4,-620033.7,TAM,s,-4.361,0.5734,0,in range
GRID_15147,-84.098,165.161,164261.5,-619995.6,TAM,d,-4.465,0.5648,0,in range
GRID_15148,-84.118,165.571,159278.1,-619046.4,TAM,d,-3.68,0.3266,1,elev
GRID_15149,-84.114,165.398,161256.3,-618984.0,TAM,s,-4.444,0.6647,0,in range
GRID_15150,-84.109,165.225,163263.4,-619020.7,TAM,s,-4.631,0.5198,0,in range
GRID_15151,-84.122,165.375,161284.9,-618076.5,TAM,d,-2.287,0.86,1,elev
GRID_15152,-84.129,165.266,162266.6,-617031.5,TAM,d,-1.08,0.7639,1,elev
GRID_15153,-84.124,165.092,164279.7,-617061.9,TAM,d,-4.334,0.6019,0,in range
GRID_15154,-84.149,165.678,157286.9,-616072.7,TAM,d,-3.894,0.3874,1,elev
GRID_15155,-84.136,165.156,163255.7,-615982.2,TAM,s,-3.591,0.506,0,in range
GRID_15156,-84.156,165.569,158268.7,-615034.3,TAM,s,-4.214,0.4057,1,elev
GRID_15157,-84.151,165.394,160283.8,-615074.8,TAM,d,-3.477,0.3288,1,elev
GRID_15158,-84.135,164.786,167258.7,-615020.2,TAM,d,-3.87,0.4435,0,in range
GRID_15159,-84.163,165.459,159257.9,-613991.7,TAM,d,-3.386,0.4396,1,elev
GRID_15160,-84.159,164.628,168261.4,-612037.2,TAM,d,-3.224,0.3004,0,in range
GRID_15161,-84.22,165.122,161273.2,-607047.2,TAM,s,-1.909,0.4053,0,in range
GRID_15162,-84.264,165.004,161283.7,-602087.1,TAM,s,-2.176,0.8826,0,in range
GRID_15163,-84.262,164.915,162275.4,-602046.0,TAM,d,-1.781,0.4986,0,in range
GRID_15164,-83.172,165.308,188251.2,-717979.4,TAM,s,-2.953,0.552,1,elev
GRID_15165,-83.19,165.268,188253.6,-715950.7,TAM,d,-0.217,0.7661,1,elev
GRID_15166,-83.212,165.699,182270.5,-715023.5,TAM,d,-2.277,0.5498,1,elev
GRID_15167,-83.201,165.324,187250.1,-714974.8,TAM,d,-2.359,0.4447,1,elev
GRID_15168,-83.16,164.057,204240.7,-714955.7,TAM,s,-1.833,0.714,0,in range
GRID_15169,-83.224,165.755,181249.8,-713933.9,TAM,d,-2.812,0.7506,1,"elev, slope"
GRID_15170,-83.21,165.304,187250.8,-713960.7,TAM,d,-2.573,0.6417,0,in range
GRID_15171,-83.207,165.229,188268.6,-714031.1,TAM,s,-2.873,0.8365,0,in range
GRID_15172,-83.169,164.036,204233.0,-713937.8,TAM,s,-2.21,0.64,0,in range
GRID_15173,-83.223,165.435,185261.7,-713015.9,TAM,d,-1.889,0.5137,1,elev
GRID_15174,-83.182,164.163,202263.4,-713025.9,TAM,s,-1.808,0.5683,0,in range
GRID_15175,-83.23,165.34,186250.6,-711969.8,TAM,d,0.263,0.762,1,elev
GRID_15176,-83.223,165.114,189253.5,-711966.8,TAM,s,-2.871,0.7372,0,in range
GRID_15177,-83.239,165.32,186250.6,-710956.1,TAM,d,-1.768,0.5174,1,elev
GRID_15178,-83.236,165.245,187264.3,-711027.8,TAM,d,0.217,0.7189,1,elev
GRID_15179,-83.229,165.019,190264.7,-711020.5,TAM,s,-3.447,0.8076,0,in range
GRID_15180,-83.245,165.225,187262.4,-710014.1,TAM,s,-2.35,0.8676,1,elev
GRID_15181,-83.246,164.657,194263.0,-708017.7,TAM,s,-2.723,0.4299,0,in range
GRID_15182,-83.295,165.6,181256.5,-705947.5,TAM,d,-1.701,0.5824,1,elev
GRID_15183,-83.288,165.372,184256.9,-705958.7,TAM,d,-1.554,0.4467,1,elev
GRID_15184,-83.266,164.691,193267.4,-706030.9,TAM,s,-3.338,0.8303,0,in range
GRID_15185,-83.264,164.616,194249.3,-705987.5,TAM,s,-0.307,0.9285,0,in range
GRID_15186,-83.258,164.143,200249.4,-704988.7,TAM,s,-2.032,0.5962,0,in range
GRID_15187,-83.274,164.348,197255.4,-704021.9,TAM,s,-2.987,0.8799,0,in range
GRID_15188,-83.283,164.327,197248.5,-703005.4,TAM,s,-3.369,0.8697,0,in range
GRID_15189,-83.292,164.305,197253.1,-701985.5,TAM,s,-3.558,0.8424,0,in range
GRID_15190,-83.29,164.23,198231.1,-701936.4,TAM,s,-3.144,0.911,0,in range
GRID_15191,-83.316,164.739,191241.9,-700936.7,TAM,s,-3.056,0.9301,0,in range
GRID_15192,-83.303,164.36,196256.1,-701020.3,TAM,s,-3.589,0.9214,0,in range
GRID_15193,-83.301,164.284,197244.8,-700969.2,TAM,s,-3.084,0.9343,0,in range
GRID_15194,-83.357,165.789,177268.5,-699993.0,TAM,d,-2.689,0.6453,1,elev
GRID_15195,-83.355,165.713,178250.6,-699968.4,TAM,d,-2.999,0.614,1,elev
GRID_15196,-83.353,165.636,179245.2,-699939.3,TAM,d,0.126,0.7228,1,"elev, slope"
GRID_15197,-83.346,165.406,182245.6,-699952.2,TAM,d,-1.635,0.9172,1,elev
GRID_15198,-83.343,165.329,183268.9,-700022.9,TAM,s,-2.87,0.6442,1,elev
GRID_15199,-83.329,164.871,189256.8,-700008.1,TAM,d,-3.097,0.9257,0,in range
GRID_15200,-83.32,164.566,193241.4,-699935.9,TAM,s,-3.247,0.9242,0,in range
GRID_15201,-83.317,164.49,194257.1,-699994.0,TAM,d,-2.55,0.7305,0,in range
GRID_15202,-83.312,164.339,196248.3,-700004.1,TAM,s,-2.701,0.7196,0,in range
GRID_15203,-83.368,165.847,176266.7,-699010.0,TAM,d,-3.24,0.5187,1,elev
GRID_15204,-83.364,165.693,178252.6,-698956.0,TAM,d,-3.152,0.4824,1,elev
GRID_15205,-83.361,165.616,179273.0,-699032.4,TAM,d,-2.375,0.6937,1,elev
GRID_15206,-83.352,165.309,183264.6,-699010.3,TAM,s,-3.004,0.7898,0,in range
GRID_15207,-83.331,164.621,192251.6,-698965.5,TAM,d,-2.599,0.7032,0,in range
GRID_15208,-83.328,164.545,193265.7,-699024.9,TAM,s,-2.705,0.7538,0,in range
GRID_15209,-83.326,164.469,194251.1,-698977.9,TAM,d,-2.533,0.6628,0,in range
GRID_15210,-83.321,164.317,196252.0,-698984.6,TAM,c,-2.283,0.9277,0,in range
GRID_15211,-83.379,165.577,179260.3,-697010.9,TAM,s,-3.489,0.819,0,in range
GRID_15212,-83.71,164.276,185268.1,-658053.9,TAM,d,-2.969,0.607,0,in range
GRID_15213,-83.849,165.775,164270.5,-648001.5,TAM,d,-3.852,0.7948,0,in range
GRID_15214,-83.867,165.733,164262.4,-645981.2,TAM,s,-4.195,0.734,0,in range
GRID_15215,-83.876,165.712,164257.2,-644971.2,TAM,s,-3.561,0.543,0,in range
GRID_15216,-83.339,165.828,177272.1,-702015.0,TAM,s,-3.392,0.7987,1,elev
GRID_15217,-83.346,165.732,178260.1,-700977.8,TAM,d,-2.656,0.5205,1,elev
GRID_15218,-83.344,165.655,179256.0,-700948.7,TAM,d,-2.122,0.3263,1,elev
GRID_15219,-83.359,165.866,176274.4,-700019.3,TAM,s,-3.587,0.6205,1,elev
GRID_15220,-85.229,164.756,136279.9,-500075.1,TAM,c,1.237,0.4529,1,"precip, coast"
GRID_15221,-85.226,164.65,137291.2,-500136.8,TAM,c,1.396,0.3229,1,"precip, coast"
GRID_15222,-85.238,164.727,136275.1,-499061.8,TAM,c,1.348,0.5156,1,"precip, coast"
GRID_15223,-85.235,164.62,137293.4,-499121.0,TAM,c,1.123,0.5196,1,"precip, coast"
GRID_15224,-85.247,164.698,136269.3,-498048.5,TAM,c,1.193,0.5266,1,"precip, coast"
GRID_15225,-85.244,164.591,137285.9,-498107.7,TAM,c,1.23,0.418,1,"precip, coast"
GRID_15226,-85.242,164.484,138274.1,-498060.1,TAM,c,1.41,0.4209,1,"precip, coast"
GRID_15227,-85.255,164.669,136291.4,-497140.3,TAM,c,1.465,0.3563,1,"precip, coast"
GRID_15228,-85.253,164.562,137277.4,-497094.6,TAM,c,0.683,0.4414,1,"precip, coast"
GRID_15229,-85.251,164.455,138263.8,-497046.9,TAM,c,1.218,0.3251,1,"precip, coast"
GRID_15230,-85.264,164.639,136292.3,-496125.0,TAM,c,1.315,0.6661,1,"precip, coast"
GRID_15231,-85.262,164.532,137276.6,-496079.2,TAM,c,1.338,0.6941,1,"precip, coast"
GRID_15232,-85.273,164.61,136283.6,-495112.1,TAM,c,1.478,0.5739,1,"precip, coast"
GRID_15233,-85.193,164.872,136289.1,-504130.1,TAM,s,-0.035,0.5864,1,"precip, coast"
GRID_15234,-85.191,164.766,137278.7,-504087.0,TAM,s,-0.227,0.3125,1,"precip, coast"
GRID_15235,-85.202,164.843,136288.3,-503116.1,TAM,s,0.537,0.5007,1,"precip, coast"
GRID_15236,-85.2,164.737,137276.1,-503073.0,TAM,s,1.372,0.8297,1,"precip, coast"
GRID_15237,-85.197,164.631,138293.0,-503132.8,TAM,c,1.445,0.4427,1,"precip, coast"
GRID_15238,-85.211,164.814,136286.4,-502102.3,TAM,s,-0.204,0.2814,1,"precip, coast"
GRID_15239,-85.209,164.708,137272.5,-502059.2,TAM,c,1.312,0.5535,1,"precip, coast"
GRID_15240,-85.22,164.785,136283.7,-501088.7,TAM,s,1.42,0.578,1,"precip, coast"
GRID_15241,-85.218,164.679,137267.9,-501045.5,TAM,c,1.67,0.5976,1,"precip, coast"
GRID_15255,-82.386,164.788,217244.4,-798930.8,TAM,w,-4.132,0.4185,0,in range
GRID_15256,-82.363,164.692,219245.0,-800985.4,TAM,w,-1.562,0.6302,0,in range
GRID_15257,-82.361,164.625,220239.4,-800938.8,TAM,w,-4.42,0.8015,0,in range
GRID_15258,-82.375,164.74,218229.4,-799906.0,TAM,w,-4.78,0.5752,0,in range
GRID_15259,-82.372,164.673,219251.1,-799965.9,TAM,w,-4.779,0.789,0,in range
GRID_15260,-82.37,164.607,220230.4,-799923.1,TAM,w,-4.596,0.7489,0,in range
GRID_15261,-82.381,164.655,219242.7,-798950.3,TAM,w,-3.973,0.8823,0,in range
GRID_15262,-82.392,164.703,218256.7,-797976.4,TAM,w,-4.598,0.4427,0,in range
GRID_15263,-82.39,164.637,219233.6,-797934.8,TAM,w,-4.739,0.598,0,in range
GRID_15264,-82.387,164.57,220253.6,-797993.3,TAM,w,-4.108,0.631,0,in range
GRID_15265,-85.15,167.359,115308.7,-514133.1,TAM,c,0.745,0.6185,0,in range
GRID_15266,-85.161,167.442,114303.6,-513131.7,TAM,c,1.238,0.7567,0,in range
GRID_15267,-85.159,167.335,115309.4,-513129.6,TAM,c,0.947,0.4058,0,in range
GRID_15268,-85.17,167.418,114305.3,-512128.3,TAM,c,0.666,0.5779,0,in range
GRID_15269,-85.168,167.311,115309.3,-512126.1,TAM,c,0.292,0.3275,0,in range
GRID_15270,-85.181,167.501,113304.4,-511125.2,TAM,c,0.156,0.3678,0,in range
GRID_15271,-85.179,167.394,114306.2,-511125.0,TAM,c,0.617,0.2455,0,in range
GRID_15272,-85.177,167.287,115308.4,-511122.8,TAM,c,1.048,0.512,0,in range
GRID_15273,-84.365,167.618,131299.0,-598078.0,TAM,s,-2.516,0.4219,1,elev
GRID_15274,-84.437,167.456,131287.5,-590054.8,TAM,s,-1.939,0.5145,0,in range
GRID_15275,-84.448,167.528,130287.3,-589050.3,TAM,s,-2.288,0.441,0,in range
GRID_15276,-84.446,167.435,131290.6,-589050.5,TAM,d,-1.991,0.3291,0,in range
GRID_15277,-84.459,167.6,129289.9,-588044.3,TAM,c,-1.817,0.6673,0,in range
GRID_15278,-84.453,167.322,132284.9,-588047.2,TAM,s,-1.88,0.4691,1,elev
GRID_15279,-84.468,167.58,129284.5,-587042.5,TAM,c,-1.445,0.7719,0,in range
GRID_15280,-84.473,167.373,131285.6,-586040.6,TAM,s,-1.8,0.7066,0,in range
GRID_15281,-84.471,167.28,132284.6,-586039.0,TAM,s,-1.87,0.5021,0,in range
GRID_15282,-84.469,167.187,133283.9,-586035.8,TAM,s,-0.309,1.4908,0,in range
GRID_15283,-84.496,167.123,133283.5,-583021.9,TAM,c,-2.323,0.4916,0,in range
GRID_15284,-84.494,167.03,134278.6,-583016.9,TAM,d,-1.488,0.3645,0,in range
GRID_15285,-84.505,167.102,133278.6,-582018.2,TAM,c,-0.755,0.4412,0,in range
GRID_15286,-84.503,167.008,134282.2,-582010.9,TAM,d,-1.588,0.529,0,in range
GRID_15287,-84.512,166.987,134275.0,-581007.3,TAM,c,-1.546,0.3734,0,in range
GRID_15288,-85.292,166.858,116288.2,-498064.4,TAM,d,0.39,1.022,1,"temp, coast"
GRID_15289,-85.303,166.942,115287.5,-497068.9,TAM,d,-0.433,1.097,1,"temp, coast"
GRID_15290,-85.299,166.723,117286.5,-497048.0,TAM,d,0.689,1.016,1,"temp, coast"
GRID_15291,-85.33,166.865,115288.1,-494053.8,TAM,s,0.625,0.826,1,"temp, coast"
GRID_15292,-85.343,167.06,113289.4,-493065.3,TAM,c,0.84,0.5573,1,"temp, coast"
GRID_15293,-85.341,166.95,114284.9,-493058.8,TAM,c,1.042,0.7814,1,"temp, coast"
GRID_15294,-85.336,166.729,116310.7,-493143.6,TAM,d,0.692,1.1833,1,"temp, coast"
GRID_15295,-85.358,167.366,110297.6,-492071.4,TAM,d,0.284,0.8962,1,"temp, coast"
GRID_15296,-85.356,167.256,111290.1,-492070.9,TAM,s,-0.021,0.9151,1,"temp, coast"
GRID_15297,-85.352,167.034,113293.5,-492060.0,TAM,c,0.95,0.6996,1,"temp, coast"
GRID_15298,-85.347,166.814,115306.1,-492150.8,TAM,c,0.476,1.0167,1,"temp, coast"
GRID_15299,-85.356,166.788,115305.7,-491145.5,TAM,s,-0.03,0.8616,1,"temp, coast"
GRID_15300,-85.354,166.677,116307.1,-491132.9,TAM,s,-0.586,0.806,1,"temp, coast"
GRID_15301,-85.365,166.762,115304.4,-490140.3,TAM,d,0.965,1.0236,1,"elev, temp, coast"
GRID_15302,-85.387,167.403,109292.0,-489064.5,TAM,d,0.306,1.083,1,"temp, coast"
GRID_15303,-85.385,167.291,110295.6,-489062.1,TAM,d,0.008,0.937,1,"elev, temp, coast"
GRID_15304,-85.383,167.18,111291.2,-489059.6,TAM,d,0.902,0.9549,1,"temp, coast"
GRID_15305,-85.376,166.847,114304.9,-489145.9,TAM,d,1.193,0.9471,1,"elev, temp, coast"
GRID_15306,-85.374,166.736,115302.2,-489135.2,TAM,d,0.435,1.048,1,"elev, temp, coast"
GRID_15307,-85.392,167.155,111286.9,-488056.7,TAM,d,-0.735,1.0203,1,"elev, temp, coast"
GRID_15308,-85.387,166.932,113308.6,-488149.6,TAM,d,0.881,0.6893,1,"elev, temp, coast"
GRID_15309,-85.385,166.821,114303.7,-488140.9,TAM,d,0.602,1.2116,1,"elev, temp, coast"
GRID_15310,-85.401,167.129,111290.4,-487052.0,TAM,d,0.6,0.8618,1,"elev, temp, coast"
GRID_15311,-85.396,166.906,113308.4,-487144.8,TAM,d,0.824,0.7721,1,"elev, temp, coast"
GRID_15312,-85.392,166.683,115303.7,-487123.4,TAM,d,1.233,0.9437,1,"temp, coast"
GRID_15313,-85.401,166.657,115298.9,-486118.6,TAM,d,1.224,0.6779,1,"elev, temp, coast"
GRID_15314,-85.412,166.742,114303.2,-485124.7,TAM,d,0.953,0.7972,1,"elev, temp, coast"
GRID_15315,-85.43,166.214,118302.4,-482149.6,TAM,d,2.546,1.7761,1,"elev, temp, coast"
GRID_15316,-85.08,167.105,119286.1,-521039.3,TAM,c,0.121,0.4103,0,in range
GRID_15317,-85.089,167.081,119285.4,-520035.0,TAM,c,0.221,0.2783,0,in range
GRID_15318,-85.087,166.977,120278.2,-520029.6,TAM,d,-0.863,0.4583,0,in range
GRID_15319,-85.1,167.162,118284.3,-519036.5,TAM,c,-0.79,0.3671,0,in range
GRID_15320,-85.098,167.057,119284.0,-519030.9,TAM,c,0.548,0.2766,0,in range
GRID_15321,-85.095,166.952,120308.6,-519129.3,TAM,c,0.931,0.6491,0,in range
GRID_15322,-85.111,167.243,117286.1,-518036.1,TAM,c,-0.027,0.4263,0,in range
GRID_15323,-85.109,167.138,118283.7,-518032.4,TAM,c,0.072,0.3322,0,in range
GRID_15324,-85.106,167.033,119306.1,-518132.8,TAM,c,-1.006,0.2986,0,in range
GRID_15325,-85.104,166.928,120304.6,-518125.2,TAM,c,0.282,0.2488,0,in range
GRID_15326,-85.102,166.823,121303.5,-518115.7,TAM,c,0.407,0.786,0,in range
GRID_15327,-85.12,167.219,117286.5,-517032.2,TAM,c,-0.142,0.3128,0,in range
GRID_15328,-85.117,167.114,118306.6,-517134.5,TAM,c,0.515,0.6533,0,in range
GRID_15329,-85.115,167.009,119303.0,-517128.8,TAM,c,-0.473,0.4091,0,in range
GRID_15330,-85.113,166.904,120299.8,-517121.2,TAM,c,1.099,0.7727,0,in range
GRID_15331,-85.111,166.799,121297.0,-517111.7,TAM,c,0.128,0.2163,0,in range
GRID_15332,-85.128,167.195,117310.2,-516134.5,TAM,c,1.209,1.0236,0,in range
GRID_15333,-85.126,167.09,118304.5,-516130.7,TAM,c,0.523,0.2685,0,in range
GRID_15334,-85.124,166.984,119308.2,-516122.9,TAM,c,0.033,0.3101,0,in range
GRID_15335,-85.122,166.879,120303.2,-516115.2,TAM,c,-0.23,0.372,0,in range
GRID_15336,-85.12,166.774,121298.6,-516105.7,TAM,c,0.366,0.506,0,in range
GRID_15337,-85.118,166.669,122294.4,-516094.2,TAM,c,-0.393,0.3881,0,in range
GRID_15338,-85.139,167.277,116307.9,-515134.7,TAM,c,0.264,0.3794,0,in range
GRID_15339,-85.137,167.171,117309.0,-515130.7,TAM,c,0.081,0.3815,0,in range
GRID_15340,-85.135,167.066,118301.6,-515126.9,TAM,c,0.761,0.2865,0,in range
GRID_15341,-85.133,166.96,119303.5,-515119.1,TAM,c,0.813,0.4157,0,in range
GRID_15342,-85.131,166.855,120296.7,-515111.5,TAM,c,1.142,0.6525,0,in range
GRID_15343,-85.129,166.749,121299.4,-515099.8,TAM,c,-0.409,0.3219,0,in range
GRID_15344,-85.127,166.644,122293.4,-515088.3,TAM,c,1.094,0.5002,0,in range
GRID_15345,-85.148,167.253,116307.7,-514131.0,TAM,c,1.07,0.3269,0,in range
GRID_15346,-85.146,167.147,117307.0,-514127.1,TAM,c,1.191,0.3653,0,in range
GRID_15347,-85.144,167.041,118306.8,-514121.2,TAM,c,0.244,0.4683,0,in range
GRID_15348,-85.142,166.936,119297.9,-514115.4,TAM,c,-0.435,0.4013,0,in range
GRID_15349,-85.14,166.83,120298.4,-514105.7,TAM,c,0.33,0.3215,0,in range
GRID_15350,-85.138,166.724,121299.3,-514094.0,TAM,c,-1.028,0.2039,0,in range
GRID_15351,-85.136,166.619,122291.6,-514082.5,TAM,c,-0.811,0.4302,0,in range
GRID_15352,-85.157,167.229,116306.6,-513127.5,TAM,c,0.285,0.3239,0,in range
GRID_15353,-85.155,167.123,117304.2,-513123.5,TAM,c,0.755,0.3221,0,in range
GRID_15354,-85.153,167.017,118302.2,-513117.6,TAM,c,2.497,0.681,0,in range
GRID_15355,-85.151,166.911,119300.5,-513109.8,TAM,c,-0.008,0.2821,0,in range
GRID_15356,-85.149,166.805,120299.3,-513100.0,TAM,c,0.013,0.3486,0,in range
GRID_15357,-85.147,166.699,121298.4,-513088.3,TAM,c,1.915,0.5171,0,in range
GRID_15358,-85.145,166.594,122288.9,-513076.8,TAM,c,-0.108,0.2823,0,in range
GRID_15359,-85.166,167.205,116304.7,-512124.1,TAM,c,0.537,0.2936,0,in range
GRID_15360,-85.164,167.099,117300.6,-512120.1,TAM,c,0.604,0.2015,0,in range
GRID_15361,-85.162,166.992,118305.7,-512112.1,TAM,c,0.981,0.3818,0,in range
GRID_15362,-85.16,166.886,119302.3,-512104.2,TAM,c,0.63,0.4326,0,in range
GRID_15363,-85.158,166.78,120299.3,-512094.4,TAM,c,-0.788,0.3344,0,in range
GRID_15364,-85.156,166.674,121296.6,-512082.7,TAM,c,0.168,0.4362,0,in range
GRID_15365,-85.154,166.569,122285.4,-512071.1,TAM,c,0.648,0.6981,0,in range
GRID_15366,-85.147,166.252,125297.6,-512126.4,TAM,c,-0.989,0.5391,0,in range
GRID_15367,-85.145,166.146,126296.9,-512104.9,TAM,c,1.017,0.4425,0,in range
GRID_15368,-85.175,167.181,116302.0,-511120.8,TAM,c,0.52,0.256,0,in range
GRID_15369,-85.173,167.074,117305.0,-511114.7,TAM,c,1.518,0.4271,0,in range
GRID_15370,-85.171,166.968,118299.5,-511108.8,TAM,c,1.34,0.3683,0,in range
GRID_15371,-85.169,166.862,119294.3,-511100.9,TAM,c,0.752,0.247,0,in range
GRID_15372,-85.167,166.755,120298.4,-511089.0,TAM,c,0.022,0.5774,0,in range
GRID_15373,-85.165,166.649,121294.0,-511077.2,TAM,c,0.448,0.4936,0,in range
GRID_15374,-85.163,166.543,122289.9,-511063.5,TAM,c,0.833,0.4323,0,in range
GRID_15375,-85.158,166.332,124299.7,-511138.2,TAM,c,0.37,0.5406,0,in range
GRID_15376,-85.19,167.477,113306.2,-510122.0,TAM,c,-0.271,0.349,0,in range
GRID_15377,-85.188,167.37,114306.2,-510121.8,TAM,c,0.697,0.3179,0,in range
GRID_15378,-85.186,167.263,115306.6,-510119.6,TAM,c,1.12,0.5425,0,in range
GRID_15379,-85.184,167.156,116307.4,-510115.5,TAM,c,1.197,0.3718,0,in range
GRID_15380,-85.182,167.05,117299.7,-510111.5,TAM,c,0.705,0.3203,0,in range
GRID_15381,-85.18,166.943,118301.3,-510103.4,TAM,c,0.942,0.3196,0,in range
GRID_15382,-85.178,166.837,119294.4,-510095.5,TAM,c,1.012,0.362,0,in range
GRID_15383,-85.176,166.73,120296.7,-510083.6,TAM,c,1.186,0.3984,0,in range
GRID_15384,-85.174,166.624,121290.5,-510071.8,TAM,c,1.423,0.262,0,in range
GRID_15385,-85.172,166.518,122284.7,-510058.1,TAM,c,-0.938,0.672,0,in range
GRID_15386,-85.199,167.453,113307.2,-509118.9,TAM,c,0.036,0.4646,0,in range
GRID_15387,-85.197,167.346,114305.4,-509118.7,TAM,c,0.736,0.3148,0,in range
GRID_15388,-85.195,167.239,115304.1,-509116.5,TAM,c,0.361,0.3772,0,in range
GRID_15389,-85.193,167.132,116303.1,-509112.4,TAM,c,1.559,0.4386,0,in range
GRID_15390,-85.191,167.025,117302.5,-509106.3,TAM,c,1.775,0.4286,0,in range
GRID_15391,-85.189,166.919,118293.4,-509100.3,TAM,d,-0.546,0.4457,0,in range
GRID_15392,-85.187,166.812,119293.6,-509090.3,TAM,c,0.218,0.5947,0,in range
GRID_15393,-85.185,166.705,120294.1,-509078.4,TAM,c,3.093,0.3822,1,coast
GRID_15394,-85.183,166.599,121286.1,-509066.6,TAM,c,-0.116,0.4863,1,coast
GRID_15395,-85.181,166.492,122287.4,-509050.7,TAM,c,0.394,0.6944,1,coast
GRID_15396,-85.208,167.429,113307.4,-508116.0,TAM,c,-0.006,0.3939,0,in range
GRID_15397,-85.206,167.322,114303.8,-508115.7,TAM,c,0.253,0.2827,0,in range
GRID_15398,-85.204,167.215,115300.7,-508113.5,TAM,c,1.548,0.6083,0,in range
GRID_15399,-85.202,167.108,116297.9,-508109.4,TAM,c,0.563,0.3967,0,in range
GRID_15400,-85.2,167.001,117295.5,-508103.3,TAM,c,1.136,0.4018,0,in range
GRID_15401,-85.198,166.894,118293.5,-508095.2,TAM,c,0.229,0.7149,0,in range
GRID_15402,-85.196,166.787,119291.9,-508085.2,TAM,c,1.306,0.3935,1,coast
GRID_15403,-85.194,166.68,120290.7,-508073.2,TAM,c,1.243,0.6076,1,coast
GRID_15404,-85.192,166.573,121289.8,-508059.3,TAM,c,1.606,0.5691,1,coast
GRID_15405,-85.19,166.467,122280.5,-508045.5,TAM,c,1.696,0.4815,1,coast
GRID_15406,-85.217,167.405,113306.7,-507113.1,TAM,c,-0.369,0.4272,0,in range
GRID_15407,-85.215,167.298,114301.4,-507112.8,TAM,c,0.197,0.4892,0,in range
GRID_15408,-85.213,167.19,115305.3,-507108.6,TAM,c,1.118,0.5411,0,in range
GRID_15409,-85.211,167.083,116300.8,-507104.4,TAM,c,1.139,0.4957,0,in range
GRID_15410,-85.209,166.976,117296.6,-507098.3,TAM,c,1.345,0.7405,0,in range
GRID_15411,-85.207,166.869,118292.8,-507090.2,TAM,c,0.287,0.6946,1,coast
GRID_15412,-85.205,166.762,119289.4,-507080.2,TAM,c,0.217,0.7632,1,coast
GRID_15413,-85.203,166.655,120286.4,-507068.2,TAM,c,1.096,0.7348,1,coast
GRID_15414,-85.201,166.548,121283.8,-507054.2,TAM,c,1.429,0.6089,1,coast
GRID_15415,-85.199,166.441,122281.5,-507038.3,TAM,c,1.12,0.3551,1,coast
GRID_15416,-85.23,167.597,111303.0,-506108.9,TAM,c,0.283,0.1814,0,in range
GRID_15417,-85.228,167.489,112304.0,-506110.6,TAM,c,0.081,0.4062,0,in range
GRID_15418,-85.226,167.381,113305.3,-506110.3,TAM,c,-0.013,0.4741,0,in range
GRID_15419,-85.224,167.274,114298.2,-506110.0,TAM,c,1.568,0.7414,0,in range
GRID_15420,-85.222,167.166,115300.3,-506105.8,TAM,c,0.211,0.4044,0,in range
GRID_15421,-85.22,167.058,116302.8,-506099.5,TAM,c,0.226,0.6719,0,in range
GRID_15422,-85.218,166.951,117296.8,-506093.4,TAM,c,1.032,0.5024,1,coast
GRID_15423,-85.216,166.844,118291.3,-506085.3,TAM,c,0.886,0.5013,1,coast
GRID_15424,-85.214,166.736,119294.9,-506073.1,TAM,c,0.501,0.6505,1,coast
GRID_15425,-85.212,166.629,120290.1,-506061.1,TAM,c,1.572,0.6743,1,coast
GRID_15426,-85.21,166.522,121285.7,-506047.2,TAM,c,0.904,0.7034,1,coast
GRID_15427,-85.207,166.415,122307.2,-506136.9,TAM,d,0.547,0.5929,1,coast
GRID_15428,-85.205,166.309,123294.8,-506121.2,TAM,c,0.62,0.6556,1,coast
GRID_15429,-85.241,167.681,110305.7,-505102.7,TAM,c,0.434,0.4029,1,temp
GRID_15430,-85.239,167.573,111304.4,-505106.3,TAM,c,-0.102,0.2723,1,temp
GRID_15431,-85.237,167.465,112303.5,-505107.9,TAM,c,0.035,0.7034,1,temp
GRID_15432,-85.235,167.357,113303.0,-505107.6,TAM,c,0.475,0.4132,1,temp
GRID_15433,-85.233,167.249,114302.9,-505105.3,TAM,c,0.711,0.4904,1,temp
GRID_15434,-85.231,167.141,115303.2,-505101.0,TAM,c,-0.148,0.7908,1,temp
GRID_15435,-85.229,167.034,116295.1,-505096.8,TAM,d,2.709,0.899,1,"temp, coast"
GRID_15436,-85.227,166.926,117296.2,-505088.6,TAM,s,-0.395,0.4085,1,"temp, coast, slope"
GRID_15437,-85.225,166.819,118288.9,-505080.5,TAM,c,0.441,0.6343,1,"temp, coast"
GRID_15438,-85.223,166.711,119290.7,-505068.3,TAM,c,0.686,0.9047,1,"temp, coast"
GRID_15439,-85.219,166.497,121277.9,-505042.3,TAM,c,1.303,0.7037,1,"temp, coast"
GRID_15440,-85.216,166.389,122306.5,-505130.0,TAM,c,1.936,1.1917,1,"temp, coast"
GRID_15441,-85.214,166.282,123301.2,-505112.0,TAM,c,0.084,0.5576,1,"temp, coast"
GRID_15442,-85.25,167.658,110299.2,-504102.1,TAM,c,0.336,0.651,1,temp
GRID_15443,-85.248,167.549,111304.9,-504103.7,TAM,d,-0.704,0.4814,1,temp
GRID_15444,-85.244,167.333,113299.9,-504105.0,TAM,c,0.226,0.7004,1,temp
GRID_15445,-85.238,167.009,116295.4,-504092.2,TAM,d,0.532,0.7756,1,"elev, temp, coast"
GRID_15446,-85.236,166.901,117294.7,-504083.9,TAM,d,0.659,1.0925,1,"elev, temp, coast"
GRID_15447,-85.234,166.793,118294.4,-504073.7,TAM,d,1.197,0.6982,1,"elev, temp, coast"
GRID_15448,-85.232,166.686,119285.6,-504063.6,TAM,c,0.116,0.5426,1,"elev, temp, coast"
GRID_15449,-85.227,166.471,121303.5,-504141.2,TAM,d,0.804,1.2701,1,"elev, temp, coast"
GRID_15450,-85.223,166.256,123297.8,-504105.1,TAM,d,1.551,0.6458,1,"temp, coast"
GRID_15451,-85.259,167.634,110300.7,-503099.6,TAM,d,1.791,0.7913,1,temp
GRID_15452,-85.257,167.525,111304.6,-503101.3,TAM,d,-0.529,0.479,1,temp
GRID_15453,-85.255,167.417,112300.1,-503102.9,TAM,d,0.263,0.4557,1,temp
GRID_15454,-85.253,167.308,113304.8,-503100.5,TAM,d,-0.242,1.1039,1,temp
GRID_15455,-85.251,167.2,114301.1,-503098.2,TAM,d,1.316,0.9664,1,"temp, coast"
GRID_15456,-85.249,167.092,115297.8,-503093.9,TAM,s,-1.005,0.601,1,"temp, coast"
GRID_15457,-85.241,166.66,119288.5,-503056.9,TAM,d,1.476,0.9271,1,"elev, temp, coast"
GRID_15458,-85.239,166.553,120278.3,-503044.9,TAM,d,2.312,1.4814,1,"elev, temp, coast"
GRID_15459,-85.236,166.445,121302.8,-503134.5,TAM,d,2.347,1.6214,1,"temp, coast"
GRID_15460,-85.258,167.067,115298.2,-502089.5,TAM,s,-0.587,0.863,1,"temp, coast"
GRID_15461,-85.252,166.743,118285.3,-502064.7,TAM,d,0.014,1.0069,1,"elev, temp, coast"
GRID_15462,-85.25,166.635,119281.7,-502052.5,TAM,d,1.192,0.9291,1,"elev, temp, coast"
GRID_15463,-85.247,166.527,120303.9,-502144.0,TAM,d,0.511,1.2173,1,"elev, temp, coast"
GRID_15464,-85.245,166.419,121301.3,-502127.8,TAM,d,1.188,0.8615,1,"temp, coast"
GRID_15465,-85.267,167.042,115297.8,-501085.2,TAM,d,2.478,1.9571,1,"temp, coast"
GRID_15466,-85.256,166.501,120303.2,-501137.5,TAM,d,3.167,0.8716,1,"temp, coast"
GRID_15467,-85.278,167.126,114296.5,-500087.3,TAM,d,-0.085,1.1171,1,"temp, coast"
GRID_15468,-85.276,167.017,115296.5,-500080.9,TAM,d,0.888,1.6933,1,"temp, coast"
GRID_15469,-84.27,167.546,134280.5,-608010.1,TAM,d,-2.881,0.3157,1,elev
GRID_15470,-84.331,167.315,135272.7,-600985.8,TAM,s,-3.073,0.443,1,elev
GRID_15471,-84.339,167.294,135301.4,-600086.7,TAM,s,-1.936,0.8142,1,elev
GRID_15472,-85.322,167.465,110297.0,-496083.3,TAM,d,0.575,1.2398,1,"temp, coast"
GRID_15473,-85.32,167.355,111296.8,-496082.9,TAM,c,0.134,0.8265,1,"temp, coast"
GRID_15474,-85.331,167.44,110300.6,-495079.7,TAM,d,0.893,0.8087,1,"temp, coast"
GRID_15475,-85.329,167.33,111298.6,-495079.3,TAM,d,0.692,0.8782,1,"temp, coast"
GRID_15476,-85.327,167.22,112297.0,-495076.8,TAM,d,-0.118,1.0383,1,"temp, coast"
GRID_15477,-85.325,167.11,113295.8,-495072.3,TAM,s,-0.556,0.4982,1,"temp, coast"
GRID_15478,-85.336,167.195,112296.0,-494073.3,TAM,c,1.679,0.8927,1,"temp, coast"
GRID_15479,-85.332,166.975,114290.4,-494062.3,TAM,s,-1.032,0.6716,1,"temp, coast"
GRID_15480,-85.35,166.924,114287.2,-492053.4,TAM,c,0.716,0.7142,1,"temp, coast"
GRID_15481,-85.367,167.341,110297.8,-491068.2,TAM,s,-0.89,0.779,1,"temp, coast"
GRID_15482,-85.365,167.231,111288.5,-491067.7,TAM,d,0.374,0.946,1,"temp, coast"
GRID_15483,-85.363,167.12,112288.1,-491063.2,TAM,d,1.261,0.8524,1,"temp, coast"
GRID_15484,-85.359,166.898,114288.6,-491048.2,TAM,s,-0.214,0.7621,1,"temp, coast"
GRID_15485,-85.378,167.428,109291.6,-490067.5,TAM,s,0.808,1.1436,1,"temp, coast"
GRID_15486,-85.376,167.317,110288.6,-490067.1,TAM,c,0.771,0.8097,1,"temp, coast"
GRID_15487,-85.372,167.094,112292.3,-490058.1,TAM,d,0.986,1.8133,1,"elev, temp, coast"
GRID_15488,-85.367,166.873,114305.2,-490150.9,TAM,d,3.028,0.9767,1,"elev, temp, coast"
GRID_15489,-83.052,164.547,201255.1,-728020.8,TAM,s,-3.487,0.4738,0,in range
GRID_15490,-83.071,164.819,197254.4,-726969.5,TAM,s,-2.776,0.7753,0,in range
GRID_15491,-83.069,164.746,198237.8,-726927.9,TAM,s,-3.408,0.5923,0,in range
GRID_15492,-83.066,164.673,199250.3,-726990.1,TAM,s,-3.077,0.6505,0,in range
GRID_15493,-83.064,164.6,200234.2,-726945.8,TAM,s,-2.144,0.9858,0,in range
GRID_15494,-83.084,164.632,199250.5,-724955.7,TAM,s,-3.205,0.5624,0,in range
GRID_15495,-83.095,164.686,198250.6,-723986.9,TAM,s,-3.526,0.8644,0,in range
GRID_15496,-83.093,164.612,199243.3,-723940.4,TAM,s,-2.17,1.0457,0,in range
GRID_15497,-83.09,164.539,200252.7,-724001.1,TAM,s,-3.244,0.8977,0,in range
GRID_15498,-83.088,163.911,208236.4,-721972.2,TAM,s,-3.667,0.2589,0,in range
GRID_15499,-82.982,164.16,208250.3,-733984.7,TAM,s,-4.041,0.4748,0,in range
GRID_15500,-82.98,164.088,209232.2,-733932.0,TAM,s,-2.282,0.9438,0,in range
GRID_15501,-82.977,164.016,210244.4,-733982.9,TAM,s,-4.767,0.2776,0,in range
GRID_15502,-82.995,163.974,210240.7,-731942.9,TAM,s,-4.18,0.4661,0,in range
GRID_15503,-83.017,164.078,208254.0,-730017.4,TAM,s,-5.253,0.5041,0,in range
GRID_15504,-83.024,163.985,209228.2,-728945.1,TAM,s,-3.412,0.4668,0,in range
GRID_15505,-83.041,163.943,209250.0,-727010.9,TAM,s,-3.386,0.7251,0,in range
GRID_15506,-82.85,165.605,193252.0,-752939.8,TAM,w,-2.908,0.4283,0,in range
GRID_15507,-82.876,165.55,193267.5,-750009.3,TAM,w,-3.32,0.6519,0,in range
GRID_15508,-83.115,164.719,197259.1,-721998.4,TAM,s,-3.316,0.5903,0,in range
GRID_15509,-83.122,164.625,198241.1,-720938.2,TAM,s,-3.376,0.6829,0,in range
GRID_15510,-83.119,164.551,199259.1,-720996.7,TAM,s,-3.573,0.3983,0,in range
GRID_15511,-83.133,164.679,197244.8,-719968.6,TAM,s,-3.143,0.8678,0,in range
GRID_15512,-83.13,164.605,198261.3,-720028.4,TAM,s,-1.846,1.2654,0,in range
GRID_15513,-83.076,165.28,191260.4,-728006.0,TAM,s,-4.663,0.2941,0,in range
GRID_15514,-83.074,165.206,192256.2,-727969.2,TAM,s,-4.206,0.3935,0,in range
GRID_15515,-83.067,164.986,195247.6,-727962.4,TAM,s,-3.631,0.4441,0,in range
GRID_15516,-83.064,164.913,196260.0,-728028.8,TAM,s,-2.944,0.7347,0,in range
GRID_15517,-83.062,164.839,197257.2,-727985.1,TAM,c,-3.476,0.6725,0,in range
GRID_15518,-83.083,165.187,192246.8,-726957.1,TAM,s,-3.279,0.4519,0,in range
GRID_15519,-83.078,165.04,194252.0,-726987.9,TAM,s,-3.708,0.6933,0,in range
GRID_15520,-83.076,164.966,195247.3,-726946.9,TAM,s,-3.701,0.5087,0,in range
GRID_15521,-83.073,164.893,196258.5,-727013.2,TAM,s,-3.29,0.4805,0,in range
GRID_15522,-83.098,165.074,193259.1,-724996.9,TAM,s,-3.884,0.5162,0,in range
GRID_15523,-83.105,164.981,194237.9,-723945.4,TAM,s,-2.555,0.5986,0,in range
GRID_15524,-83.102,164.907,195257.9,-724009.6,TAM,s,-3.89,0.5686,0,in range
GRID_15525,-83.1,164.833,196249.9,-723967.2,TAM,s,-3.169,0.614,0,in range
GRID_15526,-82.668,165.823,195245.6,-772907.8,TAM,g,-4.235,0.6694,0,in range
GRID_15527,-82.674,165.736,196257.8,-771976.4,TAM,w,-3.959,0.7014,0,in range
GRID_15528,-82.683,165.718,196258.3,-770963.7,TAM,w,-4.204,0.5815,0,in range
GRID_15529,-82.69,165.631,197239.3,-769925.5,TAM,w,-3.988,0.3823,0,in range
GRID_15530,-82.701,165.385,200240.5,-767911.0,TAM,w,-4.819,0.4801,0,in range
GRID_15531,-82.725,165.559,197255.0,-765981.5,TAM,w,-3.448,0.6276,0,in range
GRID_15532,-82.721,165.419,199235.8,-765919.3,TAM,w,-4.078,0.3685,0,in range
GRID_15533,-82.741,165.452,198246.9,-763923.3,TAM,w,-3.047,0.4258,0,in range
GRID_15534,-82.751,164.905,205247.0,-760943.2,TAM,w,-4.518,0.2828,0,in range
GRID_15535,-82.918,164.231,209236.4,-740955.7,TAM,s,-5.109,0.3067,0,in range
GRID_15536,-82.915,164.159,210256.6,-741006.8,TAM,s,-4.726,0.5289,0,in range
GRID_15537,-82.929,164.282,208252.0,-739987.5,TAM,s,-4.715,0.0907,0,in range
GRID_15538,-82.933,164.118,210249.9,-738969.0,TAM,s,-4.66,0.3283,0,in range
GRID_15539,-82.949,164.314,207249.2,-738004.8,TAM,s,-4.783,0.1281,0,in range
GRID_15540,-82.947,164.242,208235.7,-737953.6,TAM,s,-3.511,0.4416,0,in range
GRID_15541,-82.944,164.17,209252.0,-738005.9,TAM,s,-4.631,0.3834,0,in range
GRID_15542,-82.964,164.201,208259.2,-736021.4,TAM,s,-2.429,0.8116,0,in range
GRID_15543,-82.962,164.129,209243.5,-735968.8,TAM,s,-3.926,0.416,0,in range
GRID_15544,-83.018,165.249,193263.9,-734015.5,TAM,s,-3.642,0.6114,0,in range
GRID_15545,-83.093,164.927,195260.2,-725024.9,TAM,s,-3.386,0.2817,0,in range
GRID_15546,-82.406,164.819,216240.8,-796942.9,TAM,w,-4.142,0.6637,0,in range
GRID_15547,-82.515,164.956,211249.0,-785977.2,TAM,w,-4.723,0.5534,0,in range
GRID_15548,-82.522,164.869,212243.0,-784918.6,TAM,w,-2.457,0.7704,0,in range
GRID_15549,-82.643,165.945,194261.5,-775966.1,TAM,g,-3.046,0.3302,0,in range
GRID_15550,-82.641,165.581,199241.5,-774927.6,TAM,w,-4.091,0.597,0,in range
GRID_15551,-82.65,165.563,199240.3,-773914.6,TAM,w,-4.482,0.6613,0,in range
GRID_15552,-82.661,165.615,198239.9,-772933.3,TAM,w,-5.07,0.3851,0,in range
GRID_15553,-82.658,165.545,199265.7,-773007.2,TAM,w,-4.238,0.4539,0,in range
GRID_15554,-82.685,166.085,191263.5,-771993.3,TAM,w,-4.059,0.3338,0,in range
GRID_15555,-82.703,166.05,191262.0,-769971.7,TAM,w,-4.307,0.3887,0,in range
GRID_15556,-82.705,165.822,194271.0,-768993.0,TAM,w,-4.353,0.3654,0,in range
GRID_15557,-82.723,165.787,194258.9,-766971.7,TAM,w,-4.176,0.4469,0,in range
GRID_15558,-82.743,166.121,189261.5,-765974.2,TAM,w,-4.964,0.4987,0,in range
GRID_15559,-82.752,166.104,189253.2,-764965.5,TAM,w,-4.686,0.2835,0,in range
GRID_15560,-82.765,166.227,187273.1,-763993.5,TAM,w,-4.431,0.4709,0,in range
GRID_15561,-82.772,166.139,188263.4,-762964.0,TAM,w,-4.158,0.4069,0,in range
GRID_15562,-82.761,165.786,193254.9,-762952.2,TAM,w,-3.631,0.4842,0,in range
GRID_15563,-82.779,166.051,189251.1,-761933.3,TAM,w,-5.281,0.3873,0,in range
GRID_15564,-82.785,165.963,190262.5,-761007.1,TAM,w,-3.596,0.7069,0,in range
GRID_15565,-82.797,166.016,189242.3,-759913.3,TAM,w,-3.893,0.5363,0,in range
GRID_15566,-82.794,165.945,190263.2,-759995.5,TAM,w,-4.302,0.3981,0,in range
GRID_15567,-82.799,165.785,192250.9,-758932.8,TAM,w,-3.302,0.6512,0,in range
GRID_15568,-82.825,166.336,184274.1,-757992.2,TAM,w,-3.993,0.3193,0,in range
GRID_15569,-82.81,165.838,191255.4,-757947.5,TAM,w,-4.359,0.2842,0,in range
GRID_15570,-82.823,165.963,189257.6,-756988.1,TAM,w,-3.773,0.4682,0,in range
GRID_15571,-82.832,165.945,189257.2,-755976.8,TAM,w,-4.108,0.27,0,in range
GRID_15572,-82.843,165.998,188267.6,-754988.0,TAM,w,-3.664,0.5437,0,in range
GRID_15573,-82.841,165.927,189256.1,-754965.6,TAM,w,-3.851,0.3055,0,in range
GRID_15574,-82.827,165.5,195259.3,-755011.8,TAM,w,-3.939,0.3201,0,in range
GRID_15575,-82.865,166.41,182270.4,-753991.1,TAM,w,-4.026,0.4644,0,in range
GRID_15576,-82.863,166.338,183269.2,-753973.3,TAM,w,-3.699,0.5004,0,in range
GRID_15577,-82.852,165.98,188267.1,-753976.9,TAM,w,-3.902,0.5023,0,in range
GRID_15578,-82.836,165.481,195263.7,-753997.2,TAM,w,-3.946,0.4785,0,in range
GRID_15579,-82.861,165.963,188252.9,-752969.2,TAM,w,-4.062,0.5876,1,slope
GRID_15580,-82.859,165.891,189252.1,-752943.5,TAM,w,-4.255,0.3861,0,in range
GRID_15581,-82.87,165.945,188251.1,-751958.3,TAM,w,-4.314,0.4703,1,slope
GRID_15582,-82.863,165.73,191259.6,-751986.1,TAM,w,-4.006,0.4621,0,in range
GRID_15583,-82.87,165.64,192251.3,-750945.6,TAM,w,-3.497,0.6532,1,elev
GRID_15584,-82.885,165.837,189268.1,-750016.7,TAM,w,-3.616,0.6022,0,in range
GRID_15585,-82.879,165.622,192243.6,-749934.8,TAM,w,-3.201,0.5734,1,elev
GRID_15586,-82.86,165.05,200255.0,-749979.3,TAM,w,-3.484,0.5022,0,in range
GRID_15587,-82.897,165.891,188242.3,-748926.1,TAM,w,-3.696,0.6139,0,in range
GRID_15588,-82.901,165.729,190251.6,-747968.3,TAM,w,-3.563,0.57,1,elev
GRID_15589,-82.899,165.657,191245.4,-747939.8,TAM,w,-2.85,0.4792,1,elev
GRID_15590,-82.896,165.585,192266.5,-748015.6,TAM,w,-3.686,0.6748,0,in range
GRID_15591,-82.914,165.854,188273.0,-747007.4,TAM,w,-3.952,0.5595,0,in range
GRID_15592,-82.923,165.836,188267.6,-745997.0,TAM,w,-3.771,0.571,1,elev
GRID_15593,-82.93,165.746,189251.3,-744960.9,TAM,w,-3.348,0.7287,1,elev
GRID_15594,-82.939,165.727,189256.5,-743947.3,TAM,w,-3.639,0.8024,1,elev
GRID_15595,-82.943,165.564,191263.5,-742983.6,TAM,w,-3.284,0.3749,0,in range
GRID_15596,-82.963,165.908,186268.4,-742004.2,TAM,w,-3.803,0.6009,1,elev
GRID_15597,-82.961,165.835,187267.0,-741977.6,TAM,w,-3.324,0.749,1,elev
GRID_15598,-82.97,165.817,187259.7,-740967.6,TAM,w,-3.709,0.6877,1,elev
GRID_15599,-82.968,165.745,188244.4,-740943.0,TAM,w,-3.745,0.6608,0,in range
GRID_15600,-83.01,165.889,185265.5,-736974.1,TAM,w,-3.455,0.6723,0,in range
GRID_15601,-83.019,165.871,185257.6,-735964.6,TAM,w,-3.45,0.6353,0,in range
GRID_15602,-83.032,165.999,183270.2,-735001.8,TAM,w,-3.607,0.5993,1,elev
GRID_15603,-83.03,165.926,184259.5,-734979.1,TAM,w,-2.929,0.5624,1,slope
GRID_15604,-83.041,165.981,183263.4,-733992.5,TAM,w,-0.738,0.6301,1,elev
GRID_15605,-83.05,165.963,183256.1,-732983.3,TAM,w,-3.48,0.6832,0,in range
GRID_15606,-83.034,165.449,190262.3,-732997.7,TAM,s,-3.867,0.4471,0,in range
GRID_15607,-83.061,166.018,182262.7,-731995.5,TAM,w,-3.322,0.7038,0,in range
GRID_15608,-83.059,165.944,183260.9,-731970.9,TAM,w,-3.854,0.5354,0,in range
GRID_15609,-83.057,165.871,184246.6,-731948.2,TAM,w,-3.347,0.3067,0,in range
GRID_15610,-83.135,164.753,196257.4,-720012.4,TAM,s,-3.707,0.663,0,in range
GRID_15611,-83.158,165.178,190270.1,-719025.3,TAM,s,-3.227,0.3342,0,in range
GRID_15612,-84.321,166.48,144270.9,-600009.0,TAM,b,-1.1,1.2741,1,"elev, litho"
GRID_15613,-84.334,166.639,142278.3,-599030.3,TAM,s,-2.887,0.56,1,elev
GRID_15614,-84.325,166.278,146282.1,-599073.7,TAM,b,-1.337,1.1236,1,"elev, litho"
GRID_15615,-84.323,166.187,147285.4,-599052.0,TAM,s,-2.626,0.644,1,elev
GRID_15616,-84.355,167.162,136296.6,-598075.4,TAM,s,-2.699,0.5735,1,elev
GRID_15617,-84.341,166.527,143271.5,-598010.1,TAM,b,-1.536,1.1623,1,"elev, litho"
GRID_15618,-84.339,166.436,144272.2,-597993.4,TAM,b,-0.863,0.9217,1,"elev, litho"
GRID_15619,-84.35,166.505,143272.5,-597002.4,TAM,b,-0.288,1.9014,1,"elev, litho"
GRID_15620,-84.348,166.414,144271.6,-596985.7,TAM,b,-0.033,2.0975,1,"elev, litho"
GRID_15623,-84.359,166.098,147274.3,-595018.7,TAM,b,-1.214,1.1324,1,"elev, litho"
GRID_15624,-84.381,166.622,141272.4,-594011.1,TAM,d,-1.952,0.5704,1,elev
GRID_15625,-84.394,166.395,143291.8,-592071.4,TAM,d,-2.197,0.3965,1,elev
GRID_15626,-84.392,166.304,144283.6,-592054.6,TAM,d,-3.098,0.2902,0,in range
GRID_15627,-84.428,166.604,140273.8,-588990.2,TAM,s,-2.71,0.62,0,in range
GRID_15628,-84.425,166.512,141295.5,-589081.8,TAM,s,-2.118,0.749,1,elev
GRID_15629,-84.452,166.446,141285.3,-586061.8,TAM,s,-1.381,0.464,0,in range
GRID_15630,-84.476,166.679,138299.0,-584089.7,TAM,d,-1.316,0.5569,1,elev
GRID_15631,-84.49,166.844,136269.6,-583001.8,TAM,s,-2.296,0.5987,0,in range
GRID_15632,-84.487,166.75,137300.7,-583095.3,TAM,s,-0.959,0.5151,1,elev
GRID_15633,-84.528,166.453,139276.2,-578037.8,TAM,s,-2.081,0.8469,0,in range
GRID_15634,-84.539,166.524,138280.8,-577045.7,TAM,c,-2.412,0.714,0,in range
GRID_15635,-84.537,166.43,139278.4,-577029.7,TAM,d,-2.051,0.5276,0,in range
GRID_15636,-84.548,166.501,138283.8,-576037.8,TAM,c,-1.97,0.8002,0,in range
GRID_15637,-84.546,166.407,139279.8,-576021.7,TAM,d,-2.031,0.5538,0,in range
GRID_15638,-84.568,166.15,141289.0,-573066.6,TAM,s,-1.031,0.6798,0,in range
GRID_15639,-83.114,163.847,208254.4,-719017.4,TAM,s,-3.92,0.3456,0,in range
GRID_15640,-83.126,163.899,207239.1,-717949.7,TAM,s,-3.229,0.5149,0,in range
GRID_15641,-83.021,163.912,210247.4,-728992.1,TAM,s,-3.033,0.8787,0,in range
GRID_15642,-83.048,163.849,210230.2,-725933.8,TAM,s,-4.847,0.5039,0,in range
GRID_15643,-84.319,166.39,145264.5,-599993.2,TAM,b,-0.765,1.3525,1,"elev, litho"
GRID_15644,-84.316,166.3,146284.1,-600081.6,TAM,b,-1.212,1.1168,1,"elev, litho"
GRID_15645,-84.328,166.368,145264.0,-598985.3,TAM,b,0.471,1.2627,1,"elev, litho"
GRID_15646,-83.142,164.658,197249.1,-718950.4,TAM,s,-3.587,0.5051,0,in range
GRID_15647,-83.139,164.584,198264.4,-719010.2,TAM,s,-3.089,0.5814,0,in range
GRID_15648,-83.151,164.638,197240.3,-717935.7,TAM,s,-3.64,0.5181,0,in range
GRID_15649,-83.148,164.564,198254.4,-717995.5,TAM,s,-3.021,0.7141,0,in range
GRID_15650,-83.157,163.983,205254.1,-715005.5,TAM,s,-0.912,0.9897,0,in range
GRID_15651,-82.878,166.537,180268.7,-753015.1,TAM,w,-3.613,0.4209,0,in range
GRID_15652,-82.94,167.03,172266.0,-747952.3,TAM,w,-3.725,0.4481,0,in range
GRID_15653,-82.934,166.812,175259.7,-747928.3,TAM,w,-3.674,0.7031,0,in range
GRID_15654,-82.925,166.522,179271.7,-747985.6,TAM,w,-4.287,0.4884,0,in range
GRID_15655,-82.943,166.795,175257.5,-746921.1,TAM,w,-3.349,0.5107,0,in range
GRID_15656,-82.982,167.182,169265.5,-743942.8,TAM,g,-3.331,0.293,0,in range
GRID_15657,-82.991,167.165,169268.3,-742936.1,TAM,g,-2.605,0.5787,0,in range
GRID_15658,-82.987,167.019,171258.8,-742927.2,TAM,g,-3.929,0.3857,0,in range
GRID_15659,-83.004,167.296,167257.6,-741938.9,TAM,g,-3.826,0.3734,0,in range
GRID_15660,-82.998,167.075,170264.4,-741925.6,TAM,g,-3.335,0.7713,1,slope
GRID_15661,-82.996,167.002,171258.6,-741920.5,TAM,g,-3.348,0.6482,0,in range
GRID_15662,-83.015,167.353,166256.9,-740935.1,TAM,w,-3.676,0.3991,0,in range
GRID_15663,-83.009,167.132,169259.2,-740925.8,TAM,g,-3.684,0.3566,0,in range
GRID_15664,-83.022,167.262,167265.2,-739925.9,TAM,g,-3.742,0.4402,1,slope
GRID_15665,-83.02,167.189,168256.2,-739924.8,TAM,g,-3.561,0.4047,0,in range
GRID_15666,-83.031,167.246,167255.3,-738922.5,TAM,g,-3.698,0.4092,0,in range
GRID_15667,-83.04,167.229,167257.7,-737916.1,TAM,g,-4.421,0.478,0,in range
GRID_15668,-83.019,166.493,177257.2,-737932.3,TAM,w,-3.493,0.6308,0,in range
GRID_15669,-83.067,166.865,171273.6,-733973.0,TAM,w,-3.617,0.6293,0,in range
GRID_15670,-83.072,166.073,181271.4,-731006.5,TAM,w,-4.054,0.6458,0,in range
GRID_15671,-82.807,166.673,180264.9,-760972.5,TAM,w,-4.571,0.349,0,in range
GRID_15672,-82.816,166.656,180264.3,-759964.3,TAM,w,-4.527,0.312,0,in range
GRID_15673,-83.066,167.879,158280.7,-736995.6,TAM,w,-3.231,0.4055,0,in range
GRID_15674,-84.276,166.967,140270.5,-605985.8,TAM,d,-2.28,0.5532,1,elev
GRID_15675,-84.309,167.175,137272.3,-602988.5,TAM,d,-2.988,0.4205,1,elev
GRID_15676,-84.32,167.245,136271.2,-601987.9,TAM,s,-3.013,0.6435,1,elev
GRID_15677,-84.329,167.224,136275.2,-600982.5,TAM,s,-2.689,0.8373,1,elev
GRID_15678,-82.401,164.685,218248.1,-796961.0,TAM,w,-5.104,0.4624,0,in range
GRID_15679,-82.391,164.418,222252.6,-796985.9,TAM,w,-4.352,0.4605,0,in range
GRID_15680,-82.389,164.352,223229.3,-796939.4,TAM,w,-4.359,0.8215,0,in range
GRID_15681,-82.405,164.533,220245.3,-795958.7,TAM,w,-3.638,0.5331,0,in range
GRID_15682,-82.413,164.229,224228.2,-793939.2,TAM,w,-4.101,0.6208,0,in range
GRID_15683,-82.408,164.095,226233.8,-793937.1,TAM,w,-4.404,0.7401,0,in range
GRID_15684,-82.405,164.028,227252.1,-793986.6,TAM,w,-4.198,0.7894,0,in range
GRID_15685,-82.414,164.009,227245.0,-792967.5,TAM,w,-4.482,0.5554,0,in range
GRID_15686,-82.412,163.943,228218.6,-792914.9,TAM,w,-3.899,0.8003,0,in range
GRID_15687,-82.423,163.99,227237.2,-791948.6,TAM,w,-4.15,1.105,0,in range
GRID_15688,-82.42,163.923,228253.7,-791996.7,TAM,w,-4.447,0.5356,0,in range
GRID_15689,-82.418,163.857,229226.5,-791942.8,TAM,w,-4.176,0.5311,0,in range
GRID_15690,-82.432,163.971,227228.8,-790929.7,TAM,w,-3.83,0.6634,0,in range
GRID_15691,-82.429,163.904,228244.2,-790977.9,TAM,w,-3.923,0.4887,0,in range
GRID_15692,-82.427,163.837,229229.7,-790919.9,TAM,w,-4.208,0.6211,0,in range
GRID_15693,-82.441,163.952,227219.7,-789911.0,TAM,w,-3.063,0.5617,0,in range
GRID_15694,-82.438,163.885,228234.0,-789959.1,TAM,w,-3.589,0.5131,0,in range
GRID_15695,-82.447,163.865,228237.0,-788936.5,TAM,w,-3.559,0.3349,0,in range
GRID_15696,-85.62,166.721,109285.5,-463068.4,TAM,c,1.283,0.7413,1,"temp, coast"
GRID_15697,-85.643,167.517,102301.3,-462100.2,TAM,d,0.929,0.687,1,"temp, coast"
GRID_15698,-85.657,167.228,104294.3,-460093.6,TAM,d,0.539,1.0994,1,"temp, coast"
GRID_15699,-85.682,167.028,105289.5,-457077.8,TAM,c,0.848,0.7303,1,"temp, coast"
GRID_15700,-84.561,179.964,371.3,-590988.6,TAM,n,-1.822,0.4471,1,litho
GRID_15701,-84.735,179.862,1377.8,-572052.5,TAM,s,0.555,0.9094,0,in range
GRID_15702,-84.772,179.962,376.7,-568028.1,TAM,s,0.686,0.6729,0,in range
GRID_15703,-84.781,179.962,376.1,-567048.8,TAM,s,0.757,0.5789,0,in range
GRID_15704,-84.79,179.962,375.4,-566069.6,TAM,d,0.695,0.6824,0,in range
