model,seed,target,property,scored_in,n_samples,n_unique_samples,r2_model_space,rmse_model_space,r2_native,rmse_native,mae_native,reported_r2,reported_rmse_orig,reported_tier,reported_n_folds,reproduces,tier_reported_basis,tier_native_basis
rf,7,ph_mq,ph_mq,native units,171,171,0.3160438809384464,0.9979991564409103,0.3160438809384464,0.9979991564409103,0.7601634573874949,0.3160438809384465,0.9979991564409104,moderate,28,True,moderate,moderate
rf,7,ph_kcl,ph_kcl,native units,171,171,0.26311196646201496,1.0346335213274216,0.26311196646201496,1.0346335213274216,0.8585809187248684,0.2631119664620149,1.0346335213274216,weak,28,True,weak,weak
rf,7,ph_cacl2,ph_cacl2,native units,171,171,0.11157271288796733,0.9902938777720037,0.11157271288796733,0.9902938777720037,0.8158372799643514,0.1115727128879673,0.9902938777720036,weak,28,True,weak,weak
rf,7,d15n_air_permil,d15n_air_permil,native units,171,171,0.6663076612319861,6.156662037885049,0.6663076612319861,6.156662037885049,4.539629790448344,0.6663076612319861,6.156662037885049,strong,28,True,strong,strong
rf,7,d13c_vpdb_permil,d13c_vpdb_permil,native units,171,171,0.35207303530832945,8.642808178336791,0.35207303530832945,8.642808178336791,6.409627374222595,0.3520730353083294,8.642808178336791,moderate,28,True,moderate,moderate
rf,7,wt_percent_n,wt_percent_n,native units,171,171,0.40793943757743556,0.0717254966453856,0.40793943757743556,0.0717254966453856,0.04138702118788397,0.4079394375774356,0.0717254966453856,moderate,28,True,moderate,moderate
rf,7,wt_percent_c,wt_percent_c,native units,171,171,0.2791415961464889,0.4474709224434012,0.2791415961464889,0.4474709224434012,0.22641681810624203,0.2791415961464889,0.4474709224434012,weak,28,True,weak,weak
rf,7,c_n_ratio,c_n_ratio,native units,171,171,0.3180027069197251,11.987872535561724,0.3180027069197251,11.987872535561724,7.060458431828241,0.318002706919725,11.987872535561726,moderate,28,True,moderate,moderate
rf,7,log_cec_meq_100g,log_cec_meq_100g,log1p,171,171,0.17173826534190162,0.5212998127271943,0.08034062989717494,3.0507377191420257,2.1719368876802476,0.1717382653419016,3.0507377191420257,weak,28,True,weak,weak
rf,7,log_digest_mg_kg_hg1849,log_digest_mg_kg_hg1849,log1p,171,171,-0.1008291600110196,1.2732793786870398,-0.04439969563393653,69.85947396207868,22.82815992213761,-0.1008291600110196,69.85947396207868,unusable,28,True,unusable,unusable
rf,7,log_digest_mg_kg_li6707,log_digest_mg_kg_li6707,log1p,171,171,0.041216541926134886,0.8944943980908509,0.2372228965162635,9.577496402555957,7.392082362095399,0.0412165419261351,9.577496402555957,weak,28,True,weak,weak
rf,7,log_digest_mg_kg_mo2020,log_digest_mg_kg_mo2020,log1p,171,171,0.22160209082967564,0.24892510709049684,0.3514011704614538,0.4219775740200701,0.29801441211933716,0.2216020908296756,0.4219775740200701,weak,28,True,weak,moderate
rf,7,log_digest_mg_kg_p_1774,log_digest_mg_kg_p_1774,log1p,171,171,0.3844332588455406,0.7963745132997904,0.3051610685586823,1732.3622464924247,618.4000188377016,0.3844332588455406,1732.362246492425,moderate,28,True,moderate,moderate
rf,7,log_digest_mg_kg_pb2203,log_digest_mg_kg_pb2203,log1p,171,171,0.19542388488766516,0.7054261240759646,-0.04571550447921946,14.766558511624439,5.489576086971998,0.1954238848876651,14.76655851162444,weak,28,True,weak,unusable
rf,7,log_digest_mg_kg_sb2068,log_digest_mg_kg_sb2068,log1p,171,171,0.035303063656418665,0.17871906896344,0.03332770840537935,0.6403611578956643,0.3154401780337987,0.0353030636564187,0.6403611578956643,weak,28,True,weak,weak
rf,7,log_digest_mg_kg_sn1899,log_digest_mg_kg_sn1899,log1p,171,171,-0.09008284619685103,0.07392706885593552,-0.05112045440287161,0.2568890308134964,0.06467845842464964,-0.0900828461968514,0.2568890308134964,unusable,28,True,unusable,unusable
rf,7,log_digest_mg_kg_sr4077,log_digest_mg_kg_sr4077,log1p,171,171,0.3469387784285367,0.987000272155904,0.26015973339264387,58.3332192533186,34.29701022405615,0.3469387784285367,58.3332192533186,moderate,28,True,moderate,weak
rf,7,log_digest_mg_kg_tl1908,log_digest_mg_kg_tl1908,log1p,171,171,-0.02594051716172885,0.08303273344614338,-0.018835589001263475,0.347085390731337,0.07158728457065104,-0.0259405171617288,0.347085390731337,unusable,28,True,unusable,unusable
rf,7,clr_hr_1_mg_l_f,clr_hr_1_mg_l_f,CLR,171,171,-0.01986667828894939,1.4179464845411713,-0.01986667828894939,1.4179464845411713,1.0038355671817754,-0.0198666782889493,1.4179464845411711,unusable,28,True,unusable,unusable
rf,7,clr_hr_1_mg_l_cl,clr_hr_1_mg_l_cl,CLR,171,171,0.030255631378165893,1.3396863737548503,0.030255631378165893,1.3396863737548503,1.1065715742639046,0.0302556313781658,1.3396863737548503,weak,28,True,weak,weak
rf,7,clr_hr_1_mg_l_no3,clr_hr_1_mg_l_no3,CLR,171,171,0.1669536828976138,1.551622060951108,0.1669536828976138,1.551622060951108,1.1510409957283299,0.1669536828976138,1.551622060951108,weak,28,True,weak,weak
rf,7,clr_hr_1_mg_l_po4,clr_hr_1_mg_l_po4,CLR,171,171,0.29344988491593726,1.483905164848656,0.29344988491593726,1.483905164848656,1.1285513221827195,0.2934498849159372,1.483905164848656,weak,28,True,weak,weak
rf,7,clr_hr_1_mg_l_so4,clr_hr_1_mg_l_so4,CLR,171,171,0.05207403194116611,1.2613808688346952,0.05207403194116611,1.2613808688346952,0.935377284232739,0.0520740319411661,1.2613808688346952,weak,28,True,weak,weak
rf,7,clr_hr_24_mg_l_f,clr_hr_24_mg_l_f,CLR,171,171,0.013535162059973405,1.1750328813181108,0.013535162059973405,1.1750328813181108,0.8858895130369434,0.0135351620599735,1.1750328813181108,weak,28,True,weak,weak
rf,7,clr_hr_24_mg_l_cl,clr_hr_24_mg_l_cl,CLR,171,171,0.11691913821641253,1.075685350949568,0.11691913821641253,1.075685350949568,0.8440609904838428,0.1169191382164125,1.075685350949568,weak,28,True,weak,weak
rf,7,clr_hr_24_mg_l_no3,clr_hr_24_mg_l_no3,CLR,171,171,0.005165886975623923,1.0943852052162593,0.005165886975623923,1.0943852052162593,0.7470993745971435,0.0051658869756238,1.0943852052162593,weak,28,True,weak,weak
rf,7,clr_hr_24_mg_l_po4,clr_hr_24_mg_l_po4,CLR,171,171,0.260063509387778,1.2000726405652653,0.260063509387778,1.2000726405652653,0.8595723285722426,0.260063509387778,1.2000726405652653,weak,28,True,weak,weak
rf,7,clr_hr_24_mg_l_so4,clr_hr_24_mg_l_so4,CLR,171,171,0.10695917313023628,1.2255288642147266,0.10695917313023628,1.2255288642147266,0.8770002067413583,0.1069591731302362,1.2255288642147266,weak,28,True,weak,weak
rf,7,clr_total_mg_l_f,clr_total_mg_l_f,CLR,171,171,-0.014577587999909492,1.398392942899345,-0.014577587999909492,1.398392942899345,1.0908060439123346,-0.0145775879999094,1.398392942899345,unusable,28,True,unusable,unusable
rf,7,clr_total_mg_l_cl,clr_total_mg_l_cl,CLR,171,171,0.09241122161829629,1.3850553575319702,0.09241122161829629,1.3850553575319702,1.1240682862600972,0.0924112216182962,1.3850553575319702,weak,28,True,weak,weak
rf,7,clr_total_mg_l_no3,clr_total_mg_l_no3,CLR,171,171,0.15197483132956835,1.4872794178351152,0.15197483132956835,1.4872794178351152,1.0894552257025962,0.1519748313295683,1.4872794178351152,weak,28,True,weak,weak
rf,7,clr_total_mg_l_po4,clr_total_mg_l_po4,CLR,171,171,0.3597060438485292,1.466485123267738,0.3597060438485292,1.466485123267738,1.1207545587628525,0.3597060438485292,1.466485123267738,moderate,28,True,moderate,moderate
rf,7,clr_total_mg_l_so4,clr_total_mg_l_so4,CLR,171,171,0.05908439636316909,0.9932085917024338,0.05908439636316909,0.9932085917024338,0.7283302583239377,0.0590843963631693,0.9932085917024336,weak,28,True,weak,weak
rf,7,clr_total_mg_l_ca2,clr_total_mg_l_ca2,CLR,171,171,0.2252490218672043,1.0647623978403171,0.2252490218672043,1.0647623978403171,0.8608599336696064,0.2252490218672043,1.0647623978403171,weak,28,True,weak,weak
rf,7,clr_total_mg_l_k,clr_total_mg_l_k,CLR,171,171,0.24852899889611468,1.1334147364363119,0.24852899889611468,1.1334147364363119,0.8559569513060376,0.2485289988961146,1.133414736436312,weak,28,True,weak,weak
rf,7,clr_total_mg_l_mg2,clr_total_mg_l_mg2,CLR,171,171,-0.16653997257475783,0.8835597670074942,-0.16653997257475783,0.8835597670074942,0.6623862200881042,-0.1665399725747578,0.8835597670074942,unusable,28,True,unusable,unusable
rf,7,clr_total_mg_l_na,clr_total_mg_l_na,CLR,171,171,0.12511525159849335,0.8125438392884388,0.12511525159849335,0.8125438392884388,0.6272917610460615,0.1251152515984933,0.8125438392884388,weak,28,True,weak,weak
rf,7,clr_total_mg_l_sr2,clr_total_mg_l_sr2,CLR,171,171,0.15603805948180582,1.3069812023584269,0.15603805948180582,1.3069812023584269,0.9117193403228618,0.1560380594818058,1.3069812023584269,weak,28,True,weak,weak
rf,7,digest_mg_kg_al3082,digest_mg_kg_al3082,native units,171,171,0.17038040738669868,5886.5427043766895,0.17038040738669868,5886.5427043766895,4505.34957827996,0.1703804073866986,5886.5427043766895,weak,28,True,weak,weak
rf,7,digest_mg_kg_as1890,digest_mg_kg_as1890,native units,171,171,-0.08882416230366985,2.604583875521911,-0.08882416230366985,2.604583875521911,1.5621279628655182,-0.0888241623036698,2.604583875521911,unusable,28,True,unusable,unusable
rf,7,digest_mg_kg_b_2496,digest_mg_kg_b_2496,native units,171,171,-0.06187901098870374,20.87615481164332,-0.06187901098870374,20.87615481164332,11.299052969394463,-0.0618790109887037,20.87615481164332,unusable,28,True,unusable,unusable
rf,7,digest_mg_kg_ba4554,digest_mg_kg_ba4554,native units,171,171,0.09195076185716189,28.91370411310853,0.09195076185716189,28.91370411310853,22.600409460602513,0.0919507618571618,28.91370411310853,weak,28,True,weak,weak
rf,7,digest_mg_kg_be3130,digest_mg_kg_be3130,native units,171,171,0.09664908559849583,0.8118339145971811,0.09664908559849583,0.8118339145971811,0.5060732688081209,0.0966490855984959,0.811833914597181,weak,28,True,weak,weak
rf,7,digest_mg_kg_co2286,digest_mg_kg_co2286,native units,171,171,0.2641308929065621,4.7944917920283485,0.2641308929065621,4.7944917920283485,3.1977267646412653,0.2641308929065621,4.7944917920283485,weak,28,True,weak,weak
rf,7,digest_mg_kg_cr2835,digest_mg_kg_cr2835,native units,171,171,0.3328619807142017,10.938061351735362,0.3328619807142017,10.938061351735362,7.980644557872275,0.3328619807142017,10.938061351735362,moderate,28,True,moderate,moderate
rf,7,digest_mg_kg_cu3247,digest_mg_kg_cu3247,native units,171,171,-0.019575084150098565,13.37581212865501,-0.019575084150098565,13.37581212865501,10.702949959888263,-0.0195750841500985,13.37581212865501,unusable,28,True,unusable,unusable
rf,7,digest_mg_kg_fe2599,digest_mg_kg_fe2599,native units,171,171,0.19362312855171726,6634.313944059757,0.19362312855171726,6634.313944059757,5204.661728043621,0.1936231285517172,6634.313944059757,weak,28,True,weak,weak
rf,7,digest_mg_kg_k_7664,digest_mg_kg_k_7664,native units,171,171,0.357507746150164,2333.222891754576,0.357507746150164,2333.222891754576,1616.7793207270847,0.357507746150164,2333.222891754576,moderate,28,True,moderate,moderate
rf,7,digest_mg_kg_mn2576,digest_mg_kg_mn2576,native units,171,171,0.10313806965907302,223.47454514666737,0.10313806965907302,223.47454514666737,126.41320705951222,0.103138069659073,223.47454514666737,weak,28,True,weak,weak
rf,7,digest_mg_kg_ni2316,digest_mg_kg_ni2316,native units,171,171,0.4403486503605696,19.746255627039396,0.4403486503605696,19.746255627039396,10.789764324762062,0.4403486503605697,19.746255627039396,moderate,28,True,moderate,moderate
rf,7,digest_mg_kg_si2516,digest_mg_kg_si2516,native units,171,171,0.09409542402499138,200.07939624697642,0.09409542402499138,200.07939624697642,123.69117834114873,0.0940954240249913,200.0793962469764,weak,28,True,weak,weak
rf,7,digest_mg_kg_ti3349,digest_mg_kg_ti3349,native units,171,171,0.407744501135749,495.39999317985945,0.407744501135749,495.39999317985945,370.7120095747575,0.407744501135749,495.39999317985945,moderate,28,True,moderate,moderate
rf,7,digest_mg_kg_v_2924,digest_mg_kg_v_2924,native units,171,171,0.12079118949414103,18.95231839899306,0.12079118949414103,18.95231839899306,12.614459664242407,0.120791189494141,18.95231839899306,weak,28,True,weak,weak
rf,7,digest_mg_kg_zn2138,digest_mg_kg_zn2138,native units,171,171,0.07419754362596442,31.86023270387182,0.07419754362596442,31.86023270387182,19.369994771872168,0.0741975436259644,31.86023270387182,weak,28,True,weak,weak
rf,7,ec_us_cm,ec_us_cm,native units,171,171,-0.21466802535666152,5407.807228417657,-0.21466802535666152,5407.807228417657,3706.220103842654,-0.2146680253566615,5407.807228417657,unusable,28,True,unusable,unusable
rf,7,log_total_mg_l_cl,total_mg_l_cl,natural log,171,171,0.11974068196181797,1.9018852420240895,-0.08291286141379794,754.1472873688258,301.06262253254823,0.1197406819618179,754.1472873688258,weak,28,True,weak,unusable
rf,7,log_hr_1_mg_l_cl,hr_1_mg_l_cl,natural log,171,171,0.1220935269907516,2.1949520764320547,-0.10724855029130698,706.3268751899366,273.0685010105179,0.1220935269907516,706.3268751899366,weak,28,True,weak,unusable
rf,7,log_hr_24_mg_l_cl,hr_24_mg_l_cl,natural log,171,171,0.16700231233827734,1.6431849251771962,0.008415539043365894,72.30177840378498,40.50403126029712,0.1670023123382773,72.30177840378498,weak,28,True,weak,weak
rf,7,log_total_mg_l_so4,total_mg_l_so4,natural log,171,171,0.1417878494401279,1.8552409728884243,-0.14498629619837788,4487.8679666111275,1819.0129229770364,0.1417878494401279,4487.867966611127,weak,28,True,weak,unusable
rf,7,log_hr_1_mg_l_so4,hr_1_mg_l_so4,natural log,171,171,0.15363033766049083,1.9691918465324032,-0.12194828402598956,3102.9755227026635,1176.109236864014,0.1536303376604908,3102.9755227026635,weak,28,True,weak,unusable
rf,7,hr_24_mg_l_so4,hr_24_mg_l_so4,native units,171,171,-0.03362983832221378,1929.9307839457647,-0.03362983832221378,1929.9307839457647,958.4161724844068,-0.0336298383222137,1929.9307839457647,unusable,28,True,unusable,unusable
rf,7,log_total_mg_l_na,total_mg_l_na,natural log,171,171,0.3009242365837166,1.5541836641007714,-0.058444132548206795,1744.1459603209448,545.3074469905583,0.3009242365837166,1744.1459603209448,moderate,28,True,moderate,unusable
rf,7,log_total_mg_l_mg2,total_mg_l_mg2,natural log,171,171,0.08412628816376566,1.9340455188827055,-0.0898488524525991,508.13675625772066,159.3370853376771,0.0841262881637656,508.13675625772066,weak,28,True,weak,unusable
rf,7,log_total_mg_l_ca2,total_mg_l_ca2,natural log,171,171,0.08190118095512833,2.0457211918252187,-0.17471756522414172,1777.5634142066112,746.706266281483,0.0819011809551283,1777.5634142066112,weak,28,True,weak,unusable
rf,7,log_digest_mg_kg_na5895,digest_mg_kg_na5895,natural log,171,171,0.3698794556066366,1.1110884969230093,0.423244481620378,2386.736570825971,1273.8407664878316,0.3698794556066366,2386.7365708259704,moderate,28,True,moderate,moderate
rf,7,digest_mg_kg_mg2852,digest_mg_kg_mg2852,native units,171,171,0.44865722915232487,5070.251219438841,0.44865722915232487,5070.251219438841,3220.4418357457675,0.4486572291523248,5070.251219438841,moderate,28,True,moderate,moderate
rf,7,log_digest_mg_kg_ca3158,digest_mg_kg_ca3158,natural log,171,171,0.2476570327485943,0.9653792049212816,0.11176202712877281,8868.210007117483,5413.733041086776,0.2476570327485943,8868.210007117483,weak,28,True,weak,weak
rf,42,ph_mq,ph_mq,native units,171,171,0.29719588570723454,1.0116567932359166,0.29719588570723454,1.0116567932359166,0.7640873879232254,0.2971958857072345,1.0116567932359166,weak,28,True,weak,weak
rf,42,ph_kcl,ph_kcl,native units,171,171,0.24542908392015883,1.0469738247012235,0.24542908392015883,1.0469738247012235,0.8545801684638601,0.2454290839201588,1.0469738247012237,weak,28,True,weak,weak
rf,42,ph_cacl2,ph_cacl2,native units,171,171,0.0654608124763203,1.015668324123714,0.0654608124763203,1.015668324123714,0.844350178384965,0.0654608124763203,1.015668324123714,weak,28,True,weak,weak
rf,42,d15n_air_permil,d15n_air_permil,native units,171,171,0.6816008925479542,6.013926515303827,0.6816008925479542,6.013926515303827,4.483055889386766,0.6816008925479542,6.013926515303826,strong,28,True,strong,strong
rf,42,d13c_vpdb_permil,d13c_vpdb_permil,native units,171,171,0.35304941015738234,8.636293707978197,0.35304941015738234,8.636293707978197,6.401236205201558,0.3530494101573823,8.636293707978197,moderate,28,True,moderate,moderate
rf,42,wt_percent_n,wt_percent_n,native units,171,171,0.3920339510492269,0.07268255089670737,0.3920339510492269,0.07268255089670737,0.041626296919011055,0.3920339510492269,0.0726825508967073,moderate,28,True,moderate,moderate
rf,42,wt_percent_c,wt_percent_c,native units,171,171,0.2735763639809803,0.4491949029123585,0.2735763639809803,0.4491949029123585,0.22711469059414408,0.2735763639809803,0.4491949029123585,weak,28,True,weak,weak
rf,42,c_n_ratio,c_n_ratio,native units,171,171,0.3158894863403897,12.0064308388524,0.3158894863403897,12.0064308388524,7.244228248531272,0.3158894863403897,12.0064308388524,moderate,28,True,moderate,moderate
rf,42,log_cec_meq_100g,log_cec_meq_100g,log1p,171,171,0.1854553858226583,0.5169650800062486,0.10168074576405683,3.0151347480876,2.148648214709002,0.1854553858226582,3.0151347480876,weak,28,True,weak,weak
rf,42,log_digest_mg_kg_hg1849,log_digest_mg_kg_hg1849,log1p,171,171,-0.12441299897476532,1.2868462811950454,-0.04101515219562568,69.7461867342413,23.054290512453115,-0.1244129989747653,69.7461867342413,unusable,28,True,unusable,unusable
rf,42,log_digest_mg_kg_li6707,log_digest_mg_kg_li6707,log1p,171,171,0.08249785680251476,0.8750258890415322,0.2832822941930442,9.283831300056146,7.161074945606346,0.0824978568025147,9.283831300056145,weak,28,True,weak,weak
rf,42,log_digest_mg_kg_mo2020,log_digest_mg_kg_mo2020,log1p,171,171,0.2199551243410861,0.24918831095787142,0.345037392721251,0.4240426538159473,0.3000166653076484,0.2199551243410861,0.4240426538159473,weak,28,True,weak,moderate
rf,42,log_digest_mg_kg_p_1774,log_digest_mg_kg_p_1774,log1p,171,171,0.3941978995486489,0.7900328803633501,0.3004758567387301,1738.1929847637368,611.6327485086856,0.3941978995486489,1738.1929847637368,moderate,28,True,moderate,moderate
rf,42,log_digest_mg_kg_pb2203,log_digest_mg_kg_pb2203,log1p,171,171,0.17591479424228496,0.713927366452202,-0.05367340516300101,14.822638816327146,5.5219038533999,0.1759147942422849,14.822638816327146,weak,28,True,weak,unusable
rf,42,log_digest_mg_kg_sb2068,log_digest_mg_kg_sb2068,log1p,171,171,0.02098154243533401,0.18004077905765511,0.02684804842314692,0.6425037622327319,0.32567104966304805,0.020981542435334,0.6425037622327319,weak,28,True,weak,weak
rf,42,log_digest_mg_kg_sn1899,log_digest_mg_kg_sn1899,log1p,171,171,-0.07658966924364785,0.0734681050685556,-0.04427189190094927,0.25605078451256646,0.06124823617169683,-0.0765896692436478,0.2560507845125665,unusable,28,True,unusable,unusable
rf,42,log_digest_mg_kg_sr4077,log_digest_mg_kg_sr4077,log1p,171,171,0.39381050764797,0.9509211924193974,0.2918194976760966,57.071455050114416,33.51669595878425,0.39381050764797,57.071455050114416,moderate,28,True,moderate,weak
rf,42,log_digest_mg_kg_tl1908,log_digest_mg_kg_tl1908,log1p,171,171,-0.030265179723939495,0.08320755397686654,-0.02107644099579198,0.34746687514756197,0.07388227016476942,-0.0302651797239394,0.3474668751475619,unusable,28,True,unusable,unusable
rf,42,clr_hr_1_mg_l_f,clr_hr_1_mg_l_f,CLR,171,171,-0.017076537785086998,1.41600555461808,-0.017076537785086998,1.41600555461808,1.0016707396932858,-0.0170765377850869,1.41600555461808,unusable,28,True,unusable,unusable
rf,42,clr_hr_1_mg_l_cl,clr_hr_1_mg_l_cl,CLR,171,171,0.056946370180955275,1.3211213238548054,0.056946370180955275,1.3211213238548054,1.0955962672232187,0.0569463701809552,1.3211213238548054,weak,28,True,weak,weak
rf,42,clr_hr_1_mg_l_no3,clr_hr_1_mg_l_no3,CLR,171,171,0.15497366793194234,1.5627391509525705,0.15497366793194234,1.5627391509525705,1.191989201898773,0.1549736679319423,1.5627391509525703,weak,28,True,weak,weak
rf,42,clr_hr_1_mg_l_po4,clr_hr_1_mg_l_po4,CLR,171,171,0.2643800797845334,1.514123853202459,0.2643800797845334,1.514123853202459,1.1802900254198174,0.2643800797845334,1.514123853202459,weak,28,True,weak,weak
rf,42,clr_hr_1_mg_l_so4,clr_hr_1_mg_l_so4,CLR,171,171,0.04210436478325208,1.2679967097536309,0.04210436478325208,1.2679967097536309,0.9216423194467845,0.042104364783252,1.2679967097536309,weak,28,True,weak,weak
rf,42,clr_hr_24_mg_l_f,clr_hr_24_mg_l_f,CLR,171,171,0.01750136585200368,1.1726683197140557,0.01750136585200368,1.1726683197140557,0.868958068343855,0.0175013658520036,1.1726683197140555,weak,28,True,weak,weak
rf,42,clr_hr_24_mg_l_cl,clr_hr_24_mg_l_cl,CLR,171,171,0.1084970708035683,1.0808026606456687,0.1084970708035683,1.0808026606456687,0.8374677130460297,0.1084970708035683,1.0808026606456689,weak,28,True,weak,weak
rf,42,clr_hr_24_mg_l_no3,clr_hr_24_mg_l_no3,CLR,171,171,0.009385274350668493,1.0920619325924554,0.009385274350668493,1.0920619325924554,0.7403067332780875,0.0093852743506684,1.0920619325924554,weak,28,True,weak,weak
rf,42,clr_hr_24_mg_l_po4,clr_hr_24_mg_l_po4,CLR,171,171,0.23119093360280174,1.223262212161472,0.23119093360280174,1.223262212161472,0.8736375454439235,0.2311909336028019,1.2232622121614718,weak,28,True,weak,weak
rf,42,clr_hr_24_mg_l_so4,clr_hr_24_mg_l_so4,CLR,171,171,0.10858697565341258,1.22441142993102,0.10858697565341258,1.22441142993102,0.8647688616684908,0.1085869756534125,1.22441142993102,weak,28,True,weak,weak
rf,42,clr_total_mg_l_f,clr_total_mg_l_f,CLR,171,171,-0.0007371588868225754,1.3888220541546947,-0.0007371588868225754,1.3888220541546947,1.0788768949685792,-0.0007371588868225,1.3888220541546947,unusable,28,True,unusable,unusable
rf,42,clr_total_mg_l_cl,clr_total_mg_l_cl,CLR,171,171,0.09294936481842386,1.3846446711833555,0.09294936481842386,1.3846446711833555,1.1140101870354544,0.0929493648184238,1.3846446711833555,weak,28,True,weak,weak
rf,42,clr_total_mg_l_no3,clr_total_mg_l_no3,CLR,171,171,0.16892513898258865,1.472340538066367,0.16892513898258865,1.472340538066367,1.0879022039728603,0.1689251389825886,1.472340538066367,weak,28,True,weak,weak
rf,42,clr_total_mg_l_po4,clr_total_mg_l_po4,CLR,171,171,0.3641222935734424,1.4614190357547052,0.3641222935734424,1.4614190357547052,1.1013229788024945,0.3641222935734424,1.4614190357547052,moderate,28,True,moderate,moderate
rf,42,clr_total_mg_l_so4,clr_total_mg_l_so4,CLR,171,171,0.05684348959819463,0.9943906128271922,0.05684348959819463,0.9943906128271922,0.7229662741194813,0.0568434895981946,0.9943906128271922,weak,28,True,weak,weak
rf,42,clr_total_mg_l_ca2,clr_total_mg_l_ca2,CLR,171,171,0.24980421223776494,1.0477530883983905,0.24980421223776494,1.0477530883983905,0.8628994847625365,0.2498042122377649,1.0477530883983903,weak,28,True,weak,weak
rf,42,clr_total_mg_l_k,clr_total_mg_l_k,CLR,171,171,0.2237544580398313,1.151946478454451,0.2237544580398313,1.151946478454451,0.8808725480066527,0.2237544580398314,1.151946478454451,weak,28,True,weak,weak
rf,42,clr_total_mg_l_mg2,clr_total_mg_l_mg2,CLR,171,171,-0.1653629283795286,0.8831138965743421,-0.1653629283795286,0.8831138965743421,0.65996125870358,-0.1653629283795286,0.8831138965743421,unusable,28,True,unusable,unusable
rf,42,clr_total_mg_l_na,clr_total_mg_l_na,CLR,171,171,0.15804020886420334,0.7971077925914548,0.15804020886420334,0.7971077925914548,0.6155304878330463,0.1580402088642034,0.7971077925914548,weak,28,True,weak,weak
rf,42,clr_total_mg_l_sr2,clr_total_mg_l_sr2,CLR,171,171,0.16006556118228854,1.3038589264791347,0.16006556118228854,1.3038589264791347,0.8812632900264953,0.1600655611822887,1.3038589264791345,weak,28,True,weak,weak
rf,42,digest_mg_kg_al3082,digest_mg_kg_al3082,native units,171,171,0.15300684008403898,5947.860177445225,0.15300684008403898,5947.860177445225,4670.06578297956,0.1530068400840389,5947.860177445225,weak,28,True,weak,weak
rf,42,digest_mg_kg_as1890,digest_mg_kg_as1890,native units,171,171,-0.10738521477343244,2.626690074772674,-0.10738521477343244,2.626690074772674,1.5982874132088403,-0.1073852147734324,2.626690074772674,unusable,28,True,unusable,unusable
rf,42,digest_mg_kg_b_2496,digest_mg_kg_b_2496,native units,171,171,-0.05934910887038858,20.85127150447305,-0.05934910887038858,20.85127150447305,11.381221818011268,-0.0593491088703888,20.851271504473058,unusable,28,True,unusable,unusable
rf,42,digest_mg_kg_ba4554,digest_mg_kg_ba4554,native units,171,171,0.10271296652213313,28.741850701753236,0.10271296652213313,28.741850701753236,21.726978835174442,0.1027129665221331,28.741850701753236,weak,28,True,weak,weak
rf,42,digest_mg_kg_be3130,digest_mg_kg_be3130,native units,171,171,0.08107758365475082,0.818801008384236,0.08107758365475082,0.818801008384236,0.5172890720931909,0.0810775836547508,0.818801008384236,weak,28,True,weak,weak
rf,42,digest_mg_kg_co2286,digest_mg_kg_co2286,native units,171,171,0.2721346566253342,4.768346588238907,0.2721346566253342,4.768346588238907,3.106323821316307,0.2721346566253342,4.768346588238907,weak,28,True,weak,weak
rf,42,digest_mg_kg_cr2835,digest_mg_kg_cr2835,native units,171,171,0.3346912721134363,10.923054984306583,0.3346912721134363,10.923054984306583,8.058569985449248,0.3346912721134363,10.923054984306583,moderate,28,True,moderate,moderate
rf,42,digest_mg_kg_cu3247,digest_mg_kg_cu3247,native units,171,171,-0.058248725727335415,13.627130983985602,-0.058248725727335415,13.627130983985602,10.933938205698928,-0.0582487257273354,13.627130983985602,unusable,28,True,unusable,unusable
rf,42,digest_mg_kg_fe2599,digest_mg_kg_fe2599,native units,171,171,0.21080197784557408,6563.265633463615,0.21080197784557408,6563.265633463615,5129.189947049679,0.210801977845574,6563.265633463615,weak,28,True,weak,weak
rf,42,digest_mg_kg_k_7664,digest_mg_kg_k_7664,native units,171,171,0.37643798555764874,2298.5931409613595,0.37643798555764874,2298.5931409613595,1562.4990185886095,0.3764379855576487,2298.5931409613595,moderate,28,True,moderate,moderate
rf,42,digest_mg_kg_mn2576,digest_mg_kg_mn2576,native units,171,171,0.1070217552681455,222.99016373933404,0.1070217552681455,222.99016373933404,127.3054564481013,0.1070217552681455,222.99016373933404,weak,28,True,weak,weak
rf,42,digest_mg_kg_ni2316,digest_mg_kg_ni2316,native units,171,171,0.4512366203745919,19.553231325446035,0.4512366203745919,19.553231325446035,10.344847211273132,0.4512366203745919,19.553231325446035,moderate,28,True,moderate,moderate
rf,42,digest_mg_kg_si2516,digest_mg_kg_si2516,native units,171,171,0.1180490786971542,197.4164557254922,0.1180490786971542,197.4164557254922,122.02303768611455,0.1180490786971542,197.4164557254922,weak,28,True,weak,weak
rf,42,digest_mg_kg_ti3349,digest_mg_kg_ti3349,native units,171,171,0.41134703946806084,493.8909994105866,0.41134703946806084,493.8909994105866,374.8334781313218,0.4113470394680608,493.8909994105866,moderate,28,True,moderate,moderate
rf,42,digest_mg_kg_v_2924,digest_mg_kg_v_2924,native units,171,171,0.1440758795493955,18.69967079005464,0.1440758795493955,18.69967079005464,12.488607072899484,0.1440758795493955,18.69967079005464,weak,28,True,weak,weak
rf,42,digest_mg_kg_zn2138,digest_mg_kg_zn2138,native units,171,171,0.0701950889186167,31.929027947954808,0.0701950889186167,31.929027947954808,19.44397585142568,0.0701950889186167,31.929027947954808,weak,28,True,weak,weak
rf,42,ec_us_cm,ec_us_cm,native units,171,171,-0.21852565022596027,5416.3876612155345,-0.21852565022596027,5416.3876612155345,3726.6023900984706,-0.2185256502259602,5416.3876612155345,unusable,28,True,unusable,unusable
rf,42,log_total_mg_l_cl,total_mg_l_cl,natural log,171,171,0.1439833333505356,1.8755131054436929,-0.06415155140371986,747.5859980598582,296.58983819094203,0.1439833333505356,747.5859980598582,weak,28,True,weak,unusable
rf,42,log_hr_1_mg_l_cl,hr_1_mg_l_cl,natural log,171,171,0.13740931907264775,2.17572147237841,-0.08713612446653585,699.8825001297245,268.4693687284405,0.1374093190726477,699.8825001297245,weak,28,True,weak,unusable
rf,42,log_hr_24_mg_l_cl,hr_24_mg_l_cl,natural log,171,171,0.18233050411262008,1.62799640738497,0.03495750242015827,71.32755592730189,40.55655752375696,0.18233050411262,71.32755592730189,weak,28,True,weak,weak
rf,42,log_total_mg_l_so4,total_mg_l_so4,natural log,171,171,0.15335287086164162,1.8426982256471618,-0.13757541813516072,4473.320616043529,1816.2752964989702,0.1533528708616416,4473.320616043529,weak,28,True,weak,unusable
rf,42,log_hr_1_mg_l_so4,hr_1_mg_l_so4,natural log,171,171,0.13850898127879552,1.986704895898021,-0.12069284609279474,3101.238952659497,1178.143293120892,0.1385089812787955,3101.238952659497,weak,28,True,weak,unusable
rf,42,hr_24_mg_l_so4,hr_24_mg_l_so4,native units,171,171,-0.03460006173424013,1930.8363425735815,-0.03460006173424013,1930.8363425735815,969.974928430124,-0.0346000617342401,1930.8363425735815,unusable,28,True,unusable,unusable
rf,42,log_total_mg_l_na,total_mg_l_na,natural log,171,171,0.27339088018043145,1.58449414685021,-0.057891883799882304,1743.6908923274539,532.9760292892266,0.2733908801804314,1743.690892327454,weak,28,True,weak,unusable
rf,42,log_total_mg_l_mg2,total_mg_l_mg2,natural log,171,171,0.10783053041531443,1.9088533878936629,-0.08850170862249462,507.8226095022499,161.21466177227748,0.1078305304153146,507.8226095022499,weak,28,True,weak,unusable
rf,42,log_total_mg_l_ca2,total_mg_l_ca2,natural log,171,171,0.10947774912786612,2.014763699134553,-0.15646020582542075,1763.6959526074556,738.6958314077527,0.1094777491278661,1763.6959526074556,weak,28,True,weak,unusable
rf,42,digest_mg_kg_na5895,digest_mg_kg_na5895,native units,171,171,0.3873578593267316,2459.869352375003,0.3873578593267316,2459.869352375003,1533.820007144053,0.3873578593267316,2459.869352375003,moderate,28,True,moderate,moderate
rf,42,digest_mg_kg_mg2852,digest_mg_kg_mg2852,native units,171,171,0.42021105541683357,5199.4044422925635,0.42021105541683357,5199.4044422925635,3325.6657070246083,0.4202110554168335,5199.4044422925635,moderate,28,True,moderate,moderate
rf,42,log_digest_mg_kg_ca3158,digest_mg_kg_ca3158,natural log,171,171,0.24561714827467096,0.9666870718725726,0.09670693278570386,8943.049605789607,5438.576710066589,0.2456171482746709,8943.049605789607,weak,28,True,weak,weak
rf,73,ph_mq,ph_mq,native units,171,171,0.2922542354020434,1.015207211413307,0.2922542354020434,1.015207211413307,0.7722315747803152,0.2922542354020434,1.015207211413307,weak,28,True,weak,weak
rf,73,ph_kcl,ph_kcl,native units,171,171,0.24080861072530146,1.0501744063652527,0.24080861072530146,1.0501744063652527,0.8415212099432313,0.2408086107253014,1.0501744063652527,weak,28,True,weak,weak
rf,73,ph_cacl2,ph_cacl2,native units,171,171,0.0955049404426015,0.9992087976501484,0.0955049404426015,0.9992087976501484,0.8284544662359538,0.0955049404426015,0.9992087976501484,weak,28,True,weak,weak
rf,73,d15n_air_permil,d15n_air_permil,native units,171,171,0.6752492115127069,6.073615621051788,0.6752492115127069,6.073615621051788,4.558556371252205,0.6752492115127069,6.073615621051788,strong,28,True,strong,strong
rf,73,d13c_vpdb_permil,d13c_vpdb_permil,native units,171,171,0.35065955692540685,8.65223035691408,0.35065955692540685,8.65223035691408,6.353675603592314,0.3506595569254069,8.652230356914078,moderate,28,True,moderate,moderate
rf,73,wt_percent_n,wt_percent_n,native units,171,171,0.389856969479185,0.07281256406303835,0.389856969479185,0.07281256406303835,0.04244544035639918,0.3898569694791852,0.0728125640630383,moderate,28,True,moderate,moderate
rf,73,wt_percent_c,wt_percent_c,native units,171,171,0.2700493469603181,0.45028407426677713,0.2700493469603181,0.45028407426677713,0.22939581369345508,0.2700493469603181,0.4502840742667771,weak,28,True,weak,weak
rf,73,c_n_ratio,c_n_ratio,native units,171,171,0.2916810197736548,12.217018479104329,0.2916810197736548,12.217018479104329,7.253824740430135,0.2916810197736548,12.217018479104327,weak,28,True,weak,weak
rf,73,log_cec_meq_100g,log_cec_meq_100g,log1p,171,171,0.15871881744451344,0.5253809936493345,0.083056202400969,3.0462302762754376,2.1731075040761545,0.1587188174445134,3.0462302762754376,weak,28,True,weak,weak
rf,73,log_digest_mg_kg_hg1849,log_digest_mg_kg_hg1849,log1p,171,171,-0.1314695665586283,1.2908779471168643,-0.038293500349800835,69.65495411845042,22.92994177173782,-0.131469566558628,69.65495411845042,unusable,28,True,unusable,unusable
rf,73,log_digest_mg_kg_li6707,log_digest_mg_kg_li6707,log1p,171,171,0.05327339202823511,0.8888524021119744,0.26143495048904153,9.424266300817596,7.161549744314061,0.0532733920282351,9.424266300817596,weak,28,True,weak,weak
rf,73,log_digest_mg_kg_mo2020,log_digest_mg_kg_mo2020,log1p,171,171,0.2631551297771154,0.24218983117953882,0.38516731174006924,0.41084666435062317,0.29259214508970427,0.2631551297771155,0.4108466643506231,weak,28,True,weak,moderate
rf,73,log_digest_mg_kg_p_1774,log_digest_mg_kg_p_1774,log1p,171,171,0.3924493479971718,0.7911722110508436,0.3330030209871726,1697.2998472156794,598.3834799997413,0.3924493479971718,1697.2998472156794,moderate,28,True,moderate,moderate
rf,73,log_digest_mg_kg_pb2203,log_digest_mg_kg_pb2203,log1p,171,171,0.1998538415186678,0.703481422702043,-0.0469109840398505,14.7749967896992,5.501915373369416,0.1998538415186678,14.7749967896992,weak,28,True,weak,unusable
rf,73,log_digest_mg_kg_sb2068,log_digest_mg_kg_sb2068,log1p,171,171,0.02383264291303011,0.1797784302677682,0.02724491608205004,0.6423727369770998,0.32203010463389986,0.0238326429130302,0.6423727369771,weak,28,True,weak,weak
rf,73,log_digest_mg_kg_sn1899,log_digest_mg_kg_sn1899,log1p,171,171,-0.07166368354838526,0.07329983401294596,-0.04192412988215288,0.2557627921944895,0.060192293901289565,-0.0716636835483852,0.2557627921944895,unusable,28,True,unusable,unusable
rf,73,log_digest_mg_kg_sr4077,log_digest_mg_kg_sr4077,log1p,171,171,0.39296970823627053,0.9515804391880489,0.2933991528208525,57.00776821674961,33.494476520186005,0.3929697082362705,57.00776821674961,moderate,28,True,moderate,weak
rf,73,log_digest_mg_kg_tl1908,log_digest_mg_kg_tl1908,log1p,171,171,-0.02821546193726099,0.08312474184279785,-0.01936466405714743,0.3471754986892044,0.07574093645312938,-0.0282154619372609,0.3471754986892044,unusable,28,True,unusable,unusable
rf,73,clr_hr_1_mg_l_f,clr_hr_1_mg_l_f,CLR,171,171,-0.016053027470593895,1.4152928938515117,-0.016053027470593895,1.4152928938515117,1.0134370265284713,-0.0160530274705938,1.4152928938515117,unusable,28,True,unusable,unusable
rf,73,clr_hr_1_mg_l_cl,clr_hr_1_mg_l_cl,CLR,171,171,0.01774315883485922,1.3483015632814341,0.01774315883485922,1.3483015632814341,1.1301953861964198,0.0177431588348594,1.348301563281434,weak,28,True,weak,weak
rf,73,clr_hr_1_mg_l_no3,clr_hr_1_mg_l_no3,CLR,171,171,0.17329263228594527,1.545707362213249,0.17329263228594527,1.545707362213249,1.1747130441897562,0.1732926322859453,1.545707362213249,weak,28,True,weak,weak
rf,73,clr_hr_1_mg_l_po4,clr_hr_1_mg_l_po4,CLR,171,171,0.28710068789900034,1.4905575837772742,0.28710068789900034,1.4905575837772742,1.1427109512964606,0.2871006878990003,1.4905575837772742,weak,28,True,weak,weak
rf,73,clr_hr_1_mg_l_so4,clr_hr_1_mg_l_so4,CLR,171,171,0.04490186265148255,1.2661437877704513,0.04490186265148255,1.2661437877704513,0.9405321683450338,0.0449018626514825,1.2661437877704511,weak,28,True,weak,weak
rf,73,clr_hr_24_mg_l_f,clr_hr_24_mg_l_f,CLR,171,171,0.007301407775943902,1.178739719318472,0.007301407775943902,1.178739719318472,0.8846996508075804,0.0073014077759439,1.178739719318472,weak,28,True,weak,weak
rf,73,clr_hr_24_mg_l_cl,clr_hr_24_mg_l_cl,CLR,171,171,0.10349459494115965,1.0838307638821707,0.10349459494115965,1.0838307638821707,0.8391948634249877,0.1034945949411596,1.0838307638821707,weak,28,True,weak,weak
rf,73,clr_hr_24_mg_l_no3,clr_hr_24_mg_l_no3,CLR,171,171,-0.0024782391186031205,1.098581688762184,-0.0024782391186031205,1.098581688762184,0.7566224530251944,-0.0024782391186028,1.098581688762184,unusable,28,True,unusable,unusable
rf,73,clr_hr_24_mg_l_po4,clr_hr_24_mg_l_po4,CLR,171,171,0.26618288308514815,1.195099957445776,0.26618288308514815,1.195099957445776,0.8660970340858026,0.2661828830851481,1.195099957445776,weak,28,True,weak,weak
rf,73,clr_hr_24_mg_l_so4,clr_hr_24_mg_l_so4,CLR,171,171,0.14756272005145865,1.1973444481272382,0.14756272005145865,1.1973444481272382,0.8509142162770745,0.1475627200514586,1.1973444481272382,weak,28,True,weak,weak
rf,73,clr_total_mg_l_f,clr_total_mg_l_f,CLR,171,171,-0.002193069854501184,1.389831942893207,-0.002193069854501184,1.389831942893207,1.0928582974021228,-0.0021930698545011,1.389831942893207,unusable,28,True,unusable,unusable
rf,73,clr_total_mg_l_cl,clr_total_mg_l_cl,CLR,171,171,0.08926277176452713,1.387455674764743,0.08926277176452713,1.387455674764743,1.1169046004538263,0.0892627717645271,1.387455674764743,weak,28,True,weak,weak
rf,73,clr_total_mg_l_no3,clr_total_mg_l_no3,CLR,171,171,0.17068999813696106,1.4707763861551673,0.17068999813696106,1.4707763861551673,1.1030602824292224,0.170689998136961,1.4707763861551673,weak,28,True,weak,weak
rf,73,clr_total_mg_l_po4,clr_total_mg_l_po4,CLR,171,171,0.39276309410170773,1.4281276899589128,0.39276309410170773,1.4281276899589128,1.0599453729031745,0.3927630941017077,1.4281276899589128,moderate,28,True,moderate,moderate
rf,73,clr_total_mg_l_so4,clr_total_mg_l_so4,CLR,171,171,0.06098049255283866,0.9922073495488333,0.06098049255283866,0.9922073495488333,0.7270465278733307,0.0609804925528386,0.9922073495488332,weak,28,True,weak,weak
rf,73,clr_total_mg_l_ca2,clr_total_mg_l_ca2,CLR,171,171,0.2701354828259933,1.03345784018226,0.2701354828259933,1.03345784018226,0.8578479195021693,0.2701354828259933,1.03345784018226,weak,28,True,weak,weak
rf,73,clr_total_mg_l_k,clr_total_mg_l_k,CLR,171,171,0.20650576469854443,1.16467466900601,0.20650576469854443,1.16467466900601,0.8783905281207766,0.2065057646985444,1.16467466900601,weak,28,True,weak,weak
rf,73,clr_total_mg_l_mg2,clr_total_mg_l_mg2,CLR,171,171,-0.15471957111210166,0.879071869757217,-0.15471957111210166,0.879071869757217,0.6543665346153378,-0.1547195711121014,0.8790718697572169,unusable,28,True,unusable,unusable
rf,73,clr_total_mg_l_na,clr_total_mg_l_na,CLR,171,171,0.13334692279756477,0.8087122482122925,0.13334692279756477,0.8087122482122925,0.6242291872585667,0.1333469227975647,0.8087122482122925,weak,28,True,weak,weak
rf,73,clr_total_mg_l_sr2,clr_total_mg_l_sr2,CLR,171,171,0.16185735550903713,1.3024674522147677,0.16185735550903713,1.3024674522147677,0.8828533936309017,0.1618573555090371,1.3024674522147677,weak,28,True,weak,weak
rf,73,digest_mg_kg_al3082,digest_mg_kg_al3082,native units,171,171,0.16444594199693208,5907.559104440314,0.16444594199693208,5907.559104440314,4544.625127876896,0.164445941996932,5907.559104440314,weak,28,True,weak,weak
rf,73,digest_mg_kg_as1890,digest_mg_kg_as1890,native units,171,171,-0.08192835582907376,2.596323021823118,-0.08192835582907376,2.596323021823118,1.5957344510886047,-0.0819283558290737,2.596323021823118,unusable,28,True,unusable,unusable
rf,73,digest_mg_kg_b_2496,digest_mg_kg_b_2496,native units,171,171,-0.07342826250735812,20.989374832499227,-0.07342826250735812,20.989374832499227,11.729763348899837,-0.0734282625073581,20.989374832499227,unusable,28,True,unusable,unusable
rf,73,digest_mg_kg_ba4554,digest_mg_kg_ba4554,native units,171,171,0.07244526477058943,29.222596847697538,0.07244526477058943,29.222596847697538,22.612032554470805,0.0724452647705894,29.222596847697535,weak,28,True,weak,weak
rf,73,digest_mg_kg_be3130,digest_mg_kg_be3130,native units,171,171,0.12220345567255009,0.8002687886842663,0.12220345567255009,0.8002687886842663,0.5007892500004049,0.12220345567255,0.8002687886842663,weak,28,True,weak,weak
rf,73,digest_mg_kg_co2286,digest_mg_kg_co2286,native units,171,171,0.262044526057415,4.801283752983735,0.262044526057415,4.801283752983735,3.189006554100623,0.262044526057415,4.801283752983735,weak,28,True,weak,weak
rf,73,digest_mg_kg_cr2835,digest_mg_kg_cr2835,native units,171,171,0.324753648753933,11.004330680152506,0.324753648753933,11.004330680152506,8.039725308606931,0.324753648753933,11.004330680152506,moderate,28,True,moderate,moderate
rf,73,digest_mg_kg_cu3247,digest_mg_kg_cu3247,native units,171,171,-0.03432835942082124,13.472238714628581,-0.03432835942082124,13.472238714628581,10.728800814177632,-0.0343283594208212,13.47223871462858,unusable,28,True,unusable,unusable
rf,73,digest_mg_kg_fe2599,digest_mg_kg_fe2599,native units,171,171,0.19363035733899547,6634.2842072497015,0.19363035733899547,6634.2842072497015,5219.577509808184,0.1936303573389954,6634.2842072497015,weak,28,True,weak,weak
rf,73,digest_mg_kg_k_7664,digest_mg_kg_k_7664,native units,171,171,0.37990670030272644,2292.1909846016883,0.37990670030272644,2292.1909846016883,1635.020567824881,0.3799067003027264,2292.1909846016883,moderate,28,True,moderate,moderate
rf,73,digest_mg_kg_mn2576,digest_mg_kg_mn2576,native units,171,171,0.10291234219370882,223.50266606880174,0.10291234219370882,223.50266606880174,124.5730219991114,0.1029123421937088,223.50266606880177,weak,28,True,weak,weak
rf,73,digest_mg_kg_ni2316,digest_mg_kg_ni2316,native units,171,171,0.47885791375710784,19.054784908989102,0.47885791375710784,19.054784908989102,10.587779067280998,0.4788579137571078,19.054784908989102,moderate,28,True,moderate,moderate
rf,73,digest_mg_kg_si2516,digest_mg_kg_si2516,native units,171,171,0.05506653012840146,204.34393751494085,0.05506653012840146,204.34393751494085,126.27962241147073,0.0550665301284015,204.34393751494085,weak,28,True,weak,weak
rf,73,digest_mg_kg_ti3349,digest_mg_kg_ti3349,native units,171,171,0.3927719731267745,501.622894254488,0.3927719731267745,501.622894254488,359.2498578793958,0.3927719731267745,501.622894254488,moderate,28,True,moderate,moderate
rf,73,digest_mg_kg_v_2924,digest_mg_kg_v_2924,native units,171,171,0.1353719221711034,18.794509480593874,0.1353719221711034,18.794509480593874,12.45330298605194,0.1353719221711034,18.794509480593874,weak,28,True,weak,weak
rf,73,digest_mg_kg_zn2138,digest_mg_kg_zn2138,native units,171,171,0.04766492672811762,32.313549705157996,0.04766492672811762,32.313549705157996,19.17464911791943,0.0476649267281176,32.313549705157996,weak,28,True,weak,weak
rf,73,ec_us_cm,ec_us_cm,native units,171,171,-0.24997869218917423,5485.84720478101,-0.24997869218917423,5485.84720478101,3794.982850444387,-0.2499786921891742,5485.84720478101,unusable,28,True,unusable,unusable
rf,73,log_total_mg_l_cl,total_mg_l_cl,natural log,171,171,0.15666910006296708,1.8615641195826558,-0.1045827136340054,761.6554229268967,304.8660389519933,0.156669100062967,761.6554229268967,weak,28,True,weak,unusable
rf,73,log_hr_1_mg_l_cl,hr_1_mg_l_cl,natural log,171,171,0.13667195684497524,2.1766512019515547,-0.11401924773533678,708.4831376623753,273.1600018954873,0.1366719568449752,708.4831376623753,weak,28,True,weak,unusable
rf,73,log_hr_24_mg_l_cl,hr_24_mg_l_cl,natural log,171,171,0.16451516707154024,1.6456361886184983,0.012945023081757157,72.13645481917858,41.154656012299995,0.1645151670715402,72.13645481917858,weak,28,True,weak,weak
rf,73,log_total_mg_l_so4,total_mg_l_so4,natural log,171,171,0.137069884084575,1.860333516657061,-0.14692128976056673,4491.658549006756,1824.8811490165897,0.137069884084575,4491.658549006756,weak,28,True,weak,unusable
rf,73,log_hr_1_mg_l_so4,hr_1_mg_l_so4,natural log,171,171,0.14093264342342315,1.9839082951565972,-0.1184151367286157,3098.0858524246514,1178.2349225439434,0.1409326434234231,3098.0858524246514,weak,28,True,weak,unusable
rf,73,log_hr_24_mg_l_so4,hr_24_mg_l_so4,natural log,171,171,-0.04796097865726745,1.6458127559670885,-0.0875011173722986,1979.5846179231717,596.0564040942674,-0.0479609786572674,1979.5846179231717,unusable,28,True,unusable,unusable
rf,73,log_total_mg_l_na,total_mg_l_na,natural log,171,171,0.3341556498303211,1.5167939107733817,-0.04623823750996858,1734.0601212573963,536.4621631871947,0.3341556498303211,1734.0601212573963,moderate,28,True,moderate,unusable
rf,73,log_total_mg_l_mg2,total_mg_l_mg2,natural log,171,171,0.08457203236268707,1.9335748238092934,-0.0873266826275696,507.54844094406894,162.47192888621643,0.084572032362687,507.54844094406894,weak,28,True,weak,unusable
rf,73,log_total_mg_l_ca2,total_mg_l_ca2,natural log,171,171,0.1100428063080715,2.0141243903777193,-0.13740099604802847,1749.1021507999665,719.0175039926605,0.1100428063080715,1749.1021507999665,weak,28,True,weak,unusable
rf,73,digest_mg_kg_na5895,digest_mg_kg_na5895,native units,171,171,0.38590166247464397,2462.791064528299,0.38590166247464397,2462.791064528299,1492.0092932483212,0.3859016624746439,2462.791064528299,moderate,28,True,moderate,moderate
rf,73,digest_mg_kg_mg2852,digest_mg_kg_mg2852,native units,171,171,0.44732080333330926,5076.392511018305,0.44732080333330926,5076.392511018305,3228.055687767463,0.4473208033333092,5076.392511018305,moderate,28,True,moderate,moderate
rf,73,log_digest_mg_kg_ca3158,digest_mg_kg_ca3158,natural log,171,171,0.262944981257342,0.9555203935132839,0.11412008747390101,8856.430690995006,5371.470579371432,0.262944981257342,8856.430690995008,weak,28,True,weak,weak
rf,123,ph_mq,ph_mq,native units,171,171,0.2992801092346087,1.010155603632661,0.2992801092346087,1.010155603632661,0.7625677170217416,0.2992801092346087,1.010155603632661,weak,28,True,weak,weak
rf,123,ph_kcl,ph_kcl,native units,171,171,0.253617924910041,1.0412772826984515,0.253617924910041,1.0412772826984515,0.8573260780740604,0.253617924910041,1.0412772826984515,weak,28,True,weak,weak
rf,123,ph_cacl2,ph_cacl2,native units,171,171,0.1149637205945051,0.988402161534438,0.1149637205945051,0.988402161534438,0.8110030877822725,0.1149637205945051,0.988402161534438,weak,28,True,weak,weak
rf,123,d15n_air_permil,d15n_air_permil,native units,171,171,0.6577815080859769,6.234820186518844,0.6577815080859769,6.234820186518844,4.628453430347113,0.6577815080859769,6.234820186518844,strong,28,True,strong,strong
rf,123,d13c_vpdb_permil,d13c_vpdb_permil,native units,171,171,0.35860152069882023,8.59915565018886,0.35860152069882023,8.59915565018886,6.438874475730572,0.3586015206988202,8.59915565018886,moderate,28,True,moderate,moderate
rf,123,wt_percent_n,wt_percent_n,native units,171,171,0.37796646971510517,0.07351862826365332,0.37796646971510517,0.07351862826365332,0.04210813394390506,0.3779664697151049,0.0735186282636533,moderate,28,True,moderate,moderate
rf,123,wt_percent_c,wt_percent_c,native units,171,171,0.2820614886766999,0.4465637451316259,0.2820614886766999,0.4465637451316259,0.22388169344519726,0.2820614886767,0.4465637451316258,weak,28,True,weak,weak
rf,123,c_n_ratio,c_n_ratio,native units,171,171,0.28022675270926023,12.315403382317884,0.28022675270926023,12.315403382317884,7.396628145460776,0.2802267527092602,12.315403382317884,weak,28,True,weak,weak
rf,123,log_cec_meq_100g,log_cec_meq_100g,log1p,171,171,0.20556582605153684,0.5105434737673619,0.12881790317138397,2.969243692512398,2.10860926922777,0.2055658260515368,2.969243692512398,weak,28,True,weak,weak
rf,123,log_digest_mg_kg_hg1849,log_digest_mg_kg_hg1849,log1p,171,171,-0.09704263866038443,1.2710876432075315,-0.0424207731328512,69.79325791721021,22.722085694775355,-0.0970426386603844,69.79325791721021,unusable,28,True,unusable,unusable
rf,123,log_digest_mg_kg_li6707,log_digest_mg_kg_li6707,log1p,171,171,0.041557088619767035,0.8943355279304755,0.24962821514040556,9.499296013042736,7.342257383456963,0.041557088619767,9.499296013042736,weak,28,True,weak,weak
rf,123,log_digest_mg_kg_mo2020,log_digest_mg_kg_mo2020,log1p,171,171,0.20619326667583082,0.251376839403773,0.30244638974059035,0.4376128701849476,0.30614812685267534,0.2061932666758308,0.4376128701849476,weak,28,True,weak,moderate
rf,123,log_digest_mg_kg_p_1774,log_digest_mg_kg_p_1774,log1p,171,171,0.36883854206646727,0.8063990630649226,0.34121132872919835,1686.823721650127,600.6549470596126,0.3688385420664672,1686.823721650127,moderate,28,True,moderate,moderate
rf,123,log_digest_mg_kg_pb2203,log_digest_mg_kg_pb2203,log1p,171,171,0.21688216874957555,0.6959555897663627,-0.039575968535598305,14.723146475839295,5.4513774850160805,0.2168821687495755,14.723146475839297,weak,28,True,weak,unusable
rf,123,log_digest_mg_kg_sb2068,log_digest_mg_kg_sb2068,log1p,171,171,0.026501653406790893,0.17953248937068703,0.02542559736244432,0.6429731629407883,0.3147696032944395,0.0265016534067906,0.6429731629407883,weak,28,True,weak,weak
rf,123,log_digest_mg_kg_sn1899,log_digest_mg_kg_sn1899,log1p,171,171,-0.09459044325925281,0.07407975892987154,-0.05319982326105266,0.25714299939137336,0.06469247416311906,-0.0945904432592525,0.2571429993913734,unusable,28,True,unusable,unusable
rf,123,log_digest_mg_kg_sr4077,log_digest_mg_kg_sr4077,log1p,171,171,0.3751951429203527,0.9654116220392752,0.29094636892780734,57.10662643516639,34.06682675383925,0.3751951429203527,57.1066264351664,moderate,28,True,moderate,weak
rf,123,log_digest_mg_kg_tl1908,log_digest_mg_kg_tl1908,log1p,171,171,-0.03411257124103395,0.08336277310272625,-0.02475657809270415,0.3480924774874395,0.07263853226720594,-0.0341125712410339,0.3480924774874395,unusable,28,True,unusable,unusable
rf,123,clr_hr_1_mg_l_f,clr_hr_1_mg_l_f,CLR,171,171,-0.030694711132187358,1.4254538547294888,-0.030694711132187358,1.4254538547294888,1.009031730514363,-0.0306947111321873,1.4254538547294888,unusable,28,True,unusable,unusable
rf,123,clr_hr_1_mg_l_cl,clr_hr_1_mg_l_cl,CLR,171,171,0.03769880800498915,1.3345351554187515,0.03769880800498915,1.3345351554187515,1.1160858339004374,0.0376988080049891,1.3345351554187517,weak,28,True,weak,weak
rf,123,clr_hr_1_mg_l_no3,clr_hr_1_mg_l_no3,CLR,171,171,0.1590924175671491,1.5589260191464684,0.1590924175671491,1.5589260191464684,1.140610019395985,0.1590924175671491,1.5589260191464684,weak,28,True,weak,weak
rf,123,clr_hr_1_mg_l_po4,clr_hr_1_mg_l_po4,CLR,171,171,0.26969616642813443,1.5086428918934973,0.26969616642813443,1.5086428918934973,1.151316242559317,0.2696961664281345,1.508642891893497,weak,28,True,weak,weak
rf,123,clr_hr_1_mg_l_so4,clr_hr_1_mg_l_so4,CLR,171,171,0.09292627199849746,1.2339010212556,0.09292627199849746,1.2339010212556,0.9080755656381585,0.0929262719984974,1.2339010212556,weak,28,True,weak,weak
rf,123,clr_hr_24_mg_l_f,clr_hr_24_mg_l_f,CLR,171,171,0.016690475449841924,1.1731521419451454,0.016690475449841924,1.1731521419451454,0.8872717404853284,0.0166904754498419,1.1731521419451454,weak,28,True,weak,weak
rf,123,clr_hr_24_mg_l_cl,clr_hr_24_mg_l_cl,CLR,171,171,0.094742423432161,1.0891083859944761,0.094742423432161,1.0891083859944761,0.8537300703507245,0.094742423432161,1.089108385994476,weak,28,True,weak,weak
rf,123,clr_hr_24_mg_l_no3,clr_hr_24_mg_l_no3,CLR,171,171,0.023573354065278274,1.0842131991822883,0.023573354065278274,1.0842131991822883,0.7425578745720707,0.0235733540652782,1.0842131991822883,weak,28,True,weak,weak
rf,123,clr_hr_24_mg_l_po4,clr_hr_24_mg_l_po4,CLR,171,171,0.2674941072344139,1.1940317453976395,0.2674941072344139,1.1940317453976395,0.856791665093909,0.2674941072344139,1.1940317453976397,weak,28,True,weak,weak
rf,123,clr_hr_24_mg_l_so4,clr_hr_24_mg_l_so4,CLR,171,171,0.13810766064700541,1.2039664856674241,0.13810766064700541,1.2039664856674241,0.8502586247620526,0.1381076606470055,1.203966485667424,weak,28,True,weak,weak
rf,123,clr_total_mg_l_f,clr_total_mg_l_f,CLR,171,171,0.0016589663127565268,1.3871583875948335,0.0016589663127565268,1.3871583875948335,1.0892781036132733,0.0016589663127565,1.3871583875948337,weak,28,True,weak,weak
rf,123,clr_total_mg_l_cl,clr_total_mg_l_cl,CLR,171,171,0.09980601521138877,1.379401284433356,0.09980601521138877,1.379401284433356,1.1118919627730321,0.0998060152113887,1.379401284433356,weak,28,True,weak,weak
rf,123,clr_total_mg_l_no3,clr_total_mg_l_no3,CLR,171,171,0.1675466860857231,1.4735610726408392,0.1675466860857231,1.4735610726408392,1.0940334530095597,0.1675466860857231,1.4735610726408392,weak,28,True,weak,weak
rf,123,clr_total_mg_l_po4,clr_total_mg_l_po4,CLR,171,171,0.382391288553681,1.4402724949285821,0.382391288553681,1.4402724949285821,1.1016057850818533,0.382391288553681,1.440272494928582,moderate,28,True,moderate,moderate
rf,123,clr_total_mg_l_so4,clr_total_mg_l_so4,CLR,171,171,0.06841963396590511,0.9882692802224611,0.06841963396590511,0.9882692802224611,0.7207038502848457,0.0684196339659051,0.9882692802224612,weak,28,True,weak,weak
rf,123,clr_total_mg_l_ca2,clr_total_mg_l_ca2,CLR,171,171,0.24699855567391438,1.0497105053956073,0.24699855567391438,1.0497105053956073,0.8608435181222687,0.2469985556739143,1.0497105053956073,weak,28,True,weak,weak
rf,123,clr_total_mg_l_k,clr_total_mg_l_k,CLR,171,171,0.2568973712620102,1.1270862218552442,0.2568973712620102,1.1270862218552442,0.8488957724112398,0.2568973712620102,1.1270862218552442,weak,28,True,weak,weak
rf,123,clr_total_mg_l_mg2,clr_total_mg_l_mg2,CLR,171,171,-0.134786250517263,0.8714513601928511,-0.134786250517263,0.8714513601928511,0.6462589362764738,-0.1347862505172627,0.871451360192851,unusable,28,True,unusable,unusable
rf,123,clr_total_mg_l_na,clr_total_mg_l_na,CLR,171,171,0.1223523620457021,0.8138258363039214,0.1223523620457021,0.8138258363039214,0.6241162850352607,0.1223523620457021,0.8138258363039214,weak,28,True,weak,weak
rf,123,clr_total_mg_l_sr2,clr_total_mg_l_sr2,CLR,171,171,0.1523534851029844,1.3098311086119592,0.1523534851029844,1.3098311086119592,0.8758950894717972,0.1523534851029844,1.3098311086119592,weak,28,True,weak,weak
rf,123,digest_mg_kg_al3082,digest_mg_kg_al3082,native units,171,171,0.17297835388331095,5877.318648961152,0.17297835388331095,5877.318648961152,4591.904609160254,0.1729783538833109,5877.318648961152,weak,28,True,weak,weak
rf,123,digest_mg_kg_as1890,digest_mg_kg_as1890,native units,171,171,-0.10507087565343576,2.623943861887106,-0.10507087565343576,2.623943861887106,1.6193548802726065,-0.1050708756534357,2.623943861887106,unusable,28,True,unusable,unusable
rf,123,digest_mg_kg_b_2496,digest_mg_kg_b_2496,native units,171,171,-0.05789068448508594,20.836913406524918,-0.05789068448508594,20.836913406524918,11.743902007054796,-0.0578906844850857,20.83691340652492,unusable,28,True,unusable,unusable
rf,123,digest_mg_kg_ba4554,digest_mg_kg_ba4554,native units,171,171,0.03630755126906815,29.78641672416192,0.03630755126906815,29.78641672416192,23.093106656298456,0.0363075512690681,29.78641672416192,weak,28,True,weak,weak
rf,123,digest_mg_kg_be3130,digest_mg_kg_be3130,native units,171,171,0.09952036511101081,0.8105426903023663,0.09952036511101081,0.8105426903023663,0.5092401226908301,0.0995203651110108,0.8105426903023663,weak,28,True,weak,weak
rf,123,digest_mg_kg_co2286,digest_mg_kg_co2286,native units,171,171,0.2587806578161773,4.811889723778308,0.2587806578161773,4.811889723778308,3.156231657904249,0.2587806578161773,4.811889723778308,weak,28,True,weak,weak
rf,123,digest_mg_kg_cr2835,digest_mg_kg_cr2835,native units,171,171,0.3327607282431895,10.938891362684517,0.3327607282431895,10.938891362684517,8.050552347189493,0.3327607282431895,10.938891362684515,moderate,28,True,moderate,moderate
rf,123,digest_mg_kg_cu3247,digest_mg_kg_cu3247,native units,171,171,-0.025517085726315614,13.41473208401219,-0.025517085726315614,13.41473208401219,10.745972642534602,-0.0255170857263156,13.41473208401219,unusable,28,True,unusable,unusable
rf,123,digest_mg_kg_fe2599,digest_mg_kg_fe2599,native units,171,171,0.2006767702985809,6605.233956380728,0.2006767702985809,6605.233956380728,5124.053436966507,0.2006767702985809,6605.233956380728,weak,28,True,weak,weak
rf,123,digest_mg_kg_k_7664,digest_mg_kg_k_7664,native units,171,171,0.384075011191098,2284.4738592489525,0.384075011191098,2284.4738592489525,1609.264817577509,0.3840750111910982,2284.4738592489525,moderate,28,True,moderate,moderate
rf,123,digest_mg_kg_mn2576,digest_mg_kg_mn2576,native units,171,171,0.11536498428162167,221.9460038903612,0.11536498428162167,221.9460038903612,124.1821200846338,0.1153649842816216,221.9460038903612,weak,28,True,weak,weak
rf,123,digest_mg_kg_ni2316,digest_mg_kg_ni2316,native units,171,171,0.41104247278083306,20.25666591652205,0.41104247278083306,20.25666591652205,10.914477309857133,0.411042472780833,20.25666591652205,moderate,28,True,moderate,moderate
rf,123,digest_mg_kg_si2516,digest_mg_kg_si2516,native units,171,171,0.0762962035224043,202.03541581645348,0.0762962035224043,202.03541581645348,123.96780516135658,0.0762962035224043,202.03541581645348,weak,28,True,weak,weak
rf,123,digest_mg_kg_ti3349,digest_mg_kg_ti3349,native units,171,171,0.4045052019583798,496.75292321508965,0.4045052019583798,496.75292321508965,369.45794620715145,0.4045052019583798,496.75292321508965,moderate,28,True,moderate,moderate
rf,123,digest_mg_kg_v_2924,digest_mg_kg_v_2924,native units,171,171,0.12230705516332652,18.93597327009798,0.12230705516332652,18.93597327009798,12.546101729779366,0.1223070551633265,18.93597327009798,weak,28,True,weak,weak
rf,123,digest_mg_kg_zn2138,digest_mg_kg_zn2138,native units,171,171,0.08304427400154235,31.707643203943775,0.08304427400154235,31.707643203943775,19.06850198571518,0.0830442740015423,31.707643203943775,weak,28,True,weak,weak
rf,123,ec_us_cm,ec_us_cm,native units,171,171,-0.2045062793057968,5385.139232842487,-0.2045062793057968,5385.139232842487,3682.4771319653087,-0.2045062793057968,5385.139232842487,unusable,28,True,unusable,unusable
rf,123,log_total_mg_l_cl,total_mg_l_cl,natural log,171,171,0.1692282592810308,1.847650613700064,-0.06375206396960542,747.4456612601908,295.6422942246443,0.169228259281031,747.4456612601908,weak,28,True,weak,unusable
rf,123,log_hr_1_mg_l_cl,hr_1_mg_l_cl,natural log,171,171,0.1354360205117131,2.178208686499291,-0.11879765423897526,710.000974046438,273.89443929873283,0.1354360205117131,710.000974046438,weak,28,True,weak,unusable
rf,123,log_hr_24_mg_l_cl,hr_24_mg_l_cl,natural log,171,171,0.151874496321181,1.6580384801068013,0.0021334883797820003,72.53044592349174,41.051511983855086,0.1518744963211811,72.53044592349174,weak,28,True,weak,weak
rf,123,log_total_mg_l_so4,total_mg_l_so4,natural log,171,171,0.15067570758807636,1.8456093028866336,-0.1449185560902435,4487.735208184689,1824.1329062000966,0.1506757075880763,4487.735208184689,weak,28,True,weak,unusable
rf,123,log_hr_1_mg_l_so4,hr_1_mg_l_so4,natural log,171,171,0.14825898012377114,1.9754305536082808,-0.11984587835978422,3100.0668447991657,1173.9304856403614,0.1482589801237711,3100.0668447991657,weak,28,True,weak,unusable
rf,123,log_hr_24_mg_l_so4,hr_24_mg_l_so4,natural log,171,171,-0.031021726124720983,1.632457098297749,-0.08546523873245038,1977.730789019301,597.918211288268,-0.0310217261247209,1977.730789019301,unusable,28,True,unusable,unusable
rf,123,log_total_mg_l_na,total_mg_l_na,natural log,171,171,0.2538749064671283,1.6056320930954544,-0.061309218837882984,1746.5049660685515,537.1941824898308,0.2538749064671283,1746.5049660685515,weak,28,True,weak,unusable
rf,123,log_total_mg_l_mg2,total_mg_l_mg2,natural log,171,171,0.10193239392540643,1.9151527131152455,-0.08812598196562926,507.73495738472127,160.47322140798252,0.1019323939254064,507.73495738472127,weak,28,True,weak,unusable
rf,123,log_total_mg_l_ca2,total_mg_l_ca2,natural log,171,171,0.11067960624373507,2.0134036681843983,-0.14259294370683628,1753.0897097329932,726.3146906260126,0.110679606243735,1753.0897097329932,weak,28,True,weak,unusable
rf,123,digest_mg_kg_na5895,digest_mg_kg_na5895,native units,171,171,0.42932114370600905,2374.130019640115,0.42932114370600905,2374.130019640115,1442.2094566457067,0.429321143706009,2374.130019640115,moderate,28,True,moderate,moderate
rf,123,digest_mg_kg_mg2852,digest_mg_kg_mg2852,native units,171,171,0.4262947251229555,5172.054081212114,0.4262947251229555,5172.054081212114,3380.911048188717,0.4262947251229555,5172.054081212114,moderate,28,True,moderate,moderate
rf,123,log_digest_mg_kg_ca3158,digest_mg_kg_ca3158,natural log,171,171,0.2740211622262534,0.948313618318021,0.11126120326954614,8870.709779369541,5320.467547067123,0.2740211622262534,8870.709779369541,weak,28,True,weak,weak
rf,256,ph_mq,ph_mq,native units,171,171,0.2900140288092524,1.0168126445868269,0.2900140288092524,1.0168126445868269,0.7746789180319267,0.2900140288092524,1.0168126445868269,weak,28,True,weak,weak
rf,256,ph_kcl,ph_kcl,native units,171,171,0.2460547361697193,1.0465396856740716,0.2460547361697193,1.0465396856740716,0.8716382039899148,0.2460547361697193,1.0465396856740716,weak,28,True,weak,weak
rf,256,ph_cacl2,ph_cacl2,native units,171,171,0.10343858813768758,0.9948169380178116,0.10343858813768758,0.9948169380178116,0.8252985536528791,0.1034385881376875,0.9948169380178116,weak,28,True,weak,weak
rf,256,d15n_air_permil,d15n_air_permil,native units,171,171,0.6422639155942813,6.37460928319213,0.6422639155942813,6.37460928319213,4.738887899362532,0.6422639155942813,6.37460928319213,strong,28,True,strong,strong
rf,256,d13c_vpdb_permil,d13c_vpdb_permil,native units,171,171,0.366083961848199,8.548850392736083,0.366083961848199,8.548850392736083,6.307482325025526,0.366083961848199,8.548850392736083,moderate,28,True,moderate,moderate
rf,256,wt_percent_n,wt_percent_n,native units,171,171,0.3794850628798315,0.07342883156869177,0.3794850628798315,0.07342883156869177,0.042132565705544696,0.3794850628798316,0.0734288315686917,moderate,28,True,moderate,moderate
rf,256,wt_percent_c,wt_percent_c,native units,171,171,0.26898165693062537,0.4506132664808095,0.26898165693062537,0.4506132664808095,0.23093037637611386,0.2689816569306253,0.4506132664808095,weak,28,True,weak,weak
rf,256,c_n_ratio,c_n_ratio,native units,171,171,0.31987237245845657,11.971429145859666,0.31987237245845657,11.971429145859666,6.950231761469524,0.3198723724584565,11.971429145859666,moderate,28,True,moderate,moderate
rf,256,log_cec_meq_100g,log_cec_meq_100g,log1p,171,171,0.17385587049611695,0.5206329862799987,0.08524439988179955,3.042593338559175,2.1735420119096065,0.1738558704961169,3.042593338559175,weak,28,True,weak,weak
rf,256,log_digest_mg_kg_hg1849,log_digest_mg_kg_hg1849,log1p,171,171,-0.12052153787244224,1.2846175393794876,-0.039964836067853504,69.7109931871242,22.930927067242735,-0.1205215378724422,69.71099318712422,unusable,28,True,unusable,unusable
rf,256,log_digest_mg_kg_li6707,log_digest_mg_kg_li6707,log1p,171,171,0.07451076989609107,0.8788262963040203,0.2526715101505933,9.48001321738771,7.2611254120520305,0.074510769896091,9.48001321738771,weak,28,True,weak,weak
rf,256,log_digest_mg_kg_mo2020,log_digest_mg_kg_mo2020,log1p,171,171,0.21760020318691253,0.249564171767534,0.34809092374951534,0.4230530247263958,0.2992960317902224,0.2176002031869127,0.4230530247263958,weak,28,True,weak,moderate
rf,256,log_digest_mg_kg_p_1774,log_digest_mg_kg_p_1774,log1p,171,171,0.3674833083117246,0.8072643513337179,0.273577883926442,1771.2961049656815,626.2405394072775,0.3674833083117246,1771.2961049656817,moderate,28,True,moderate,weak
rf,256,log_digest_mg_kg_pb2203,log_digest_mg_kg_pb2203,log1p,171,171,0.19217099113954705,0.7068507012687036,-0.04563885843130566,14.766017341924842,5.483730610963444,0.1921709911395471,14.766017341924842,weak,28,True,weak,unusable
rf,256,log_digest_mg_kg_sb2068,log_digest_mg_kg_sb2068,log1p,171,171,0.031668782377762716,0.17905539468678297,0.03380350246205721,0.6402035462957198,0.31455259369606475,0.0316687823777627,0.6402035462957198,weak,28,True,weak,weak
rf,256,log_digest_mg_kg_sn1899,log_digest_mg_kg_sn1899,log1p,171,171,-0.0810193029136077,0.07361909236447661,-0.045362206510887626,0.2561844197660749,0.06411097839487571,-0.0810193029136079,0.2561844197660749,unusable,28,True,unusable,unusable
rf,256,log_digest_mg_kg_sr4077,log_digest_mg_kg_sr4077,log1p,171,171,0.3594163226790863,0.9775258669367376,0.2605947973044799,58.316065273066656,33.86536358949383,0.3594163226790863,58.31606527306665,moderate,28,True,moderate,weak
rf,256,log_digest_mg_kg_tl1908,log_digest_mg_kg_tl1908,log1p,171,171,-0.023837290311687465,0.08294757925507373,-0.01656432526288243,0.34669830065139573,0.07508472371536719,-0.0238372903116874,0.3466983006513957,unusable,28,True,unusable,unusable
rf,256,clr_hr_1_mg_l_f,clr_hr_1_mg_l_f,CLR,171,171,-0.04608644321160571,1.4360578188866053,-0.04608644321160571,1.4360578188866053,1.0193292347446397,-0.0460864432116057,1.436057818886605,unusable,28,True,unusable,unusable
rf,256,clr_hr_1_mg_l_cl,clr_hr_1_mg_l_cl,CLR,171,171,0.03435562791741742,1.3368513341009085,0.03435562791741742,1.3368513341009085,1.1060974404800041,0.0343556279174174,1.3368513341009085,weak,28,True,weak,weak
rf,256,clr_hr_1_mg_l_no3,clr_hr_1_mg_l_no3,CLR,171,171,0.16923864746111905,1.5494926259697153,0.16923864746111905,1.5494926259697153,1.1360770663015,0.169238647461119,1.5494926259697153,weak,28,True,weak,weak
rf,256,clr_hr_1_mg_l_po4,clr_hr_1_mg_l_po4,CLR,171,171,0.2768807571239057,1.5012036788656176,0.2768807571239057,1.5012036788656176,1.1730160121858193,0.2768807571239057,1.5012036788656176,weak,28,True,weak,weak
rf,256,clr_hr_1_mg_l_so4,clr_hr_1_mg_l_so4,CLR,171,171,0.04960980211288968,1.263019348516406,0.04960980211288968,1.263019348516406,0.9134098762302879,0.0496098021128896,1.263019348516406,weak,28,True,weak,weak
rf,256,clr_hr_24_mg_l_f,clr_hr_24_mg_l_f,CLR,171,171,0.013147520237992816,1.1752637294592114,0.013147520237992816,1.1752637294592114,0.8849612403300632,0.013147520237993,1.1752637294592112,weak,28,True,weak,weak
rf,256,clr_hr_24_mg_l_cl,clr_hr_24_mg_l_cl,CLR,171,171,0.09803569855008654,1.0871255240604176,0.09803569855008654,1.0871255240604176,0.8435746415135079,0.0980356985500865,1.0871255240604176,weak,28,True,weak,weak
rf,256,clr_hr_24_mg_l_no3,clr_hr_24_mg_l_no3,CLR,171,171,-0.0004886502710199636,1.097490986064291,-0.0004886502710199636,1.097490986064291,0.7418913105480784,-0.0004886502710199,1.097490986064291,unusable,28,True,unusable,unusable
rf,256,clr_hr_24_mg_l_po4,clr_hr_24_mg_l_po4,CLR,171,171,0.24232877705101163,1.2143691011589675,0.24232877705101163,1.2143691011589675,0.8694450172192155,0.2423287770510116,1.2143691011589677,weak,28,True,weak,weak
rf,256,clr_hr_24_mg_l_so4,clr_hr_24_mg_l_so4,CLR,171,171,0.13410371861509085,1.2067597732949837,0.13410371861509085,1.2067597732949837,0.8605079607749647,0.1341037186150908,1.2067597732949835,weak,28,True,weak,weak
rf,256,clr_total_mg_l_f,clr_total_mg_l_f,CLR,171,171,0.003202082056503852,1.3860859215414831,0.003202082056503852,1.3860859215414831,1.0858402183970441,0.0032020820565038,1.3860859215414831,weak,28,True,weak,weak
rf,256,clr_total_mg_l_cl,clr_total_mg_l_cl,CLR,171,171,0.08752532100599142,1.388778497209012,0.08752532100599142,1.388778497209012,1.121424136812896,0.0875253210059915,1.388778497209012,weak,28,True,weak,weak
rf,256,clr_total_mg_l_no3,clr_total_mg_l_no3,CLR,171,171,0.15325186772516974,1.4861591530150535,0.15325186772516974,1.4861591530150535,1.1221534838924379,0.1532518677251696,1.4861591530150535,weak,28,True,weak,weak
rf,256,clr_total_mg_l_po4,clr_total_mg_l_po4,CLR,171,171,0.3376606390659137,1.4915171203327997,0.3376606390659137,1.4915171203327997,1.134037635162004,0.3376606390659137,1.4915171203327997,moderate,28,True,moderate,moderate
rf,256,clr_total_mg_l_so4,clr_total_mg_l_so4,CLR,171,171,0.05141376579965096,0.9972488435399391,0.05141376579965096,0.9972488435399391,0.7252798537821494,0.0514137657996509,0.9972488435399391,weak,28,True,weak,weak
rf,256,clr_total_mg_l_ca2,clr_total_mg_l_ca2,CLR,171,171,0.232373826750911,1.0598551783502181,0.232373826750911,1.0598551783502181,0.8751849769161917,0.232373826750911,1.059855178350218,weak,28,True,weak,weak
rf,256,clr_total_mg_l_k,clr_total_mg_l_k,CLR,171,171,0.21745863448458436,1.156608537859458,0.21745863448458436,1.156608537859458,0.8633940171927728,0.2174586344845843,1.156608537859458,weak,28,True,weak,weak
rf,256,clr_total_mg_l_mg2,clr_total_mg_l_mg2,CLR,171,171,-0.17414077149289398,0.8864335888826589,-0.17414077149289398,0.8864335888826589,0.6569531083179672,-0.1741407714928939,0.8864335888826589,unusable,28,True,unusable,unusable
rf,256,clr_total_mg_l_na,clr_total_mg_l_na,CLR,171,171,0.13068360269411095,0.8099539257769204,0.13068360269411095,0.8099539257769204,0.6243749683476525,0.1306836026941109,0.8099539257769204,weak,28,True,weak,weak
rf,256,clr_total_mg_l_sr2,clr_total_mg_l_sr2,CLR,171,171,0.14022463497106818,1.319168914905758,0.14022463497106818,1.319168914905758,0.8987466630119941,0.1402246349710683,1.3191689149057575,weak,28,True,weak,weak
rf,256,digest_mg_kg_al3082,digest_mg_kg_al3082,native units,171,171,0.15834206498990944,5929.097746281908,0.15834206498990944,5929.097746281908,4539.150642005297,0.1583420649899094,5929.097746281908,weak,28,True,weak,weak
rf,256,digest_mg_kg_as1890,digest_mg_kg_as1890,native units,171,171,-0.08636749619716788,2.601643912191007,-0.08636749619716788,2.601643912191007,1.5843609079733825,-0.0863674961971678,2.601643912191007,unusable,28,True,unusable,unusable
rf,256,digest_mg_kg_b_2496,digest_mg_kg_b_2496,native units,171,171,-0.06684254459586403,20.924888561029107,-0.06684254459586403,20.924888561029107,11.444300158999184,-0.066842544595864,20.924888561029107,unusable,28,True,unusable,unusable
rf,256,digest_mg_kg_ba4554,digest_mg_kg_ba4554,native units,171,171,0.09357399504481412,28.88784941514166,0.09357399504481412,28.88784941514166,22.08586681766759,0.0935739950448141,28.88784941514166,weak,28,True,weak,weak
rf,256,digest_mg_kg_be3130,digest_mg_kg_be3130,native units,171,171,0.09391207342499153,0.8130628494102877,0.09391207342499153,0.8130628494102877,0.51279714716301,0.0939120734249916,0.8130628494102876,weak,28,True,weak,weak
rf,256,digest_mg_kg_co2286,digest_mg_kg_co2286,native units,171,171,0.2521879315023676,4.833241867196591,0.2521879315023676,4.833241867196591,3.1827972579764547,0.2521879315023676,4.833241867196591,weak,28,True,weak,weak
rf,256,digest_mg_kg_cr2835,digest_mg_kg_cr2835,native units,171,171,0.32559564619709336,10.99746762304837,0.32559564619709336,10.99746762304837,8.187929418567315,0.3255956461970934,10.997467623048369,moderate,28,True,moderate,moderate
rf,256,digest_mg_kg_cu3247,digest_mg_kg_cu3247,native units,171,171,-0.013730500342131524,13.337419462912868,-0.013730500342131524,13.337419462912868,10.654176742626344,-0.0137305003421315,13.337419462912868,unusable,28,True,unusable,unusable
rf,256,digest_mg_kg_fe2599,digest_mg_kg_fe2599,native units,171,171,0.20969461959906732,6567.868621835411,0.20969461959906732,6567.868621835411,5139.790519735273,0.2096946195990673,6567.868621835411,weak,28,True,weak,weak
rf,256,digest_mg_kg_k_7664,digest_mg_kg_k_7664,native units,171,171,0.3715246451150417,2307.6312240682296,0.3715246451150417,2307.6312240682296,1581.6284389197626,0.3715246451150417,2307.6312240682296,moderate,28,True,moderate,moderate
rf,256,digest_mg_kg_mn2576,digest_mg_kg_mn2576,native units,171,171,0.09801165949882151,224.11231876871645,0.09801165949882151,224.11231876871645,128.18988177411092,0.0980116594988215,224.11231876871645,weak,28,True,weak,weak
rf,256,digest_mg_kg_ni2316,digest_mg_kg_ni2316,native units,171,171,0.4259239312860159,19.999111361245156,0.4259239312860159,19.999111361245156,11.43545435607699,0.4259239312860159,19.999111361245156,moderate,28,True,moderate,moderate
rf,256,digest_mg_kg_si2516,digest_mg_kg_si2516,native units,171,171,0.09165461201641278,200.34875556989218,0.09165461201641278,200.34875556989218,123.93450577115743,0.0916546120164127,200.34875556989215,weak,28,True,weak,weak
rf,256,digest_mg_kg_ti3349,digest_mg_kg_ti3349,native units,171,171,0.401934950900085,497.8238015833494,0.401934950900085,497.8238015833494,374.430089716451,0.401934950900085,497.8238015833494,moderate,28,True,moderate,moderate
rf,256,digest_mg_kg_v_2924,digest_mg_kg_v_2924,native units,171,171,0.12262688752603168,18.932522810035945,0.12262688752603168,18.932522810035945,12.484486720457625,0.1226268875260316,18.932522810035945,weak,28,True,weak,weak
rf,256,digest_mg_kg_zn2138,digest_mg_kg_zn2138,native units,171,171,0.06027714298885756,32.09886486017991,0.06027714298885756,32.09886486017991,19.703122047299175,0.0602771429888575,32.09886486017991,weak,28,True,weak,weak
rf,256,ec_us_cm,ec_us_cm,native units,171,171,-0.23970318920868383,5463.2523533858275,-0.23970318920868383,5463.2523533858275,3721.9000635448324,-0.2397031892086838,5463.2523533858275,unusable,28,True,unusable,unusable
rf,256,log_total_mg_l_cl,total_mg_l_cl,natural log,171,171,0.1296203318814153,1.8911821568369092,-0.08381928065087241,754.4628393637851,303.5280067509885,0.1296203318814153,754.4628393637851,weak,28,True,weak,unusable
rf,256,log_hr_1_mg_l_cl,hr_1_mg_l_cl,natural log,171,171,0.16978331625777243,2.1345023888279457,-0.09441033284705802,702.220111341798,271.4834241449703,0.1697833162577724,702.220111341798,weak,28,True,weak,unusable
rf,256,log_hr_24_mg_l_cl,hr_24_mg_l_cl,natural log,171,171,0.20782073356567776,1.602419715967084,0.020488139441235953,71.86029125700793,40.35992906340293,0.2078207335656777,71.86029125700793,weak,28,True,weak,weak
rf,256,log_total_mg_l_so4,total_mg_l_so4,natural log,171,171,0.116124176400627,1.8827758761018467,-0.14954105154971598,4496.785476071556,1832.7262028166824,0.116124176400627,4496.785476071555,weak,28,True,weak,unusable
rf,256,log_hr_1_mg_l_so4,hr_1_mg_l_so4,natural log,171,171,0.139001903668297,1.9861364445593077,-0.12413935146123367,3106.0039655346177,1174.6821970604121,0.139001903668297,3106.0039655346177,weak,28,True,weak,unusable
rf,256,log_hr_24_mg_l_so4,hr_24_mg_l_so4,natural log,171,171,-0.01577805762521267,1.6203442104555699,-0.0851880339450739,1977.478237657105,596.6829480755864,-0.0157780576252126,1977.478237657105,unusable,28,True,unusable,unusable
rf,256,log_total_mg_l_na,total_mg_l_na,natural log,171,171,0.2887173907961633,1.5676940577606864,-0.05840578029811727,1744.114360860016,540.6513420038759,0.2887173907961633,1744.114360860016,weak,28,True,weak,unusable
rf,256,log_total_mg_l_mg2,total_mg_l_mg2,natural log,171,171,0.09247392152780798,1.925211517757027,-0.08954031901554171,508.06482505509257,162.38769139195477,0.092473921527808,508.06482505509257,weak,28,True,weak,unusable
rf,256,log_total_mg_l_ca2,total_mg_l_ca2,natural log,171,171,0.095119304590918,2.030941393718581,-0.1688374747713477,1773.1090046677143,743.4990950037072,0.095119304590918,1773.1090046677143,weak,28,True,weak,unusable
rf,256,digest_mg_kg_na5895,digest_mg_kg_na5895,native units,171,171,0.3967364255211,2440.9684152025307,0.3967364255211,2440.9684152025307,1508.1194885667874,0.3967364255211,2440.9684152025307,moderate,28,True,moderate,moderate
rf,256,digest_mg_kg_mg2852,digest_mg_kg_mg2852,native units,171,171,0.43969927140320897,5111.274785223553,0.43969927140320897,5111.274785223553,3271.6348878430767,0.4396992714032089,5111.274785223553,moderate,28,True,moderate,moderate
rf,256,log_digest_mg_kg_ca3158,digest_mg_kg_ca3158,natural log,171,171,0.24906587885232567,0.9644748912580993,0.1224565091051163,8814.661228339975,5431.950690891108,0.2490658788523254,8814.661228339975,weak,28,True,weak,weak
xgb,7,ph_mq,ph_mq,native units,171,171,0.2850333938178583,1.020372941598107,0.2850333938178583,1.020372941598107,0.7705574291965419,0.2850333938178583,1.020372941598107,weak,28,True,weak,weak
xgb,7,ph_kcl,ph_kcl,native units,171,171,0.2471439772552051,1.04578343313329,0.2471439772552051,1.04578343313329,0.8657812288072374,0.2471439772552051,1.04578343313329,weak,28,True,weak,weak
xgb,7,ph_cacl2,ph_cacl2,native units,171,171,0.12522438910040135,0.9826559378155786,0.12522438910040135,0.9826559378155786,0.8107116667987311,0.1252243891004013,0.9826559378155786,weak,28,True,weak,weak
xgb,7,d15n_air_permil,d15n_air_permil,native units,171,171,0.6486159117648087,6.317761718835165,0.6486159117648087,6.317761718835165,4.721861495009639,0.6486159117648087,6.317761718835165,strong,28,True,strong,strong
xgb,7,d13c_vpdb_permil,d13c_vpdb_permil,native units,171,171,0.31664961827168703,8.87592385307907,0.31664961827168703,8.87592385307907,6.354410578075209,0.3166496182716868,8.875923853079073,moderate,28,True,moderate,moderate
xgb,7,wt_percent_n,wt_percent_n,native units,171,171,0.5099430230797785,0.06525499875296929,0.5099430230797785,0.06525499875296929,0.0377784297780858,0.5099430230797785,0.0652549987529692,strong,28,True,strong,strong
xgb,7,wt_percent_c,wt_percent_c,native units,171,171,0.32539077996822474,0.43287845667138636,0.32539077996822474,0.43287845667138636,0.24013409313849274,0.3253907799682247,0.4328784566713863,moderate,28,True,moderate,moderate
xgb,7,c_n_ratio,c_n_ratio,native units,171,171,0.38804421674715794,11.355619000135153,0.38804421674715794,11.355619000135153,6.298338256481795,0.3880442167471579,11.355619000135151,moderate,28,True,moderate,moderate
xgb,7,log_cec_meq_100g,log_cec_meq_100g,log1p,171,171,0.3031563516582977,0.4781580184248335,0.23005612045826018,2.7913924991007746,2.002029186595854,0.3031563516582977,2.791392499100774,moderate,28,True,moderate,weak
xgb,7,log_digest_mg_kg_hg1849,log_digest_mg_kg_hg1849,log1p,171,171,-0.03240849391610645,1.2330750985957204,-0.047442327438695475,69.96116016224727,22.632633352459624,-0.0324084939161064,69.96116016224727,unusable,28,True,unusable,unusable
xgb,7,log_digest_mg_kg_li6707,log_digest_mg_kg_li6707,log1p,171,171,0.08163813787345331,0.8754357519413684,0.0842177332778351,10.494198825901067,7.589920231565951,0.0816381378734533,10.494198825901067,weak,28,True,weak,weak
xgb,7,log_digest_mg_kg_mo2020,log_digest_mg_kg_mo2020,log1p,171,171,0.3474189113393338,0.22792140548100176,0.42555877448780577,0.39712213140215097,0.28478228677499257,0.3474189113393338,0.3971221314021509,moderate,28,True,moderate,moderate
xgb,7,log_digest_mg_kg_p_1774,log_digest_mg_kg_p_1774,log1p,171,171,0.390231530922203,0.7926149523452374,0.4895028608033416,1484.8866236907186,574.6890695387153,0.390231530922203,1484.8866236907186,moderate,28,True,moderate,moderate
xgb,7,log_digest_mg_kg_pb2203,log_digest_mg_kg_pb2203,log1p,171,171,0.1839746523158532,0.7104275512204485,-0.04675031759948611,14.773863007906561,5.425330551181254,0.1839746523158532,14.77386300790656,weak,28,True,weak,unusable
xgb,7,log_digest_mg_kg_sb2068,log_digest_mg_kg_sb2068,log1p,171,171,0.028384762761478832,0.17935876387715227,0.01799991872845108,0.6454180516082421,0.3040871863307508,0.0283847627614788,0.6454180516082421,weak,28,True,weak,weak
xgb,7,log_digest_mg_kg_sn1899,log_digest_mg_kg_sn1899,log1p,171,171,-0.01838586877786086,0.0714545546152684,-0.012649822575553138,0.2521441880254454,0.05052226385454596,-0.0183858687778606,0.2521441880254454,unusable,28,True,unusable,unusable
xgb,7,log_digest_mg_kg_sr4077,log_digest_mg_kg_sr4077,log1p,171,171,0.4533624850933381,0.9030047627277721,0.38890329387674805,53.01538672682737,32.593392844820414,0.4533624850933381,53.01538672682737,moderate,28,True,moderate,moderate
xgb,7,log_digest_mg_kg_tl1908,log_digest_mg_kg_tl1908,log1p,171,171,-0.011234462097958975,0.08243548078073376,-0.010168216911181194,0.3456058862540779,0.0728133945358508,-0.0112344620979589,0.3456058862540779,unusable,28,True,unusable,unusable
xgb,7,clr_hr_1_mg_l_f,clr_hr_1_mg_l_f,CLR,171,171,-0.003617228821801932,1.4066051172244038,-0.003617228821801932,1.4066051172244038,0.9882751616977263,-0.0036172288218019,1.4066051172244038,unusable,28,True,unusable,unusable
xgb,7,clr_hr_1_mg_l_cl,clr_hr_1_mg_l_cl,CLR,171,171,0.05718154947630283,1.320956582558411,0.05718154947630283,1.320956582558411,1.1067977027851144,0.0571815494763028,1.320956582558411,weak,28,True,weak,weak
xgb,7,clr_hr_1_mg_l_no3,clr_hr_1_mg_l_no3,CLR,171,171,0.22035526637763292,1.501065855476633,0.22035526637763292,1.501065855476633,1.123347088456157,0.2203552663776329,1.501065855476633,weak,28,True,weak,weak
xgb,7,clr_hr_1_mg_l_po4,clr_hr_1_mg_l_po4,CLR,171,171,0.2956678768702038,1.48157420721327,0.2956678768702038,1.48157420721327,1.1374413972998028,0.2956678768702039,1.4815742072132698,weak,28,True,weak,weak
xgb,7,clr_hr_1_mg_l_so4,clr_hr_1_mg_l_so4,CLR,171,171,0.08073363648849019,1.2421662183785975,0.08073363648849019,1.2421662183785975,0.928067269310964,0.0807336364884901,1.2421662183785975,weak,28,True,weak,weak
xgb,7,clr_hr_24_mg_l_f,clr_hr_24_mg_l_f,CLR,171,171,0.04696834483949697,1.1549491883419258,0.04696834483949697,1.1549491883419258,0.8667199697818776,0.046968344839497,1.1549491883419258,weak,28,True,weak,weak
xgb,7,clr_hr_24_mg_l_cl,clr_hr_24_mg_l_cl,CLR,171,171,0.12142447230993048,1.0729378568075796,0.12142447230993048,1.0729378568075796,0.8355975901623738,0.1214244723099303,1.0729378568075796,weak,28,True,weak,weak
xgb,7,clr_hr_24_mg_l_no3,clr_hr_24_mg_l_no3,CLR,171,171,0.016010673618894633,1.0884038581800775,0.016010673618894633,1.0884038581800775,0.7171891241490518,0.0160106736188946,1.0884038581800777,weak,28,True,weak,weak
xgb,7,clr_hr_24_mg_l_po4,clr_hr_24_mg_l_po4,CLR,171,171,0.3105076445275454,1.1584439872107384,0.3105076445275454,1.1584439872107384,0.8548719616078149,0.3105076445275454,1.1584439872107384,moderate,28,True,moderate,moderate
xgb,7,clr_hr_24_mg_l_so4,clr_hr_24_mg_l_so4,CLR,171,171,0.16406314322928106,1.185699466386604,0.16406314322928106,1.185699466386604,0.8541717960193286,0.1640631432292809,1.1856994663866045,weak,28,True,weak,weak
xgb,7,clr_total_mg_l_f,clr_total_mg_l_f,CLR,171,171,0.0016440289833804522,1.3871687649927007,0.0016440289833804522,1.3871687649927007,1.098334900026789,0.0016440289833804,1.3871687649927007,weak,28,True,weak,weak
xgb,7,clr_total_mg_l_cl,clr_total_mg_l_cl,CLR,171,171,0.10645694711875264,1.3742961000161633,0.10645694711875264,1.3742961000161633,1.1037379240591985,0.1064569471187525,1.3742961000161635,weak,28,True,weak,weak
xgb,7,clr_total_mg_l_no3,clr_total_mg_l_no3,CLR,171,171,0.20484530285313196,1.440170833436337,0.20484530285313196,1.440170833436337,1.0848936627334298,0.2048453028531319,1.440170833436337,weak,28,True,weak,weak
xgb,7,clr_total_mg_l_po4,clr_total_mg_l_po4,CLR,171,171,0.3879356332709859,1.4337931744975037,0.3879356332709859,1.4337931744975037,1.1029372447275472,0.3879356332709859,1.4337931744975037,moderate,28,True,moderate,moderate
xgb,7,clr_total_mg_l_so4,clr_total_mg_l_so4,CLR,171,171,0.06158091540438504,0.991890082855366,0.06158091540438504,0.991890082855366,0.7245371934344966,0.061580915404385,0.991890082855366,weak,28,True,weak,weak
xgb,7,clr_total_mg_l_ca2,clr_total_mg_l_ca2,CLR,171,171,0.25252275796465806,1.0458529512096335,0.25252275796465806,1.0458529512096335,0.834646317124061,0.252522757964658,1.0458529512096335,weak,28,True,weak,weak
xgb,7,clr_total_mg_l_k,clr_total_mg_l_k,CLR,171,171,0.3806812438075039,1.0289395442975156,0.3806812438075039,1.0289395442975156,0.7508431481291843,0.3806812438075039,1.0289395442975156,moderate,28,True,moderate,moderate
xgb,7,clr_total_mg_l_mg2,clr_total_mg_l_mg2,CLR,171,171,-0.03906526563372181,0.8338876332392373,-0.03906526563372181,0.8338876332392373,0.631585847649752,-0.0390652656337218,0.8338876332392373,unusable,28,True,unusable,unusable
xgb,7,clr_total_mg_l_na,clr_total_mg_l_na,CLR,171,171,0.15197533159761634,0.7999735388982773,0.15197533159761634,0.7999735388982773,0.6241656828791785,0.1519753315976162,0.7999735388982773,weak,28,True,weak,weak
xgb,7,clr_total_mg_l_sr2,clr_total_mg_l_sr2,CLR,171,171,0.19073886195928502,1.2798299027387974,0.19073886195928502,1.2798299027387974,0.8938067813346136,0.190738861959285,1.2798299027387974,weak,28,True,weak,weak
xgb,7,digest_mg_kg_al3082,digest_mg_kg_al3082,native units,171,171,0.29974758603148344,5408.142250253981,0.29974758603148344,5408.142250253981,4125.637787200749,0.2997475860314834,5408.142250253981,weak,28,True,weak,weak
xgb,7,digest_mg_kg_as1890,digest_mg_kg_as1890,native units,171,171,-0.03199877089779557,2.5357069601356566,-0.03199877089779557,2.5357069601356566,1.5959603045837225,-0.0319987708977955,2.535706960135657,unusable,28,True,unusable,unusable
xgb,7,digest_mg_kg_b_2496,digest_mg_kg_b_2496,native units,171,171,-0.008568926145930522,20.345378895828905,-0.008568926145930522,20.345378895828905,11.023366379096494,-0.0085689261459305,20.345378895828905,unusable,28,True,unusable,unusable
xgb,7,digest_mg_kg_ba4554,digest_mg_kg_ba4554,native units,171,171,0.1311898842403606,28.282087893957645,0.1311898842403606,28.282087893957645,22.051122747499345,0.1311898842403606,28.282087893957645,weak,28,True,weak,weak
xgb,7,digest_mg_kg_be3130,digest_mg_kg_be3130,native units,171,171,0.08154937596017331,0.8185907873659803,0.08154937596017331,0.8185907873659803,0.5103885104389568,0.0815493759601733,0.8185907873659803,weak,28,True,weak,weak
xgb,7,digest_mg_kg_co2286,digest_mg_kg_co2286,native units,171,171,0.2552378592352088,4.823375685588642,0.2552378592352088,4.823375685588642,3.2855828736957755,0.2552378592352089,4.823375685588642,weak,28,True,weak,weak
xgb,7,digest_mg_kg_cr2835,digest_mg_kg_cr2835,native units,171,171,0.38900588388750124,10.467694117949465,0.38900588388750124,10.467694117949465,7.605616694556343,0.3890058838875011,10.467694117949469,moderate,28,True,moderate,moderate
xgb,7,digest_mg_kg_cu3247,digest_mg_kg_cu3247,native units,171,171,0.11589201844204444,12.455558589339924,0.11589201844204444,12.455558589339924,10.009001366799337,0.1158920184420444,12.455558589339924,weak,28,True,weak,weak
xgb,7,digest_mg_kg_fe2599,digest_mg_kg_fe2599,native units,171,171,0.2465584263464573,6412.860278018132,0.2465584263464573,6412.860278018132,5052.015445221125,0.2465584263464573,6412.860278018132,weak,28,True,weak,weak
xgb,7,digest_mg_kg_k_7664,digest_mg_kg_k_7664,native units,171,171,0.4363885747885651,2185.3055810089427,0.4363885747885651,2185.3055810089427,1504.8416710462066,0.4363885747885651,2185.3055810089427,moderate,28,True,moderate,moderate
xgb,7,digest_mg_kg_mn2576,digest_mg_kg_mn2576,native units,171,171,0.12170876388732177,221.1487769132286,0.12170876388732177,221.1487769132286,130.59606229012473,0.1217087638873216,221.14877691322863,weak,28,True,weak,weak
xgb,7,digest_mg_kg_ni2316,digest_mg_kg_ni2316,native units,171,171,0.4226338384328522,20.05633803459286,0.4226338384328522,20.05633803459286,12.000175578740606,0.4226338384328522,20.05633803459286,moderate,28,True,moderate,moderate
xgb,7,digest_mg_kg_si2516,digest_mg_kg_si2516,native units,171,171,0.10101251223578356,199.3140734721635,0.10101251223578356,199.3140734721635,122.94520286158512,0.1010125122357836,199.3140734721635,weak,28,True,weak,weak
xgb,7,digest_mg_kg_ti3349,digest_mg_kg_ti3349,native units,171,171,0.3436926681075887,521.5009134006575,0.3436926681075887,521.5009134006575,370.1323011610243,0.3436926681075887,521.5009134006575,moderate,28,True,moderate,moderate
xgb,7,digest_mg_kg_v_2924,digest_mg_kg_v_2924,native units,171,171,0.12249419352698132,18.933954434248996,0.12249419352698132,18.933954434248996,12.711797494274832,0.1224941935269813,18.933954434248996,weak,28,True,weak,weak
xgb,7,digest_mg_kg_zn2138,digest_mg_kg_zn2138,native units,171,171,0.04569115089576237,32.347018330103985,0.04569115089576237,32.347018330103985,19.13341963873969,0.0456911508957623,32.347018330103985,weak,28,True,weak,weak
xgb,7,ec_us_cm,ec_us_cm,native units,171,171,-0.028709086901889336,4976.66824023773,-0.028709086901889336,4976.66824023773,3681.0586585686224,-0.0287090869018893,4976.66824023773,unusable,28,True,unusable,unusable
xgb,7,log_total_mg_l_cl,total_mg_l_cl,natural log,171,171,0.16453126658875505,1.8528663481413477,-0.005175288981563053,726.5747800633978,297.77173287685923,0.164531266588755,726.5747800633978,weak,28,True,weak,unusable
xgb,7,log_hr_1_mg_l_cl,hr_1_mg_l_cl,natural log,171,171,0.16466364364549613,2.141073659984877,-0.0686251380649816,693.8983648078566,266.3552703277079,0.1646636436454961,693.8983648078566,weak,28,True,weak,unusable
xgb,7,log_hr_24_mg_l_cl,hr_24_mg_l_cl,natural log,171,171,0.2076106279518023,1.602632202629847,0.0758906230947668,69.79845540808068,38.51512386524902,0.2076106279518023,69.79845540808068,weak,28,True,weak,weak
xgb,7,log_total_mg_l_so4,total_mg_l_so4,natural log,171,171,0.1651198612136645,1.829848196923941,-0.13090394934734495,4460.184122990392,1798.3059263890807,0.1651198612136645,4460.184122990392,weak,28,True,weak,unusable
xgb,7,log_hr_1_mg_l_so4,hr_1_mg_l_so4,natural log,171,171,0.18394385198737295,1.933606090968875,-0.10462639854185318,3078.928752783272,1169.3607950017545,0.1839438519873729,3078.928752783272,weak,28,True,weak,unusable
xgb,7,log_hr_24_mg_l_so4,hr_24_mg_l_so4,natural log,171,171,0.0016615741973119436,1.6063743534517072,-0.08740315977499313,1979.495459522915,593.0522583085904,0.0016615741973118,1979.495459522915,weak,28,True,weak,unusable
xgb,7,log_total_mg_l_na,total_mg_l_na,natural log,171,171,0.4749655765277381,1.346896133675656,-0.005415157648136049,1699.8929421015646,503.3318917323796,0.4749655765277381,1699.8929421015646,moderate,28,True,moderate,unusable
xgb,7,log_total_mg_l_mg2,total_mg_l_mg2,natural log,171,171,0.2159551144831825,1.7894491323774824,-0.06893880177647649,503.2385429574519,164.23904289035315,0.2159551144831825,503.2385429574519,weak,28,True,weak,unusable
xgb,7,log_total_mg_l_ca2,total_mg_l_ca2,natural log,171,171,0.16147597172243344,1.9550572785504956,-0.12033723875714619,1735.932194126757,738.1690151610005,0.1614759717224334,1735.932194126757,weak,28,True,weak,unusable
xgb,7,log_digest_mg_kg_na5895,digest_mg_kg_na5895,natural log,171,171,0.4038022007726364,1.0807668515888544,0.4895200080849068,2245.4219861918555,1194.0434386742913,0.4038022007726364,2245.4219861918555,moderate,28,True,moderate,moderate
xgb,7,digest_mg_kg_mg2852,digest_mg_kg_mg2852,native units,171,171,0.4130107089637255,5231.590289057691,0.4130107089637255,5231.590289057691,3386.2940007331354,0.4130107089637255,5231.590289057691,moderate,28,True,moderate,moderate
xgb,7,log_digest_mg_kg_ca3158,digest_mg_kg_ca3158,natural log,171,171,0.35225089388030795,0.8957636150012311,0.19425466184943552,8446.371941407948,5192.32746715744,0.3522508938803076,8446.371941407946,moderate,28,True,moderate,weak
xgb,42,ph_mq,ph_mq,native units,171,171,0.2978953858312625,1.0111532174831255,0.2978953858312625,1.0111532174831255,0.7621829108968814,0.2978953858312625,1.0111532174831257,weak,28,True,weak,weak
xgb,42,ph_kcl,ph_kcl,native units,171,171,0.2533351218336889,1.0414745332352893,0.2533351218336889,1.0414745332352893,0.8534100640726369,0.2533351218336889,1.0414745332352893,weak,28,True,weak,weak
xgb,42,ph_cacl2,ph_cacl2,native units,171,171,0.11179482496275939,0.990170080371617,0.11179482496275939,0.990170080371617,0.8084612527813828,0.1117948249627593,0.990170080371617,weak,28,True,weak,weak
xgb,42,d15n_air_permil,d15n_air_permil,native units,171,171,0.6663007614168784,6.156725688747263,0.6663007614168784,6.156725688747263,4.818719821147054,0.6663007614168784,6.156725688747263,strong,28,True,strong,strong
xgb,42,d13c_vpdb_permil,d13c_vpdb_permil,native units,171,171,0.3305339063912961,8.78529077218811,0.3305339063912961,8.78529077218811,6.351449899729232,0.3305339063912961,8.78529077218811,moderate,28,True,moderate,moderate
xgb,42,wt_percent_n,wt_percent_n,native units,171,171,0.481525952220207,0.06712031851354763,0.481525952220207,0.06712031851354763,0.03850526912388395,0.4815259522202071,0.0671203185135476,moderate,28,True,moderate,moderate
xgb,42,wt_percent_c,wt_percent_c,native units,171,171,0.3276343470130364,0.43215803910479117,0.3276343470130364,0.43215803910479117,0.2202159436151647,0.3276343470130364,0.4321580391047911,moderate,28,True,moderate,moderate
xgb,42,c_n_ratio,c_n_ratio,native units,171,171,0.3826009093226189,11.406010941124315,0.3826009093226189,11.406010941124315,6.272012499095056,0.3826009093226189,11.406010941124316,moderate,28,True,moderate,moderate
xgb,42,log_cec_meq_100g,log_cec_meq_100g,log1p,171,171,0.2817328713496694,0.48545252669326266,0.18134159874215328,2.8783442421072403,2.037945028443689,0.2817328713496693,2.8783442421072403,weak,28,True,weak,weak
xgb,42,log_digest_mg_kg_hg1849,log_digest_mg_kg_hg1849,log1p,171,171,-0.026838379850834038,1.2297442183149405,-0.04904066230777948,70.01451810528869,22.560970586175593,-0.0268383798508342,70.01451810528869,unusable,28,True,unusable,unusable
xgb,42,log_digest_mg_kg_li6707,log_digest_mg_kg_li6707,log1p,171,171,0.092472226286057,0.8702565912492475,0.2310181930885663,9.616370908855995,7.180190023883175,0.092472226286057,9.616370908855997,weak,28,True,weak,weak
xgb,42,log_digest_mg_kg_mo2020,log_digest_mg_kg_mo2020,log1p,171,171,0.3311580318376379,0.2307435820824979,0.3463281270473684,0.4236246174861621,0.2978324736787573,0.3311580318376379,0.4236246174861621,moderate,28,True,moderate,moderate
xgb,42,log_digest_mg_kg_p_1774,log_digest_mg_kg_p_1774,log1p,171,171,0.39480144137010476,0.7896392396825259,0.4405187186540912,1554.495320782317,585.3073874640783,0.3948014413701047,1554.495320782317,moderate,28,True,moderate,moderate
xgb,42,log_digest_mg_kg_pb2203,log_digest_mg_kg_pb2203,log1p,171,171,0.19434523408706728,0.7058988286361815,-0.04163804120459269,14.737741444547503,5.4326895079105055,0.1943452340870672,14.737741444547504,weak,28,True,weak,unusable
xgb,42,log_digest_mg_kg_sb2068,log_digest_mg_kg_sb2068,log1p,171,171,0.04257340775790064,0.17804434592200938,0.0345091772113737,0.6399697129096419,0.31519233899094473,0.0425734077579008,0.6399697129096419,weak,28,True,weak,weak
xgb,42,log_digest_mg_kg_sn1899,log_digest_mg_kg_sn1899,log1p,171,171,-0.016548609045851093,0.07139007029559478,-0.01171626917889701,0.25202793641803733,0.04953651869966302,-0.016548609045851,0.2520279364180374,unusable,28,True,unusable,unusable
xgb,42,log_digest_mg_kg_sr4077,log_digest_mg_kg_sr4077,log1p,171,171,0.4335299240215289,0.919239781316512,0.32443716471103623,55.74165220294913,34.20085100603328,0.433529924021529,55.74165220294913,moderate,28,True,moderate,moderate
xgb,42,log_digest_mg_kg_tl1908,log_digest_mg_kg_tl1908,log1p,171,171,-0.01122665647867982,0.08243516262443872,-0.010164157844075428,0.34560519189502453,0.07280616286216314,-0.0112266564786798,0.3456051918950245,unusable,28,True,unusable,unusable
xgb,42,clr_hr_1_mg_l_f,clr_hr_1_mg_l_f,CLR,171,171,-0.0021436204530189684,1.405572080705102,-0.0021436204530189684,1.405572080705102,1.0048329402416696,-0.0021436204530189,1.405572080705102,unusable,28,True,unusable,unusable
xgb,42,clr_hr_1_mg_l_cl,clr_hr_1_mg_l_cl,CLR,171,171,0.05247679227498114,1.324248333045306,0.05247679227498114,1.324248333045306,1.1293386430715642,0.0524767922749811,1.324248333045306,weak,28,True,weak,weak
xgb,42,clr_hr_1_mg_l_no3,clr_hr_1_mg_l_no3,CLR,171,171,0.22767262374339092,1.4940051208378156,0.22767262374339092,1.4940051208378156,1.107440383869134,0.2276726237433909,1.4940051208378156,weak,28,True,weak,weak
xgb,42,clr_hr_1_mg_l_po4,clr_hr_1_mg_l_po4,CLR,171,171,0.35202988485524,1.4210591288795758,0.35202988485524,1.4210591288795758,1.0543854243392257,0.35202988485524,1.4210591288795758,moderate,28,True,moderate,moderate
xgb,42,clr_hr_1_mg_l_so4,clr_hr_1_mg_l_so4,CLR,171,171,0.09740889054042057,1.2308483708296103,0.09740889054042057,1.2308483708296103,0.9227620518419631,0.0974088905404205,1.2308483708296103,weak,28,True,weak,weak
xgb,42,clr_hr_24_mg_l_f,clr_hr_24_mg_l_f,CLR,171,171,0.055390424515396885,1.1498346365805194,0.055390424515396885,1.1498346365805194,0.8584783008559774,0.0553904245153969,1.1498346365805194,weak,28,True,weak,weak
xgb,42,clr_hr_24_mg_l_cl,clr_hr_24_mg_l_cl,CLR,171,171,0.12561150616242744,1.070378149544704,0.12561150616242744,1.070378149544704,0.8244336777367155,0.1256115061624274,1.070378149544704,weak,28,True,weak,weak
xgb,42,clr_hr_24_mg_l_no3,clr_hr_24_mg_l_no3,CLR,171,171,0.0142544482483552,1.0893747174537087,0.0142544482483552,1.0893747174537087,0.7253997621055237,0.0142544482483552,1.0893747174537087,weak,28,True,weak,weak
xgb,42,clr_hr_24_mg_l_po4,clr_hr_24_mg_l_po4,CLR,171,171,0.28638742811167195,1.1785324860320203,0.28638742811167195,1.1785324860320203,0.8776327752441395,0.2863874281116719,1.1785324860320203,weak,28,True,weak,weak
xgb,42,clr_hr_24_mg_l_so4,clr_hr_24_mg_l_so4,CLR,171,171,0.11867146054446043,1.2174658957586062,0.11867146054446043,1.2174658957586062,0.8862519805181074,0.1186714605444604,1.2174658957586062,weak,28,True,weak,weak
xgb,42,clr_total_mg_l_f,clr_total_mg_l_f,CLR,171,171,0.012842192146716003,1.3793671653665984,0.012842192146716003,1.3793671653665984,1.0892094283273541,0.012842192146716,1.3793671653665984,weak,28,True,weak,weak
xgb,42,clr_total_mg_l_cl,clr_total_mg_l_cl,CLR,171,171,0.1064499908268769,1.374301449498854,0.1064499908268769,1.374301449498854,1.111107609100882,0.1064499908268769,1.374301449498854,weak,28,True,weak,weak
xgb,42,clr_total_mg_l_no3,clr_total_mg_l_no3,CLR,171,171,0.2603490410902921,1.388997964188476,0.2603490410902921,1.388997964188476,1.0345454015347246,0.2603490410902921,1.388997964188476,weak,28,True,weak,weak
xgb,42,clr_total_mg_l_po4,clr_total_mg_l_po4,CLR,171,171,0.4081894626587015,1.4098707718249501,0.4081894626587015,1.4098707718249501,1.1173284121853961,0.4081894626587016,1.40987077182495,moderate,28,True,moderate,moderate
xgb,42,clr_total_mg_l_so4,clr_total_mg_l_so4,CLR,171,171,0.053330951719813946,0.9962405649088455,0.053330951719813946,0.9962405649088455,0.7199703175712062,0.0533309517198141,0.9962405649088454,weak,28,True,weak,weak
xgb,42,clr_total_mg_l_ca2,clr_total_mg_l_ca2,CLR,171,171,0.23296481242619382,1.0594471152505924,0.23296481242619382,1.0594471152505924,0.8742146958154402,0.2329648124261937,1.0594471152505924,weak,28,True,weak,weak
xgb,42,clr_total_mg_l_k,clr_total_mg_l_k,CLR,171,171,0.3730022142956061,1.035298883082255,0.3730022142956061,1.035298883082255,0.7520826651272072,0.373002214295606,1.0352988830822552,moderate,28,True,moderate,moderate
xgb,42,clr_total_mg_l_mg2,clr_total_mg_l_mg2,CLR,171,171,-0.05855646818623428,0.8416724941344896,-0.05855646818623428,0.8416724941344896,0.6586136402591888,-0.0585564681862342,0.8416724941344896,unusable,28,True,unusable,unusable
xgb,42,clr_total_mg_l_na,clr_total_mg_l_na,CLR,171,171,0.16513582673276683,0.7937418722325442,0.16513582673276683,0.7937418722325442,0.6107259637171127,0.1651358267327668,0.7937418722325442,weak,28,True,weak,weak
xgb,42,clr_total_mg_l_sr2,clr_total_mg_l_sr2,CLR,171,171,0.1857035970694163,1.283805312635039,0.1857035970694163,1.283805312635039,0.893051468527723,0.1857035970694163,1.283805312635039,weak,28,True,weak,weak
xgb,42,digest_mg_kg_al3082,digest_mg_kg_al3082,native units,171,171,0.303534183679703,5393.500231453499,0.303534183679703,5393.500231453499,4022.1251924284993,0.303534183679703,5393.500231453499,moderate,28,True,moderate,moderate
xgb,42,digest_mg_kg_as1890,digest_mg_kg_as1890,native units,171,171,-0.016711189032024842,2.516855453987211,-0.016711189032024842,2.516855453987211,1.5743847337800858,-0.0167111890320248,2.516855453987211,unusable,28,True,unusable,unusable
xgb,42,digest_mg_kg_b_2496,digest_mg_kg_b_2496,native units,171,171,-0.008650632629310095,20.34620299205733,-0.008650632629310095,20.34620299205733,11.115392155452081,-0.00865063262931,20.34620299205733,unusable,28,True,unusable,unusable
xgb,42,digest_mg_kg_ba4554,digest_mg_kg_ba4554,native units,171,171,0.15738343771702235,27.852490118386527,0.15738343771702235,27.852490118386527,21.180886698828804,0.1573834377170223,27.852490118386527,weak,28,True,weak,weak
xgb,42,digest_mg_kg_be3130,digest_mg_kg_be3130,native units,171,171,0.12731742524629774,0.7979342338243419,0.12731742524629774,0.7979342338243419,0.48952317632429787,0.1273174252462977,0.7979342338243419,weak,28,True,weak,weak
xgb,42,digest_mg_kg_co2286,digest_mg_kg_co2286,native units,171,171,0.2764973870995835,4.754034684551477,0.2764973870995835,4.754034684551477,3.094342300682737,0.2764973870995832,4.754034684551477,weak,28,True,weak,weak
xgb,42,digest_mg_kg_cr2835,digest_mg_kg_cr2835,native units,171,171,0.39419889332430624,10.423115267603977,0.39419889332430624,10.423115267603977,7.775734039328949,0.3941988933243062,10.423115267603976,moderate,28,True,moderate,moderate
xgb,42,digest_mg_kg_cu3247,digest_mg_kg_cu3247,native units,171,171,0.0936935134371798,12.610958526519267,0.0936935134371798,12.610958526519267,10.162436992912962,0.0936935134371798,12.610958526519267,weak,28,True,weak,weak
xgb,42,digest_mg_kg_fe2599,digest_mg_kg_fe2599,native units,171,171,0.24077957604894107,6437.406422039258,0.24077957604894107,6437.406422039258,5010.648182908443,0.240779576048941,6437.406422039258,weak,28,True,weak,weak
xgb,42,digest_mg_kg_k_7664,digest_mg_kg_k_7664,native units,171,171,0.47826648032325847,2102.5515402571723,0.47826648032325847,2102.5515402571723,1412.8859290550186,0.4782664803232584,2102.5515402571723,moderate,28,True,moderate,moderate
xgb,42,digest_mg_kg_mn2576,digest_mg_kg_mn2576,native units,171,171,0.1434657920041551,218.3924514970915,0.1434657920041551,218.3924514970915,126.76891654209784,0.1434657920041551,218.3924514970915,weak,28,True,weak,weak
xgb,42,digest_mg_kg_ni2316,digest_mg_kg_ni2316,native units,171,171,0.4570811759634039,19.44882761975638,0.4570811759634039,19.44882761975638,10.969311390111322,0.4570811759634039,19.44882761975638,moderate,28,True,moderate,moderate
xgb,42,digest_mg_kg_si2516,digest_mg_kg_si2516,native units,171,171,0.1234734424302546,196.80842285424058,0.1234734424302546,196.80842285424058,123.53383697331302,0.1234734424302546,196.80842285424055,weak,28,True,weak,weak
xgb,42,digest_mg_kg_ti3349,digest_mg_kg_ti3349,native units,171,171,0.3867007021324709,504.1243547911181,0.3867007021324709,504.1243547911181,378.5257095622459,0.3867007021324709,504.1243547911181,moderate,28,True,moderate,moderate
xgb,42,digest_mg_kg_v_2924,digest_mg_kg_v_2924,native units,171,171,0.12625891364204278,18.89329506970723,0.12625891364204278,18.89329506970723,12.638870455870153,0.1262589136420427,18.89329506970723,weak,28,True,weak,weak
xgb,42,digest_mg_kg_zn2138,digest_mg_kg_zn2138,native units,171,171,0.04892679233425812,32.29213451519251,0.04892679233425812,32.29213451519251,19.34924427991722,0.0489267923342581,32.29213451519251,weak,28,True,weak,weak
xgb,42,ec_us_cm,ec_us_cm,native units,171,171,-0.036708579445735134,4995.980660917097,-0.036708579445735134,4995.980660917097,3585.5262843795686,-0.0367085794457351,4995.980660917097,unusable,28,True,unusable,unusable
xgb,42,log_total_mg_l_cl,total_mg_l_cl,natural log,171,171,0.11917402832561175,1.902497298483958,-0.0742683367634418,751.1312057130592,303.77383007063065,0.1191740283256117,751.1312057130592,weak,28,True,weak,unusable
xgb,42,log_hr_1_mg_l_cl,hr_1_mg_l_cl,natural log,171,171,0.1470912903523257,2.1634765466785026,-0.09474469898154125,702.3273749000165,277.97895246111267,0.1470912903523256,702.3273749000165,weak,28,True,weak,unusable
xgb,42,log_hr_24_mg_l_cl,hr_24_mg_l_cl,natural log,171,171,0.2628745286256411,1.545735756604359,0.1292233171134024,67.75440241314429,37.60943987597543,0.2628745286256412,67.75440241314429,weak,28,True,weak,weak
xgb,42,log_total_mg_l_so4,total_mg_l_so4,natural log,171,171,0.16264217980125228,1.8325614140079987,-0.13951342743068396,4477.129439441353,1792.8023708601977,0.1626421798012522,4477.129439441353,weak,28,True,weak,unusable
xgb,42,log_hr_1_mg_l_so4,hr_1_mg_l_so4,natural log,171,171,0.1798171167889755,1.938488976694271,-0.03967141071852476,2987.0327294752647,1158.141611849986,0.1798171167889755,2987.0327294752647,weak,28,True,weak,unusable
xgb,42,hr_24_mg_l_so4,hr_24_mg_l_so4,native units,171,171,0.004435308777346325,1894.06098079572,0.004435308777346325,1894.06098079572,867.1783687551397,0.0044353087773463,1894.06098079572,weak,28,True,weak,weak
xgb,42,log_total_mg_l_na,total_mg_l_na,natural log,171,171,0.47021564668153204,1.3529750279395862,-0.0036570922091434532,1698.4060784003113,504.28377873348,0.470215646681532,1698.4060784003111,moderate,28,True,moderate,unusable
xgb,42,log_total_mg_l_mg2,total_mg_l_mg2,natural log,171,171,0.18781298984937755,1.821280819852554,-0.04868873493577208,498.4490546759657,160.38428304150298,0.1878129898493775,498.4490546759657,weak,28,True,weak,unusable
xgb,42,log_total_mg_l_ca2,total_mg_l_ca2,natural log,171,171,0.20518269535796085,1.9034233237717526,-0.09925608597599966,1719.5222946070292,724.0618486226329,0.2051826953579608,1719.5222946070292,weak,28,True,weak,unusable
xgb,42,log_digest_mg_kg_na5895,digest_mg_kg_na5895,natural log,171,171,0.4125542619357496,1.0728048056258617,0.48120516307457206,2263.6351601497345,1182.4869813135365,0.4125542619357495,2263.6351601497345,moderate,28,True,moderate,moderate
xgb,42,digest_mg_kg_mg2852,digest_mg_kg_mg2852,native units,171,171,0.42786685355844245,5164.962712400824,0.42786685355844245,5164.962712400824,3131.6223688779237,0.4278668535584424,5164.962712400824,moderate,28,True,moderate,moderate
xgb,42,log_digest_mg_kg_ca3158,digest_mg_kg_ca3158,natural log,171,171,0.358043084646955,0.891749649855675,0.2608061495569127,8090.036365603886,5207.851093147438,0.358043084646955,8090.036365603886,moderate,28,True,moderate,weak
xgb,73,ph_mq,ph_mq,native units,171,171,0.279530854480291,1.0242919223552702,0.279530854480291,1.0242919223552702,0.770939464323702,0.279530854480291,1.0242919223552702,weak,28,True,weak,weak
xgb,73,ph_kcl,ph_kcl,native units,171,171,0.2482097530258206,1.0450429426883716,0.2482097530258206,1.0450429426883716,0.8570004471672906,0.2482097530258206,1.0450429426883716,weak,28,True,weak,weak
xgb,73,ph_cacl2,ph_cacl2,native units,171,171,0.10804507206434488,0.9922579891031718,0.10804507206434488,0.9922579891031718,0.816394292329487,0.1080450720643448,0.9922579891031718,weak,28,True,weak,weak
xgb,73,d15n_air_permil,d15n_air_permil,native units,171,171,0.6554862487015274,6.255693714444923,0.6554862487015274,6.255693714444923,4.7709527374202745,0.6554862487015274,6.255693714444923,strong,28,True,strong,strong
xgb,73,d13c_vpdb_permil,d13c_vpdb_permil,native units,171,171,0.3231846656001186,8.833380577237822,0.3231846656001186,8.833380577237822,6.48773381782554,0.3231846656001186,8.833380577237822,moderate,28,True,moderate,moderate
xgb,73,wt_percent_n,wt_percent_n,native units,171,171,0.49432753244555516,0.06628650962890763,0.49432753244555516,0.06628650962890763,0.03890915757949239,0.4943275324455553,0.0662865096289076,moderate,28,True,moderate,moderate
xgb,73,wt_percent_c,wt_percent_c,native units,171,171,0.3394476022191696,0.42834477430660495,0.3394476022191696,0.42834477430660495,0.21874267350599086,0.3394476022191696,0.4283447743066049,moderate,28,True,moderate,moderate
xgb,73,c_n_ratio,c_n_ratio,native units,171,171,0.3722920571871666,11.500841100813672,0.3722920571871666,11.500841100813672,6.407129030478628,0.3722920571871666,11.500841100813672,moderate,28,True,moderate,moderate
xgb,73,log_cec_meq_100g,log_cec_meq_100g,log1p,171,171,0.27142605684929677,0.48892313476616595,0.19332059498527965,2.8572079923242555,2.0184806717626067,0.2714260568492967,2.8572079923242555,weak,28,True,weak,weak
xgb,73,log_digest_mg_kg_hg1849,log_digest_mg_kg_hg1849,log1p,171,171,-0.037330643844972755,1.2360110312163965,-0.055933411863336335,70.24415763583427,22.799674954675776,-0.0373306438449727,70.24415763583427,unusable,28,True,unusable,unusable
xgb,73,log_digest_mg_kg_li6707,log_digest_mg_kg_li6707,log1p,171,171,0.08192028953353347,0.8753012599530153,0.2717655193940075,9.358123934818925,6.792019625539658,0.0819202895335334,9.358123934818924,weak,28,True,weak,weak
xgb,73,log_digest_mg_kg_mo2020,log_digest_mg_kg_mo2020,log1p,171,171,0.3232527897450326,0.23210318998358836,0.43793134560604574,0.39282215494215206,0.28534856197368585,0.3232527897450326,0.392822154942152,moderate,28,True,moderate,moderate
xgb,73,log_digest_mg_kg_p_1774,log_digest_mg_kg_p_1774,log1p,171,171,0.40423877346864223,0.7834583194450072,0.5160153942532877,1445.8139566520063,575.2106303227798,0.4042387734686422,1445.8139566520065,moderate,28,True,moderate,strong
xgb,73,log_digest_mg_kg_pb2203,log_digest_mg_kg_pb2203,log1p,171,171,0.17995741718607472,0.7121740966489563,-0.04688130024833015,14.77478732536079,5.473724251365512,0.1799574171860747,14.77478732536079,weak,28,True,weak,unusable
xgb,73,log_digest_mg_kg_sb2068,log_digest_mg_kg_sb2068,log1p,171,171,0.02605400595735019,0.1795737621804804,0.018787180759026967,0.6451592863525027,0.3142715303828543,0.0260540059573505,0.6451592863525027,weak,28,True,weak,weak
xgb,73,log_digest_mg_kg_sn1899,log_digest_mg_kg_sn1899,log1p,171,171,-0.01856567798310671,0.07146086245004503,-0.012740532332388588,0.25215548088567136,0.050664128810249294,-0.0185656779831067,0.2521554808856714,unusable,28,True,unusable,unusable
xgb,73,log_digest_mg_kg_sr4077,log_digest_mg_kg_sr4077,log1p,171,171,0.40851325086343804,0.9393184096037586,0.39449453227920595,52.77229687583443,32.90966986301326,0.408513250863438,52.77229687583443,moderate,28,True,moderate,moderate
xgb,73,log_digest_mg_kg_tl1908,log_digest_mg_kg_tl1908,log1p,171,171,-0.01122985617103911,0.08243529304374167,-0.010165821683480791,0.3456054765177246,0.07280913369768059,-0.0112298561710391,0.3456054765177246,unusable,28,True,unusable,unusable
xgb,73,clr_hr_1_mg_l_f,clr_hr_1_mg_l_f,CLR,171,171,-0.007283264770726383,1.4091718150963721,-0.007283264770726383,1.4091718150963721,0.9838899605169626,-0.0072832647707263,1.409171815096372,unusable,28,True,unusable,unusable
xgb,73,clr_hr_1_mg_l_cl,clr_hr_1_mg_l_cl,CLR,171,171,0.050532275720210684,1.325606454417568,0.050532275720210684,1.325606454417568,1.1011447825895402,0.0505322757202106,1.325606454417568,weak,28,True,weak,weak
xgb,73,clr_hr_1_mg_l_no3,clr_hr_1_mg_l_no3,CLR,171,171,0.21652589809655665,1.5047477202762083,0.21652589809655665,1.5047477202762083,1.1315803413814405,0.2165258980965566,1.5047477202762083,weak,28,True,weak,weak
xgb,73,clr_hr_1_mg_l_po4,clr_hr_1_mg_l_po4,CLR,171,171,0.32677875216002383,1.4484835517464405,0.32677875216002383,1.4484835517464405,1.0768314762828501,0.3267787521600239,1.4484835517464405,moderate,28,True,moderate,moderate
xgb,73,clr_hr_1_mg_l_so4,clr_hr_1_mg_l_so4,CLR,171,171,0.09368527154084672,1.233384676070303,0.09368527154084672,1.233384676070303,0.9232279064431786,0.0936852715408467,1.233384676070303,weak,28,True,weak,weak
xgb,73,clr_hr_24_mg_l_f,clr_hr_24_mg_l_f,CLR,171,171,0.05033727343563221,1.1529060316440332,0.05033727343563221,1.1529060316440332,0.8582405115966165,0.0503372734356322,1.1529060316440332,weak,28,True,weak,weak
xgb,73,clr_hr_24_mg_l_cl,clr_hr_24_mg_l_cl,CLR,171,171,0.1256498350397277,1.0703546892392126,0.1256498350397277,1.0703546892392126,0.834523213539483,0.1256498350397277,1.0703546892392126,weak,28,True,weak,weak
xgb,73,clr_hr_24_mg_l_no3,clr_hr_24_mg_l_no3,CLR,171,171,0.011121745395259897,1.0911043626933867,0.011121745395259897,1.0911043626933867,0.7365469737822002,0.0111217453952598,1.0911043626933867,weak,28,True,weak,weak
xgb,73,clr_hr_24_mg_l_po4,clr_hr_24_mg_l_po4,CLR,171,171,0.2911909972650677,1.1745592367355298,0.2911909972650677,1.1745592367355298,0.8314182129542126,0.2911909972650677,1.1745592367355298,weak,28,True,weak,weak
xgb,73,clr_hr_24_mg_l_so4,clr_hr_24_mg_l_so4,CLR,171,171,0.13044529187270848,1.2093063767104322,0.13044529187270848,1.2093063767104322,0.8724441424977543,0.1304452918727084,1.2093063767104322,weak,28,True,weak,weak
xgb,73,clr_total_mg_l_f,clr_total_mg_l_f,CLR,171,171,0.00047769754808990594,1.387978809872034,0.00047769754808990594,1.387978809872034,1.1035643897142946,0.0004776975480899,1.387978809872034,weak,28,True,weak,weak
xgb,73,clr_total_mg_l_cl,clr_total_mg_l_cl,CLR,171,171,0.12193030963143936,1.3623448861301086,0.12193030963143936,1.3623448861301086,1.1012554093203903,0.1219303096314393,1.3623448861301086,weak,28,True,weak,weak
xgb,73,clr_total_mg_l_no3,clr_total_mg_l_no3,CLR,171,171,0.20451952372678217,1.4404658260656298,0.20451952372678217,1.4404658260656298,1.0994207196851253,0.2045195237267821,1.4404658260656298,weak,28,True,weak,weak
xgb,73,clr_total_mg_l_po4,clr_total_mg_l_po4,CLR,171,171,0.43569475292134574,1.376718044360699,0.43569475292134574,1.376718044360699,1.0247768487481288,0.4356947529213456,1.3767180443606992,moderate,28,True,moderate,moderate
xgb,73,clr_total_mg_l_so4,clr_total_mg_l_so4,CLR,171,171,0.06177544370624111,0.9917872712773554,0.06177544370624111,0.9917872712773554,0.7267624026798617,0.0617754437062411,0.9917872712773554,weak,28,True,weak,weak
xgb,73,clr_total_mg_l_ca2,clr_total_mg_l_ca2,CLR,171,171,0.26031447451724943,1.0403876761436333,0.26031447451724943,1.0403876761436333,0.8515785302259702,0.2603144745172494,1.0403876761436333,weak,28,True,weak,weak
xgb,73,clr_total_mg_l_k,clr_total_mg_l_k,CLR,171,171,0.38478220196101276,1.0255272089572385,0.38478220196101276,1.0255272089572385,0.7671074507471942,0.3847822019610127,1.0255272089572385,moderate,28,True,moderate,moderate
xgb,73,clr_total_mg_l_mg2,clr_total_mg_l_mg2,CLR,171,171,-0.05855646818623428,0.8416724941344896,-0.05855646818623428,0.8416724941344896,0.6586136402591888,-0.0585564681862342,0.8416724941344896,unusable,28,True,unusable,unusable
xgb,73,clr_total_mg_l_na,clr_total_mg_l_na,CLR,171,171,0.15459431456433492,0.7987372911462641,0.15459431456433492,0.7987372911462641,0.6080714447966034,0.1545943145643349,0.7987372911462641,weak,28,True,weak,weak
xgb,73,clr_total_mg_l_sr2,clr_total_mg_l_sr2,CLR,171,171,0.17548440935021947,1.291835891168514,0.17548440935021947,1.291835891168514,0.886770134609545,0.1754844093502194,1.291835891168514,weak,28,True,weak,weak
xgb,73,digest_mg_kg_al3082,digest_mg_kg_al3082,native units,171,171,0.30398297504347027,5391.762209044361,0.30398297504347027,5391.762209044361,4129.294105445906,0.3039829750434702,5391.762209044361,moderate,28,True,moderate,moderate
xgb,73,digest_mg_kg_as1890,digest_mg_kg_as1890,native units,171,171,-0.02745314353629258,2.5301163045042268,-0.02745314353629258,2.5301163045042268,1.5796604670697487,-0.0274531435362925,2.5301163045042268,unusable,28,True,unusable,unusable
xgb,73,digest_mg_kg_b_2496,digest_mg_kg_b_2496,native units,171,171,0.0025456439408305664,20.23296387549998,0.0025456439408305664,20.23296387549998,11.223910738404035,0.0025456439408305,20.23296387549998,weak,28,True,weak,weak
xgb,73,digest_mg_kg_ba4554,digest_mg_kg_ba4554,native units,171,171,0.09738474311215706,28.827061075971436,0.09738474311215706,28.827061075971436,22.173942575733562,0.097384743112157,28.827061075971436,weak,28,True,weak,weak
xgb,73,digest_mg_kg_be3130,digest_mg_kg_be3130,native units,171,171,0.10581748947058711,0.8077036239976484,0.10581748947058711,0.8077036239976484,0.505732632631447,0.1058174894705871,0.8077036239976484,weak,28,True,weak,weak
xgb,73,digest_mg_kg_co2286,digest_mg_kg_co2286,native units,171,171,0.2571999116465822,4.817017979842245,0.2571999116465822,4.817017979842245,3.2883632440176624,0.2571999116465822,4.817017979842245,weak,28,True,weak,weak
xgb,73,digest_mg_kg_cr2835,digest_mg_kg_cr2835,native units,171,171,0.3973799460985096,10.395713435489768,0.3973799460985096,10.395713435489768,7.403100443722908,0.3973799460985096,10.395713435489768,moderate,28,True,moderate,moderate
xgb,73,digest_mg_kg_cu3247,digest_mg_kg_cu3247,native units,171,171,0.07298030840943448,12.754253157874293,0.07298030840943448,12.754253157874293,10.327557669745552,0.0729803084094345,12.754253157874292,weak,28,True,weak,weak
xgb,73,digest_mg_kg_fe2599,digest_mg_kg_fe2599,native units,171,171,0.24897128300173033,6402.583621450321,0.24897128300173033,6402.583621450321,4941.337213427449,0.2489712830017303,6402.583621450321,weak,28,True,weak,weak
xgb,73,digest_mg_kg_k_7664,digest_mg_kg_k_7664,native units,171,171,0.4578377316327714,2143.3195512002667,0.4578377316327714,2143.3195512002667,1519.6293280671773,0.4578377316327714,2143.3195512002667,moderate,28,True,moderate,moderate
xgb,73,digest_mg_kg_mn2576,digest_mg_kg_mn2576,native units,171,171,0.131707640955524,219.8863431845728,0.131707640955524,219.8863431845728,128.57117056684885,0.131707640955524,219.8863431845728,weak,28,True,weak,weak
xgb,73,digest_mg_kg_ni2316,digest_mg_kg_ni2316,native units,171,171,0.39736060731356826,20.49060283580814,0.39736060731356826,20.49060283580814,11.774877510293884,0.3973606073135682,20.49060283580814,moderate,28,True,moderate,moderate
xgb,73,digest_mg_kg_si2516,digest_mg_kg_si2516,native units,171,171,0.10874998565513527,198.4544841687098,0.10874998565513527,198.4544841687098,125.2143490903977,0.1087499856551352,198.4544841687098,weak,28,True,weak,weak
xgb,73,digest_mg_kg_ti3349,digest_mg_kg_ti3349,native units,171,171,0.3458232954612811,520.6537284703709,0.3458232954612811,520.6537284703709,380.33688659311036,0.3458232954612811,520.6537284703709,moderate,28,True,moderate,moderate
xgb,73,digest_mg_kg_v_2924,digest_mg_kg_v_2924,native units,171,171,0.14102026524358735,18.733019585280726,0.14102026524358735,18.733019585280726,12.49145806697377,0.1410202652435873,18.73301958528073,weak,28,True,weak,weak
xgb,73,digest_mg_kg_zn2138,digest_mg_kg_zn2138,native units,171,171,0.05107575396433994,32.2556316459706,0.05107575396433994,32.2556316459706,19.18820744386193,0.0510757539643399,32.2556316459706,weak,28,True,weak,weak
xgb,73,ec_us_cm,ec_us_cm,native units,171,171,-0.036708579445735134,4995.980660917097,-0.036708579445735134,4995.980660917097,3585.5262843795686,-0.0367085794457351,4995.980660917097,unusable,28,True,unusable,unusable
xgb,73,log_total_mg_l_cl,total_mg_l_cl,natural log,171,171,0.1186265093718718,1.9030885001185285,-0.049978837785892516,742.5910153824892,300.13246632213577,0.1186265093718718,742.5910153824892,weak,28,True,weak,unusable
xgb,73,log_hr_1_mg_l_cl,hr_1_mg_l_cl,natural log,171,171,0.17372965417965291,2.1294232921654115,-0.06817518218227159,693.7522628150663,268.12770957388756,0.1737296541796529,693.7522628150663,weak,28,True,weak,unusable
xgb,73,log_hr_24_mg_l_cl,hr_24_mg_l_cl,natural log,171,171,0.21438063301175692,1.5957712434297988,0.14512178950895993,67.13302972944425,37.42374650832218,0.2143806330117569,67.13302972944425,weak,28,True,weak,weak
xgb,73,log_total_mg_l_so4,total_mg_l_so4,natural log,171,171,0.2550230831834044,1.7285199873161181,-0.10634502349880992,4411.489200345604,1738.2027605391838,0.2550230831834044,4411.489200345604,weak,28,True,weak,unusable
xgb,73,log_hr_1_mg_l_so4,hr_1_mg_l_so4,natural log,171,171,0.24106226630999772,1.8647089615247583,-0.10706207362429776,3082.3213661938958,1163.7580666712893,0.2410622663099979,3082.321366193896,weak,28,True,weak,unusable
xgb,73,hr_24_mg_l_so4,hr_24_mg_l_so4,native units,171,171,-0.0023940689505388413,1900.5463204340695,-0.0023940689505388413,1900.5463204340695,965.8944758757651,-0.0023940689505388,1900.5463204340697,unusable,28,True,unusable,unusable
xgb,73,log_total_mg_l_na,total_mg_l_na,natural log,171,171,0.4778557841305413,1.3431838232550302,0.02038784425891449,1677.9381149083863,493.8423487995799,0.4778557841305413,1677.9381149083863,moderate,28,True,moderate,weak
xgb,73,log_total_mg_l_mg2,total_mg_l_mg2,natural log,171,171,0.19888597157829524,1.808822963164104,-0.04904045651050737,498.5326355247126,159.87776200711608,0.1988859715782952,498.5326355247126,weak,28,True,weak,unusable
xgb,73,log_total_mg_l_ca2,total_mg_l_ca2,natural log,171,171,0.17506943326699143,1.9391456385414185,-0.3740713731591214,1922.4852552070283,828.2058475557981,0.1750694332669914,1922.4852552070283,weak,28,True,weak,unusable
xgb,73,digest_mg_kg_na5895,digest_mg_kg_na5895,native units,171,171,0.4342453929981054,2363.864932173385,0.4342453929981054,2363.864932173385,1413.0973578255637,0.4342453929981054,2363.864932173385,moderate,28,True,moderate,moderate
xgb,73,digest_mg_kg_mg2852,digest_mg_kg_mg2852,native units,171,171,0.41855920374176403,5206.805873737564,0.41855920374176403,5206.805873737564,3223.742496630573,0.418559203741764,5206.805873737564,moderate,28,True,moderate,moderate
xgb,73,log_digest_mg_kg_ca3158,digest_mg_kg_ca3158,natural log,171,171,0.3520175348710285,0.8959249550049408,0.23029292831476178,8255.322416194273,5298.976331865094,0.3520175348710286,8255.322416194273,moderate,28,True,moderate,weak
xgb,123,ph_mq,ph_mq,native units,171,171,0.2862717014521692,1.019488926057176,0.2862717014521692,1.019488926057176,0.7681060847009137,0.2862717014521692,1.019488926057176,weak,28,True,weak,weak
xgb,123,ph_kcl,ph_kcl,native units,171,171,0.22709226172498354,1.0596187165123006,0.22709226172498354,1.0596187165123006,0.869485355600279,0.2270922617249835,1.0596187165123006,weak,28,True,weak,weak
xgb,123,ph_cacl2,ph_cacl2,native units,171,171,0.1070973366805551,0.992785004710861,0.1070973366805551,0.992785004710861,0.8162347313061097,0.1070973366805551,0.992785004710861,weak,28,True,weak,weak
xgb,123,d15n_air_permil,d15n_air_permil,native units,171,171,0.6644399476817535,6.173867760818748,0.6644399476817535,6.173867760818748,4.68775234481396,0.6644399476817535,6.173867760818748,strong,28,True,strong,strong
xgb,123,d13c_vpdb_permil,d13c_vpdb_permil,native units,171,171,0.367872871449318,8.53677945260887,0.367872871449318,8.53677945260887,6.353625395479257,0.367872871449318,8.53677945260887,moderate,28,True,moderate,moderate
xgb,123,wt_percent_n,wt_percent_n,native units,171,171,0.48765100960494623,0.06672267351896513,0.48765100960494623,0.06672267351896513,0.04032193187994565,0.4876510096049463,0.0667226735189651,moderate,28,True,moderate,moderate
xgb,123,wt_percent_c,wt_percent_c,native units,171,171,0.33142518705282853,0.4309380499133597,0.33142518705282853,0.4309380499133597,0.23027899271127772,0.3314251870528285,0.4309380499133597,moderate,28,True,moderate,moderate
xgb,123,c_n_ratio,c_n_ratio,native units,171,171,0.3796959487801913,11.432812995468037,0.3796959487801913,11.432812995468037,6.653569202097624,0.3796959487801913,11.432812995468035,moderate,28,True,moderate,moderate
xgb,123,log_cec_meq_100g,log_cec_meq_100g,log1p,171,171,0.3016186761441748,0.47868528642706065,0.18214034188779504,2.876939737623626,2.0473333509657055,0.3016186761441748,2.876939737623626,moderate,28,True,moderate,weak
xgb,123,log_digest_mg_kg_hg1849,log_digest_mg_kg_hg1849,log1p,171,171,-0.03723169665395876,1.2359520805159137,-0.05553788235575885,70.231000442852,22.801645820640445,-0.0372316966539587,70.231000442852,unusable,28,True,unusable,unusable
xgb,123,log_digest_mg_kg_li6707,log_digest_mg_kg_li6707,log1p,171,171,0.06811990963919567,0.8818553933759619,0.279527858350164,9.308115632137886,6.76323592099767,0.0681199096391956,9.308115632137886,weak,28,True,weak,weak
xgb,123,log_digest_mg_kg_mo2020,log_digest_mg_kg_mo2020,log1p,171,171,0.3352071748460933,0.23004406547168085,0.404290676081402,0.404406837241463,0.29173548078934314,0.3352071748460933,0.404406837241463,moderate,28,True,moderate,moderate
xgb,123,log_digest_mg_kg_p_1774,log_digest_mg_kg_p_1774,log1p,171,171,0.3940806608642088,0.7901093227648395,0.36365893108295777,1657.836187498728,612.4442887317288,0.3940806608642088,1657.836187498728,moderate,28,True,moderate,moderate
xgb,123,log_digest_mg_kg_pb2203,log_digest_mg_kg_pb2203,log1p,171,171,0.1909987785688959,0.7073633585920719,-0.04092362251544368,14.732686558171611,5.441573230372399,0.1909987785688959,14.732686558171611,weak,28,True,weak,unusable
xgb,123,log_digest_mg_kg_sb2068,log_digest_mg_kg_sb2068,log1p,171,171,0.025325826680046126,0.17964087958790356,0.020457910718129635,0.6446097897740228,0.31767564878625565,0.0253258266800461,0.6446097897740228,weak,28,True,weak,weak
xgb,123,log_digest_mg_kg_sn1899,log_digest_mg_kg_sn1899,log1p,171,171,-0.018105141601072683,0.07144470539280355,-0.012506676742251033,0.2521263661364211,0.05040541923075334,-0.0181051416010726,0.2521263661364211,unusable,28,True,unusable,unusable
xgb,123,log_digest_mg_kg_sr4077,log_digest_mg_kg_sr4077,log1p,171,171,0.409380599590104,0.9386294545938351,0.38205118192319487,53.311783940857964,33.273503542412115,0.409380599590104,53.31178394085797,moderate,28,True,moderate,moderate
xgb,123,log_digest_mg_kg_tl1908,log_digest_mg_kg_tl1908,log1p,171,171,-0.011181037770897184,0.08243330318571458,-0.010140445362256445,0.34560113552217697,0.07276278520080545,-0.0111810377708971,0.3456011355221769,unusable,28,True,unusable,unusable
xgb,123,clr_hr_1_mg_l_f,clr_hr_1_mg_l_f,CLR,171,171,-0.008623301281420748,1.4101088474724492,-0.008623301281420748,1.4101088474724492,1.0084681345090887,-0.0086233012814207,1.4101088474724492,unusable,28,True,unusable,unusable
xgb,123,clr_hr_1_mg_l_cl,clr_hr_1_mg_l_cl,CLR,171,171,0.05832798948697526,1.3201532157364242,0.05832798948697526,1.3201532157364242,1.0975637847729216,0.0583279894869752,1.3201532157364242,weak,28,True,weak,weak
xgb,123,clr_hr_1_mg_l_no3,clr_hr_1_mg_l_no3,CLR,171,171,0.21919731149554245,1.5021801589174035,0.21919731149554245,1.5021801589174035,1.135484210732518,0.2191973114955424,1.5021801589174035,weak,28,True,weak,weak
xgb,123,clr_hr_1_mg_l_po4,clr_hr_1_mg_l_po4,CLR,171,171,0.31573328978623805,1.4603177588338843,0.31573328978623805,1.4603177588338843,1.1257539770688654,0.315733289786238,1.4603177588338845,moderate,28,True,moderate,moderate
xgb,123,clr_hr_1_mg_l_so4,clr_hr_1_mg_l_so4,CLR,171,171,0.09400798535985888,1.2331650692908633,0.09400798535985888,1.2331650692908633,0.924095290310862,0.0940079853598588,1.2331650692908631,weak,28,True,weak,weak
xgb,123,clr_hr_24_mg_l_f,clr_hr_24_mg_l_f,CLR,171,171,0.061867623209564626,1.145885640712242,0.061867623209564626,1.145885640712242,0.8355049826785329,0.0618676232095646,1.145885640712242,weak,28,True,weak,weak
xgb,123,clr_hr_24_mg_l_cl,clr_hr_24_mg_l_cl,CLR,171,171,0.12533686643326858,1.070546235748604,0.12533686643326858,1.070546235748604,0.830574556798787,0.1253368664332685,1.070546235748604,weak,28,True,weak,weak
xgb,123,clr_hr_24_mg_l_no3,clr_hr_24_mg_l_no3,CLR,171,171,0.006372025120507052,1.0937215870044807,0.006372025120507052,1.0937215870044807,0.7110923547035737,0.006372025120507,1.0937215870044807,weak,28,True,weak,weak
xgb,123,clr_hr_24_mg_l_po4,clr_hr_24_mg_l_po4,CLR,171,171,0.28117830161133095,1.1828261058303824,0.28117830161133095,1.1828261058303824,0.8781002197514006,0.2811783016113309,1.1828261058303824,weak,28,True,weak,weak
xgb,123,clr_hr_24_mg_l_so4,clr_hr_24_mg_l_so4,CLR,171,171,0.11676367802603982,1.2187828873577184,0.11676367802603982,1.2187828873577184,0.8791781640762201,0.1167636780260398,1.2187828873577184,weak,28,True,weak,weak
xgb,123,clr_total_mg_l_f,clr_total_mg_l_f,CLR,171,171,0.012917882303344452,1.3793142829817657,0.012917882303344452,1.3793142829817657,1.09095803051378,0.0129178823033444,1.3793142829817655,weak,28,True,weak,weak
xgb,123,clr_total_mg_l_cl,clr_total_mg_l_cl,CLR,171,171,0.11480783940642791,1.3678590630654128,0.11480783940642791,1.3678590630654128,1.095909106394614,0.1148078394064279,1.3678590630654128,weak,28,True,weak,weak
xgb,123,clr_total_mg_l_no3,clr_total_mg_l_no3,CLR,171,171,0.19832019381145505,1.4460678442632213,0.19832019381145505,1.4460678442632213,1.0621416997539757,0.198320193811455,1.446067844263221,weak,28,True,weak,weak
xgb,123,clr_total_mg_l_po4,clr_total_mg_l_po4,CLR,171,171,0.3924919843823409,1.4284464585380918,0.3924919843823409,1.4284464585380918,1.0831957523592024,0.3924919843823408,1.4284464585380918,moderate,28,True,moderate,moderate
xgb,123,clr_total_mg_l_so4,clr_total_mg_l_so4,CLR,171,171,0.06238299156264726,0.9914661030639668,0.06238299156264726,0.9914661030639668,0.7208422961559968,0.0623829915626472,0.9914661030639668,weak,28,True,weak,weak
xgb,123,clr_total_mg_l_ca2,clr_total_mg_l_ca2,CLR,171,171,0.2829727088030486,1.0243290322038026,0.2829727088030486,1.0243290322038026,0.8153492256627541,0.2829727088030486,1.0243290322038026,weak,28,True,weak,weak
xgb,123,clr_total_mg_l_k,clr_total_mg_l_k,CLR,171,171,0.3877722599726595,1.023032059498426,0.3877722599726595,1.023032059498426,0.7409320905226555,0.3877722599726595,1.023032059498426,moderate,28,True,moderate,moderate
xgb,123,clr_total_mg_l_mg2,clr_total_mg_l_mg2,CLR,171,171,-0.042375010815598024,0.8352146727103481,-0.042375010815598024,0.8352146727103481,0.6384340919281178,-0.042375010815598,0.8352146727103481,unusable,28,True,unusable,unusable
xgb,123,clr_total_mg_l_na,clr_total_mg_l_na,CLR,171,171,0.12044348530747528,0.8147103880016782,0.12044348530747528,0.8147103880016782,0.6365608822458307,0.1204434853074752,0.8147103880016782,weak,28,True,weak,weak
xgb,123,clr_total_mg_l_sr2,clr_total_mg_l_sr2,CLR,171,171,0.21197501105881467,1.2629260027332294,0.21197501105881467,1.2629260027332294,0.8581966245996184,0.2119750110588146,1.2629260027332294,weak,28,True,weak,weak
xgb,123,digest_mg_kg_al3082,digest_mg_kg_al3082,native units,171,171,0.2822978275783631,5475.111014005601,0.2822978275783631,5475.111014005601,4203.052437551398,0.2822978275783631,5475.111014005601,weak,28,True,weak,weak
xgb,123,digest_mg_kg_as1890,digest_mg_kg_as1890,native units,171,171,-0.030411663438425274,2.5337563822722613,-0.030411663438425274,2.5337563822722613,1.5972162016372236,-0.0304116634384252,2.5337563822722613,unusable,28,True,unusable,unusable
xgb,123,digest_mg_kg_b_2496,digest_mg_kg_b_2496,native units,171,171,-0.005990707231890102,20.319357666640048,-0.005990707231890102,20.319357666640048,11.084679826992994,-0.0059907072318901,20.319357666640048,unusable,28,True,unusable,unusable
xgb,123,digest_mg_kg_ba4554,digest_mg_kg_ba4554,native units,171,171,0.13627052118259086,28.199272498573638,0.13627052118259086,28.199272498573638,21.322838742886372,0.1362705211825908,28.19927249857364,weak,28,True,weak,weak
xgb,123,digest_mg_kg_be3130,digest_mg_kg_be3130,native units,171,171,0.09291723622485837,0.8135090772231748,0.09291723622485837,0.8135090772231748,0.5115622682947861,0.0929172362248583,0.8135090772231748,weak,28,True,weak,weak
xgb,123,digest_mg_kg_co2286,digest_mg_kg_co2286,native units,171,171,0.24626109177030897,4.852357174539675,0.24626109177030897,4.852357174539675,3.25533202734607,0.246261091770309,4.852357174539674,weak,28,True,weak,weak
xgb,123,digest_mg_kg_cr2835,digest_mg_kg_cr2835,native units,171,171,0.42498170047659445,10.154846017941155,0.42498170047659445,10.154846017941155,7.496430844256753,0.4249817004765944,10.154846017941155,moderate,28,True,moderate,moderate
xgb,123,digest_mg_kg_cu3247,digest_mg_kg_cu3247,native units,171,171,0.12360688627536243,12.401094914838927,0.12360688627536243,12.401094914838927,10.012021335133337,0.1236068862753624,12.401094914838929,weak,28,True,weak,weak
xgb,123,digest_mg_kg_fe2599,digest_mg_kg_fe2599,native units,171,171,0.2613364615250702,6349.657771516841,0.2613364615250702,6349.657771516841,4943.946189236111,0.2613364615250702,6349.657771516841,weak,28,True,weak,weak
xgb,123,digest_mg_kg_k_7664,digest_mg_kg_k_7664,native units,171,171,0.4366647695561714,2184.770066732372,0.4366647695561714,2184.770066732372,1545.3063117133247,0.4366647695561714,2184.770066732372,moderate,28,True,moderate,moderate
xgb,123,digest_mg_kg_mn2576,digest_mg_kg_mn2576,native units,171,171,0.12847939278816756,220.29472471075263,0.12847939278816756,220.29472471075263,128.61776977895994,0.1284793927881675,220.29472471075263,weak,28,True,weak,weak
xgb,123,digest_mg_kg_ni2316,digest_mg_kg_ni2316,native units,171,171,0.37554334514738763,20.858214356931565,0.37554334514738763,20.858214356931565,12.179585698438666,0.3755433451473876,20.858214356931565,moderate,28,True,moderate,moderate
xgb,123,digest_mg_kg_si2516,digest_mg_kg_si2516,native units,171,171,0.0964263962289631,199.82181950043244,0.0964263962289631,199.82181950043244,124.67714227330615,0.0964263962289631,199.82181950043244,weak,28,True,weak,weak
xgb,123,digest_mg_kg_ti3349,digest_mg_kg_ti3349,native units,171,171,0.3168484939169286,532.0592041460496,0.3168484939169286,532.0592041460496,379.9638334396987,0.3168484939169286,532.0592041460496,moderate,28,True,moderate,moderate
xgb,123,digest_mg_kg_v_2924,digest_mg_kg_v_2924,native units,171,171,0.10903561771053027,19.07859986137659,0.10903561771053027,19.07859986137659,12.72605996025933,0.1090356177105302,19.07859986137659,weak,28,True,weak,weak
xgb,123,digest_mg_kg_zn2138,digest_mg_kg_zn2138,native units,171,171,0.04926887589469675,32.28632654912098,0.04926887589469675,32.28632654912098,19.08923080310487,0.0492688758946967,32.28632654912098,weak,28,True,weak,weak
xgb,123,ec_us_cm,ec_us_cm,native units,171,171,-0.03611386529474192,4994.547468076206,-0.03611386529474192,4994.547468076206,3552.795606896473,-0.0361138652947419,4994.547468076206,unusable,28,True,unusable,unusable
xgb,123,log_total_mg_l_cl,total_mg_l_cl,natural log,171,171,0.155829050245336,1.8624910495472244,-0.10210014877880291,760.7990259410141,308.6960058768412,0.155829050245336,760.7990259410141,weak,28,True,weak,unusable
xgb,123,log_hr_1_mg_l_cl,hr_1_mg_l_cl,natural log,171,171,0.1806143566008278,2.120533276724874,-0.05823260550730591,690.5159906957044,266.4866861106662,0.1806143566008279,690.5159906957045,weak,28,True,weak,unusable
xgb,123,log_hr_24_mg_l_cl,hr_24_mg_l_cl,natural log,171,171,0.24592893313698427,1.5634020707376737,0.1140066509744605,68.34383650849026,37.91955084791374,0.2459289331369842,68.34383650849026,weak,28,True,weak,weak
xgb,123,log_total_mg_l_so4,total_mg_l_so4,natural log,171,171,0.16485844271452665,1.830134656444949,-0.13759878212195886,4473.366553247128,1841.120741676057,0.1648584427145266,4473.366553247128,weak,28,True,weak,unusable
xgb,123,log_hr_1_mg_l_so4,hr_1_mg_l_so4,natural log,171,171,0.18106603660336396,1.9370125135262075,-0.08610867128220234,3053.0124190199035,1164.5283875199013,0.1810660366033639,3053.0124190199035,weak,28,True,weak,unusable
xgb,123,hr_24_mg_l_so4,hr_24_mg_l_so4,native units,171,171,0.004215201547367653,1894.270346133518,0.004215201547367653,1894.270346133518,855.54887285556,0.0042152015473676,1894.270346133518,weak,28,True,weak,weak
xgb,123,log_total_mg_l_na,total_mg_l_na,natural log,171,171,0.4582064313815226,1.368223797103252,-0.020293371393615978,1712.424327955521,512.9216411079157,0.4582064313815226,1712.424327955521,moderate,28,True,moderate,unusable
xgb,123,log_total_mg_l_mg2,total_mg_l_mg2,natural log,171,171,0.23027288377945287,1.7730349134735592,-0.024850330199896797,492.7512083615914,161.78098316732877,0.2302728837794528,492.7512083615914,weak,28,True,weak,unusable
xgb,123,log_total_mg_l_ca2,total_mg_l_ca2,natural log,171,171,0.17357725500777843,1.940898661013748,-0.2138432872632292,1806.9231505849903,790.0849977555014,0.1735772550077784,1806.9231505849905,weak,28,True,weak,unusable
xgb,123,digest_mg_kg_na5895,digest_mg_kg_na5895,native units,171,171,0.40143624730561567,2431.4414452976625,0.40143624730561567,2431.4414452976625,1606.831105265478,0.4014362473056156,2431.4414452976625,moderate,28,True,moderate,moderate
xgb,123,digest_mg_kg_mg2852,digest_mg_kg_mg2852,native units,171,171,0.4059649372390408,5262.894640602393,0.4059649372390408,5262.894640602393,3261.454229618541,0.4059649372390408,5262.894640602393,moderate,28,True,moderate,moderate
xgb,123,log_digest_mg_kg_ca3158,digest_mg_kg_ca3158,natural log,171,171,0.31666568517975036,0.9200398145442521,0.20203483726425653,8405.494473761055,5349.386382087181,0.3166656851797503,8405.494473761055,moderate,28,True,moderate,weak
xgb,256,ph_mq,ph_mq,native units,171,171,0.2774308580611431,1.0257836199819559,0.2774308580611431,1.0257836199819559,0.7802397458037439,0.2774308580611431,1.025783619981956,weak,28,True,weak,weak
xgb,256,ph_kcl,ph_kcl,native units,171,171,0.241883602437713,1.049430635614756,0.241883602437713,1.049430635614756,0.8659254338894671,0.241883602437713,1.049430635614756,weak,28,True,weak,weak
xgb,256,ph_cacl2,ph_cacl2,native units,171,171,0.09601919752730326,0.9989247036371833,0.09601919752730326,0.9989247036371833,0.8163179184763056,0.0960191975273032,0.9989247036371832,weak,28,True,weak,weak
xgb,256,d15n_air_permil,d15n_air_permil,native units,171,171,0.6636655961356506,6.180987185691568,0.6636655961356506,6.180987185691568,4.724006264082085,0.6636655961356505,6.180987185691569,strong,28,True,strong,strong
xgb,256,d13c_vpdb_permil,d13c_vpdb_permil,native units,171,171,0.33849496221607844,8.732898752225863,0.33849496221607844,8.732898752225863,6.280647911774485,0.3384949622160784,8.732898752225863,moderate,28,True,moderate,moderate
xgb,256,wt_percent_n,wt_percent_n,native units,171,171,0.48184247679961834,0.06709982715608942,0.48184247679961834,0.06709982715608942,0.03923977251311664,0.4818424767996183,0.0670998271560894,moderate,28,True,moderate,moderate
xgb,256,wt_percent_c,wt_percent_c,native units,171,171,0.3368776823982964,0.4291772162999531,0.3368776823982964,0.4291772162999531,0.22602116187587815,0.3368776823982963,0.4291772162999531,moderate,28,True,moderate,moderate
xgb,256,c_n_ratio,c_n_ratio,native units,171,171,0.39117788579477375,11.326507073368475,0.39117788579477375,11.326507073368475,6.124230595248485,0.3911778857947737,11.326507073368475,moderate,28,True,moderate,moderate
xgb,256,log_cec_meq_100g,log_cec_meq_100g,log1p,171,171,0.28303834749466217,0.48501116240542774,0.1752620836370693,2.889012043062391,2.011103392018884,0.2830383474946621,2.889012043062391,weak,28,True,weak,weak
xgb,256,log_digest_mg_kg_hg1849,log_digest_mg_kg_hg1849,log1p,171,171,-0.014923850837940567,1.2225889670354682,-0.05549015694096182,70.2294127018661,22.636863878187707,-0.0149238508379405,70.2294127018661,unusable,28,True,unusable,unusable
xgb,256,log_digest_mg_kg_li6707,log_digest_mg_kg_li6707,log1p,171,171,0.08163813787345331,0.8754357519413684,0.0842177332778351,10.494198825901067,7.589920231565951,0.0816381378734533,10.494198825901067,weak,28,True,weak,weak
xgb,256,log_digest_mg_kg_mo2020,log_digest_mg_kg_mo2020,log1p,171,171,0.34088715251554635,0.22905921118287612,0.37750922118523844,0.4133974105310243,0.29228475686073635,0.3408871525155466,0.4133974105310243,moderate,28,True,moderate,moderate
xgb,256,log_digest_mg_kg_p_1774,log_digest_mg_kg_p_1774,log1p,171,171,0.3834943318753974,0.7969816388511131,0.4342233856356046,1563.216516129578,604.8647945463263,0.3834943318753974,1563.216516129578,moderate,28,True,moderate,moderate
xgb,256,log_digest_mg_kg_pb2203,log_digest_mg_kg_pb2203,log1p,171,171,0.16839859100385812,0.7171757218442831,-0.052952473513921516,14.817567065489143,5.447962541882862,0.1683985910038581,14.817567065489143,weak,28,True,weak,unusable
xgb,256,log_digest_mg_kg_sb2068,log_digest_mg_kg_sb2068,log1p,171,171,0.02340566223547713,0.17981774397930952,0.016679416784531997,0.6458518547643239,0.3173166370210521,0.0234056622354771,0.6458518547643239,weak,28,True,weak,weak
xgb,256,log_digest_mg_kg_sn1899,log_digest_mg_kg_sn1899,log1p,171,171,-0.016709009177950707,0.0713957023553558,-0.011797264052789691,0.25203802450449797,0.0496617991666967,-0.0167090091779507,0.2520380245044979,unusable,28,True,unusable,unusable
xgb,256,log_digest_mg_kg_sr4077,log_digest_mg_kg_sr4077,log1p,171,171,0.42285808480820675,0.9278582474029555,0.41795433537916415,51.73988888629059,32.765928522790865,0.4228580848082067,51.73988888629059,moderate,28,True,moderate,moderate
xgb,256,log_digest_mg_kg_tl1908,log_digest_mg_kg_tl1908,log1p,171,171,-0.011171596234496928,0.08243291833927249,-0.010180352676662396,0.34560796223475,0.06963846982837703,-0.0111715962344969,0.34560796223475,unusable,28,True,unusable,unusable
xgb,256,clr_hr_1_mg_l_f,clr_hr_1_mg_l_f,CLR,171,171,0.0057397912657243255,1.400032664474658,0.0057397912657243255,1.400032664474658,0.9986977378972838,0.0057397912657243,1.400032664474658,weak,28,True,weak,weak
xgb,256,clr_hr_1_mg_l_cl,clr_hr_1_mg_l_cl,CLR,171,171,0.06041467532452627,1.31868971636167,0.06041467532452627,1.31868971636167,1.107681778078891,0.0604146753245262,1.31868971636167,weak,28,True,weak,weak
xgb,256,clr_hr_1_mg_l_no3,clr_hr_1_mg_l_no3,CLR,171,171,0.2074208035603229,1.5134661283890827,0.2074208035603229,1.5134661283890827,1.1176483902596166,0.2074208035603229,1.513466128389083,weak,28,True,weak,weak
xgb,256,clr_hr_1_mg_l_po4,clr_hr_1_mg_l_po4,CLR,171,171,0.3288072462625041,1.4462996805394308,0.3288072462625041,1.4462996805394308,1.075990340602755,0.3288072462625041,1.4462996805394308,moderate,28,True,moderate,moderate
xgb,256,clr_hr_1_mg_l_so4,clr_hr_1_mg_l_so4,CLR,171,171,0.09693833160753829,1.23116917568847,0.09693833160753829,1.23116917568847,0.9271993789236185,0.0969383316075382,1.23116917568847,weak,28,True,weak,weak
xgb,256,clr_hr_24_mg_l_f,clr_hr_24_mg_l_f,CLR,171,171,0.05222702205613905,1.151758367604912,0.05222702205613905,1.151758367604912,0.8537923597766819,0.052227022056139,1.151758367604912,weak,28,True,weak,weak
xgb,256,clr_hr_24_mg_l_cl,clr_hr_24_mg_l_cl,CLR,171,171,0.11021488450889882,1.0797608733491346,0.11021488450889882,1.0797608733491346,0.8420779905987501,0.1102148845088989,1.0797608733491344,weak,28,True,weak,weak
xgb,256,clr_hr_24_mg_l_no3,clr_hr_24_mg_l_no3,CLR,171,171,0.026387151964983202,1.0826498672759632,0.026387151964983202,1.0826498672759632,0.7277155952617416,0.0263871519649832,1.0826498672759632,weak,28,True,weak,weak
xgb,256,clr_hr_24_mg_l_po4,clr_hr_24_mg_l_po4,CLR,171,171,0.27096386319484067,1.19120042579245,0.27096386319484067,1.19120042579245,0.8541221903789272,0.2709638631948406,1.19120042579245,weak,28,True,weak,weak
xgb,256,clr_hr_24_mg_l_so4,clr_hr_24_mg_l_so4,CLR,171,171,0.12516552300875017,1.212972158460643,0.12516552300875017,1.212972158460643,0.8655381417204212,0.1251655230087501,1.212972158460643,weak,28,True,weak,weak
xgb,256,clr_total_mg_l_f,clr_total_mg_l_f,CLR,171,171,-0.0009396600597793014,1.3889625625122906,-0.0009396600597793014,1.3889625625122906,1.0965261345880646,-0.0009396600597793,1.3889625625122906,unusable,28,True,unusable,unusable
xgb,256,clr_total_mg_l_cl,clr_total_mg_l_cl,CLR,171,171,0.12347942540679258,1.361142611629564,0.12347942540679258,1.361142611629564,1.0909639201815142,0.1234794254067925,1.361142611629564,weak,28,True,weak,weak
xgb,256,clr_total_mg_l_no3,clr_total_mg_l_no3,CLR,171,171,0.19542695421337786,1.448674903022875,0.19542695421337786,1.448674903022875,1.070245314410479,0.1954269542133778,1.448674903022875,weak,28,True,weak,weak
xgb,256,clr_total_mg_l_po4,clr_total_mg_l_po4,CLR,171,171,0.40027223010884616,1.4192700554838225,0.40027223010884616,1.4192700554838225,1.0809450702115067,0.4002722301088461,1.4192700554838225,moderate,28,True,moderate,moderate
xgb,256,clr_total_mg_l_so4,clr_total_mg_l_so4,CLR,171,171,0.07247358493261902,0.9861166138989585,0.07247358493261902,0.9861166138989585,0.7136793889210817,0.072473584932619,0.9861166138989584,weak,28,True,weak,weak
xgb,256,clr_total_mg_l_ca2,clr_total_mg_l_ca2,CLR,171,171,0.25286729060948265,1.0456118923557847,0.25286729060948265,1.0456118923557847,0.8495023583145075,0.2528672906094826,1.0456118923557849,weak,28,True,weak,weak
xgb,256,clr_total_mg_l_k,clr_total_mg_l_k,CLR,171,171,0.38869925387997173,1.0222572630657094,0.38869925387997173,1.0222572630657094,0.7473417518526173,0.3886992538799717,1.0222572630657094,moderate,28,True,moderate,moderate
xgb,256,clr_total_mg_l_mg2,clr_total_mg_l_mg2,CLR,171,171,-0.07159772489801264,0.8468412626154959,-0.07159772489801264,0.8468412626154959,0.6594689213596859,-0.0715977248980126,0.8468412626154959,unusable,28,True,unusable,unusable
xgb,256,clr_total_mg_l_na,clr_total_mg_l_na,CLR,171,171,0.17038761543373104,0.7912413810664114,0.17038761543373104,0.7912413810664114,0.6060966245818009,0.170387615433731,0.7912413810664114,weak,28,True,weak,weak
xgb,256,clr_total_mg_l_sr2,clr_total_mg_l_sr2,CLR,171,171,0.1844242001246027,1.2848134541025504,0.1844242001246027,1.2848134541025504,0.8940741508767671,0.1844242001246027,1.2848134541025504,weak,28,True,weak,weak
xgb,256,digest_mg_kg_al3082,digest_mg_kg_al3082,native units,171,171,0.3130187885038721,5356.649481878922,0.3130187885038721,5356.649481878922,4036.1541051603617,0.3130187885038721,5356.649481878922,moderate,28,True,moderate,moderate
xgb,256,digest_mg_kg_as1890,digest_mg_kg_as1890,native units,171,171,-0.03137031975273219,2.5349347641465396,-0.03137031975273219,2.5349347641465396,1.5871954046215928,-0.0313703197527321,2.5349347641465396,unusable,28,True,unusable,unusable
xgb,256,digest_mg_kg_b_2496,digest_mg_kg_b_2496,native units,171,171,-0.009528021615996751,20.355050284387303,-0.009528021615996751,20.355050284387303,11.06121335425572,-0.0095280216159967,20.355050284387303,unusable,28,True,unusable,unusable
xgb,256,digest_mg_kg_ba4554,digest_mg_kg_ba4554,native units,171,171,0.12832693575986864,28.328647875532294,0.12832693575986864,28.328647875532294,21.93452930651213,0.1283269357598684,28.328647875532297,weak,28,True,weak,weak
xgb,256,digest_mg_kg_be3130,digest_mg_kg_be3130,native units,171,171,0.10437300663394067,0.8083557521729987,0.10437300663394067,0.8083557521729987,0.47567103238133657,0.1043730066339406,0.8083557521729987,weak,28,True,weak,weak
xgb,256,digest_mg_kg_co2286,digest_mg_kg_co2286,native units,171,171,0.25166163504276484,4.834942341682161,0.25166163504276484,4.834942341682161,3.1764199214511453,0.2516616350427648,4.834942341682161,weak,28,True,weak,weak
xgb,256,digest_mg_kg_cr2835,digest_mg_kg_cr2835,native units,171,171,0.4255445532458365,10.149874799997672,0.4255445532458365,10.149874799997672,7.59132571739063,0.4255445532458365,10.149874799997672,moderate,28,True,moderate,moderate
xgb,256,digest_mg_kg_cu3247,digest_mg_kg_cu3247,native units,171,171,0.09088095033284893,12.63051131675027,0.09088095033284893,12.63051131675027,10.173283415342633,0.0908809503328489,12.63051131675027,weak,28,True,weak,weak
xgb,256,digest_mg_kg_fe2599,digest_mg_kg_fe2599,native units,171,171,0.2565944589088519,6370.006632810009,0.2565944589088519,6370.006632810009,4960.714068896199,0.2565944589088519,6370.006632810009,weak,28,True,weak,weak
xgb,256,digest_mg_kg_k_7664,digest_mg_kg_k_7664,native units,171,171,0.48653573344384593,2085.822718050052,0.48653573344384593,2085.822718050052,1425.0941716601276,0.4865357334438459,2085.822718050052,moderate,28,True,moderate,moderate
xgb,256,digest_mg_kg_mn2576,digest_mg_kg_mn2576,native units,171,171,0.1253857308368187,220.68537162880995,0.1253857308368187,220.68537162880995,128.72885670265953,0.1253857308368187,220.68537162880995,weak,28,True,weak,weak
xgb,256,digest_mg_kg_ni2316,digest_mg_kg_ni2316,native units,171,171,0.41779997633773025,20.14012151707841,0.41779997633773025,20.14012151707841,11.288819481085614,0.4177999763377302,20.14012151707841,moderate,28,True,moderate,moderate
xgb,256,digest_mg_kg_si2516,digest_mg_kg_si2516,native units,171,171,0.13395971731435374,195.62762752973703,0.13395971731435374,195.62762752973703,121.41521403708651,0.1339597173143537,195.62762752973703,weak,28,True,weak,weak
xgb,256,digest_mg_kg_ti3349,digest_mg_kg_ti3349,native units,171,171,0.3396332584199475,523.1112279077338,0.3396332584199475,523.1112279077338,363.63194216187236,0.3396332584199475,523.1112279077338,moderate,28,True,moderate,moderate
xgb,256,digest_mg_kg_v_2924,digest_mg_kg_v_2924,native units,171,171,0.1082518512955567,19.086989578769685,0.1082518512955567,19.086989578769685,12.693521067747595,0.1082518512955567,19.086989578769685,weak,28,True,weak,weak
xgb,256,digest_mg_kg_zn2138,digest_mg_kg_zn2138,native units,171,171,0.08653835132378451,31.64717425416843,0.08653835132378451,31.64717425416843,18.859480536834543,0.0865383513237845,31.64717425416843,weak,28,True,weak,weak
xgb,256,ec_us_cm,ec_us_cm,native units,171,171,-0.030686337886101756,4981.448696874513,-0.030686337886101756,4981.448696874513,3692.715394708288,-0.0306863378861017,4981.448696874513,unusable,28,True,unusable,unusable
xgb,256,log_total_mg_l_cl,total_mg_l_cl,natural log,171,171,0.12343698907481582,1.8978879271263913,-0.08984277810964736,756.55645790348,307.48600599519034,0.1234369890748158,756.55645790348,weak,28,True,weak,unusable
xgb,256,log_hr_1_mg_l_cl,hr_1_mg_l_cl,natural log,171,171,0.16806097563951217,2.1367153264303864,-0.07171687208383881,694.9014292218802,279.6919723795818,0.1680609756395121,694.9014292218802,weak,28,True,weak,unusable
xgb,256,log_hr_24_mg_l_cl,hr_24_mg_l_cl,natural log,171,171,0.20564953161070143,1.604614166326981,0.02402033491549138,71.73060735675037,39.78102431350018,0.2056495316107014,71.73060735675037,weak,28,True,weak,weak
xgb,256,log_total_mg_l_so4,total_mg_l_so4,natural log,171,171,0.21857664091009243,1.7702972402921053,-0.1193506441955614,4437.343035565555,1811.1980589594286,0.2185766409100924,4437.343035565554,weak,28,True,weak,unusable
xgb,256,log_hr_1_mg_l_so4,hr_1_mg_l_so4,natural log,171,171,0.20663214618430747,1.9065372048855673,-0.05045745112900968,3002.4871914450473,1157.0505506114187,0.2066321461843074,3002.4871914450473,weak,28,True,weak,unusable
xgb,256,hr_24_mg_l_so4,hr_24_mg_l_so4,native units,171,171,0.009179726303610969,1889.54246589965,0.009179726303610969,1889.54246589965,825.0369064848603,0.0091797263036109,1889.54246589965,weak,28,True,weak,weak
xgb,256,log_total_mg_l_na,total_mg_l_na,natural log,171,171,0.4569925440224889,1.369755690812204,-0.014129807213751455,1707.2441386381668,512.0825316867425,0.456992544022489,1707.2441386381668,moderate,28,True,moderate,unusable
xgb,256,log_total_mg_l_mg2,total_mg_l_mg2,natural log,171,171,0.2118790942763491,1.7940945142265865,-0.03367762608998226,494.8687539809425,160.60222637831956,0.2118790942763491,494.8687539809425,weak,28,True,weak,unusable
xgb,256,log_total_mg_l_ca2,total_mg_l_ca2,natural log,171,171,0.15651347233041257,1.9608338920719328,-0.08358525405435424,1707.221670721001,749.3517326156483,0.1565134723304125,1707.221670721001,weak,28,True,weak,unusable
xgb,256,digest_mg_kg_na5895,digest_mg_kg_na5895,native units,171,171,0.4616773709559625,2305.844023462225,0.4616773709559625,2305.844023462225,1457.603607157657,0.4616773709559625,2305.844023462225,moderate,28,True,moderate,moderate
xgb,256,digest_mg_kg_mg2852,digest_mg_kg_mg2852,native units,171,171,0.4414505906876498,5103.280435537432,0.4414505906876498,5103.280435537432,3270.1437454741185,0.4414505906876498,5103.280435537432,moderate,28,True,moderate,moderate
xgb,256,log_digest_mg_kg_ca3158,digest_mg_kg_ca3158,natural log,171,171,0.3119947582143101,0.9231789222256664,0.1756570174437495,8543.292462764583,5442.621803135117,0.3119947582143101,8543.292462764583,moderate,28,True,moderate,weak
