target,sample_id,actual_log,pred_log,actual,predicted,residual
ph_mq,BS-607,,,7.331,7.7027447223390135,0.3717447223390131
ph_mq,BS-610,,,7.978,7.744223188450089,-0.2337768115499106
ph_mq,BS-618,,,7.857,7.70326880051239,-0.15373119948761005
ph_mq,BPS-1,,,8.323,7.780776566948976,-0.5422234330510243
ph_mq,BPS-18,,,7.567,8.030977448003055,0.46397744800305496
ph_mq,BPS-22,,,7.751,8.115170282542254,0.36417028254225325
ph_mq,BPS-25,,,8.044,8.411097272962408,0.3670972729624076
ph_mq,BPS-5,,,7.966,8.411511111347563,0.44551111134756294
ph_mq,CK-20B,,,5.776,9.281326266284875,3.505326266284875
ph_mq,CK1-100B,,,6.293,9.37039432398456,3.077394323984559
ph_mq,CK2-100A,,,8.478,9.37039433579932,0.8923943357993203
ph_mq,CK2-100B,,,7.485,9.332895300188065,1.847895300188065
ph_mq,CM-2 1,,,7.527,7.134648791177652,-0.3923512088223484
ph_mq,CM-4,,,7.459,7.088826633745174,-0.3701733662548259
ph_mq,CM-PA 3-10,,,8.143,7.086150371638348,-1.056849628361653
ph_mq,CM-PA 30,,,7.954,7.088826633745174,-0.865173366254826
ph_mq,CM2 (OM),,,7.418,7.136617749140808,-0.2813822508591919
ph_mq,LC1-5,,,5.39,6.818261182826974,1.428261182826974
ph_mq,LGP (3-4),,,5.889,6.815348178956909,0.9263481789569088
ph_mq,LGP (BA 1-3),,,5.535,6.818275559588474,1.283275559588474
ph_mq,CR-0819,,,6.185,6.44939297514759,0.2643929751475902
ph_mq,CR-0821,,,6.86,6.44939297514759,-0.4106070248524105
ph_mq,CR-0826,,,7.597,6.44939297514759,-1.1476070248524106
ph_mq,CR-0828,,,7.16,6.44939297514759,-0.7106070248524103
ph_mq,CR-0833,,,6.752,6.44939297514759,-0.30260702485241
ph_mq,CS-CR2,,,5.365,7.258525895694879,1.8935258956948786
ph_mq,CS-CR5,,,5.463,7.046111755650963,1.5831117556509628
ph_mq,CS-CR7,,,7.382,7.06195983641869,-0.32004016358130993
ph_mq,CS-CR9,,,4.94,7.0619162410896825,2.121916241089682
ph_mq,DS1(1-2),,,8.046,7.750520233947765,-0.29547976605223436
ph_mq,DS2(1-2),,,8.091,7.838829308671211,-0.25217069132878844
ph_mq,DA-1,,,8.629,7.818438981418542,-0.8105610185814571
ph_mq,DA-3,,,8.868,7.818438981418542,-1.049561018581458
ph_mq,DA-4,,,8.703,7.818438981418542,-0.884561018581457
ph_mq,DA-5,,,8.696,7.818438981418542,-0.8775610185814573
ph_mq,DA-6,,,8.482,7.818438981418542,-0.6635610185814569
ph_mq,GE-A1-3,,,10.074,8.7763088472264,-1.2976911527736004
ph_mq,GE-A2-2,,,9.926,8.776197793449404,-1.1498022065505964
ph_mq,GE-B1-3,,,9.644,8.816495558936792,-0.8275044410632084
ph_mq,GE-C2-3,,,9.797,8.947868149606535,-0.8491318503934657
ph_mq,GE-C3-2,,,9.756,8.919195002805887,-0.8368049971941129
ph_mq,HS-1,,,8.089,7.481126119829054,-0.6078738801709465
ph_mq,HS-2,,,8.388,7.386716017769741,-1.0012839822302588
ph_mq,HS-3,,,8.25,7.4352136660692025,-0.8147863339307975
ph_mq,HS-4,,,8.184,7.519382906791781,-0.6646170932082187
ph_mq,HS-7,,,7.894,7.733711379278714,-0.16028862072128636
ph_mq,HC-BA1,,,7.593,7.79697006478798,0.2039700647879803
ph_mq,HC-BA2,,,8.513,7.797466008181219,-0.7155339918187806
ph_mq,HC-Z5-1,,,7.497,7.8555108320050975,0.3585108320050976
ph_mq,HC-ZS2,,,7.236,7.822286205618553,0.5862862056185536
ph_mq,HVY-4A,,,9.912,8.657719154357398,-1.2542808456426027
ph_mq,HVY-5A,,,9.957,8.657719154357398,-1.2992808456426026
ph_mq,HVY-9054A,,,9.718,8.592040636906713,-1.125959363093287
ph_mq,HVY-9062A,,,10.135,8.942686109264628,-1.192313890735372
ph_mq,HVY-9130A,,,9.633,8.505614771877903,-1.1273852281220957
ph_mq,HD-10,,,6.912,7.938037070512433,1.0260370705124329
ph_mq,HD-14,,,6.476,7.9522595848851365,1.4762595848851365
ph_mq,HD-6,,,6.794,8.07022379061364,1.276223790613641
ph_mq,HG-3,,,7.514,8.066090706156261,0.5520907061562612
ph_mq,HG-54,,,8.665,8.048190954700607,-0.6168090452993926
ph_mq,HG-6,,,7.215,8.799084435468718,1.5840844354687178
ph_mq,HG-8,,,4.51,7.987656735836179,3.477656735836179
ph_mq,HG-9,,,4.787,7.93670206862541,3.14970206862541
ph_mq,HM-2,,,6.415,6.944918301156707,0.529918301156707
ph_mq,HM-3,,,5.951,6.944934670965232,0.9939346709652321
ph_mq,HM-5,,,6.884,6.936182129406554,0.05218212940655409
ph_mq,HM-6,,,6.521,6.94774599685389,0.4267459968538905
ph_mq,LI-10,,,5.44,6.778725927633041,1.3387259276330408
ph_mq,LI-11,,,6.196,6.641487525737877,0.4454875257378772
ph_mq,LI-12,,,6.323,6.641487525737877,0.31848752573787653
ph_mq,LI-13,,,6.587,6.641487525737877,0.054487525737877185
ph_mq,LI-14,,,6.47,6.641487525737877,0.17148752573787718
ph_mq,LI-15,,,6.575,6.641487525737877,0.06648752573787675
ph_mq,LI-4,,,5.566,6.829895263234359,1.2638952632343594
ph_mq,LI-5,,,5.999,6.829895263234359,0.8308952632343596
ph_mq,LI-6,,,6.173,6.829895263234359,0.6568952632343592
ph_mq,LI-9,,,5.964,6.778725927633041,0.8147259276330407
ph_mq,LGP-BA LV8,,,8.882,8.946410828990436,0.06441082899043593
ph_mq,LV-14,,,7.861,8.907686584340663,1.0466865843406632
ph_mq,LV-18,,,7.978,8.907686584340663,0.9296865843406632
ph_mq,MD-BJA1,,,8.183,7.012597233794994,-1.1704027662050063
ph_mq,MD-UN11,,,7.86,7.081056961570327,-0.7789430384296736
ph_mq,MD-UN6,,,8.539,7.014975218292555,-1.5240247817074444
ph_mq,ME-A1-1,,,8.786,8.940710013893622,0.15471001389362193
ph_mq,ME-A2-3,,,9.854,8.940710013893622,-0.9132899861063777
ph_mq,ME-B1-2,,,9.231,8.924303494480032,-0.30669650551996774
ph_mq,ME-c2-3,,,9.534,9.02292827392528,-0.5110717260747215
ph_mq,ME-C3-1,,,9.617,9.02292827392528,-0.5940717260747217
ph_mq,HK-1,,,7.66,7.9938620281925665,0.3338620281925664
ph_mq,HK-2,,,6.726,7.993818391652595,1.267818391652595
ph_mq,HK-3,,,7.627,7.994743289026595,0.3677432890265955
ph_mq,HK-4,,,7.908,7.996403765971147,0.08840376597114652
ph_mq,HK-5,,,7.686,7.986226559091011,0.30022655909101115
ph_mq,MK-A6,,,7.974,7.98517645305362,0.011176453053619362
ph_mq,MK-KYBjA6,,,6.835,8.045191235165593,1.2101912351655928
ph_mq,MK-UN8,,,7.031,7.98517645305362,0.9541764530536199
ph_mq,MFP-A1,,,8.413,7.951899716236012,-0.46110028376398837
ph_mq,MFP-A2,,,8.447,7.951899716236012,-0.4951002837639873
ph_mq,MFP-AAA,,,8.319,7.987051699132718,-0.3319483008672828
ph_mq,MFP-d,,,8.503,7.953010474660175,-0.549989525339825
ph_mq,MS-11,,,7.683,8.05113710921681,0.36813710921681064
ph_mq,MS-12,,,6.366,8.05113710921681,1.6851371092168108
ph_mq,MS-5,,,7.77,8.05113710921681,0.2811371092168109
ph_mq,MS-7,,,8.161,8.05113710921681,-0.10986289078318912
ph_mq,ON-10,,,9.0,8.70382118619964,-0.2961788138003598
ph_mq,OR-4,,,8.104,8.529947028440636,0.42594702844063725
ph_mq,OR-8,,,8.76,8.681315621628274,-0.07868437837172593
ph_mq,AV1-1,,,6.628,7.925891731475356,1.2978917314753557
ph_mq,AV1-8,,,7.026,7.950121340620215,0.9241213406202151
ph_mq,AV2-1,,,7.791,7.9556741158486135,0.16467411584861313
ph_mq,AV3-1,,,7.186,7.870661752501411,0.6846617525014107
ph_mq,AV3-7,,,6.776,7.918149396156215,1.1421493961562152
ph_mq,BP1-1,,,7.845,7.949961505806618,0.10496150580661823
ph_mq,BP1-8,,,9.258,7.9103226326122895,-1.3476773673877096
ph_mq,BP2-1,,,7.13,7.95389140762144,0.8238914076214403
ph_mq,BP3-1,,,7.415,7.948677292143976,0.5336772921439756
ph_mq,BP3-8,,,9.021,7.933999366693383,-1.0870006333066176
ph_mq,HV1-8,,,8.301,7.964392307461655,-0.33660769253834477
ph_mq,HV2-5,,,7.235,7.956169624361255,0.7211696243612549
ph_mq,HV3-1,,,7.736,7.890025474583496,0.1540254745834959
ph_mq,HV3-9,,,8.359,7.946832049555558,-0.41216795044444154
ph_mq,KR-1,,,8.078,7.666625935022799,-0.41137406497719997
ph_mq,KR-2,,,7.277,7.560137565847481,0.28313756584748084
ph_mq,KR-4,,,7.91,7.402594594355993,-0.5074054056440067
ph_mq,MF1-1,,,7.819,7.5689998578107325,-0.25000014218926747
ph_mq,MF1-6,,,7.852,7.495577692650272,-0.35642230734972813
ph_mq,MF2-1,,,7.743,7.479416187375343,-0.263583812624657
ph_mq,MF3-1,,,7.827,7.496446926062075,-0.3305530739379252
ph_mq,MFX-2,,,7.975,7.519494838692137,-0.45550516130786267
ph_mq,MSP1-1,,,9.759,7.261450292275368,-2.497549707724632
ph_mq,MSP1-4,,,9.127,7.359037926765223,-1.767962073234778
ph_mq,MSP2-1,,,8.753,7.25193667728353,-1.5010633227164698
ph_mq,MSP3-1,,,7.536,7.064911900068971,-0.47108809993102874
ph_mq,MSP3-4,,,6.659,7.129882608448248,0.4708826084482478
ph_mq,MW2-1,,,6.824,7.3239296051305525,0.4999296051305526
ph_mq,NP1-1,,,7.8,7.616594274587804,-0.18340572541219569
ph_mq,NP2-1,,,8.156,7.746826214101377,-0.4091737858986235
ph_mq,NP3-1,,,6.951,7.548173076464125,0.5971730764641254
ph_mq,NP3-4,,,7.715,7.570261228331993,-0.14473877166800708
ph_mq,NP4-5,,,8.889,7.616798236101597,-1.2722017638984022
ph_mq,RM1-1,,,6.172,7.870802209348715,1.698802209348715
ph_mq,RM1-8,,,7.538,7.852414455106754,0.31441445510675337
ph_mq,RM2-1,,,8.389,7.870637197527988,-0.5183628024720113
ph_mq,RM3-1,,,8.163,7.871735707499215,-0.29126429250078534
ph_mq,RM3-8,,,7.875,7.854180299356658,-0.020819700643341932
ph_mq,SH1-1,,,4.658,7.575674868900486,2.9176748689004857
ph_mq,SH1-6,,,5.369,7.6435956931259215,2.2745956931259217
ph_mq,SH2-1,,,4.479,7.579180000853641,3.1001800008536406
ph_mq,SH3-2,,,4.279,7.572860506409898,3.2938605064098985
ph_mq,SH3-8,,,6.507,7.690400543409388,1.1834005434093884
ph_mq,TGV1-1,,,7.444,7.841377901540123,0.3973779015401231
ph_mq,TGV1-8,,,7.643,7.950273591569407,0.30727359156940715
ph_mq,TGV2-1,,,7.335,7.93755606896858,0.60255606896858
ph_mq,TGV3-1,,,7.887,8.019745846984664,0.13274584698466452
ph_mq,TGV3-9,,,7.966,8.027224191990955,0.06122419199095486
ph_mq,TN1-1,,,6.912,7.936065748158833,1.024065748158833
ph_mq,TN1-8,,,7.6,8.04048347694877,0.44048347694877066
ph_mq,TN2-1,,,7.526,7.941762361696521,0.4157623616965216
ph_mq,TN3-1,,,7.411,7.8888327334567725,0.4778327334567729
ph_mq,TN3-5,,,7.685,7.772766097664349,0.08776609766434973
ph_mq,CB-CMBjA1,,,6.175,7.152148417532282,0.9771484175322822
ph_mq,CB-iH5,,,6.093,7.649100338978303,1.556100338978303
ph_mq,VV-0,,,8.792,7.6345248131886665,-1.1574751868113333
ph_mq,VV-d,,,8.67,7.6345248131886665,-1.0354751868113334
ph_mq,VV-J,,,8.328,7.6345248131886665,-0.6934751868113329
ph_mq,VV-L,,,7.978,7.6345248131886665,-0.34347518681133327
ph_mq,WV-BA 1,,,7.462,7.319990436975336,-0.14200956302466405
ph_mq,WV-UNN 1,,,7.846,8.003257660064035,0.15725766006403497
ph_mq,WV-UNN 3,,,7.582,8.003257660064035,0.4212576600640352
ph_mq,WV-UNN-2,,,7.672,8.003257660064035,0.33125766006403534
ph_mq,WV-ZS 2,,,6.899,7.550647314469251,0.6516473144692512
ph_kcl,BS-607,,,5.537,6.661915039657516,1.124915039657516
ph_kcl,BS-610,,,5.824,6.7319725877675,0.9079725877675004
ph_kcl,BS-618,,,5.823,6.662473429755357,0.8394734297553565
ph_kcl,BPS-1,,,7.505,6.783904646670444,-0.7210953533295559
ph_kcl,BPS-18,,,7.359,6.950334804492384,-0.4086651955076164
ph_kcl,BPS-22,,,7.453,7.053990272277793,-0.39900972772220733
ph_kcl,BPS-25,,,7.693,7.340491186562398,-0.352508813437602
ph_kcl,BPS-5,,,7.853,7.340408553451571,-0.5125914465484289
ph_kcl,CK-20B,,,4.35,7.729909263564396,3.3799092635643966
ph_kcl,CK1-100B,,,4.721,7.697801563126958,2.9768015631269575
ph_kcl,CK2-100A,,,7.648,7.697799326987268,0.04979932698726852
ph_kcl,CK2-100B,,,6.554,7.680133795713361,1.1261337957133604
ph_kcl,CM-2 1,,,6.826,6.348876624800144,-0.4771233751998558
ph_kcl,CM-4,,,6.891,6.347407344406292,-0.5435926555937076
ph_kcl,CM-PA 3-10,,,7.255,6.34430048852166,-0.9106995114783398
ph_kcl,CM-PA 30,,,7.005,6.347407344406292,-0.6575926555937075
ph_kcl,CM2 (OM),,,6.075,6.35134274751185,0.2763427475118494
ph_kcl,LC1-5,,,4.51,5.948776530174471,1.4387765301744713
ph_kcl,LGP (3-4),,,4.325,5.952772752217481,1.6277727522174805
ph_kcl,LGP (BA 1-3),,,4.267,5.94875644747245,1.6817564474724493
ph_kcl,CR-0819,,,5.343,5.436662073338744,0.0936620733387441
ph_kcl,CR-0821,,,6.552,5.436662073338744,-1.1153379266612555
ph_kcl,CR-0826,,,7.005,5.436662073338744,-1.5683379266612558
ph_kcl,CR-0828,,,6.81,5.436662073338744,-1.3733379266612555
ph_kcl,CR-0833,,,5.966,5.436662073338744,-0.5293379266612561
ph_kcl,CS-CR2,,,4.445,6.1060473530372565,1.6610473530372563
ph_kcl,CS-CR5,,,5.003,6.207342909657357,1.204342909657357
ph_kcl,CS-CR7,,,6.979,6.231861393967278,-0.7471386060327223
ph_kcl,CS-CR9,,,4.079,6.231887031799007,2.1528870317990076
ph_kcl,DS1(1-2),,,7.645,6.823162523755895,-0.821837476244105
ph_kcl,DS2(1-2),,,7.662,6.7157318467356575,-0.9462681532643424
ph_kcl,DA-1,,,7.086,6.297138917323781,-0.7888610826762195
ph_kcl,DA-3,,,7.534,6.297138917323781,-1.236861082676219
ph_kcl,DA-4,,,6.984,6.297138917323781,-0.6868610826762191
ph_kcl,DA-5,,,7.301,6.297138917323781,-1.0038610826762193
ph_kcl,DA-6,,,6.918,6.297138917323781,-0.6208610826762193
ph_kcl,GE-A1-3,,,8.312,7.241024295882233,-1.0709757041177665
ph_kcl,GE-A2-2,,,8.194,7.240936630409729,-0.9530633695902715
ph_kcl,GE-B1-3,,,8.159,7.245311527584567,-0.9136884724154335
ph_kcl,GE-C2-3,,,7.962,7.4597126788671675,-0.5022873211328323
ph_kcl,GE-C3-2,,,7.996,7.425875067434932,-0.5701249325650686
ph_kcl,HS-1,,,6.455,6.345535454185738,-0.10946454581426224
ph_kcl,HS-2,,,6.442,6.289387291360831,-0.1526127086391691
ph_kcl,HS-3,,,5.226,6.067086757408503,0.8410867574085028
ph_kcl,HS-4,,,5.006,6.3365783426630635,1.3305783426630633
ph_kcl,HS-7,,,5.094,6.272221139952532,1.178221139952532
ph_kcl,HC-BA1,,,6.93,6.567341587071594,-0.36265841292840584
ph_kcl,HC-BA2,,,6.684,6.569229729820078,-0.11477027017992203
ph_kcl,HC-Z5-1,,,6.692,6.573346185530303,-0.11865381446969714
ph_kcl,HC-ZS2,,,6.502,6.587307273683617,0.08530727368361735
ph_kcl,HVY-4A,,,7.285,7.111865477382993,-0.17313452261700757
ph_kcl,HVY-5A,,,7.663,7.111865477382993,-0.5511345226170077
ph_kcl,HVY-9054A,,,7.287,7.1648961621302645,-0.12210383786973544
ph_kcl,HVY-9062A,,,8.162,7.478197993893997,-0.6838020061060037
ph_kcl,HVY-9130A,,,8.892,7.178110688683747,-1.7138893113162528
ph_kcl,HD-10,,,6.258,5.989917634628601,-0.2680823653713986
ph_kcl,HD-14,,,6.687,6.018895085943177,-0.6681049140568236
ph_kcl,HD-6,,,6.755,6.079576599125441,-0.6754234008745588
ph_kcl,HG-3,,,5.696,6.466513657235749,0.7705136572357496
ph_kcl,HG-54,,,7.879,5.9730918040150485,-1.905908195984951
ph_kcl,HG-6,,,4.378,7.25683966518551,2.8788396651855095
ph_kcl,HG-8,,,3.564,6.386308427328725,2.822308427328725
ph_kcl,HG-9,,,3.83,5.687564941743864,1.8575649417438642
ph_kcl,HM-2,,,4.581,5.7936056780605805,1.21260567806058
ph_kcl,HM-3,,,4.374,5.793619845035903,1.4196198450359034
ph_kcl,HM-5,,,4.899,5.791381272006772,0.8923812720067721
ph_kcl,HM-6,,,4.881,5.801299472159241,0.9202994721592406
ph_kcl,LI-10,,,4.646,5.6042448235170905,0.9582448235170906
ph_kcl,LI-11,,,5.082,5.832274019496269,0.7502740194962687
ph_kcl,LI-12,,,5.196,5.832274019496269,0.6362740194962688
ph_kcl,LI-13,,,5.274,5.832274019496269,0.5582740194962685
ph_kcl,LI-14,,,5.201,5.832274019496269,0.6312740194962689
ph_kcl,LI-15,,,5.088,5.832274019496269,0.7442740194962685
ph_kcl,LI-4,,,4.837,5.72395098408666,0.8869509840866598
ph_kcl,LI-5,,,4.989,5.72395098408666,0.7349509840866597
ph_kcl,LI-6,,,5.065,5.72395098408666,0.6589509840866592
ph_kcl,LI-9,,,4.834,5.6042448235170905,0.7702448235170909
ph_kcl,LGP-BA LV8,,,7.855,7.323137605031485,-0.5318623949685151
ph_kcl,LV-14,,,7.38,7.34050101623551,-0.03949898376448946
ph_kcl,LV-18,,,7.727,7.34050101623551,-0.3864989837644899
ph_kcl,MD-BJA1,,,7.155,6.235413987673999,-0.9195860123260013
ph_kcl,MD-UN11,,,7.293,6.3153501430115995,-0.9776498569884007
ph_kcl,MD-UN6,,,7.026,6.2382425560712464,-0.7877574439287534
ph_kcl,ME-A1-1,,,8.083,7.42699317113225,-0.6560068288677501
ph_kcl,ME-A2-3,,,8.147,7.42699317113225,-0.7200068288677501
ph_kcl,ME-B1-2,,,7.897,7.423567571890179,-0.4734324281098212
ph_kcl,ME-c2-3,,,7.963,7.472721136364266,-0.4902788636357345
ph_kcl,ME-C3-1,,,7.866,7.472721136364266,-0.39327886363573406
ph_kcl,HK-1,,,7.165,5.932542333164149,-1.2324576668358507
ph_kcl,HK-2,,,6.125,5.932493898506666,-0.19250610149333358
ph_kcl,HK-3,,,6.082,5.933529878798396,-0.14847012120160397
ph_kcl,HK-4,,,6.235,5.953180271711425,-0.2818197282885757
ph_kcl,HK-5,,,6.383,5.907460128400085,-0.4755398715999153
ph_kcl,MK-A6,,,7.24,5.817462103337516,-1.422537896662484
ph_kcl,MK-KYBjA6,,,6.321,6.019354923159549,-0.30164507684045105
ph_kcl,MK-UN8,,,6.703,5.817462103337516,-0.8855378966624841
ph_kcl,MFP-A1,,,7.405,6.539780478896028,-0.8652195211039722
ph_kcl,MFP-A2,,,7.282,6.539780478896028,-0.7422195211039719
ph_kcl,MFP-AAA,,,7.168,6.358738190945791,-0.8092618090542087
ph_kcl,MFP-d,,,7.416,6.540738055514035,-0.8752619444859651
ph_kcl,MS-11,,,5.683,6.4340383011104745,0.7510383011104746
ph_kcl,MS-12,,,4.557,6.4340383011104745,1.877038301110474
ph_kcl,MS-5,,,6.122,6.4340383011104745,0.3120383011104746
ph_kcl,MS-7,,,6.418,6.4340383011104745,0.01603830111047433
ph_kcl,ON-10,,,8.583,7.53283945643303,-1.05016054356697
ph_kcl,OR-4,,,8.017,7.468915185668742,-0.5480848143312578
ph_kcl,OR-8,,,8.668,7.561568864983505,-1.1064311350164946
ph_kcl,AV1-1,,,5.766,6.601245950140432,0.8352459501404317
ph_kcl,AV1-8,,,6.234,6.639971684345294,0.4059716843452943
ph_kcl,AV2-1,,,7.198,6.643218879797052,-0.5547811202029482
ph_kcl,AV3-1,,,6.322,6.609344166003207,0.2873441660032068
ph_kcl,AV3-7,,,5.233,6.645138357404634,1.4121383574046344
ph_kcl,BP1-1,,,7.175,6.645034804678311,-0.5299651953216884
ph_kcl,BP1-8,,,7.543,6.667191780568256,-0.875808219431744
ph_kcl,BP2-1,,,6.351,6.6625483884466705,0.31154838844667054
ph_kcl,BP3-1,,,6.891,6.643468937051071,-0.24753106294892913
ph_kcl,BP3-8,,,7.394,6.674485386832905,-0.7195146131670951
ph_kcl,HV1-8,,,7.128,6.728432225958248,-0.3995677740417518
ph_kcl,HV2-5,,,6.092,6.897855709284551,0.8058557092845513
ph_kcl,HV3-1,,,7.035,6.6438230841476,-0.3911769158523999
ph_kcl,HV3-9,,,7.103,6.744220158786881,-0.3587798412131189
ph_kcl,KR-1,,,7.212,6.168030139341193,-1.043969860658807
ph_kcl,KR-2,,,6.707,6.028625859493967,-0.6783741405060333
ph_kcl,KR-4,,,6.206,5.913728269578383,-0.2922717304216178
ph_kcl,MF1-1,,,5.904,5.995037705669091,0.0910377056690912
ph_kcl,MF1-6,,,5.932,6.074376994827444,0.14237699482744404
ph_kcl,MF2-1,,,5.894,6.038605745835288,0.14460574583528807
ph_kcl,MF3-1,,,5.65,6.052309395149755,0.4023093951497545
ph_kcl,MFX-2,,,6.225,5.980192857720824,-0.24480714227917577
ph_kcl,MSP1-1,,,4.892,6.10003648207945,1.20803648207945
ph_kcl,MSP1-4,,,4.934,6.439788540784698,1.5057885407846978
ph_kcl,MSP2-1,,,4.999,6.116066606292709,1.1170666062927097
ph_kcl,MSP3-1,,,5.035,5.981277584027255,0.9462775840272553
ph_kcl,MSP3-4,,,4.909,6.149603890579815,1.2406038905798153
ph_kcl,MW2-1,,,4.495,5.787463847705135,1.2924638477051351
ph_kcl,NP1-1,,,6.312,6.133101569246219,-0.1788984307537813
ph_kcl,NP2-1,,,6.634,6.131307075920527,-0.5026929240794731
ph_kcl,NP3-1,,,5.154,6.00717221171955,0.8531722117195502
ph_kcl,NP3-4,,,6.773,6.040561739693271,-0.7324382603067283
ph_kcl,NP4-5,,,7.83,6.22923573894155,-1.6007642610584503
ph_kcl,RM1-1,,,7.491,6.666220896181683,-0.824779103818317
ph_kcl,RM1-8,,,5.585,6.672603982449579,1.0876039824495791
ph_kcl,RM2-1,,,7.44,6.664625715504183,-0.7753742844958174
ph_kcl,RM3-1,,,7.58,6.6651648419849865,-0.9148351580150136
ph_kcl,RM3-8,,,7.331,6.669909924807878,-0.6610900751921225
ph_kcl,SH1-1,,,4.134,6.168145391331538,2.0341453913315375
ph_kcl,SH1-6,,,4.382,6.241475674512838,1.8594756745128382
ph_kcl,SH2-1,,,3.71,6.172400749362785,2.462400749362785
ph_kcl,SH3-2,,,3.63,6.167844056678771,2.5378440566787708
ph_kcl,SH3-8,,,5.82,6.292674431634606,0.4726744316346059
ph_kcl,TGV1-1,,,7.03,6.482486601795888,-0.5475133982041118
ph_kcl,TGV1-8,,,5.922,6.867935082200987,0.9459350822009869
ph_kcl,TGV2-1,,,6.032,6.724329859202138,0.6923298592021379
ph_kcl,TGV3-1,,,7.538,6.636357505808374,-0.9016424941916261
ph_kcl,TGV3-9,,,6.796,7.072673525618224,0.27667352561822334
ph_kcl,TN1-1,,,6.317,6.682637048407689,0.36563704840768896
ph_kcl,TN1-8,,,6.899,6.722783841254946,-0.1762161587450537
ph_kcl,TN2-1,,,6.65,6.723629771204798,0.0736297712047973
ph_kcl,TN3-1,,,6.678,6.605201151038498,-0.07279884896150168
ph_kcl,TN3-5,,,6.749,6.291760981704811,-0.45723901829518887
ph_kcl,CB-CMBjA1,,,4.603,5.88842823361401,1.2854282336140104
ph_kcl,CB-iH5,,,4.437,6.381298849660811,1.944298849660811
ph_kcl,VV-0,,,7.664,6.2975590258552465,-1.3664409741447532
ph_kcl,VV-d,,,7.507,6.2975590258552465,-1.2094409741447532
ph_kcl,VV-J,,,6.14,6.2975590258552465,0.15755902585524684
ph_kcl,VV-L,,,6.206,6.2975590258552465,0.09155902585524611
ph_kcl,WV-BA 1,,,5.775,6.3114884860021,0.5364884860020993
ph_kcl,WV-UNN 1,,,5.874,6.754994780928952,0.880994780928952
ph_kcl,WV-UNN 3,,,5.646,6.754994780928952,1.1089947809289518
ph_kcl,WV-UNN-2,,,5.841,6.754994780928952,0.9139947809289515
ph_kcl,WV-ZS 2,,,5.893,6.549843370616129,0.6568433706161292
ph_cacl2,BS-607,,,6.653,7.19555,0.5425500000000003
ph_cacl2,BS-610,,,6.795,7.2197000000000005,0.4247000000000005
ph_cacl2,BS-618,,,6.802,7.195550000000002,0.39355000000000206
ph_cacl2,BPS-1,,,7.741,7.1411,-0.5998999999999999
ph_cacl2,BPS-18,,,7.545,7.304199999999999,-0.240800000000001
ph_cacl2,BPS-22,,,7.715,7.376399999999999,-0.33860000000000046
ph_cacl2,BPS-25,,,7.814,7.534850000000001,-0.2791499999999987
ph_cacl2,BPS-5,,,7.702,7.534850000000001,-0.16714999999999858
ph_cacl2,CK-20B,,,4.671,7.6268,2.9558
ph_cacl2,CK1-100B,,,5.348,7.62265,2.2746500000000003
ph_cacl2,CK2-100A,,,7.752,7.62265,-0.12934999999999963
ph_cacl2,CK2-100B,,,7.224,7.622650000000002,0.3986500000000017
ph_cacl2,CM-2 1,,,6.615,6.9259,0.3109000000000002
ph_cacl2,CM-4,,,5.492,6.91125,1.41925
ph_cacl2,CM-PA 3-10,,,6.93,6.91125,-0.018749999999999822
ph_cacl2,CM-PA 30,,,6.8,6.91125,0.11125000000000007
ph_cacl2,CM2 (OM),,,6.596,6.925899999999999,0.3298999999999985
ph_cacl2,LC1-5,,,4.773,6.176599999999999,1.403599999999999
ph_cacl2,LGP (3-4),,,4.896,6.1766,1.2805999999999997
ph_cacl2,LGP (BA 1-3),,,4.589,6.176599999999999,1.5875999999999983
ph_cacl2,CR-0819,,,5.704,6.277749999999999,0.5737499999999995
ph_cacl2,CR-0821,,,6.532,6.277749999999999,-0.25425000000000075
ph_cacl2,CR-0826,,,7.026,6.277749999999999,-0.7482500000000005
ph_cacl2,CR-0828,,,6.752,6.277749999999999,-0.4742500000000005
ph_cacl2,CR-0833,,,6.198,6.277749999999999,0.07974999999999888
ph_cacl2,CS-CR2,,,5.138,6.438799999999999,1.3007999999999988
ph_cacl2,CS-CR5,,,5.059,6.409599999999999,1.3505999999999991
ph_cacl2,CS-CR7,,,7.068,6.486700000000001,-0.5812999999999988
ph_cacl2,CS-CR9,,,4.656,6.486700000000001,1.830700000000001
ph_cacl2,DS1(1-2),,,7.937,7.3347999999999995,-0.6022000000000007
ph_cacl2,DS2(1-2),,,7.971,7.134100000000001,-0.8368999999999991
ph_cacl2,DA-1,,,7.289,6.542999999999999,-0.7460000000000004
ph_cacl2,DA-3,,,7.661,6.542999999999999,-1.1180000000000003
ph_cacl2,DA-4,,,7.555,6.542999999999999,-1.0120000000000005
ph_cacl2,DA-5,,,7.521,6.542999999999999,-0.9780000000000006
ph_cacl2,DA-6,,,7.522,6.542999999999999,-0.979000000000001
ph_cacl2,GE-A1-3,,,8.103,7.2649,-0.8380999999999998
ph_cacl2,GE-A2-2,,,8.051,7.2649,-0.7861000000000002
ph_cacl2,GE-B1-3,,,8.053,7.2649,-0.7881000000000009
ph_cacl2,GE-C2-3,,,7.979,7.29915,-0.6798500000000001
ph_cacl2,GE-C3-2,,,7.915,7.29915,-0.61585
ph_cacl2,HS-1,,,5.673,6.7628499999999985,1.0898499999999984
ph_cacl2,HS-2,,,5.712,6.72295,1.0109500000000002
ph_cacl2,HS-3,,,5.548,6.664699999999999,1.116699999999999
ph_cacl2,HS-4,,,5.545,6.7628499999999985,1.2178499999999985
ph_cacl2,HS-7,,,5.719,6.9298,1.2107999999999999
ph_cacl2,HC-BA1,,,6.847,7.122400000000002,0.2754000000000012
ph_cacl2,HC-BA2,,,6.806,7.122400000000001,0.3164000000000007
ph_cacl2,HC-Z5-1,,,6.677,7.1357,0.45870000000000033
ph_cacl2,HC-ZS2,,,6.574,7.1484999999999985,0.5744999999999987
ph_cacl2,HVY-4A,,,7.478,7.1369500000000015,-0.3410499999999983
ph_cacl2,HVY-5A,,,7.868,7.1369500000000015,-0.7310499999999989
ph_cacl2,HVY-9054A,,,7.654,7.2375,-0.4165000000000001
ph_cacl2,HVY-9062A,,,8.369,7.2505,-1.1185
ph_cacl2,HVY-9130A,,,9.02,7.170999999999999,-1.8490000000000002
ph_cacl2,HD-10,,,6.704,6.585849999999999,-0.11815000000000087
ph_cacl2,HD-14,,,7.179,6.585849999999999,-0.5931500000000014
ph_cacl2,HD-6,,,7.07,6.7092,-0.36080000000000023
ph_cacl2,HG-3,,,6.562,6.915650000000001,0.3536500000000009
ph_cacl2,HG-54,,,7.821,6.852050000000001,-0.9689499999999986
ph_cacl2,HG-6,,,4.687,7.409750000000001,2.7227500000000004
ph_cacl2,HG-8,,,4.279,6.7767,2.4977
ph_cacl2,HG-9,,,4.597,6.736099999999999,2.1390999999999982
ph_cacl2,HM-2,,,5.331,6.332300000000002,1.0013000000000014
ph_cacl2,HM-3,,,4.749,6.332300000000002,1.5833000000000022
ph_cacl2,HM-5,,,5.856,6.322650000000001,0.46665000000000134
ph_cacl2,HM-6,,,5.633,6.3317,0.6986999999999997
ph_cacl2,LI-10,,,4.899,6.0237,1.1246999999999998
ph_cacl2,LI-11,,,5.244,6.20595,0.9619499999999999
ph_cacl2,LI-12,,,5.429,6.20595,0.7769499999999994
ph_cacl2,LI-13,,,5.434,6.20595,0.7719499999999995
ph_cacl2,LI-14,,,5.564,6.20595,0.6419499999999996
ph_cacl2,LI-15,,,5.486,6.20595,0.7199499999999999
ph_cacl2,LI-4,,,5.049,6.1187000000000005,1.0697
ph_cacl2,LI-5,,,5.131,6.1187000000000005,0.9877000000000002
ph_cacl2,LI-6,,,5.205,6.1187000000000005,0.9137000000000004
ph_cacl2,LI-9,,,5.008,6.0237,1.0156999999999998
ph_cacl2,LGP-BA LV8,,,7.415,7.4864500000000005,0.07145000000000046
ph_cacl2,LV-14,,,7.357,7.49405,0.13704999999999945
ph_cacl2,LV-18,,,7.399,7.49405,0.09504999999999963
ph_cacl2,MD-BJA1,,,7.702,6.600999999999999,-1.1010000000000009
ph_cacl2,MD-UN11,,,7.65,6.66425,-0.9857500000000003
ph_cacl2,MD-UN6,,,7.596,6.600999999999999,-0.995000000000001
ph_cacl2,ME-A1-1,,,7.876,7.419700000000001,-0.4562999999999997
ph_cacl2,ME-A2-3,,,8.062,7.419700000000001,-0.6422999999999988
ph_cacl2,ME-B1-2,,,7.79,7.419700000000001,-0.3702999999999994
ph_cacl2,ME-c2-3,,,7.948,7.419699999999999,-0.5283000000000015
ph_cacl2,ME-C3-1,,,7.881,7.419699999999999,-0.4613000000000014
ph_cacl2,HK-1,,,7.639,6.331849999999999,-1.307150000000001
ph_cacl2,HK-2,,,6.672,6.331849999999999,-0.3401500000000004
ph_cacl2,HK-3,,,6.805,6.331849999999999,-0.4731500000000004
ph_cacl2,HK-4,,,6.735,6.331849999999999,-0.403150000000001
ph_cacl2,HK-5,,,6.636,6.331849999999999,-0.3041500000000008
ph_cacl2,MK-A6,,,7.811,6.2559499999999995,-1.5550500000000005
ph_cacl2,MK-KYBjA6,,,6.852,6.3115499999999995,-0.5404500000000008
ph_cacl2,MK-UN8,,,7.054,6.2559499999999995,-0.7980500000000008
ph_cacl2,MFP-A1,,,7.144,6.7913,-0.35270000000000046
ph_cacl2,MFP-A2,,,7.156,6.7913,-0.3647
ph_cacl2,MFP-AAA,,,7.073,6.7224,-0.3506
ph_cacl2,MFP-d,,,7.424,6.7913,-0.6327000000000007
ph_cacl2,MS-11,,,6.47,6.8062999999999985,0.3362999999999987
ph_cacl2,MS-12,,,5.13,6.8062999999999985,1.6762999999999986
ph_cacl2,MS-5,,,6.838,6.8062999999999985,-0.031700000000001616
ph_cacl2,MS-7,,,7.009,6.8062999999999985,-0.20270000000000188
ph_cacl2,ON-10,,,7.951,7.56235,-0.3886499999999993
ph_cacl2,OR-4,,,7.968,7.57485,-0.39315000000000033
ph_cacl2,OR-8,,,8.1,7.64785,-0.4521499999999996
ph_cacl2,AV1-1,,,6.611,7.019399999999999,0.40839999999999943
ph_cacl2,AV1-8,,,7.028,7.078,0.05000000000000071
ph_cacl2,AV2-1,,,7.731,7.078,-0.6529999999999996
ph_cacl2,AV3-1,,,7.095,7.037299999999999,-0.05770000000000053
ph_cacl2,AV3-7,,,6.474,7.078000000000001,0.604000000000001
ph_cacl2,BP1-1,,,7.608,7.078000000000001,-0.5299999999999985
ph_cacl2,BP1-8,,,8.024,7.078000000000001,-0.945999999999998
ph_cacl2,BP2-1,,,6.977,7.078,0.10099999999999998
ph_cacl2,BP3-1,,,7.363,7.078,-0.28500000000000014
ph_cacl2,BP3-8,,,7.822,7.0779999999999985,-0.7440000000000015
ph_cacl2,HV1-8,,,7.67,7.042899999999999,-0.6271000000000013
ph_cacl2,HV2-5,,,6.909,7.144449999999999,0.23544999999999927
ph_cacl2,HV3-1,,,7.635,7.0194,-0.6155999999999997
ph_cacl2,HV3-9,,,7.564,7.079949999999999,-0.48405000000000076
ph_cacl2,KR-1,,,7.557,6.5649500000000005,-0.9920499999999999
ph_cacl2,KR-2,,,7.11,6.42345,-0.6865500000000004
ph_cacl2,KR-4,,,7.077,6.372449999999999,-0.7045500000000011
ph_cacl2,MF1-1,,,6.746,6.4113000000000016,-0.3346999999999989
ph_cacl2,MF1-6,,,6.776,6.3736999999999995,-0.4023000000000003
ph_cacl2,MF2-1,,,6.805,6.3736999999999995,-0.43130000000000024
ph_cacl2,MF3-1,,,6.635,6.3736999999999995,-0.2613000000000003
ph_cacl2,MFX-2,,,6.995,6.4029,-0.5921000000000003
ph_cacl2,MSP1-1,,,6.112,6.6616,0.5495999999999999
ph_cacl2,MSP1-4,,,6.193,6.783550000000001,0.5905500000000012
ph_cacl2,MSP2-1,,,6.089,6.631399999999999,0.5423999999999989
ph_cacl2,MSP3-1,,,5.73,6.602699999999999,0.8726999999999983
ph_cacl2,MSP3-4,,,5.385,6.708,1.3230000000000004
ph_cacl2,MW2-1,,,5.609,6.266700000000001,0.6577000000000011
ph_cacl2,NP1-1,,,6.841,6.41005,-0.43095000000000017
ph_cacl2,NP2-1,,,7.124,6.5466,-0.5773999999999999
ph_cacl2,NP3-1,,,5.965,6.41195,0.4469500000000002
ph_cacl2,NP3-4,,,7.002,6.380199999999999,-0.6218000000000004
ph_cacl2,NP4-5,,,7.63,6.900649999999999,-0.729350000000001
ph_cacl2,RM1-1,,,7.706,6.857349999999999,-0.848650000000001
ph_cacl2,RM1-8,,,7.051,6.849499999999999,-0.20150000000000112
ph_cacl2,RM2-1,,,8.48,6.857349999999999,-1.622650000000001
ph_cacl2,RM3-1,,,8.046,6.857349999999999,-1.18865
ph_cacl2,RM3-8,,,7.756,6.849499999999999,-0.9065000000000012
ph_cacl2,SH1-1,,,4.654,6.4231500000000015,1.7691500000000016
ph_cacl2,SH1-6,,,5.272,6.431400000000001,1.1594000000000007
ph_cacl2,SH2-1,,,4.481,6.4231500000000015,1.9421500000000016
ph_cacl2,SH3-2,,,4.245,6.42315,2.1781499999999996
ph_cacl2,SH3-8,,,6.446,6.431399999999999,-0.014600000000000612
ph_cacl2,TGV1-1,,,7.47,6.749549999999999,-0.7204500000000005
ph_cacl2,TGV1-8,,,6.839,7.078699999999998,0.23969999999999736
ph_cacl2,TGV2-1,,,6.918,7.068199999999999,0.150199999999999
ph_cacl2,TGV3-1,,,7.849,7.07635,-0.7726500000000005
ph_cacl2,TGV3-9,,,7.449,7.21955,-0.22944999999999993
ph_cacl2,TN1-1,,,7.041,7.1227,0.08169999999999966
ph_cacl2,TN1-8,,,7.334,7.1026,-0.23139999999999983
ph_cacl2,TN2-1,,,7.359,7.131200000000002,-0.22779999999999756
ph_cacl2,TN3-1,,,7.244,7.072750000000001,-0.1712499999999988
ph_cacl2,TN3-5,,,7.201,6.69825,-0.5027499999999998
ph_cacl2,CB-CMBjA1,,,5.107,6.4565,1.3495
ph_cacl2,CB-iH5,,,4.488,6.833150000000001,2.3451500000000003
ph_cacl2,VV-0,,,6.852,7.116249999999999,0.26424999999999876
ph_cacl2,VV-d,,,6.972,7.116249999999999,0.14424999999999866
ph_cacl2,VV-J,,,6.303,7.116249999999999,0.8132499999999991
ph_cacl2,VV-L,,,6.369,7.116249999999999,0.7472499999999993
ph_cacl2,WV-BA 1,,,7.153,6.69555,-0.4574499999999997
ph_cacl2,WV-UNN 1,,,7.2,7.0418,-0.1581999999999999
ph_cacl2,WV-UNN 3,,,7.019,7.0418,0.022800000000000153
ph_cacl2,WV-UNN-2,,,7.007,7.0418,0.03480000000000061
ph_cacl2,WV-ZS 2,,,6.765,6.908499999999999,0.14349999999999952
d15n_air_permil,BS-607,,,-11.46,-4.781023701624897,6.678976298375104
d15n_air_permil,BS-610,,,-10.45,-5.050743965286909,5.3992560347130905
d15n_air_permil,BS-618,,,-11.6,-4.8193033915252315,6.780696608474768
d15n_air_permil,BPS-1,,,-14.96,-0.18641674988545917,14.773583250114541
d15n_air_permil,BPS-18,,,-17.01,-6.068023786293788,10.941976213706214
d15n_air_permil,BPS-22,,,-17.33,-6.390033821859794,10.939966178140203
d15n_air_permil,BPS-25,,,-13.34,-7.88310856403339,5.45689143596661
d15n_air_permil,BPS-5,,,-11.9,-7.885225599187693,4.014774400812307
d15n_air_permil,CK-20B,,,2.81,-10.73131208224341,-13.54131208224341
d15n_air_permil,CK1-100B,,,-3.28,-10.010097315825018,-6.730097315825018
d15n_air_permil,CK2-100A,,,-5.34,-10.010104598847889,-4.670104598847889
d15n_air_permil,CK2-100B,,,-4.67,-10.167674705087451,-5.4976747050874515
d15n_air_permil,CM-2 1,,,-0.54,-2.227781323480702,-1.687781323480702
d15n_air_permil,CM-4,,,2.74,-2.926960250474863,-5.6669602504748635
d15n_air_permil,CM-PA 3-10,,,3.25,-2.931874943595675,-6.181874943595675
d15n_air_permil,CM-PA 30,,,3.07,-2.926960250474863,-5.996960250474863
d15n_air_permil,CM2 (OM),,,2.43,-2.2337110231202097,-4.66371102312021
d15n_air_permil,LC1-5,,,19.38,13.732411437606169,-5.64758856239383
d15n_air_permil,LGP (3-4),,,20.44,13.999789874854688,-6.440210125145313
d15n_air_permil,LGP (BA 1-3),,,20.84,13.731056253028415,-7.108943746971585
d15n_air_permil,CR-0819,,,25.5,15.999835247196186,-9.500164752803814
d15n_air_permil,CR-0821,,,27.43,15.999835247196186,-11.430164752803813
d15n_air_permil,CR-0826,,,31.71,15.999835247196186,-15.710164752803815
d15n_air_permil,CR-0828,,,33.08,15.999835247196186,-17.08016475280381
d15n_air_permil,CR-0833,,,23.29,15.999835247196186,-7.290164752803813
d15n_air_permil,CS-CR2,,,27.18,12.87976018422482,-14.30023981577518
d15n_air_permil,CS-CR5,,,22.88,20.27676793792263,-2.6032320620773675
d15n_air_permil,CS-CR7,,,40.84,19.21316429361772,-21.626835706382284
d15n_air_permil,CS-CR9,,,21.35,19.21558354061597,-2.134416459384031
d15n_air_permil,DS1(1-2),,,-15.45,-2.6323063708090606,12.817693629190938
d15n_air_permil,DS2(1-2),,,-14.9,-7.274675172333798,7.625324827666202
d15n_air_permil,DA-1,,,-2.37,-7.446547259959627,-5.076547259959627
d15n_air_permil,DA-3,,,-11.57,-7.446547259959627,4.123452740040373
d15n_air_permil,DA-4,,,-11.24,-7.446547259959627,3.7934527400403732
d15n_air_permil,DA-5,,,-10.45,-7.446547259959627,3.0034527400403723
d15n_air_permil,DA-6,,,-13.83,-7.446547259959627,6.383452740040373
d15n_air_permil,GE-A1-3,,,-13.05,-8.689128135787973,4.360871864212028
d15n_air_permil,GE-A2-2,,,-12.51,-8.688769901962294,3.821230098037706
d15n_air_permil,GE-B1-3,,,-10.4,-8.77519148658994,1.624808513410061
d15n_air_permil,GE-C2-3,,,-12.67,-12.053813961888284,0.6161860381117155
d15n_air_permil,GE-C3-2,,,-10.51,-11.648257906120389,-1.1382579061203888
d15n_air_permil,HS-1,,,-9.19,-5.136523119375191,4.0534768806248085
d15n_air_permil,HS-2,,,-4.81,-4.883214688789723,-0.07321468878972315
d15n_air_permil,HS-3,,,-5.33,-5.556145295282619,-0.22614529528261862
d15n_air_permil,HS-4,,,-8.26,-5.118613499111516,3.1413865008884834
d15n_air_permil,HS-7,,,-17.17,-5.6814480440846555,11.488551955915346
d15n_air_permil,HC-BA1,,,-11.63,-6.944008951954356,4.685991048045644
d15n_air_permil,HC-BA2,,,-10.78,-6.978899146126565,3.801100853873434
d15n_air_permil,HC-Z5-1,,,-9.13,-6.746941499168845,2.3830585008311562
d15n_air_permil,HC-ZS2,,,-12.3,-7.9648492547028145,4.335150745297186
d15n_air_permil,HVY-4A,,,-12.71,-9.732912247874019,2.977087752125982
d15n_air_permil,HVY-5A,,,-8.66,-9.732912247874019,-1.0729122478740187
d15n_air_permil,HVY-9054A,,,-15.92,-7.607479280043935,8.312520719956066
d15n_air_permil,HVY-9062A,,,-12.76,-9.19278148683719,3.5672185131628105
d15n_air_permil,HVY-9130A,,,-9.63,-7.406816626396232,2.223183373603769
d15n_air_permil,HD-10,,,-6.98,-7.073416048915203,-0.09341604891520294
d15n_air_permil,HD-14,,,-11.18,-7.0921760207390845,4.087823979260915
d15n_air_permil,HD-6,,,-9.9,-7.173054068516892,2.726945931483108
d15n_air_permil,HG-3,,,-4.55,-6.630420542215064,-2.080420542215064
d15n_air_permil,HG-54,,,-11.06,-6.830048212192787,4.229951787807214
d15n_air_permil,HG-6,,,-1.87,-8.759380536248482,-6.889380536248482
d15n_air_permil,HG-8,,,-2.45,-6.337945873417434,-3.8879458734174337
d15n_air_permil,HG-9,,,-8.59,-6.281498698430479,2.308501301569521
d15n_air_permil,HM-2,,,-3.92,-4.097769842242628,-0.17776984224262815
d15n_air_permil,HM-3,,,-7.25,-4.097755748358435,3.152244251641565
d15n_air_permil,HM-5,,,3.09,-4.212058899125637,-7.302058899125637
d15n_air_permil,HM-6,,,-0.62,-4.1041460738749995,-3.4841460738749994
d15n_air_permil,LI-10,,,4.3,15.93879770190731,11.638797701907311
d15n_air_permil,LI-11,,,-4.73,15.295603738636059,20.025603738636057
d15n_air_permil,LI-12,,,-8.18,15.295603738636059,23.47560373863606
d15n_air_permil,LI-13,,,-11.69,15.295603738636059,26.98560373863606
d15n_air_permil,LI-14,,,-4.82,15.295603738636059,20.11560373863606
d15n_air_permil,LI-15,,,-4.44,15.295603738636059,19.73560373863606
d15n_air_permil,LI-4,,,4.99,15.89323332782826,10.903233327828259
d15n_air_permil,LI-5,,,4.92,15.89323332782826,10.97323332782826
d15n_air_permil,LI-6,,,4.11,15.89323332782826,11.78323332782826
d15n_air_permil,LI-9,,,6.13,15.93879770190731,9.80879770190731
d15n_air_permil,LGP-BA LV8,,,3.04,-10.23052712283767,-13.27052712283767
d15n_air_permil,LV-14,,,3.27,-10.062484457132348,-13.332484457132347
d15n_air_permil,LV-18,,,6.15,-10.062484457132348,-16.212484457132348
d15n_air_permil,MD-BJA1,,,0.47,-1.938922789220487,-2.4089227892204867
d15n_air_permil,MD-UN11,,,8.2,-0.8963723238486412,-9.096372323848641
d15n_air_permil,MD-UN6,,,-5.69,-1.9827697927747907,3.7072302072252095
d15n_air_permil,ME-A1-1,,,-9.22,-8.130145184275861,1.0898548157241397
d15n_air_permil,ME-A2-3,,,-15.58,-8.130145184275861,7.449854815724139
d15n_air_permil,ME-B1-2,,,-18.32,-8.098623170454523,10.221376829545477
d15n_air_permil,ME-c2-3,,,-18.56,-8.541815052888523,10.018184947111475
d15n_air_permil,ME-C3-1,,,-19.6,-8.541815052888523,11.058184947111478
d15n_air_permil,HK-1,,,-6.66,-6.924176580885188,-0.2641765808851879
d15n_air_permil,HK-2,,,-10.27,-6.923976454298116,3.3460235457018834
d15n_air_permil,HK-3,,,-5.6,-6.928223530871819,-1.3282235308718198
d15n_air_permil,HK-4,,,-5.71,-6.755342703502019,-1.045342703502019
d15n_air_permil,HK-5,,,-7.66,-7.0249798857178245,0.6350201142821756
d15n_air_permil,MK-A6,,,1.02,-6.864123215591649,-7.884123215591648
d15n_air_permil,MK-KYBjA6,,,-1.53,-6.676764789674517,-5.146764789674517
d15n_air_permil,MK-UN8,,,-1.12,-6.864123215591649,-5.744123215591649
d15n_air_permil,MFP-A1,,,-10.64,-7.545816691328006,3.0941833086719948
d15n_air_permil,MFP-A2,,,-10.93,-7.545816691328006,3.384183308671994
d15n_air_permil,MFP-AAA,,,-2.19,-8.074870312487691,-5.884870312487692
d15n_air_permil,MFP-d,,,-9.01,-7.548863375560137,1.4611366244398631
d15n_air_permil,MS-11,,,-13.09,-6.974355258082661,6.115644741917339
d15n_air_permil,MS-12,,,-9.39,-6.974355258082661,2.4156447419173395
d15n_air_permil,MS-5,,,-3.78,-6.974355258082661,-3.1943552580826613
d15n_air_permil,MS-7,,,13.31,-6.974355258082661,-20.284355258082662
d15n_air_permil,ON-10,,,-13.24,-11.677945840118163,1.5620541598818374
d15n_air_permil,OR-4,,,-13.58,-11.059289944029517,2.5207100559704827
d15n_air_permil,OR-8,,,-14.18,-11.632707816861194,2.547292183138806
d15n_air_permil,AV1-1,,,-15.49,-11.94948827096567,3.54051172903433
d15n_air_permil,AV1-8,,,-7.38,-11.955600895172125,-4.575600895172125
d15n_air_permil,AV2-1,,,-12.88,-11.965944391985051,0.9140556080149498
d15n_air_permil,AV3-1,,,-17.97,-12.087536495136987,5.882463504863011
d15n_air_permil,AV3-7,,,0.59,-11.946075329527329,-12.536075329527328
d15n_air_permil,BP1-1,,,-3.97,-11.953602920761847,-7.983602920761847
d15n_air_permil,BP1-8,,,4.85,-11.964518184245106,-16.814518184245106
d15n_air_permil,BP2-1,,,-7.47,-11.993909405393179,-4.523909405393179
d15n_air_permil,BP3-1,,,-8.01,-11.953176387866877,-3.9431763878668775
d15n_air_permil,BP3-8,,,-2.93,-11.996085297888008,-9.066085297888009
d15n_air_permil,HV1-8,,,0.87,-12.163342845195519,-13.033342845195518
d15n_air_permil,HV2-5,,,0.25,-12.436231244566018,-12.686231244566018
d15n_air_permil,HV3-1,,,6.6,-12.186813479139829,-18.78681347913983
d15n_air_permil,HV3-9,,,0.18,-12.65543679606695,-12.835436796066949
d15n_air_permil,KR-1,,,-3.89,-10.708335750856294,-6.818335750856294
d15n_air_permil,KR-2,,,-1.93,-10.214188597854822,-8.284188597854822
d15n_air_permil,KR-4,,,-6.09,-8.6250957695676,-2.535095769567601
d15n_air_permil,MF1-1,,,-6.14,-6.477361115867043,-0.33736111586704354
d15n_air_permil,MF1-6,,,-3.39,-6.493390157254525,-3.1033901572545246
d15n_air_permil,MF2-1,,,-2.82,-6.594606950440595,-3.7746069504405955
d15n_air_permil,MF3-1,,,-2.82,-6.598814472718569,-3.7788144727185693
d15n_air_permil,MFX-2,,,0.11,-6.870493665240097,-6.980493665240098
d15n_air_permil,MSP1-1,,,-4.67,-7.76728768703069,-3.09728768703069
d15n_air_permil,MSP1-4,,,-3.91,-4.977144902893962,-1.0671449028939621
d15n_air_permil,MSP2-1,,,-10.1,-8.025681268804277,2.0743187311957225
d15n_air_permil,MSP3-1,,,-4.07,-7.184976858762988,-3.1149768587629874
d15n_air_permil,MSP3-4,,,-4.79,-5.414450232662203,-0.6244502326622028
d15n_air_permil,MW2-1,,,-1.21,-6.1940392798424835,-4.9840392798424835
d15n_air_permil,NP1-1,,,-10.99,-6.485527981643445,4.504472018356555
d15n_air_permil,NP2-1,,,-6.23,-6.897934525657234,-0.667934525657234
d15n_air_permil,NP3-1,,,-9.44,-6.269724308646532,3.170275691353467
d15n_air_permil,NP3-4,,,-10.48,-6.470303245381635,4.009696754618365
d15n_air_permil,NP4-5,,,-6.91,-6.5915596113194646,0.3184403886805356
d15n_air_permil,RM1-1,,,-2.44,-6.920304848859729,-4.4803048488597295
d15n_air_permil,RM1-8,,,0.47,-7.5011785430537765,-7.971178543053776
d15n_air_permil,RM2-1,,,-5.24,-7.018157721352563,-1.7781577213525628
d15n_air_permil,RM3-1,,,-1.45,-6.989321721699302,-5.539321721699302
d15n_air_permil,RM3-8,,,3.09,-7.679518815106304,-10.769518815106304
d15n_air_permil,SH1-1,,,-4.11,-7.448551862767848,-3.338551862767848
d15n_air_permil,SH1-6,,,-1.12,-6.887052586400534,-5.767052586400534
d15n_air_permil,SH2-1,,,0.36,-7.515164725115087,-7.875164725115087
d15n_air_permil,SH3-2,,,-3.09,-7.523300486582258,-4.433300486582258
d15n_air_permil,SH3-8,,,-3.76,-7.131782382922514,-3.3717823829225146
d15n_air_permil,TGV1-1,,,12.67,-9.145041713310658,-21.815041713310656
d15n_air_permil,TGV1-8,,,5.07,-12.654727867769344,-17.724727867769346
d15n_air_permil,TGV2-1,,,4.85,-12.409083096745508,-17.259083096745506
d15n_air_permil,TGV3-1,,,14.11,-10.209748338151083,-24.319748338151083
d15n_air_permil,TGV3-9,,,5.06,-13.026290724312721,-18.086290724312722
d15n_air_permil,TN1-1,,,1.98,-12.5097348120115,-14.4897348120115
d15n_air_permil,TN1-8,,,0.91,-12.736340124641188,-13.646340124641188
d15n_air_permil,TN2-1,,,3.98,-12.688736394959545,-16.668736394959545
d15n_air_permil,TN3-1,,,3.18,-13.046401256048108,-16.22640125604811
d15n_air_permil,TN3-5,,,3.32,-9.927152030207713,-13.247152030207713
d15n_air_permil,CB-CMBjA1,,,-2.47,-4.389252402304784,-1.9192524023047839
d15n_air_permil,CB-iH5,,,0.07,-2.9805759844586452,-3.050575984458645
d15n_air_permil,VV-0,,,-14.83,-7.911876919327388,6.918123080672612
d15n_air_permil,VV-d,,,-8.53,-7.911876919327388,0.6181230806726115
d15n_air_permil,VV-J,,,-14.04,-7.911876919327388,6.128123080672611
d15n_air_permil,VV-L,,,-12.67,-7.911876919327388,4.758123080672612
d15n_air_permil,WV-BA 1,,,-9.95,-4.466311545796279,5.48368845420372
d15n_air_permil,WV-UNN 1,,,-8.63,-9.355273179270718,-0.725273179270717
d15n_air_permil,WV-UNN 3,,,-11.03,-9.355273179270718,1.6747268207292816
d15n_air_permil,WV-UNN-2,,,-11.06,-9.355273179270718,1.7047268207292827
d15n_air_permil,WV-ZS 2,,,-13.06,-4.751263483098109,8.308736516901892
d13c_vpdb_permil,BS-607,,,-32.61,-18.64776071561065,13.962239284389348
d13c_vpdb_permil,BS-610,,,-32.5,-18.77216551009921,13.72783448990079
d13c_vpdb_permil,BS-618,,,-33.84,-18.68698309269057,15.153016907309432
d13c_vpdb_permil,BPS-1,,,-27.04,-20.621780831563004,6.418219168436995
d13c_vpdb_permil,BPS-18,,,-11.1,-20.026086295883793,-8.926086295883794
d13c_vpdb_permil,BPS-22,,,-10.48,-18.572013366724214,-8.092013366724213
d13c_vpdb_permil,BPS-25,,,-16.46,-15.368129452517067,1.0918705474829338
d13c_vpdb_permil,BPS-5,,,-15.34,-15.370036014814746,-0.030036014814745826
d13c_vpdb_permil,CK-20B,,,-22.04,-6.691569615139847,15.348430384860151
d13c_vpdb_permil,CK1-100B,,,2.28,-5.8319407484304255,-8.111940748430426
d13c_vpdb_permil,CK2-100A,,,5.11,-5.831926049971504,-10.941926049971505
d13c_vpdb_permil,CK2-100B,,,0.85,-6.098820919227925,-6.948820919227924
d13c_vpdb_permil,CM-2 1,,,-13.77,-26.08286797102468,-12.31286797102468
d13c_vpdb_permil,CM-4,,,-9.49,-26.338852091608217,-16.848852091608215
d13c_vpdb_permil,CM-PA 3-10,,,-10.51,-26.336842431527618,-15.826842431527618
d13c_vpdb_permil,CM-PA 30,,,-8.22,-26.338852091608217,-18.11885209160822
d13c_vpdb_permil,CM2 (OM),,,-8.5,-26.079750124066162,-17.579750124066162
d13c_vpdb_permil,LC1-5,,,-21.68,-25.198136198819476,-3.5181361988194766
d13c_vpdb_permil,LGP (3-4),,,-24.34,-25.218649410611206,-0.8786494106112066
d13c_vpdb_permil,LGP (BA 1-3),,,-21.21,-25.19806096328176,-3.9880609632817574
d13c_vpdb_permil,CR-0819,,,-28.07,-25.704135069955424,2.3658649300445767
d13c_vpdb_permil,CR-0821,,,-27.86,-25.704135069955424,2.155864930044576
d13c_vpdb_permil,CR-0826,,,-27.78,-25.704135069955424,2.0758649300445775
d13c_vpdb_permil,CR-0828,,,-27.32,-25.704135069955424,1.6158649300445767
d13c_vpdb_permil,CR-0833,,,-22.7,-25.704135069955424,-3.0041350699554243
d13c_vpdb_permil,CS-CR2,,,-25.03,-26.312191862366742,-1.2821918623667408
d13c_vpdb_permil,CS-CR5,,,-26.63,-26.9338342429361,-0.3038342429361016
d13c_vpdb_permil,CS-CR7,,,-25.3,-26.515714108976873,-1.2157141089768722
d13c_vpdb_permil,CS-CR9,,,-24.37,-26.515804568571355,-2.1458045685713536
d13c_vpdb_permil,DS1(1-2),,,-23.16,-19.413390394975774,3.7466096050242257
d13c_vpdb_permil,DS2(1-2),,,-9.19,-24.160983415648467,-14.970983415648467
d13c_vpdb_permil,DA-1,,,-3.7,-24.988661148386065,-21.288661148386065
d13c_vpdb_permil,DA-3,,,-38.45,-24.988661148386065,13.461338851613938
d13c_vpdb_permil,DA-4,,,-9.94,-24.988661148386065,-15.048661148386065
d13c_vpdb_permil,DA-5,,,-5.59,-24.988661148386065,-19.398661148386065
d13c_vpdb_permil,DA-6,,,-20.63,-24.988661148386065,-4.358661148386066
d13c_vpdb_permil,GE-A1-3,,,0.83,-6.2422777352725625,-7.0722777352725625
d13c_vpdb_permil,GE-A2-2,,,0.41,-6.242253064199081,-6.652253064199082
d13c_vpdb_permil,GE-B1-3,,,-0.67,-6.1669318710430465,-5.496931871043047
d13c_vpdb_permil,GE-C2-3,,,-1.02,-6.783538112690773,-5.763538112690773
d13c_vpdb_permil,GE-C3-2,,,-0.98,-6.792164335003522,-5.812164335003523
d13c_vpdb_permil,HS-1,,,-16.36,-22.16118667542262,-5.8011866754226205
d13c_vpdb_permil,HS-2,,,-12.0,-20.977760138783513,-8.977760138783513
d13c_vpdb_permil,HS-3,,,-6.27,-23.422510091888906,-17.152510091888907
d13c_vpdb_permil,HS-4,,,-4.74,-22.56609045650905,-17.82609045650905
d13c_vpdb_permil,HS-7,,,-22.86,-23.867541387390286,-1.0075413873902868
d13c_vpdb_permil,HC-BA1,,,-30.58,-28.757082932039204,1.8229170679607947
d13c_vpdb_permil,HC-BA2,,,-30.06,-28.778751073682468,1.2812489263175308
d13c_vpdb_permil,HC-Z5-1,,,-31.57,-27.638522411033343,3.9314775889666578
d13c_vpdb_permil,HC-ZS2,,,-32.37,-28.360667331726393,4.009332668273604
d13c_vpdb_permil,HVY-4A,,,-5.31,-7.559107390098333,-2.2491073900983336
d13c_vpdb_permil,HVY-5A,,,-2.72,-7.559107390098333,-4.839107390098333
d13c_vpdb_permil,HVY-9054A,,,-3.59,-8.857741111369181,-5.267741111369181
d13c_vpdb_permil,HVY-9062A,,,-4.2,-4.672511294115267,-0.47251129411526716
d13c_vpdb_permil,HVY-9130A,,,-0.5,-8.894808741487198,-8.394808741487198
d13c_vpdb_permil,HD-10,,,-29.02,-25.0299031313547,3.990096868645299
d13c_vpdb_permil,HD-14,,,-28.01,-24.877698377891715,3.1323016221082867
d13c_vpdb_permil,HD-6,,,-32.22,-24.471349645738602,7.748650354261397
d13c_vpdb_permil,HG-3,,,-30.48,-24.18312053341148,6.296879466588521
d13c_vpdb_permil,HG-54,,,-30.29,-26.028302424881364,4.261697575118635
d13c_vpdb_permil,HG-6,,,-29.68,-6.476033689362952,23.20396631063705
d13c_vpdb_permil,HG-8,,,-28.7,-20.53468827625062,8.16531172374938
d13c_vpdb_permil,HG-9,,,-29.66,-27.718792693996125,1.941207306003875
d13c_vpdb_permil,HM-2,,,-25.9,-28.372968402678822,-2.4729684026788235
d13c_vpdb_permil,HM-3,,,-29.64,-28.37298362619448,1.2670163738055216
d13c_vpdb_permil,HM-5,,,-26.55,-28.334996585943045,-1.7849965859430448
d13c_vpdb_permil,HM-6,,,-26.92,-28.456132788290553,-1.5361327882905513
d13c_vpdb_permil,LI-10,,,-26.69,-24.64988398958893,2.0401160104110723
d13c_vpdb_permil,LI-11,,,-23.66,-24.715569267173198,-1.0555692671731975
d13c_vpdb_permil,LI-12,,,-25.27,-24.715569267173198,0.5544307328268019
d13c_vpdb_permil,LI-13,,,-26.08,-24.715569267173198,1.3644307328268006
d13c_vpdb_permil,LI-14,,,-22.8,-24.715569267173198,-1.915569267173197
d13c_vpdb_permil,LI-15,,,-23.88,-24.715569267173198,-0.8355692671731987
d13c_vpdb_permil,LI-4,,,-24.63,-24.439662834379153,0.19033716562084635
d13c_vpdb_permil,LI-5,,,-25.35,-24.439662834379153,0.9103371656208488
d13c_vpdb_permil,LI-6,,,-25.49,-24.439662834379153,1.0503371656208458
d13c_vpdb_permil,LI-9,,,-25.06,-24.64988398958893,0.4101160104110697
d13c_vpdb_permil,LGP-BA LV8,,,-22.72,-3.9954807889456148,18.724519211054385
d13c_vpdb_permil,LV-14,,,-15.68,-5.108054254086353,10.571945745913647
d13c_vpdb_permil,LV-18,,,-14.37,-5.108054254086353,9.261945745913646
d13c_vpdb_permil,MD-BJA1,,,-41.87,-20.79944163079112,21.07055836920888
d13c_vpdb_permil,MD-UN11,,,-23.29,-19.9069822883117,3.3830177116883
d13c_vpdb_permil,MD-UN6,,,-28.36,-20.878218552070567,7.481781447929432
d13c_vpdb_permil,ME-A1-1,,,-4.19,-6.0929537045310775,-1.9029537045310772
d13c_vpdb_permil,ME-A2-3,,,-1.53,-6.0929537045310775,-4.562953704531077
d13c_vpdb_permil,ME-B1-2,,,-2.18,-6.087804386264119,-3.9078043862641185
d13c_vpdb_permil,ME-c2-3,,,-8.35,-5.5064722623975,2.8435277376025
d13c_vpdb_permil,ME-C3-1,,,-7.35,-5.5064722623975,1.8435277376024999
d13c_vpdb_permil,HK-1,,,-28.75,-19.155745225887966,9.594254774112034
d13c_vpdb_permil,HK-2,,,-27.07,-19.15704701441069,7.91295298558931
d13c_vpdb_permil,HK-3,,,-30.42,-19.129492498830952,11.29050750116905
d13c_vpdb_permil,HK-4,,,-27.93,-19.32475494131052,8.60524505868948
d13c_vpdb_permil,HK-5,,,-26.69,-19.25586225629985,7.434137743700152
d13c_vpdb_permil,MK-A6,,,-7.04,-20.421273522126196,-13.381273522126197
d13c_vpdb_permil,MK-KYBjA6,,,-5.55,-17.271985303761312,-11.721985303761311
d13c_vpdb_permil,MK-UN8,,,-1.3,-20.421273522126196,-19.121273522126195
d13c_vpdb_permil,MFP-A1,,,-16.75,-23.162376615992553,-6.412376615992553
d13c_vpdb_permil,MFP-A2,,,-16.34,-23.162376615992553,-6.822376615992553
d13c_vpdb_permil,MFP-AAA,,,-22.31,-24.217576854785026,-1.9075768547850274
d13c_vpdb_permil,MFP-d,,,-17.24,-23.151260387421285,-5.911260387421287
d13c_vpdb_permil,MS-11,,,-29.98,-21.688649080456166,8.291350919543834
d13c_vpdb_permil,MS-12,,,-24.71,-21.688649080456166,3.021350919543835
d13c_vpdb_permil,MS-5,,,-30.52,-21.688649080456166,8.831350919543834
d13c_vpdb_permil,MS-7,,,-30.25,-21.688649080456166,8.561350919543834
d13c_vpdb_permil,ON-10,,,-18.41,-6.507435941989329,11.902564058010672
d13c_vpdb_permil,OR-4,,,-14.53,-9.506644001286684,5.023355998713315
d13c_vpdb_permil,OR-8,,,-12.78,-8.347882996373992,4.432117003626008
d13c_vpdb_permil,AV1-1,,,-34.48,-29.348026770626245,5.131973229373752
d13c_vpdb_permil,AV1-8,,,-32.8,-28.73946370553849,4.060536294461507
d13c_vpdb_permil,AV2-1,,,-25.96,-28.866105663996077,-2.906105663996076
d13c_vpdb_permil,AV3-1,,,-29.75,-28.830033436095476,0.9199665639045236
d13c_vpdb_permil,AV3-7,,,-24.86,-28.517270036465643,-3.6572700364656434
d13c_vpdb_permil,BP1-1,,,-29.64,-28.823990879495,0.8160091205050009
d13c_vpdb_permil,BP1-8,,,-19.49,-28.331562067998902,-8.841562067998904
d13c_vpdb_permil,BP2-1,,,-28.21,-28.531237470432085,-0.3212374704320844
d13c_vpdb_permil,BP3-1,,,-26.82,-28.729185308184856,-1.9091853081848562
d13c_vpdb_permil,BP3-8,,,-23.94,-28.313672721783302,-4.373672721783301
d13c_vpdb_permil,HV1-8,,,-21.29,-27.632612252211114,-6.342612252211115
d13c_vpdb_permil,HV2-5,,,-26.22,-25.218333021205098,1.0016669787949013
d13c_vpdb_permil,HV3-1,,,-24.29,-28.117622146838542,-3.827622146838543
d13c_vpdb_permil,HV3-9,,,-25.3,-27.344637504567366,-2.0446375045673655
d13c_vpdb_permil,KR-1,,,-28.86,-31.358604014679386,-2.498604014679387
d13c_vpdb_permil,KR-2,,,-33.99,-31.548840656349473,2.4411593436505292
d13c_vpdb_permil,KR-4,,,-24.66,-30.14759826949677,-5.487598269496768
d13c_vpdb_permil,MF1-1,,,-22.72,-16.8316836011272,5.888316398872799
d13c_vpdb_permil,MF1-6,,,-33.49,-18.998466927513686,14.491533072486316
d13c_vpdb_permil,MF2-1,,,-28.66,-19.247336862676743,9.412663137323257
d13c_vpdb_permil,MF3-1,,,-30.72,-19.062563724908124,11.657436275091875
d13c_vpdb_permil,MFX-2,,,-28.81,-18.692386736387604,10.117613263612395
d13c_vpdb_permil,MSP1-1,,,-31.32,-25.372704036616604,5.947295963383397
d13c_vpdb_permil,MSP1-4,,,-29.3,-25.425524899710336,3.874475100289665
d13c_vpdb_permil,MSP2-1,,,-32.75,-25.030079850868045,7.719920149131955
d13c_vpdb_permil,MSP3-1,,,-29.16,-25.814278441027263,3.3457215589727376
d13c_vpdb_permil,MSP3-4,,,-29.67,-25.62218255467743,4.047817445322572
d13c_vpdb_permil,MW2-1,,,-25.74,-18.52593518494179,7.214064815058208
d13c_vpdb_permil,NP1-1,,,-35.84,-17.925549445925263,17.91445055407474
d13c_vpdb_permil,NP2-1,,,-31.61,-13.035080177912631,18.574919822087367
d13c_vpdb_permil,NP3-1,,,-32.85,-15.883605290243368,16.966394709756635
d13c_vpdb_permil,NP3-4,,,-29.7,-17.28237902927902,12.417620970720979
d13c_vpdb_permil,NP4-5,,,-25.16,-14.431579847763897,10.728420152236103
d13c_vpdb_permil,RM1-1,,,-30.31,-25.632852720974913,4.677147279025085
d13c_vpdb_permil,RM1-8,,,-39.12,-24.538718655941285,14.581281344058713
d13c_vpdb_permil,RM2-1,,,-20.24,-25.804836632646158,-5.564836632646159
d13c_vpdb_permil,RM3-1,,,-15.06,-25.738461068627146,-10.678461068627145
d13c_vpdb_permil,RM3-8,,,-11.12,-24.799819728940335,-13.679819728940336
d13c_vpdb_permil,SH1-1,,,-24.24,-27.579628581487327,-3.3396285814873288
d13c_vpdb_permil,SH1-6,,,-24.41,-26.59573774337865,-2.185737743378649
d13c_vpdb_permil,SH2-1,,,-24.48,-27.65712450408204,-3.177124504082041
d13c_vpdb_permil,SH3-2,,,-25.09,-27.691953153922984,-2.6019531539229845
d13c_vpdb_permil,SH3-8,,,-24.54,-26.70631625203527,-2.1663162520352692
d13c_vpdb_permil,TGV1-1,,,-30.6,-27.77351485336064,2.82648514663936
d13c_vpdb_permil,TGV1-8,,,-20.8,-24.815054322245146,-4.015054322245145
d13c_vpdb_permil,TGV2-1,,,-27.01,-26.91985024170827,0.09014975829173011
d13c_vpdb_permil,TGV3-1,,,-28.56,-24.027520340491602,4.532479659508397
d13c_vpdb_permil,TGV3-9,,,-24.09,-22.444140841737003,1.6458591582629971
d13c_vpdb_permil,TN1-1,,,-22.46,-26.93017881281866,-4.470178812818659
d13c_vpdb_permil,TN1-8,,,2.11,-24.00197817504358,-26.11197817504358
d13c_vpdb_permil,TN2-1,,,-17.12,-26.581264662911,-9.461264662910999
d13c_vpdb_permil,TN3-1,,,1.7,-26.80245496392242,-28.502454963922418
d13c_vpdb_permil,TN3-5,,,5.16,-21.37230115559063,-26.53230115559063
d13c_vpdb_permil,CB-CMBjA1,,,-26.75,-28.23783609699969,-1.4878360969996898
d13c_vpdb_permil,CB-iH5,,,-21.51,-26.46654188355715,-4.956541883557147
d13c_vpdb_permil,VV-0,,,-31.92,-29.381219053064775,2.5387809469352263
d13c_vpdb_permil,VV-d,,,-35.99,-29.381219053064775,6.6087809469352266
d13c_vpdb_permil,VV-J,,,-32.36,-29.381219053064775,2.978780946935224
d13c_vpdb_permil,VV-L,,,-32.61,-29.381219053064775,3.228780946935224
d13c_vpdb_permil,WV-BA 1,,,-32.15,-25.48783148898738,6.66216851101262
d13c_vpdb_permil,WV-UNN 1,,,-32.38,-30.027827844105932,2.3521721558940705
d13c_vpdb_permil,WV-UNN 3,,,-29.71,-30.027827844105932,-0.31782784410593123
d13c_vpdb_permil,WV-UNN-2,,,-31.54,-30.027827844105932,1.512172155894067
d13c_vpdb_permil,WV-ZS 2,,,-36.25,-25.642106308094657,10.607893691905343
wt_percent_n,BS-607,,,0.01,0.047165002157355494,0.03716500215735549
wt_percent_n,BS-610,,,0.01,0.04666817951096717,0.03666817951096717
wt_percent_n,BS-618,,,0.01,0.04740069737378649,0.03740069737378649
wt_percent_n,BPS-1,,,0.01,0.04013300377808298,0.03013300377808298
wt_percent_n,BPS-18,,,0.03,0.01881955934605617,-0.01118044065394383
wt_percent_n,BPS-22,,,0.02,0.01912289069744102,-0.0008771093025589788
wt_percent_n,BPS-25,,,0.01,0.018271811012704465,0.008271811012704465
wt_percent_n,BPS-5,,,0.01,0.018263019191158896,0.008263019191158896
wt_percent_n,CK-20B,,,0.01,0.012984294448560016,0.0029842944485600157
wt_percent_n,CK1-100B,,,0.02,0.013234394988717405,-0.006765605011282596
wt_percent_n,CK2-100A,,,0.02,0.013234379697104672,-0.006765620302895329
wt_percent_n,CK2-100B,,,0.01,0.011370322653579101,0.0013703226535791008
wt_percent_n,CM-2 1,,,0.05,0.054062069658455905,0.004062069658455902
wt_percent_n,CM-4,,,0.07,0.06480284864589764,-0.0051971513541023695
wt_percent_n,CM-PA 3-10,,,0.04,0.054025962661083844,0.014025962661083843
wt_percent_n,CM-PA 30,,,0.04,0.06480284864589764,0.024802848645897636
wt_percent_n,CM2 (OM),,,0.08,0.05394509629046191,-0.026054903709538092
wt_percent_n,LC1-5,,,0.34,0.3018060562225097,-0.0381939437774903
wt_percent_n,LGP (3-4),,,0.1,0.32269128335905484,0.22269128335905483
wt_percent_n,LGP (BA 1-3),,,0.43,0.30180040258658664,-0.12819959741341336
wt_percent_n,CR-0819,,,0.41,0.22115610753170656,-0.18884389246829342
wt_percent_n,CR-0821,,,0.54,0.22115610753170656,-0.3188438924682935
wt_percent_n,CR-0826,,,0.36,0.22115610753170656,-0.13884389246829343
wt_percent_n,CR-0828,,,0.44,0.22115610753170656,-0.21884389246829344
wt_percent_n,CR-0833,,,0.08,0.22115610753170656,0.14115610753170654
wt_percent_n,CS-CR2,,,0.12,0.33120834063205573,0.21120834063205574
wt_percent_n,CS-CR5,,,0.21,0.3513919888992823,0.1413919888992823
wt_percent_n,CS-CR7,,,0.48,0.34924390000603095,-0.13075609999396903
wt_percent_n,CS-CR9,,,0.1,0.34924962233654694,0.24924962233654693
wt_percent_n,DS1(1-2),,,0.03,0.038917419705351015,0.008917419705351017
wt_percent_n,DS2(1-2),,,0.03,0.017857031763502815,-0.012142968236497183
wt_percent_n,DA-1,,,0.02,0.014161168405903188,-0.005838831594096813
wt_percent_n,DA-3,,,0.03,0.014161168405903188,-0.01583883159409681
wt_percent_n,DA-4,,,0.12,0.014161168405903188,-0.10583883159409681
wt_percent_n,DA-5,,,0.21,0.014161168405903188,-0.19583883159409682
wt_percent_n,DA-6,,,0.09,0.014161168405903188,-0.07583883159409681
wt_percent_n,GE-A1-3,,,0.01,0.012924073032970487,0.0029240730329704867
wt_percent_n,GE-A2-2,,,0.01,0.01292458168088296,0.00292458168088296
wt_percent_n,GE-B1-3,,,0.01,0.012744679336490292,0.002744679336490292
wt_percent_n,GE-C2-3,,,0.01,0.014675092247039001,0.004675092247039001
wt_percent_n,GE-C3-2,,,0.01,0.014389245588027247,0.004389245588027247
wt_percent_n,HS-1,,,0.01,0.020859508663052036,0.010859508663052036
wt_percent_n,HS-2,,,0.01,0.023631687466522205,0.013631687466522205
wt_percent_n,HS-3,,,0.01,0.019404275724498828,0.009404275724498827
wt_percent_n,HS-4,,,0.01,0.020148733836101055,0.010148733836101055
wt_percent_n,HS-7,,,0.01,0.01977521799650434,0.009775217996504338
wt_percent_n,HC-BA1,,,0.01,0.05267294947957833,0.04267294947957833
wt_percent_n,HC-BA2,,,0.01,0.05261779948550108,0.042617799485501075
wt_percent_n,HC-Z5-1,,,0.01,0.03284654968685158,0.022846549686851576
wt_percent_n,HC-ZS2,,,0.02,0.04766617618775551,0.02766617618775551
wt_percent_n,HVY-4A,,,0.01,0.01250136847732604,0.00250136847732604
wt_percent_n,HVY-5A,,,0.01,0.01250136847732604,0.00250136847732604
wt_percent_n,HVY-9054A,,,0.01,0.017688558494568192,0.007688558494568192
wt_percent_n,HVY-9062A,,,0.01,0.011994341501850596,0.001994341501850596
wt_percent_n,HVY-9130A,,,0.01,0.02303480910949679,0.01303480910949679
wt_percent_n,HD-10,,,0.01,0.01982211321034974,0.00982211321034974
wt_percent_n,HD-14,,,0.01,0.01986940810268542,0.00986940810268542
wt_percent_n,HD-6,,,0.01,0.018446212487588168,0.008446212487588168
wt_percent_n,HG-3,,,0.02,0.02826627207981009,0.00826627207981009
wt_percent_n,HG-54,,,0.02,0.018689033260895386,-0.0013109667391046145
wt_percent_n,HG-6,,,0.04,0.009999999999999998,-0.030000000000000002
wt_percent_n,HG-8,,,0.03,0.010447284082357984,-0.019552715917642016
wt_percent_n,HG-9,,,0.01,0.019853059113637175,0.009853059113637175
wt_percent_n,HM-2,,,0.02,0.07359912567963739,0.053599125679637385
wt_percent_n,HM-3,,,0.02,0.07359851788092361,0.05359851788092361
wt_percent_n,HM-5,,,0.03,0.07372180892078467,0.04372180892078467
wt_percent_n,HM-6,,,0.06,0.07374684321420012,0.013746843214200125
wt_percent_n,LI-10,,,0.35,0.1832163477601344,-0.16678365223986558
wt_percent_n,LI-11,,,0.03,0.2078728789343624,0.1778728789343624
wt_percent_n,LI-12,,,0.02,0.2078728789343624,0.18787287893436241
wt_percent_n,LI-13,,,0.02,0.2078728789343624,0.18787287893436241
wt_percent_n,LI-14,,,0.04,0.2078728789343624,0.1678728789343624
wt_percent_n,LI-15,,,0.04,0.2078728789343624,0.1678728789343624
wt_percent_n,LI-4,,,0.06,0.18483030304315962,0.12483030304315962
wt_percent_n,LI-5,,,0.05,0.18483030304315962,0.13483030304315963
wt_percent_n,LI-6,,,0.04,0.18483030304315962,0.1448303030431596
wt_percent_n,LI-9,,,0.2,0.1832163477601344,-0.01678365223986561
wt_percent_n,LGP-BA LV8,,,0.04,0.013010927813386971,-0.02698907218661303
wt_percent_n,LV-14,,,0.03,0.016469881858747086,-0.013530118141252913
wt_percent_n,LV-18,,,0.06,0.016469881858747086,-0.04353011814125291
wt_percent_n,MD-BJA1,,,0.25,0.049475917645555416,-0.20052408235444458
wt_percent_n,MD-UN11,,,0.13,0.04609673492817778,-0.08390326507182222
wt_percent_n,MD-UN6,,,0.11,0.05060671727562743,-0.05939328272437257
wt_percent_n,ME-A1-1,,,0.01,0.01,0.0
wt_percent_n,ME-A2-3,,,0.01,0.01,0.0
wt_percent_n,ME-B1-2,,,0.01,0.009999999999999998,-1.734723475976807e-18
wt_percent_n,ME-c2-3,,,0.02,0.01,-0.01
wt_percent_n,ME-C3-1,,,0.02,0.01,-0.01
wt_percent_n,HK-1,,,0.01,0.012117224792625433,0.002117224792625433
wt_percent_n,HK-2,,,0.03,0.012117850288817051,-0.017882149711182946
wt_percent_n,HK-3,,,0.01,0.012104602105985504,0.002104602105985504
wt_percent_n,HK-4,,,0.01,0.012185389955571163,0.0021853899555711633
wt_percent_n,HK-5,,,0.01,0.012196097084837267,0.0021960970848372667
wt_percent_n,MK-A6,,,0.03,0.012674366180445349,-0.01732563381955465
wt_percent_n,MK-KYBjA6,,,0.04,0.011507671073021792,-0.028492328926978207
wt_percent_n,MK-UN8,,,0.03,0.012674366180445349,-0.01732563381955465
wt_percent_n,MFP-A1,,,0.01,0.08056718901050271,0.07056718901050271
wt_percent_n,MFP-A2,,,0.01,0.08056718901050271,0.07056718901050271
wt_percent_n,MFP-AAA,,,0.03,0.07829484347522583,0.048294843475225835
wt_percent_n,MFP-d,,,0.01,0.08060542916263363,0.07060542916263364
wt_percent_n,MS-11,,,0.01,0.026533231778776065,0.016533231778776067
wt_percent_n,MS-12,,,0.01,0.026533231778776065,0.016533231778776067
wt_percent_n,MS-5,,,0.01,0.026533231778776065,0.016533231778776067
wt_percent_n,MS-7,,,0.01,0.026533231778776065,0.016533231778776067
wt_percent_n,ON-10,,,0.01,0.014387996557709955,0.0043879965577099545
wt_percent_n,OR-4,,,0.02,0.014798602869328959,-0.005201397130671042
wt_percent_n,OR-8,,,0.01,0.014648502413978047,0.004648502413978047
wt_percent_n,AV1-1,,,0.14,0.011437508244795737,-0.1285624917552043
wt_percent_n,AV1-8,,,0.15,0.010000000000000002,-0.13999999999999999
wt_percent_n,AV2-1,,,0.03,0.01,-0.019999999999999997
wt_percent_n,AV3-1,,,0.05,0.011553050223858316,-0.03844694977614169
wt_percent_n,AV3-7,,,0.02,0.01132672456581194,-0.00867327543418806
wt_percent_n,BP1-1,,,0.08,0.010000000000000002,-0.07
wt_percent_n,BP1-8,,,0.02,0.01147548725652851,-0.00852451274347149
wt_percent_n,BP2-1,,,0.02,0.01,-0.01
wt_percent_n,BP3-1,,,0.06,0.01,-0.049999999999999996
wt_percent_n,BP3-8,,,0.02,0.010000000000000002,-0.009999999999999998
wt_percent_n,HV1-8,,,0.02,0.014367910060683813,-0.005632089939316187
wt_percent_n,HV2-5,,,0.02,0.016249995733109802,-0.0037500042668901987
wt_percent_n,HV3-1,,,0.05,0.011469890601298018,-0.03853010939870198
wt_percent_n,HV3-9,,,0.02,0.016963879927601882,-0.0030361200723981185
wt_percent_n,KR-1,,,0.02,0.009999999999999998,-0.010000000000000002
wt_percent_n,KR-2,,,0.1,0.011252162810581782,-0.08874783718941823
wt_percent_n,KR-4,,,0.02,0.01691137142558958,-0.0030886285744104215
wt_percent_n,MF1-1,,,0.02,0.0164763124074361,-0.0035236875925639018
wt_percent_n,MF1-6,,,0.01,0.012756632755061524,0.002756632755061524
wt_percent_n,MF2-1,,,0.01,0.01695558639950941,0.00695558639950941
wt_percent_n,MF3-1,,,0.01,0.01423321125933274,0.00423321125933274
wt_percent_n,MFX-2,,,0.02,0.016116282524057376,-0.003883717475942624
wt_percent_n,MSP1-1,,,0.01,0.014336234160730457,0.004336234160730456
wt_percent_n,MSP1-4,,,0.02,0.015320015031805882,-0.0046799849681941185
wt_percent_n,MSP2-1,,,0.01,0.021265213998475547,0.011265213998475547
wt_percent_n,MSP3-1,,,0.03,0.014115516259020319,-0.015884483740979678
wt_percent_n,MSP3-4,,,0.03,0.01428449664000726,-0.01571550335999274
wt_percent_n,MW2-1,,,0.02,0.017991781777090345,-0.002008218222909655
wt_percent_n,NP1-1,,,0.02,0.01438043144666198,-0.00561956855333802
wt_percent_n,NP2-1,,,0.01,0.017041238192672344,0.007041238192672343
wt_percent_n,NP3-1,,,0.01,0.014291249947182826,0.004291249947182826
wt_percent_n,NP3-4,,,0.03,0.014586117440341353,-0.015413882559658646
wt_percent_n,NP4-5,,,0.0,0.020999596176898925,0.020999596176898925
wt_percent_n,RM1-1,,,0.01,0.011439912420759776,0.0014399124207597758
wt_percent_n,RM1-8,,,0.01,0.010000000000000002,1.734723475976807e-18
wt_percent_n,RM2-1,,,0.05,0.011449970120574205,-0.038550029879425796
wt_percent_n,RM3-1,,,0.02,0.011424506459053057,-0.008575493540946943
wt_percent_n,RM3-8,,,0.02,0.011429605962237917,-0.008570394037762084
wt_percent_n,SH1-1,,,0.09,0.010000000000000002,-0.07999999999999999
wt_percent_n,SH1-6,,,0.1,0.01,-0.09000000000000001
wt_percent_n,SH2-1,,,0.08,0.01,-0.07
wt_percent_n,SH3-2,,,0.21,0.011388309511338747,-0.19861169048866126
wt_percent_n,SH3-8,,,0.16,0.010000000000000004,-0.15
wt_percent_n,TGV1-1,,,0.1,0.012356534606420286,-0.08764346539357971
wt_percent_n,TGV1-8,,,0.02,0.01794453322484711,-0.002055466775152892
wt_percent_n,TGV2-1,,,0.03,0.01,-0.019999999999999997
wt_percent_n,TGV3-1,,,0.03,0.015500083601628535,-0.014499916398371464
wt_percent_n,TGV3-9,,,0.02,0.017640176527867424,-0.0023598234721325766
wt_percent_n,TN1-1,,,0.16,0.01605281219141913,-0.14394718780858087
wt_percent_n,TN1-8,,,0.02,0.014137292160015363,-0.005862707839984637
wt_percent_n,TN2-1,,,0.02,0.0163376087336331,-0.0036623912663669017
wt_percent_n,TN3-1,,,0.03,0.01,-0.019999999999999997
wt_percent_n,TN3-5,,,0.03,0.01,-0.019999999999999997
wt_percent_n,CB-CMBjA1,,,0.02,0.048048356158170505,0.028048356158170504
wt_percent_n,CB-iH5,,,0.01,0.03385810641812721,0.02385810641812721
wt_percent_n,VV-0,,,0.01,0.03889009195660978,0.028890091956609777
wt_percent_n,VV-d,,,0.01,0.03889009195660978,0.028890091956609777
wt_percent_n,VV-J,,,0.01,0.03889009195660978,0.028890091956609777
wt_percent_n,VV-L,,,0.01,0.03889009195660978,0.028890091956609777
wt_percent_n,WV-BA 1,,,0.01,0.04463171983058667,0.03463171983058667
wt_percent_n,WV-UNN 1,,,0.01,0.026442485531564922,0.016442485531564924
wt_percent_n,WV-UNN 3,,,0.01,0.026442485531564922,0.016442485531564924
wt_percent_n,WV-UNN-2,,,0.01,0.026442485531564922,0.016442485531564924
wt_percent_n,WV-ZS 2,,,0.01,0.046692684992751726,0.036692684992751724
wt_percent_c,BS-607,,,0.04,0.1327418005970794,0.0927418005970794
wt_percent_c,BS-610,,,0.05,0.10954848352208754,0.05954848352208754
wt_percent_c,BS-618,,,0.05,0.13196794439678886,0.08196794439678885
wt_percent_c,BPS-1,,,0.02,0.1630004406916745,0.1430004406916745
wt_percent_c,BPS-18,,,0.04,0.1032221279604637,0.0632221279604637
wt_percent_c,BPS-22,,,0.06,0.10336007990325724,0.04336007990325724
wt_percent_c,BPS-25,,,0.04,0.10016826523901307,0.060168265239013065
wt_percent_c,BPS-5,,,0.05,0.10016269825773345,0.05016269825773345
wt_percent_c,CK-20B,,,0.04,0.41817069428626197,0.378170694286262
wt_percent_c,CK1-100B,,,0.56,0.5032289792891395,-0.0567710207108606
wt_percent_c,CK2-100A,,,1.51,0.5032303254068221,-1.006769674593178
wt_percent_c,CK2-100B,,,0.28,0.5677501213174182,0.2877501213174182
wt_percent_c,CM-2 1,,,0.1,0.03365529441628891,-0.0663447055837111
wt_percent_c,CM-4,,,0.21,0.033602175150186105,-0.1763978248498139
wt_percent_c,CM-PA 3-10,,,0.17,0.033734499039817234,-0.13626550096018278
wt_percent_c,CM-PA 30,,,0.22,0.033602175150186105,-0.1863978248498139
wt_percent_c,CM2 (OM),,,0.23,0.03366591896707894,-0.19633408103292108
wt_percent_c,LC1-5,,,1.94,0.7697756350603628,-1.170224364939637
wt_percent_c,LGP (3-4),,,0.59,0.772344031379577,0.182344031379577
wt_percent_c,LGP (BA 1-3),,,2.6,0.7697653493463243,-1.8302346506536757
wt_percent_c,CR-0819,,,1.47,0.5314720914743906,-0.9385279085256094
wt_percent_c,CR-0821,,,1.36,0.5314720914743906,-0.8285279085256095
wt_percent_c,CR-0826,,,0.69,0.5314720914743906,-0.15852790852560938
wt_percent_c,CR-0828,,,0.88,0.5314720914743906,-0.34852790852560944
wt_percent_c,CR-0833,,,0.38,0.5314720914743906,0.15147209147439056
wt_percent_c,CS-CR2,,,0.31,0.8010462820731761,0.4910462820731761
wt_percent_c,CS-CR5,,,0.89,0.8943680961687563,0.00436809616875633
wt_percent_c,CS-CR7,,,0.51,0.8858013567352921,0.37580135673529214
wt_percent_c,CS-CR9,,,0.46,0.8858244046959693,0.4258244046959693
wt_percent_c,DS1(1-2),,,0.07,0.05797182359101334,-0.012028176408986666
wt_percent_c,DS2(1-2),,,0.1,0.07733255167034095,-0.022667448329659057
wt_percent_c,DA-1,,,0.1,0.10886143658599866,0.008861436585998653
wt_percent_c,DA-3,,,0.01,0.10886143658599866,0.09886143658599866
wt_percent_c,DA-4,,,0.05,0.10886143658599866,0.058861436585998655
wt_percent_c,DA-5,,,0.08,0.10886143658599866,0.028861436585998657
wt_percent_c,DA-6,,,0.03,0.10886143658599866,0.07886143658599866
wt_percent_c,GE-A1-3,,,0.82,0.4251953229446253,-0.39480467705537464
wt_percent_c,GE-A2-2,,,0.61,0.42523503399455775,-0.18476496600544223
wt_percent_c,GE-B1-3,,,0.81,0.40963481317125544,-0.4003651868287446
wt_percent_c,GE-C2-3,,,0.79,0.31619649580150466,-0.4738035041984954
wt_percent_c,GE-C3-2,,,0.7,0.30732317486618543,-0.3926768251338145
wt_percent_c,HS-1,,,0.09,0.1880279999352519,0.09802799993525191
wt_percent_c,HS-2,,,0.07,0.21370462468845863,0.14370462468845863
wt_percent_c,HS-3,,,0.16,0.11214425034166291,-0.047855749658337096
wt_percent_c,HS-4,,,0.21,0.1856148901632481,-0.024385109836751906
wt_percent_c,HS-7,,,0.05,0.1285749054127287,0.0785749054127287
wt_percent_c,HC-BA1,,,0.03,0.0986304509273753,0.0686304509273753
wt_percent_c,HC-BA2,,,0.04,0.09924929558548894,0.059249295585488936
wt_percent_c,HC-Z5-1,,,0.03,0.09805088971204942,0.06805088971204942
wt_percent_c,HC-ZS2,,,0.06,0.08778527399474424,0.027785273994744245
wt_percent_c,HVY-4A,,,0.12,0.7062933785625208,0.5862933785625208
wt_percent_c,HVY-5A,,,0.14,0.7062933785625208,0.5662933785625208
wt_percent_c,HVY-9054A,,,0.2,0.4079695515772916,0.20796955157729158
wt_percent_c,HVY-9062A,,,0.15,0.674950060086866,0.524950060086866
wt_percent_c,HVY-9130A,,,0.16,0.2895308669069959,0.12953086690699592
wt_percent_c,HD-10,,,0.04,0.11991771704663835,0.07991771704663836
wt_percent_c,HD-14,,,0.02,0.11956818955213888,0.09956818955213888
wt_percent_c,HD-6,,,0.06,0.12223152957643384,0.06223152957643384
wt_percent_c,HG-3,,,0.12,0.07058149531453413,-0.04941850468546587
wt_percent_c,HG-54,,,0.2,0.09308798318558731,-0.1069120168144127
wt_percent_c,HG-6,,,0.31,0.35083813010252846,0.04083813010252846
wt_percent_c,HG-8,,,0.33,0.0830697767965906,-0.2469302232034094
wt_percent_c,HG-9,,,0.09,0.11082113821411543,0.020821138214115437
wt_percent_c,HM-2,,,0.12,0.18682333541449808,0.06682333541449809
wt_percent_c,HM-3,,,0.1,0.18682177253583077,0.08682177253583076
wt_percent_c,HM-5,,,0.19,0.187252476671519,-0.002747523328480994
wt_percent_c,HM-6,,,0.66,0.18731004280284683,-0.47268995719715323
wt_percent_c,LI-10,,,4.97,0.9864987123499168,-3.983501287650083
wt_percent_c,LI-11,,,0.23,0.9760256473252789,0.7460256473252789
wt_percent_c,LI-12,,,0.11,0.9760256473252789,0.8660256473252789
wt_percent_c,LI-13,,,0.13,0.9760256473252789,0.8460256473252789
wt_percent_c,LI-14,,,0.49,0.9760256473252789,0.48602564732527886
wt_percent_c,LI-15,,,0.42,0.9760256473252789,0.5560256473252789
wt_percent_c,LI-4,,,0.5,1.0671318939703651,0.5671318939703651
wt_percent_c,LI-5,,,0.47,1.0671318939703651,0.5971318939703651
wt_percent_c,LI-6,,,0.3,1.0671318939703651,0.7671318939703651
wt_percent_c,LI-9,,,2.43,0.9864987123499168,-1.4435012876500832
wt_percent_c,LGP-BA LV8,,,0.12,0.48505822607682425,0.36505822607682425
wt_percent_c,LV-14,,,0.12,0.40391191207611093,0.28391191207611094
wt_percent_c,LV-18,,,0.51,0.40391191207611093,-0.10608808792388907
wt_percent_c,MD-BJA1,,,0.01,0.13458793388479234,0.12458793388479235
wt_percent_c,MD-UN11,,,0.03,0.1271277883402754,0.09712778834027541
wt_percent_c,MD-UN6,,,0.02,0.12050827150166091,0.1005082715016609
wt_percent_c,ME-A1-1,,,0.17,0.47726885029138066,0.3072688502913806
wt_percent_c,ME-A2-3,,,0.47,0.47726885029138066,0.007268850291380691
wt_percent_c,ME-B1-2,,,0.41,0.47860369780282863,0.06860369780282866
wt_percent_c,ME-c2-3,,,0.37,0.5755379017775987,0.20553790177759867
wt_percent_c,ME-C3-1,,,0.37,0.5755379017775987,0.20553790177759867
wt_percent_c,HK-1,,,0.05,0.11402164490004316,0.06402164490004315
wt_percent_c,HK-2,,,0.29,0.11402317266087122,-0.17597682733912876
wt_percent_c,HK-3,,,0.04,0.11398976271527524,0.07398976271527524
wt_percent_c,HK-4,,,0.04,0.11020309521922514,0.07020309521922513
wt_percent_c,HK-5,,,0.04,0.11222372069457848,0.07222372069457847
wt_percent_c,MK-A6,,,0.28,0.110624285490266,-0.16937571450973404
wt_percent_c,MK-KYBjA6,,,0.38,0.10365360843065574,-0.27634639156934426
wt_percent_c,MK-UN8,,,0.45,0.110624285490266,-0.33937571450973403
wt_percent_c,MFP-A1,,,0.1,0.05557238501014976,-0.04442761498985025
wt_percent_c,MFP-A2,,,0.08,0.05557238501014976,-0.024427614989850244
wt_percent_c,MFP-AAA,,,0.26,0.051992333311511416,-0.20800766668848858
wt_percent_c,MFP-d,,,0.08,0.0555668039232108,-0.024433196076789204
wt_percent_c,MS-11,,,0.03,0.08621125710318903,0.05621125710318903
wt_percent_c,MS-12,,,0.06,0.08621125710318903,0.02621125710318903
wt_percent_c,MS-5,,,0.05,0.08621125710318903,0.03621125710318902
wt_percent_c,MS-7,,,0.04,0.08621125710318903,0.046211257103189025
wt_percent_c,ON-10,,,0.03,0.2111892253945572,0.1811892253945572
wt_percent_c,OR-4,,,0.03,0.18707382857475985,0.15707382857475985
wt_percent_c,OR-8,,,0.04,0.19629591662111742,0.15629591662111741
wt_percent_c,AV1-1,,,0.01,0.034489283113441876,0.024489283113441875
wt_percent_c,AV1-8,,,0.02,0.032253281885348116,0.012253281885348116
wt_percent_c,AV2-1,,,0.03,0.03220171813983218,0.002201718139832179
wt_percent_c,AV3-1,,,0.03,0.03582856932658572,0.0058285693265857225
wt_percent_c,AV3-7,,,0.06,0.034289298804746675,-0.025710701195253323
wt_percent_c,BP1-1,,,0.03,0.03222605949775544,0.0022260594977554435
wt_percent_c,BP1-8,,,0.15,0.03462843844135151,-0.11537156155864849
wt_percent_c,BP2-1,,,0.04,0.03239834621836509,-0.0076016537816349095
wt_percent_c,BP3-1,,,0.02,0.03226134511179438,0.012261345111794383
wt_percent_c,BP3-8,,,0.44,0.03238207704678869,-0.4076179229532113
wt_percent_c,HV1-8,,,0.06,0.03922893277849707,-0.020771067221502924
wt_percent_c,HV2-5,,,0.08,0.04544178882825748,-0.03455821117174252
wt_percent_c,HV3-1,,,0.05,0.03575816067491004,-0.014241839325089961
wt_percent_c,HV3-9,,,0.09,0.04555138982718267,-0.04444861017281733
wt_percent_c,KR-1,,,0.05,0.03165362953207708,-0.018346370467922923
wt_percent_c,KR-2,,,0.01,0.03071704256461102,0.020717042564611023
wt_percent_c,KR-4,,,0.06,0.13353695848938893,0.07353695848938893
wt_percent_c,MF1-1,,,0.11,0.14922986487512513,0.03922986487512513
wt_percent_c,MF1-6,,,0.05,0.16103166999672752,0.11103166999672752
wt_percent_c,MF2-1,,,0.04,0.13614728966935702,0.09614728966935701
wt_percent_c,MF3-1,,,0.08,0.1367318005540064,0.05673180055400641
wt_percent_c,MFX-2,,,0.16,0.17849393458328175,0.018493934583281746
wt_percent_c,MSP1-1,,,0.04,0.0799799963417396,0.039979996341739606
wt_percent_c,MSP1-4,,,0.05,0.10115995872689712,0.05115995872689712
wt_percent_c,MSP2-1,,,0.04,0.08501711341031551,0.04501711341031551
wt_percent_c,MSP3-1,,,0.22,0.08889490387897434,-0.13110509612102567
wt_percent_c,MSP3-4,,,0.24,0.09280386190516351,-0.14719613809483648
wt_percent_c,MW2-1,,,0.09,0.18453793666131346,0.09453793666131347
wt_percent_c,NP1-1,,,0.07,0.16234733702548754,0.09234733702548753
wt_percent_c,NP2-1,,,0.04,0.34296444276953036,0.3029644427695304
wt_percent_c,NP3-1,,,0.06,0.15161125848806437,0.09161125848806437
wt_percent_c,NP3-4,,,0.21,0.13847948518954045,-0.07152051481045954
wt_percent_c,NP4-5,,,0.02,0.25904959816771755,0.23904959816771756
wt_percent_c,RM1-1,,,0.02,0.05365426130734466,0.033654261307344654
wt_percent_c,RM1-8,,,0.01,0.03442276991442099,0.024422769914420987
wt_percent_c,RM2-1,,,0.02,0.03459348155652752,0.01459348155652752
wt_percent_c,RM3-1,,,0.02,0.034538059800616895,0.014538059800616895
wt_percent_c,RM3-8,,,0.03,0.03558325412049321,0.0055832541204932085
wt_percent_c,SH1-1,,,0.11,0.03426536091869669,-0.07573463908130332
wt_percent_c,SH1-6,,,0.56,0.031117802870394267,-0.5288821971296058
wt_percent_c,SH2-1,,,0.64,0.034275201983217124,-0.6057247980167829
wt_percent_c,SH3-2,,,0.17,0.03436198751306589,-0.13563801248693413
wt_percent_c,SH3-8,,,0.16,0.03217523785512305,-0.12782476214487695
wt_percent_c,TGV1-1,,,0.05,0.06268198501607153,0.012681985016071526
wt_percent_c,TGV1-8,,,0.11,0.04751659075445495,-0.06248340924554505
wt_percent_c,TGV2-1,,,0.27,0.035422849998444264,-0.23457715000155577
wt_percent_c,TGV3-1,,,0.03,0.07627859298741986,0.04627859298741986
wt_percent_c,TGV3-9,,,0.16,0.04790439164062393,-0.11209560835937607
wt_percent_c,TN1-1,,,0.02,0.048689941700911676,0.028689941700911676
wt_percent_c,TN1-8,,,0.15,0.04962823007678255,-0.10037176992321745
wt_percent_c,TN2-1,,,0.06,0.04966168841334477,-0.010338311586655227
wt_percent_c,TN3-1,,,0.37,0.034931208559651684,-0.3350687914403483
wt_percent_c,TN3-5,,,0.61,0.06374887170821912,-0.5462511282917809
wt_percent_c,CB-CMBjA1,,,0.07,0.14963428491377515,0.07963428491377514
wt_percent_c,CB-iH5,,,0.03,0.07719502442288305,0.04719502442288305
wt_percent_c,VV-0,,,0.03,0.03096211966726012,0.0009621196672601195
wt_percent_c,VV-d,,,0.02,0.03096211966726012,0.010962119667260118
wt_percent_c,VV-J,,,0.03,0.03096211966726012,0.0009621196672601195
wt_percent_c,VV-L,,,0.04,0.03096211966726012,-0.009037880332739882
wt_percent_c,WV-BA 1,,,0.04,0.1589952442429153,0.1189952442429153
wt_percent_c,WV-UNN 1,,,0.03,0.03047122835784462,0.0004712283578446226
wt_percent_c,WV-UNN 3,,,0.04,0.03047122835784462,-0.00952877164215538
wt_percent_c,WV-UNN-2,,,0.03,0.03047122835784462,0.0004712283578446226
wt_percent_c,WV-ZS 2,,,0.01,0.14949093619500722,0.13949093619500721
c_n_ratio,BS-607,,,5.03,7.324545454545455,2.294545454545455
c_n_ratio,BS-610,,,4.22,5.548181818181818,1.3281818181818181
c_n_ratio,BS-618,,,5.4,7.324545454545455,1.9245454545454548
c_n_ratio,BPS-1,,,3.62,6.610909090909092,2.990909090909092
c_n_ratio,BPS-18,,,1.45,5.344545454545455,3.8945454545454545
c_n_ratio,BPS-22,,,3.72,5.171818181818182,1.4518181818181817
c_n_ratio,BPS-25,,,4.79,5.344545454545455,0.5545454545454547
c_n_ratio,BPS-5,,,4.1,5.344545454545455,1.244545454545455
c_n_ratio,CK-20B,,,4.48,30.170909090909085,25.690909090909084
c_n_ratio,CK1-100B,,,34.45,45.301818181818184,10.851818181818182
c_n_ratio,CK2-100A,,,85.92,45.301818181818184,-40.61818181818182
c_n_ratio,CK2-100B,,,19.57,48.4609090909091,28.890909090909098
c_n_ratio,CM-2 1,,,2.1,1.3918181818181818,-0.7081818181818182
c_n_ratio,CM-4,,,2.92,2.0118181818181817,-0.9081818181818182
c_n_ratio,CM-PA 3-10,,,4.1,2.0118181818181817,-2.088181818181818
c_n_ratio,CM-PA 30,,,5.04,2.0118181818181817,-3.0281818181818183
c_n_ratio,CM2 (OM),,,2.88,1.3918181818181818,-1.488181818181818
c_n_ratio,LC1-5,,,5.73,3.65,-2.0800000000000005
c_n_ratio,LGP (3-4),,,6.0,3.1454545454545455,-2.8545454545454545
c_n_ratio,LGP (BA 1-3),,,6.02,3.65,-2.3699999999999997
c_n_ratio,CR-0819,,,3.57,5.98,2.4100000000000006
c_n_ratio,CR-0821,,,2.5,5.98,3.4800000000000004
c_n_ratio,CR-0826,,,1.92,5.98,4.0600000000000005
c_n_ratio,CR-0828,,,1.99,5.98,3.99
c_n_ratio,CR-0833,,,4.45,5.98,1.5300000000000002
c_n_ratio,CS-CR2,,,2.57,5.369090909090909,2.7990909090909093
c_n_ratio,CS-CR5,,,4.22,5.2681818181818185,1.0481818181818188
c_n_ratio,CS-CR7,,,1.06,5.369090909090909,4.309090909090909
c_n_ratio,CS-CR9,,,4.67,5.369090909090909,0.6990909090909092
c_n_ratio,DS1(1-2),,,2.32,3.9218181818181814,1.6018181818181816
c_n_ratio,DS2(1-2),,,3.33,4.643636363636364,1.3136363636363635
c_n_ratio,DA-1,,,4.21,6.822727272727272,2.6127272727272723
c_n_ratio,DA-3,,,0.35,6.822727272727272,6.472727272727273
c_n_ratio,DA-4,,,0.42,6.822727272727272,6.402727272727272
c_n_ratio,DA-5,,,0.37,6.822727272727272,6.452727272727272
c_n_ratio,DA-6,,,0.3,6.822727272727272,6.5227272727272725
c_n_ratio,GE-A1-3,,,91.07,32.13272727272727,-58.93727272727272
c_n_ratio,GE-A2-2,,,81.31,32.13272727272727,-49.17727272727273
c_n_ratio,GE-B1-3,,,62.43,32.13272727272727,-30.297272727272727
c_n_ratio,GE-C2-3,,,68.78,23.822727272727274,-44.95727272727272
c_n_ratio,GE-C3-2,,,58.21,23.822727272727274,-34.38727272727273
c_n_ratio,HS-1,,,7.47,7.474545454545455,0.004545454545454852
c_n_ratio,HS-2,,,6.24,7.379090909090909,1.1390909090909087
c_n_ratio,HS-3,,,18.45,6.548181818181818,-11.901818181818182
c_n_ratio,HS-4,,,25.31,7.474545454545455,-17.835454545454546
c_n_ratio,HS-7,,,6.48,5.789090909090909,-0.6909090909090914
c_n_ratio,HC-BA1,,,2.64,5.041818181818181,2.401818181818181
c_n_ratio,HC-BA2,,,4.58,5.041818181818182,0.4618181818181819
c_n_ratio,HC-Z5-1,,,1.83,4.777272727272727,2.9472727272727273
c_n_ratio,HC-ZS2,,,2.35,5.405454545454546,3.055454545454546
c_n_ratio,HVY-4A,,,17.01,52.01,35.0
c_n_ratio,HVY-5A,,,25.24,52.01,26.77
c_n_ratio,HVY-9054A,,,24.48,27.11545454545455,2.63545454545455
c_n_ratio,HVY-9062A,,,25.83,50.80727272727274,24.97727272727274
c_n_ratio,HVY-9130A,,,21.77,17.669090909090905,-4.100909090909095
c_n_ratio,HD-10,,,6.59,5.085454545454546,-1.504545454545454
c_n_ratio,HD-14,,,2.42,5.091818181818183,2.6718181818181828
c_n_ratio,HD-6,,,4.54,5.080909090909091,0.540909090909091
c_n_ratio,HG-3,,,7.09,3.66909090909091,-3.42090909090909
c_n_ratio,HG-54,,,9.09,4.068181818181818,-5.0218181818181815
c_n_ratio,HG-6,,,8.16,30.785454545454545,22.625454545454545
c_n_ratio,HG-8,,,9.71,7.922727272727272,-1.787272727272729
c_n_ratio,HG-9,,,8.63,4.057272727272727,-4.572727272727274
c_n_ratio,HM-2,,,6.04,2.7672727272727276,-3.2727272727272725
c_n_ratio,HM-3,,,5.88,2.7672727272727276,-3.1127272727272723
c_n_ratio,HM-5,,,6.53,2.7672727272727276,-3.7627272727272727
c_n_ratio,HM-6,,,11.27,2.7672727272727276,-8.502727272727272
c_n_ratio,LI-10,,,14.29,4.450909090909092,-9.839090909090906
c_n_ratio,LI-11,,,8.23,4.444545454545455,-3.785454545454545
c_n_ratio,LI-12,,,6.55,4.444545454545455,-2.1054545454545446
c_n_ratio,LI-13,,,7.07,4.444545454545455,-2.625454545454545
c_n_ratio,LI-14,,,11.47,4.444545454545455,-7.025454545454545
c_n_ratio,LI-15,,,10.92,4.444545454545455,-6.475454545454545
c_n_ratio,LI-4,,,9.2,4.450909090909092,-4.749090909090907
c_n_ratio,LI-5,,,8.94,4.450909090909092,-4.4890909090909075
c_n_ratio,LI-6,,,7.67,4.450909090909092,-3.219090909090908
c_n_ratio,LI-9,,,11.98,4.450909090909092,-7.529090909090908
c_n_ratio,LGP-BA LV8,,,3.51,41.77,38.260000000000005
c_n_ratio,LV-14,,,4.14,29.884545454545457,25.744545454545456
c_n_ratio,LV-18,,,9.06,29.884545454545457,20.824545454545458
c_n_ratio,MD-BJA1,,,0.04,2.247272727272727,2.207272727272727
c_n_ratio,MD-UN11,,,0.22,2.2818181818181817,2.0618181818181816
c_n_ratio,MD-UN6,,,0.19,2.247272727272727,2.057272727272727
c_n_ratio,ME-A1-1,,,23.07,43.92454545454546,20.85454545454546
c_n_ratio,ME-A2-3,,,39.14,43.92454545454546,4.784545454545459
c_n_ratio,ME-B1-2,,,41.86,42.049090909090914,0.18909090909091475
c_n_ratio,ME-c2-3,,,19.52,43.92454545454546,24.40454545454546
c_n_ratio,ME-C3-1,,,21.85,43.92454545454546,22.074545454545458
c_n_ratio,HK-1,,,5.01,8.521818181818183,3.5118181818181835
c_n_ratio,HK-2,,,9.95,8.521818181818183,-1.428181818181816
c_n_ratio,HK-3,,,4.33,8.521818181818183,4.191818181818183
c_n_ratio,HK-4,,,4.91,8.521818181818183,3.611818181818183
c_n_ratio,HK-5,,,4.22,8.521818181818183,4.3018181818181835
c_n_ratio,MK-A6,,,8.35,8.521818181818183,0.17181818181818365
c_n_ratio,MK-KYBjA6,,,11.13,8.463636363636365,-2.666363636363636
c_n_ratio,MK-UN8,,,17.76,8.521818181818183,-9.238181818181818
c_n_ratio,MFP-A1,,,8.79,3.545454545454545,-5.244545454545454
c_n_ratio,MFP-A2,,,7.49,3.545454545454545,-3.9445454545454552
c_n_ratio,MFP-AAA,,,9.37,3.039090909090909,-6.33090909090909
c_n_ratio,MFP-d,,,7.68,3.545454545454545,-4.134545454545455
c_n_ratio,MS-11,,,4.66,6.1427272727272735,1.4827272727272733
c_n_ratio,MS-12,,,5.62,6.1427272727272735,0.5227272727272734
c_n_ratio,MS-5,,,5.1,6.1427272727272735,1.0427272727272738
c_n_ratio,MS-7,,,4.24,6.1427272727272735,1.9027272727272733
c_n_ratio,ON-10,,,4.61,26.044545454545457,21.434545454545457
c_n_ratio,OR-4,,,1.77,21.460000000000004,19.690000000000005
c_n_ratio,OR-8,,,5.68,26.044545454545457,20.364545454545457
c_n_ratio,AV1-1,,,0.09,3.5727272727272723,3.4827272727272724
c_n_ratio,AV1-8,,,0.16,3.5727272727272723,3.412727272727272
c_n_ratio,AV2-1,,,1.13,3.572727272727273,2.4427272727272733
c_n_ratio,AV3-1,,,0.68,3.5300000000000007,2.8500000000000005
c_n_ratio,AV3-7,,,3.27,3.5727272727272723,0.3027272727272723
c_n_ratio,BP1-1,,,0.35,3.572727272727273,3.222727272727273
c_n_ratio,BP1-8,,,9.46,3.5727272727272723,-5.8872727272727285
c_n_ratio,BP2-1,,,2.22,3.5727272727272723,1.3527272727272721
c_n_ratio,BP3-1,,,0.38,3.5727272727272723,3.1927272727272724
c_n_ratio,BP3-8,,,25.19,3.572727272727273,-21.617272727272727
c_n_ratio,HV1-8,,,3.58,3.660909090909091,0.08090909090909104
c_n_ratio,HV2-5,,,4.05,3.541818181818181,-0.5081818181818187
c_n_ratio,HV3-1,,,0.97,3.572727272727273,2.6027272727272734
c_n_ratio,HV3-9,,,5.75,3.4745454545454546,-2.2754545454545454
c_n_ratio,KR-1,,,2.3,3.5300000000000007,1.2300000000000009
c_n_ratio,KR-2,,,0.13,3.53,3.4
c_n_ratio,KR-4,,,3.73,4.796363636363637,1.0663636363636368
c_n_ratio,MF1-1,,,6.1,9.908181818181818,3.8081818181818186
c_n_ratio,MF1-6,,,4.26,9.516363636363636,5.256363636363636
c_n_ratio,MF2-1,,,4.03,9.346363636363636,5.3163636363636355
c_n_ratio,MF3-1,,,5.35,8.49090909090909,3.1409090909090907
c_n_ratio,MFX-2,,,7.12,9.908181818181818,2.788181818181818
c_n_ratio,MSP1-1,,,5.05,4.00090909090909,-1.0490909090909097
c_n_ratio,MSP1-4,,,3.36,4.00090909090909,0.6409090909090902
c_n_ratio,MSP2-1,,,3.85,4.00090909090909,0.15090909090909
c_n_ratio,MSP3-1,,,8.06,4.000909090909091,-4.0590909090909095
c_n_ratio,MSP3-4,,,9.74,4.000909090909091,-5.739090909090909
c_n_ratio,MW2-1,,,5.96,9.97090909090909,4.010909090909091
c_n_ratio,NP1-1,,,4.15,9.516363636363636,5.366363636363635
c_n_ratio,NP2-1,,,3.57,18.969090909090912,15.399090909090912
c_n_ratio,NP3-1,,,4.3,9.908181818181818,5.608181818181818
c_n_ratio,NP3-4,,,7.06,9.40909090909091,2.3490909090909105
c_n_ratio,NP4-5,,,5.64,16.548181818181817,10.908181818181816
c_n_ratio,RM1-1,,,1.83,3.4200000000000004,1.5900000000000003
c_n_ratio,RM1-8,,,1.4,3.5727272727272723,2.1727272727272724
c_n_ratio,RM2-1,,,0.37,3.5727272727272723,3.202727272727272
c_n_ratio,RM3-1,,,1.37,3.5727272727272723,2.202727272727272
c_n_ratio,RM3-8,,,1.87,3.572727272727273,1.702727272727273
c_n_ratio,SH1-1,,,1.22,3.5727272727272723,2.3527272727272726
c_n_ratio,SH1-6,,,5.79,3.5727272727272723,-2.2172727272727277
c_n_ratio,SH2-1,,,8.04,3.5727272727272723,-4.467272727272727
c_n_ratio,SH3-2,,,0.84,3.5727272727272723,2.7327272727272724
c_n_ratio,SH3-8,,,1.01,3.5727272727272723,2.5627272727272725
c_n_ratio,TGV1-1,,,0.49,5.341818181818182,4.851818181818182
c_n_ratio,TGV1-8,,,5.48,3.7345454545454544,-1.745454545454546
c_n_ratio,TGV2-1,,,10.99,3.522727272727273,-7.467272727272727
c_n_ratio,TGV3-1,,,0.74,5.57090909090909,4.83090909090909
c_n_ratio,TGV3-9,,,7.78,3.794545454545455,-3.9854545454545454
c_n_ratio,TN1-1,,,0.13,3.913636363636364,3.783636363636364
c_n_ratio,TN1-8,,,7.88,5.129999999999999,-2.750000000000001
c_n_ratio,TN2-1,,,2.68,3.869999999999999,1.189999999999999
c_n_ratio,TN3-1,,,12.03,3.9036363636363642,-8.126363636363635
c_n_ratio,TN3-5,,,23.64,7.064545454545454,-16.575454545454548
c_n_ratio,CB-CMBjA1,,,3.82,3.8572727272727274,0.03727272727272757
c_n_ratio,CB-iH5,,,2.82,4.341818181818182,1.521818181818182
c_n_ratio,VV-0,,,4.21,4.119090909090909,-0.09090909090909083
c_n_ratio,VV-d,,,3.17,4.119090909090909,0.9490909090909092
c_n_ratio,VV-J,,,4.04,4.119090909090909,0.0790909090909091
c_n_ratio,VV-L,,,3.96,4.119090909090909,0.15909090909090917
c_n_ratio,WV-BA 1,,,4.6,5.286363636363637,0.6863636363636374
c_n_ratio,WV-UNN 1,,,3.83,4.177272727272728,0.3472727272727276
c_n_ratio,WV-UNN 3,,,4.59,4.177272727272728,-0.41272727272727217
c_n_ratio,WV-UNN-2,,,4.1,4.177272727272728,0.07727272727272805
c_n_ratio,WV-ZS 2,,,1.36,5.967272727272728,4.607272727272727
log_cec_meq_100g,BS-607,1.8870696490323795,1.5642410786406429,5.599999999999998,3.7790466387018213,-1.8209533612981765
log_cec_meq_100g,BS-610,1.8562979903656265,1.5470753151750385,5.400000000000002,3.6977107480570814,-1.7022892519429207
log_cec_meq_100g,BS-618,1.840549633397487,1.5626459428995547,5.299999999999999,3.7714294874103627,-1.5285705125896363
log_cec_meq_100g,BPS-1,0.9932517730102832,1.6732546976848337,1.6999999999999995,4.329485464009918,2.6294854640099183
log_cec_meq_100g,BPS-18,1.0986122886681098,1.470562052521849,2.0000000000000004,3.3516803267389075,1.351680326738907
log_cec_meq_100g,BPS-22,1.2237754316221157,1.4496536135006954,2.4,3.2616380855781744,0.8616380855781745
log_cec_meq_100g,BPS-25,0.8754687373538999,1.4207595221884677,1.3999999999999997,3.1402638686228115,1.7402638686228118
log_cec_meq_100g,BPS-5,0.9162907318741552,1.4206456883000191,1.5000000000000004,3.139792593111514,1.6397925931115136
log_cec_meq_100g,CK-20B,1.6094379124341005,1.3039333710380867,4.000000000000001,2.6837577947065427,-1.3162422052934581
log_cec_meq_100g,CK1-100B,1.252762968495368,1.3397919162709175,2.5,2.81824890722655,0.31824890722654997
log_cec_meq_100g,CK2-100A,1.8718021769015911,1.3397921620490794,5.499999999999998,2.818249845668863,-2.681750154331135
log_cec_meq_100g,CK2-100B,1.0986122886681098,1.335443005771483,2.0000000000000004,2.8016797394926325,0.801679739492632
log_cec_meq_100g,CM-2 1,2.6878474937846906,1.9871815064714005,13.7,6.294944007417959,-7.4050559925820405
log_cec_meq_100g,CM-4,2.128231705849268,1.971520028737587,7.3999999999999995,6.181584410754384,-1.2184155892456152
log_cec_meq_100g,CM-PA 3-10,2.6741486494265287,1.9719634671275343,13.5,6.184769707171923,-7.315230292828077
log_cec_meq_100g,CM-PA 30,2.6461747973841225,1.971520028737587,13.1,6.181584410754384,-6.918415589245615
log_cec_meq_100g,CM2 (OM),2.379546134130174,1.9866064214532864,9.8,6.290750000482176,-3.5092499995178246
log_cec_meq_100g,LC1-5,2.3978952727983707,1.5986295841465985,10.000000000000002,3.9462493591099848,-6.0537506408900175
log_cec_meq_100g,LGP (3-4),2.066862759472976,1.6085315345047997,6.900000000000002,3.995470163535507,-2.904529836464495
log_cec_meq_100g,LGP (BA 1-3),2.174751721484161,1.5985786284182313,7.800000000000002,3.9459973257925305,-3.854002674207471
log_cec_meq_100g,CR-0819,2.128231705849268,1.8939403424328598,7.3999999999999995,5.645502715043566,-1.7544972849564333
log_cec_meq_100g,CR-0821,1.8082887711792657,1.8939403424328598,5.1000000000000005,5.645502715043566,0.5455027150435656
log_cec_meq_100g,CR-0826,2.2082744135228043,1.8939403424328598,8.1,5.645502715043566,-2.4544972849564335
log_cec_meq_100g,CR-0828,2.0794415416798357,1.8939403424328598,6.999999999999998,5.645502715043566,-1.354497284956432
log_cec_meq_100g,CR-0833,1.9459101490553132,1.8939403424328598,5.999999999999999,5.645502715043566,-0.35449728495643296
log_cec_meq_100g,CS-CR2,2.7788192719904172,1.5448961003582977,15.099999999999998,3.6874845737524233,-11.412515426247575
log_cec_meq_100g,CS-CR5,2.302585092994046,1.764385017115282,9.000000000000002,4.837980995492383,-4.162019004507619
log_cec_meq_100g,CS-CR7,2.5877640352277083,1.7543047588191658,12.300000000000002,4.779428248340013,-7.52057175165999
log_cec_meq_100g,CS-CR9,2.186051276738094,1.7543796094350856,7.9,4.779860858294424,-3.120139141705576
log_cec_meq_100g,DS1(1-2),1.8082887711792657,1.7410078387013554,5.1000000000000005,4.703088320347103,-0.39691167965289775
log_cec_meq_100g,DS2(1-2),1.824549292051046,1.3174714733650106,5.200000000000001,2.7339679932057988,-2.4660320067942023
log_cec_meq_100g,DA-1,1.9740810260220096,0.9120742760308901,6.2,1.4894810523153073,-4.710518947684693
log_cec_meq_100g,DA-3,1.4816045409242156,0.9120742760308901,3.4000000000000004,1.4894810523153073,-1.910518947684693
log_cec_meq_100g,DA-4,1.5260563034950494,0.9120742760308901,3.6000000000000005,1.4894810523153073,-2.1105189476846933
log_cec_meq_100g,DA-5,1.7047480922384253,0.9120742760308901,4.5,1.4894810523153073,-3.0105189476846927
log_cec_meq_100g,DA-6,1.4350845252893227,0.9120742760308901,3.2000000000000006,1.4894810523153073,-1.7105189476846934
log_cec_meq_100g,GE-A1-3,1.33500106673234,1.401367100807493,2.8,3.060747625233994,0.2607476252339942
log_cec_meq_100g,GE-A2-2,1.0647107369924282,1.4013561817996436,1.8999999999999997,3.0607032861408694,1.1607032861408697
log_cec_meq_100g,GE-B1-3,1.4350845252893227,1.4095359826910894,3.2000000000000006,3.0940552507532697,-0.10594474924673092
log_cec_meq_100g,GE-C2-3,1.3609765531356006,1.3391355143954722,2.8999999999999995,2.815743423874875,-0.08425657612512438
log_cec_meq_100g,GE-C3-2,1.2809338454620642,1.3430606969765297,2.5999999999999996,2.8307503466843507,0.23075034668435102
log_cec_meq_100g,HS-1,1.5040773967762742,1.3424090591701394,3.5000000000000004,2.8282548980842384,-0.6717451019157621
log_cec_meq_100g,HS-2,1.5040773967762742,1.4108827683013825,3.5000000000000004,3.0995727800832933,-0.40042721991670716
log_cec_meq_100g,HS-3,1.6863989535702288,1.1545366105321302,4.4,2.172552949231219,-2.2274470507687814
log_cec_meq_100g,HS-4,1.3609765531356006,1.341211405361185,2.8999999999999995,2.8236727185040267,-0.07632728149597279
log_cec_meq_100g,HS-7,2.302585092994046,1.3183850114821665,9.000000000000002,2.737380673865426,-6.262619326134576
log_cec_meq_100g,HC-BA1,1.33500106673234,1.5344927204989778,2.8,3.6389716777360106,0.8389716777360108
log_cec_meq_100g,HC-BA2,1.1314021114911006,1.531846339470419,2.1,3.6267114209067874,1.5267114209067874
log_cec_meq_100g,HC-Z5-1,1.2809338454620642,1.530147739783518,2.5999999999999996,3.6188591611468106,1.018859161146811
log_cec_meq_100g,HC-ZS2,1.3609765531356006,1.5059961822870946,2.8999999999999995,3.508642824009716,0.6086428240097166
log_cec_meq_100g,HVY-4A,1.4350845252893227,1.2647167435484796,3.2000000000000006,2.5420892743583607,-0.6579107256416399
log_cec_meq_100g,HVY-5A,1.7227665977411035,1.2647167435484796,4.6,2.5420892743583607,-2.057910725641639
log_cec_meq_100g,HVY-9054A,1.6863989535702288,1.2388389202508592,4.4,2.451603550313595,-1.9483964496864052
log_cec_meq_100g,HVY-9062A,1.667706820558076,1.2845609052571658,4.3,2.613081123930915,-1.6869188760690847
log_cec_meq_100g,HVY-9130A,1.7749523509116738,1.1973372275354712,4.9,2.3112879667827744,-2.588712033217226
log_cec_meq_100g,HD-10,1.1939224684724346,0.9679547913379072,2.3,1.6325548258370208,-0.667445174162979
log_cec_meq_100g,HD-14,1.6094379124341005,0.9790433955311026,4.000000000000001,1.6619086299040053,-2.3380913700959955
log_cec_meq_100g,HD-6,0.6931471805599453,1.015959522918141,1.0,1.7620123404531025,0.7620123404531025
log_cec_meq_100g,HG-3,0.7884573603642702,1.1178264945662257,1.2,2.0581999601648406,0.8581999601648407
log_cec_meq_100g,HG-54,0.7419373447293773,0.965227914620061,1.1,1.6253859521336154,0.5253859521336153
log_cec_meq_100g,HG-6,1.0986122886681098,1.408838476190264,2.0000000000000004,3.0912006162799175,1.091200616279917
log_cec_meq_100g,HG-8,0.6931471805599453,1.198102818720614,1.0,2.3138240303316895,1.3138240303316895
log_cec_meq_100g,HG-9,0.5306282510621704,0.9070007113493788,0.7,1.4768824959931885,0.7768824959931886
log_cec_meq_100g,HM-2,0.6931471805599453,1.6266251959133866,1.0,4.086679173397485,3.086679173397485
log_cec_meq_100g,HM-3,0.4700036292457355,1.6266225091681386,0.6,4.086665506804747,3.4866655068047465
log_cec_meq_100g,HM-5,1.4350845252893227,1.6238117642262317,3.2000000000000006,4.072388261707071,0.8723882617070706
log_cec_meq_100g,HM-6,1.0986122886681098,1.6263823725864708,2.0000000000000004,4.085444158988869,2.0854441589888686
log_cec_meq_100g,LI-10,2.0918640616783932,1.7476752509942306,7.100000000000001,4.741240207367004,-2.3587597926329975
log_cec_meq_100g,LI-11,1.3609765531356006,1.8310739949944799,2.8999999999999995,5.240585418165391,2.340585418165391
log_cec_meq_100g,LI-12,1.410986973710262,1.8310739949944799,3.0999999999999996,5.240585418165391,2.140585418165391
log_cec_meq_100g,LI-13,1.33500106673234,1.8310739949944799,2.8,5.240585418165391,2.4405854181653908
log_cec_meq_100g,LI-14,1.7578579175523736,1.8310739949944799,4.8,5.240585418165391,0.44058541816539076
log_cec_meq_100g,LI-15,1.4816045409242156,1.8310739949944799,3.4000000000000004,5.240585418165391,1.8405854181653902
log_cec_meq_100g,LI-4,1.547562508716013,1.7501485661299814,3.7,4.755457678565524,1.0554576785655234
log_cec_meq_100g,LI-5,1.308332819650179,1.7501485661299814,2.7000000000000006,4.755457678565524,2.055457678565523
log_cec_meq_100g,LI-6,1.252762968495368,1.7501485661299814,2.5,4.755457678565524,2.2554576785655236
log_cec_meq_100g,LI-9,2.0794415416798357,1.7476752509942306,6.999999999999998,4.741240207367004,-2.2587597926329943
log_cec_meq_100g,LGP-BA LV8,1.1631508098056809,1.4201272104443785,2.2,3.137646758656934,0.9376467586569337
log_cec_meq_100g,LV-14,0.7884573603642702,1.3809763511922164,1.2,2.9787844226150746,1.7787844226150746
log_cec_meq_100g,LV-18,0.832909122935104,1.3809763511922164,1.3,2.9787844226150746,1.6787844226150745
log_cec_meq_100g,MD-BJA1,1.410986973710262,2.186977699348986,3.0999999999999996,7.908248981668525,4.808248981668525
log_cec_meq_100g,MD-UN11,2.379546134130174,2.2286400871473586,9.8,8.287227667591388,-1.5127723324086126
log_cec_meq_100g,MD-UN6,1.840549633397487,2.1841081878964417,5.299999999999999,7.8827232998267736,2.5827232998267746
log_cec_meq_100g,ME-A1-1,1.3862943611198906,1.3336397411281118,3.0,2.7948304822007524,-0.20516951779924764
log_cec_meq_100g,ME-A2-3,1.410986973710262,1.3336397411281118,3.0999999999999996,2.7948304822007524,-0.3051695177992473
log_cec_meq_100g,ME-B1-2,1.1314021114911006,1.331708222530242,2.1,2.7875077708018536,0.6875077708018535
log_cec_meq_100g,ME-c2-3,1.252762968495368,1.3319675017681423,2.5,2.788489920250187,0.28848992025018694
log_cec_meq_100g,ME-C3-1,1.3609765531356006,1.3319675017681423,2.8999999999999995,2.788489920250187,-0.11151007974981253
log_cec_meq_100g,HK-1,0.6931471805599453,1.3821072005659787,1.0,2.9832863735221404,1.9832863735221404
log_cec_meq_100g,HK-2,0.6931471805599453,1.3820871226039686,1.0,2.9832063980525327,1.9832063980525327
log_cec_meq_100g,HK-3,1.3862943611198906,1.3825138076097407,3.0,2.9849063351405194,-0.015093664859480604
log_cec_meq_100g,HK-4,0.4700036292457355,1.3827932402954373,0.6,2.986020003810464,2.3860200038104638
log_cec_meq_100g,HK-5,0.5306282510621704,1.378213006982614,0.7,2.9678048488770745,2.2678048488770743
log_cec_meq_100g,MK-A6,2.302585092994046,1.364955732869904,9.000000000000002,2.9155497180074867,-6.084450281992515
log_cec_meq_100g,MK-KYBjA6,2.388762789235098,1.420955609397954,9.9,3.141075801013524,-6.758924198986477
log_cec_meq_100g,MK-UN8,2.7343675094195836,1.364955732869904,14.400000000000002,2.9155497180074867,-11.484450281992515
log_cec_meq_100g,MFP-A1,0.9555114450274363,1.2889513030996882,1.5999999999999999,2.6289788606602813,1.0289788606602814
log_cec_meq_100g,MFP-A2,1.1939224684724346,1.2889513030996882,2.3,2.6289788606602813,0.3289788606602815
log_cec_meq_100g,MFP-AAA,1.0296194171811583,1.2271220990424159,1.8000000000000003,2.4113977307981305,0.6113977307981302
log_cec_meq_100g,MFP-d,1.0296194171811583,1.2894576072663213,1.8000000000000003,2.6308166929898804,0.8308166929898801
log_cec_meq_100g,MS-11,0.9932517730102832,1.192970928093478,1.6999999999999995,2.296861410233705,0.5968614102337055
log_cec_meq_100g,MS-12,0.9162907318741552,1.192970928093478,1.5000000000000004,2.296861410233705,0.7968614102337046
log_cec_meq_100g,MS-5,1.791759469228055,1.192970928093478,5.0,2.296861410233705,-2.703138589766295
log_cec_meq_100g,MS-7,1.824549292051046,1.192970928093478,5.200000000000001,2.296861410233705,-2.903138589766296
log_cec_meq_100g,ON-10,0.9162907318741552,1.2773014884142069,1.5000000000000004,2.586947235130478,1.0869472351304776
log_cec_meq_100g,OR-4,1.0986122886681098,1.2905869556991847,2.0000000000000004,2.634919466426432,0.6349194664264317
log_cec_meq_100g,OR-8,0.7884573603642702,1.2797986034025997,1.2,2.595915447502494,1.395915447502494
log_cec_meq_100g,AV1-1,1.4586150226995167,1.119303381225106,3.3,2.062719911792751,-1.2372800882072488
log_cec_meq_100g,AV1-8,2.104134154270207,1.1576906620251002,7.199999999999997,2.182575141544152,-5.017424858455845
log_cec_meq_100g,AV2-1,1.7749523509116738,1.1493505494967777,4.9,2.1561424856118414,-2.743857514388159
log_cec_meq_100g,AV3-1,1.7047480922384253,1.1122473973174802,4.5,2.041185472056055,-2.458814527943945
log_cec_meq_100g,AV3-7,1.5686159179138452,1.176554245848426,3.8,2.243179727250947,-1.5568202727490528
log_cec_meq_100g,BP1-1,1.9021075263969205,1.15303402785925,5.700000000000001,2.167789505770936,-3.532210494229065
log_cec_meq_100g,BP1-8,2.104134154270207,1.1827807408225726,7.199999999999997,2.263436368014378,-4.936563631985619
log_cec_meq_100g,BP2-1,1.33500106673234,1.1653528915226803,2.8,2.2070544258548255,-0.5929455741451743
log_cec_meq_100g,BP3-1,1.8870696490323795,1.158137352031885,5.599999999999998,2.1839970836157345,-3.4160029163842633
log_cec_meq_100g,BP3-8,2.151762203259462,1.1762231551659985,7.599999999999999,2.2421061184025675,-5.357893881597431
log_cec_meq_100g,HV1-8,1.7578579175523736,1.2523619410882874,4.8,2.4985966854778168,-2.301403314522183
log_cec_meq_100g,HV2-5,2.0149030205422647,1.146794963424734,6.499999999999999,2.148086989475308,-4.351913010524691
log_cec_meq_100g,HV3-1,2.066862759472976,1.159460474726542,6.900000000000002,2.188212690684475,-4.711787309315527
log_cec_meq_100g,HV3-9,1.7227665977411035,1.2498711715192201,4.6,2.4898933308442097,-2.11010666915579
log_cec_meq_100g,KR-1,2.151762203259462,1.1253589238977426,7.599999999999999,2.081322610785646,-5.518677389214353
log_cec_meq_100g,KR-2,2.33214389523559,1.1066729991733502,9.299999999999999,2.0242798564976163,-7.275720143502383
log_cec_meq_100g,KR-4,2.028148247292285,1.032640124295998,6.599999999999998,1.8084707673340485,-4.791529232665949
log_cec_meq_100g,MF1-1,1.4816045409242156,1.4027162131390651,3.4000000000000004,3.0662297270847048,-0.3337702729152956
log_cec_meq_100g,MF1-6,1.2237754316221157,1.3425448465788068,2.4,2.8287747621912684,0.42877476219126853
log_cec_meq_100g,MF2-1,1.3862943611198906,1.3312045246050948,3.0,2.78560049138289,-0.21439950861711
log_cec_meq_100g,MF3-1,1.5040773967762742,1.3426778707032037,3.5000000000000004,2.829284115478908,-0.6707158845210923
log_cec_meq_100g,MFX-2,1.5260563034950494,1.335444553162231,3.6000000000000005,2.80168562218124,-0.7983143778187607
log_cec_meq_100g,MSP1-1,0.4054651081081644,1.0913594538875795,0.5,1.9783202106596767,1.4783202106596767
log_cec_meq_100g,MSP1-4,0.5306282510621704,1.1635415227208346,0.7,2.201250525610837,1.501250525610837
log_cec_meq_100g,MSP2-1,0.6931471805599453,1.0501648478635353,1.0,1.858122234574914,0.858122234574914
log_cec_meq_100g,MSP3-1,0.5306282510621704,1.0572997348199853,0.7,1.8785875356128523,1.1785875356128523
log_cec_meq_100g,MSP3-4,0.5877866649021191,1.1224450069504828,0.8,2.072356961532631,1.272356961532631
log_cec_meq_100g,MW2-1,1.62924053973028,1.3280216704313212,4.1,2.773570631858718,-1.3264293681412815
log_cec_meq_100g,NP1-1,1.3609765531356006,1.3814624820527277,2.8999999999999995,2.980719102725982,0.0807191027259826
log_cec_meq_100g,NP2-1,1.0986122886681098,1.3277481700127576,2.0000000000000004,2.772538699834778,0.7725386998347776
log_cec_meq_100g,NP3-1,0.8754687373538999,1.4014847564405608,1.3999999999999997,3.061225423173828,1.6612254231738282
log_cec_meq_100g,NP3-4,0.7419373447293773,1.3782915705115768,1.1,2.968116585873657,1.8681165858736568
log_cec_meq_100g,NP4-5,0.4700036292457355,1.211880816840075,0.6,2.3597978781058706,1.7597978781058705
log_cec_meq_100g,RM1-1,1.9600947840472696,1.5088765885618873,6.099999999999999,3.5216482685809694,-2.5783517314190294
log_cec_meq_100g,RM1-8,1.9459101490553132,1.5027273809566386,5.999999999999999,3.4939290276880217,-2.5060709723119774
log_cec_meq_100g,RM2-1,1.9315214116032136,1.4982595078361889,5.899999999999999,3.473895509913355,-2.4261044900866438
log_cec_meq_100g,RM3-1,1.7578579175523736,1.5016832701856568,4.8,3.4892393167011098,-1.31076068329889
log_cec_meq_100g,RM3-8,2.379546134130174,1.4847474685573416,9.8,3.4138506359576257,-6.3861493640423745
log_cec_meq_100g,SH1-1,2.4159137783010487,1.2496784565328998,10.199999999999998,2.489220840900223,-7.710779159099774
log_cec_meq_100g,SH1-6,2.0541237336955462,1.3217358652273556,6.800000000000002,2.7499250954169887,-4.050074904583013
log_cec_meq_100g,SH2-1,2.1400661634962708,1.2452045601961912,7.5,2.4736452962279514,-5.026354703772048
log_cec_meq_100g,SH3-2,2.2823823856765264,1.2426684764456515,8.800000000000002,2.464847002158041,-6.335152997841961
log_cec_meq_100g,SH3-8,2.0149030205422647,1.3228368829930142,6.499999999999999,2.754056103306155,-3.745943896693844
log_cec_meq_100g,TGV1-1,2.104134154270207,1.186863968823057,7.199999999999997,2.276788965067097,-4.9232110349328995
log_cec_meq_100g,TGV1-8,1.547562508716013,1.1880305168646275,3.7,2.2806137272676246,-1.4193862727323756
log_cec_meq_100g,TGV2-1,1.2237754316221157,1.1828898150301703,2.4,2.26379234416382,-0.13620765583617978
log_cec_meq_100g,TGV3-1,1.5686159179138452,1.355026757301175,3.8,2.876864689681481,-0.9231353103185187
log_cec_meq_100g,TGV3-9,1.4350845252893227,1.148915359082137,3.2000000000000006,2.1547692614835245,-1.045230738516476
log_cec_meq_100g,TN1-1,2.388762789235098,1.272613610558764,9.9,2.570171416834199,-7.329828583165801
log_cec_meq_100g,TN1-8,2.2823823856765264,1.3331665799540633,8.800000000000002,2.793035340483652,-6.006964659516351
log_cec_meq_100g,TN2-1,2.33214389523559,1.2696242232228543,9.299999999999999,2.5595147280350248,-6.740485271964975
log_cec_meq_100g,TN3-1,2.580216829592325,1.284513223519025,12.2,2.6129088500500743,-9.587091149949925
log_cec_meq_100g,TN3-5,2.3978952727983707,1.487158268745126,10.000000000000002,3.4245043847695347,-6.5754956152304675
log_cec_meq_100g,CB-CMBjA1,1.3609765531356006,1.4077667293653697,2.8999999999999995,3.0868182338311336,0.18681823383113416
log_cec_meq_100g,CB-iH5,1.252762968495368,1.4376120588218582,2.5,3.210629067840759,0.7106290678407592
log_cec_meq_100g,VV-0,0.6931471805599453,1.5140903450127663,1.0,3.5452846049177227,2.5452846049177227
log_cec_meq_100g,VV-d,0.6418538861723948,1.5140903450127663,0.9,3.5452846049177227,2.6452846049177228
log_cec_meq_100g,VV-J,0.6418538861723948,1.5140903450127663,0.9,3.5452846049177227,2.6452846049177228
log_cec_meq_100g,VV-L,0.7419373447293773,1.5140903450127663,1.1,3.5452846049177227,2.4452846049177226
log_cec_meq_100g,WV-BA 1,0.9932517730102832,1.73268051229602,1.6999999999999995,4.655794033167386,2.955794033167387
log_cec_meq_100g,WV-UNN 1,1.2809338454620642,1.2266459397176184,2.5999999999999996,2.409773748625829,-0.19022625137417082
log_cec_meq_100g,WV-UNN 3,1.2237754316221157,1.2266459397176184,2.4,2.409773748625829,0.009773748625828915
log_cec_meq_100g,WV-UNN-2,1.2237754316221157,1.2266459397176184,2.4,2.409773748625829,0.009773748625828915
log_cec_meq_100g,WV-ZS 2,0.9162907318741552,1.7493768644303265,1.5000000000000004,4.75101789540712,3.2510178954071196
log_digest_mg_kg_hg1849,BS-607,1.252762968495368,2.895057495377789,2.5,17.084541188894917,14.584541188894917
log_digest_mg_kg_hg1849,BS-610,1.252762968495368,2.75756118685153,2.5,14.761357032588581,12.261357032588581
log_digest_mg_kg_hg1849,BS-618,1.252762968495368,2.8964339017826606,2.5,17.10945000561144,14.60945000561144
log_digest_mg_kg_hg1849,BPS-1,1.252762968495368,1.829979887393658,2.5,5.233761280077221,2.7337612800772213
log_digest_mg_kg_hg1849,BPS-18,4.776852007677701,2.31906775824179,117.73000000000002,9.166192537904077,-108.56380746209594
log_digest_mg_kg_hg1849,BPS-22,3.710151589389476,2.367208544870615,39.86000000000001,9.667572633020965,-30.19242736697904
log_digest_mg_kg_hg1849,BPS-25,3.1445832202863455,2.0534881321965943,22.209999999999997,6.795043883532556,-15.41495611646744
log_digest_mg_kg_hg1849,BPS-5,2.6864860231863696,2.054036528443671,13.680000000000001,6.7993198286930605,-6.880680171306941
log_digest_mg_kg_hg1849,CK-20B,1.252762968495368,2.049840663906546,2.5,6.766663497890618,4.266663497890618
log_digest_mg_kg_hg1849,CK1-100B,1.252762968495368,2.2493095569056667,2.5,8.481187355606256,5.981187355606256
log_digest_mg_kg_hg1849,CK2-100A,1.252762968495368,2.249309152565092,2.5,8.481183521978284,5.981183521978284
log_digest_mg_kg_hg1849,CK2-100B,4.082946517269732,2.184386648407707,58.32000000000002,7.885197131914561,-50.43480286808546
log_digest_mg_kg_hg1849,CM-2 1,2.583997552432231,2.481610525555029,12.25,10.960511624252025,-1.2894883757479754
log_digest_mg_kg_hg1849,CM-4,2.199444334074532,2.5496390678082017,8.02,11.802482120727626,3.782482120727627
log_digest_mg_kg_hg1849,CM-PA 3-10,1.252762968495368,2.5504503013559714,2.5,11.812872137513965,9.312872137513965
log_digest_mg_kg_hg1849,CM-PA 30,1.252762968495368,2.5496390678082017,2.5,11.802482120727626,9.302482120727626
log_digest_mg_kg_hg1849,CM2 (OM),3.11529150861163,2.482815756428126,21.54,10.974935492419233,-10.565064507580766
log_digest_mg_kg_hg1849,LC1-5,1.252762968495368,3.4846288595742947,2.5,31.610321854888028,29.110321854888028
log_digest_mg_kg_hg1849,LGP (3-4),3.258096538021482,3.5046431362089643,25.000000000000004,32.269569029152684,7.269569029152681
log_digest_mg_kg_hg1849,LGP (BA 1-3),3.258096538021482,3.4845308035093434,25.000000000000004,31.60712437181901,6.607124371819005
log_digest_mg_kg_hg1849,CR-0819,5.4680601411351315,3.377169333297282,236.00000000000009,28.287749807723753,-207.71225019227634
log_digest_mg_kg_hg1849,CR-0821,5.028475212224587,3.377169333297282,151.7,28.287749807723753,-123.41225019227623
log_digest_mg_kg_hg1849,CR-0826,4.613138355637268,3.377169333297282,99.8,28.287749807723753,-71.51225019227624
log_digest_mg_kg_hg1849,CR-0828,4.282620578207235,3.377169333297282,71.42999999999999,28.287749807723753,-43.14225019227624
log_digest_mg_kg_hg1849,CR-0833,3.258096538021482,3.377169333297282,25.000000000000004,28.287749807723753,3.287749807723749
log_digest_mg_kg_hg1849,CS-CR2,3.258096538021482,3.611346975474969,25.000000000000004,36.01587873098058,11.015878730980578
log_digest_mg_kg_hg1849,CS-CR5,4.881740753685154,4.037279160700404,130.86000000000007,55.67193760982846,-75.18806239017161
log_digest_mg_kg_hg1849,CS-CR7,3.778948651202804,3.993817113189837,42.769999999999996,53.26161729544052,10.491617295440527
log_digest_mg_kg_hg1849,CS-CR9,3.224857896545748,3.9939605634994213,24.149999999999995,53.26940169956434,29.119401699564346
log_digest_mg_kg_hg1849,DS1(1-2),2.131796772013764,2.5854450835808995,7.43,12.269193676090405,4.839193676090405
log_digest_mg_kg_hg1849,DS2(1-2),1.252762968495368,2.709116496356161,2.5,14.016002959232742,11.516002959232742
log_digest_mg_kg_hg1849,DA-1,1.252762968495368,1.954674712901489,2.5,6.061621595659982,3.5616215956599824
log_digest_mg_kg_hg1849,DA-3,4.771277668919018,1.954674712901489,117.07000000000001,6.061621595659982,-111.00837840434002
log_digest_mg_kg_hg1849,DA-4,3.6828613817883737,1.954674712901489,38.76000000000002,6.061621595659982,-32.69837840434003
log_digest_mg_kg_hg1849,DA-5,3.0878555624297968,1.954674712901489,20.93,6.061621595659982,-14.868378404340017
log_digest_mg_kg_hg1849,DA-6,2.498151876538021,1.954674712901489,11.159999999999998,6.061621595659982,-5.098378404340016
log_digest_mg_kg_hg1849,GE-A1-3,1.252762968495368,1.9268637435317328,2.5,5.867936818100609,3.367936818100609
log_digest_mg_kg_hg1849,GE-A2-2,4.00587758089977,1.926896614317707,53.91999999999998,5.868162576292246,-48.05183742370774
log_digest_mg_kg_hg1849,GE-B1-3,3.01651481273652,1.9418247888760378,19.420000000000005,5.971460814863962,-13.448539185136044
log_digest_mg_kg_hg1849,GE-C2-3,2.437115985951652,1.6664263902372614,10.44,4.293218062125709,-6.146781937874291
log_digest_mg_kg_hg1849,GE-C3-2,1.8718021769015911,1.7018449401496825,5.499999999999998,4.48405581890176,-1.015944181098238
log_digest_mg_kg_hg1849,HS-1,1.252762968495368,2.37783647633905,2.5,9.781551470685443,7.281551470685443
log_digest_mg_kg_hg1849,HS-2,1.252762968495368,2.2325459300048247,2.5,8.32357305291845,5.82357305291845
log_digest_mg_kg_hg1849,HS-3,1.252762968495368,2.1190879357424537,2.5,7.323542419082275,4.823542419082275
log_digest_mg_kg_hg1849,HS-4,4.397653890559581,2.356595037571824,80.26,9.554950985559909,-70.70504901444009
log_digest_mg_kg_hg1849,HS-7,3.561897992353146,1.95427289798334,34.22999999999999,6.05878470074804,-28.171215299251948
log_digest_mg_kg_hg1849,HC-BA1,2.437115985951652,2.5746872788214006,10.44,12.127211359530255,1.6872113595302558
log_digest_mg_kg_hg1849,HC-BA2,1.252762968495368,2.584897677093107,2.5,12.261932021104196,9.761932021104196
log_digest_mg_kg_hg1849,HC-Z5-1,1.252762968495368,2.3381950306309207,2.5,9.362515649143337,6.862515649143337
log_digest_mg_kg_hg1849,HC-ZS2,1.252762968495368,2.455100589900692,2.5,10.647605121396762,8.147605121396762
log_digest_mg_kg_hg1849,HVY-4A,3.1166215908294443,2.1579512698976284,21.57,7.65339102296126,-13.916608977038742
log_digest_mg_kg_hg1849,HVY-5A,2.5217206229107165,2.1579512698976284,11.45,7.65339102296126,-3.7966089770387397
log_digest_mg_kg_hg1849,HVY-9054A,2.0082140323914683,2.3069348254361186,6.450000000000001,9.043592062594415,2.593592062594414
log_digest_mg_kg_hg1849,HVY-9062A,1.252762968495368,2.236086090449639,2.5,8.356638491390052,5.856638491390052
log_digest_mg_kg_hg1849,HVY-9130A,1.252762968495368,2.3346437489770993,2.5,9.325780704106476,6.825780704106476
log_digest_mg_kg_hg1849,HD-10,1.252762968495368,2.4244921587318817,2.5,10.29649113795009,7.79649113795009
log_digest_mg_kg_hg1849,HD-14,1.252762968495368,2.431332280071732,2.5,10.374025377550659,7.874025377550659
log_digest_mg_kg_hg1849,HD-6,1.252762968495368,2.401005954687737,2.5,10.034270775889336,7.534270775889336
log_digest_mg_kg_hg1849,HG-3,2.869601996409779,2.4998017323876494,16.630000000000003,11.180078806144785,-5.449921193855218
log_digest_mg_kg_hg1849,HG-54,1.252762968495368,2.6821777348043216,2.5,13.616890371407989,11.116890371407989
log_digest_mg_kg_hg1849,HG-6,2.5006159434931803,2.019504908464949,11.190000000000001,6.534593696526978,-4.655406303473023
log_digest_mg_kg_hg1849,HG-8,2.0541237336955462,2.343683646215135,6.800000000000002,9.419547884861641,2.61954788486164
log_digest_mg_kg_hg1849,HG-9,1.252762968495368,2.646821413014356,2.5,13.109120228709738,10.609120228709738
log_digest_mg_kg_hg1849,HM-2,3.0145540277945786,2.4004075286227273,19.379999999999995,10.027669556016686,-9.352330443983309
log_digest_mg_kg_hg1849,HM-3,2.4159137783010487,2.400407052907562,10.199999999999998,10.027664309988285,-0.17233569001171212
log_digest_mg_kg_hg1849,HM-5,1.937301774518713,2.360821930589526,5.9399999999999995,9.59966005784904,3.65966005784904
log_digest_mg_kg_hg1849,HM-6,1.252762968495368,2.38037334635661,2.5,9.808937588176967,7.308937588176967
log_digest_mg_kg_hg1849,LI-10,1.252762968495368,3.4775694234974495,2.5,31.38092204165658,28.88092204165658
log_digest_mg_kg_hg1849,LI-11,1.252762968495368,3.1764682291875563,2.5,22.961975725783816,20.461975725783816
log_digest_mg_kg_hg1849,LI-12,1.252762968495368,3.1764682291875563,2.5,22.961975725783816,20.461975725783816
log_digest_mg_kg_hg1849,LI-13,1.252762968495368,3.1764682291875563,2.5,22.961975725783816,20.461975725783816
log_digest_mg_kg_hg1849,LI-14,1.252762968495368,3.1764682291875563,2.5,22.961975725783816,20.461975725783816
log_digest_mg_kg_hg1849,LI-15,1.252762968495368,3.1764682291875563,2.5,22.961975725783816,20.461975725783816
log_digest_mg_kg_hg1849,LI-4,1.252762968495368,3.542540730601692,2.5,33.554601688826395,31.054601688826395
log_digest_mg_kg_hg1849,LI-5,1.252762968495368,3.542540730601692,2.5,33.554601688826395,31.054601688826395
log_digest_mg_kg_hg1849,LI-6,1.252762968495368,3.542540730601692,2.5,33.554601688826395,31.054601688826395
log_digest_mg_kg_hg1849,LI-9,1.252762968495368,3.4775694234974495,2.5,31.38092204165658,28.88092204165658
log_digest_mg_kg_hg1849,LGP-BA LV8,3.258096538021482,1.9602233412258294,25.000000000000004,6.100912814640954,-18.89908718535905
log_digest_mg_kg_hg1849,LV-14,1.252762968495368,2.0152906039526526,2.5,6.5029074389790695,4.0029074389790695
log_digest_mg_kg_hg1849,LV-18,6.680114128615478,2.0152906039526526,795.4099999999997,6.5029074389790695,-788.9070925610207
log_digest_mg_kg_hg1849,MD-BJA1,1.252762968495368,2.687902228886165,2.5,13.70080462801217,11.20080462801217
log_digest_mg_kg_hg1849,MD-UN11,1.252762968495368,2.5421275923199795,2.5,11.706676859985285,9.206676859985285
log_digest_mg_kg_hg1849,MD-UN6,1.252762968495368,2.6910686551227827,2.5,13.74742741634147,11.24742741634147
log_digest_mg_kg_hg1849,ME-A1-1,1.252762968495368,2.2884043237993397,2.5,8.859193043145153,6.359193043145153
log_digest_mg_kg_hg1849,ME-A2-3,1.252762968495368,2.2884043237993397,2.5,8.859193043145153,6.359193043145153
log_digest_mg_kg_hg1849,ME-B1-2,1.252762968495368,2.2829771673867345,2.5,8.805830594553653,6.305830594553653
log_digest_mg_kg_hg1849,ME-c2-3,1.252762968495368,2.2743463385945106,2.5,8.721562325132604,6.221562325132604
log_digest_mg_kg_hg1849,ME-C3-1,1.252762968495368,2.2743463385945106,2.5,8.721562325132604,6.221562325132604
log_digest_mg_kg_hg1849,HK-1,1.252762968495368,2.0162414386169276,2.5,6.510044856169,4.010044856169
log_digest_mg_kg_hg1849,HK-2,4.640633850263661,2.01627448879157,102.61000000000001,6.510293068564778,-96.09970693143524
log_digest_mg_kg_hg1849,HK-3,3.6826098411003407,2.0155559772854548,38.74999999999999,6.504898774743876,-32.245101225256114
log_digest_mg_kg_hg1849,HK-4,3.1557230098629323,1.9507760136049979,22.470000000000002,6.034144054652342,-16.43585594534766
log_digest_mg_kg_hg1849,HK-5,2.5915163848462583,2.0732423829232016,12.349999999999998,6.950560131074418,-5.39943986892558
log_digest_mg_kg_hg1849,MK-A6,1.252762968495368,1.9803945427186929,2.5,6.245601120460331,3.7456011204603312
log_digest_mg_kg_hg1849,MK-KYBjA6,1.252762968495368,1.8415598762334335,2.5,5.306367745809684,2.806367745809684
log_digest_mg_kg_hg1849,MK-UN8,4.102973888920155,1.9803945427186929,59.519999999999975,6.245601120460331,-53.274398879539646
log_digest_mg_kg_hg1849,MFP-A1,1.252762968495368,2.369959209669475,2.5,9.696955942843339,7.1969559428433385
log_digest_mg_kg_hg1849,MFP-A2,1.252762968495368,2.369959209669475,2.5,9.696955942843339,7.1969559428433385
log_digest_mg_kg_hg1849,MFP-AAA,1.252762968495368,2.287208928300014,2.5,8.847414449595856,6.347414449595856
log_digest_mg_kg_hg1849,MFP-d,1.252762968495368,2.3709758016971962,2.5,9.707835912283818,7.207835912283818
log_digest_mg_kg_hg1849,MS-11,1.252762968495368,2.183032129120715,2.5,7.873170108287243,5.373170108287243
log_digest_mg_kg_hg1849,MS-12,1.252762968495368,2.183032129120715,2.5,7.873170108287243,5.373170108287243
log_digest_mg_kg_hg1849,MS-5,1.252762968495368,2.183032129120715,2.5,7.873170108287243,5.373170108287243
log_digest_mg_kg_hg1849,MS-7,1.252762968495368,2.183032129120715,2.5,7.873170108287243,5.373170108287243
log_digest_mg_kg_hg1849,ON-10,1.252762968495368,2.3834681853967394,2.5,9.842441327806231,7.342441327806231
log_digest_mg_kg_hg1849,OR-4,1.252762968495368,2.614597351994964,2.5,12.661714408237719,10.161714408237719
log_digest_mg_kg_hg1849,OR-8,1.252762968495368,2.4414558905402264,2.5,10.489756399410505,7.9897563994105045
log_digest_mg_kg_hg1849,AV1-1,3.8792931808052273,2.1712424856943993,47.39000000000001,7.769172846560852,-39.62082715343916
log_digest_mg_kg_hg1849,AV1-8,3.460723360976182,2.209114382594074,30.839999999999993,8.107646929691164,-22.73235307030883
log_digest_mg_kg_hg1849,AV2-1,3.0717669598299886,2.197926976734225,20.58,8.006323815244064,-12.573676184755934
log_digest_mg_kg_hg1849,AV3-1,2.738902664584975,2.257577708757269,14.470000000000004,8.559904225473996,-5.910095774526008
log_digest_mg_kg_hg1849,AV3-7,2.3589654264301534,2.1722719371732264,9.58,7.778204932765424,-1.8017950672345764
log_digest_mg_kg_hg1849,BP1-1,1.9960599327407849,2.1945323216744366,6.36,7.975802286874938,1.6158022868749375
log_digest_mg_kg_hg1849,BP1-8,1.252762968495368,2.1588740162930806,2.5,7.661379593481632,5.161379593481632
log_digest_mg_kg_hg1849,BP2-1,1.252762968495368,2.210130541179538,2.5,8.116906447084427,5.6169064470844265
log_digest_mg_kg_hg1849,BP3-1,1.252762968495368,2.2055081685320124,2.5,8.074861955608405,5.574861955608405
log_digest_mg_kg_hg1849,BP3-8,1.252762968495368,2.1908192034089624,2.5,7.942535870745952,5.442535870745952
log_digest_mg_kg_hg1849,HV1-8,1.252762968495368,2.0302048752007757,2.5,6.615646456058618,4.115646456058618
log_digest_mg_kg_hg1849,HV2-5,4.80582269946677,2.274940530823638,121.22000000000006,8.727340518429946,-112.49265948157012
log_digest_mg_kg_hg1849,HV3-1,3.8548175316573663,2.2062565731689765,46.21999999999997,8.081656166468123,-38.13834383353185
log_digest_mg_kg_hg1849,HV3-9,3.317815772723105,2.1233667702561596,26.60000000000002,7.3592337839288415,-19.24076621607118
log_digest_mg_kg_hg1849,KR-1,2.8791984572980396,2.0752610587333757,16.8,6.966625944867438,-9.833374055132563
log_digest_mg_kg_hg1849,KR-2,2.519308076505333,2.0474116891399388,11.420000000000002,6.747821361034921,-4.672178638965081
log_digest_mg_kg_hg1849,KR-4,2.2407096892759584,2.041575610072224,8.400000000000002,6.702736151359718,-1.6972638486402838
log_digest_mg_kg_hg1849,MF1-1,1.9154509415706047,2.4645376508958177,5.789999999999999,10.758044573671928,4.9680445736719285
log_digest_mg_kg_hg1849,MF1-6,1.252762968495368,2.384749170213193,2.5,9.856339230120916,7.356339230120916
log_digest_mg_kg_hg1849,MF2-1,1.252762968495368,2.3621503654268663,2.5,9.613750372494128,7.113750372494128
log_digest_mg_kg_hg1849,MF3-1,1.252762968495368,2.3733586482354037,2.5,9.733381465498406,7.233381465498406
log_digest_mg_kg_hg1849,MFX-2,1.252762968495368,2.3309416916018995,2.5,9.287624742853032,6.787624742853032
log_digest_mg_kg_hg1849,MSP1-1,1.252762968495368,2.0357589998231247,2.5,6.658062388203643,4.158062388203643
log_digest_mg_kg_hg1849,MSP1-4,4.717426868333759,1.9924518465874315,110.88000000000002,6.333492335636715,-104.5465076643633
log_digest_mg_kg_hg1849,MSP2-1,3.7218305542536223,2.134156225892279,40.34,7.449913679661914,-32.89008632033809
log_digest_mg_kg_hg1849,MSP3-1,3.1675825304806504,2.122830124998594,22.750000000000004,7.35474904422659,-15.395250955773413
log_digest_mg_kg_hg1849,MSP3-4,2.7517480563679295,1.9603052274474881,14.670000000000002,6.101494305369387,-8.568505694630614
log_digest_mg_kg_hg1849,MW2-1,2.3243465847755584,2.396093790604314,9.22,9.980201534511295,0.7602015345112942
log_digest_mg_kg_hg1849,NP1-1,1.252762968495368,2.4757128901340124,2.5,10.890180484808242,8.390180484808242
log_digest_mg_kg_hg1849,NP2-1,1.252762968495368,2.3640218651628047,2.5,9.63363260250453,7.13363260250453
log_digest_mg_kg_hg1849,NP3-1,1.252762968495368,2.454076100230285,2.5,10.635678380719394,8.135678380719394
log_digest_mg_kg_hg1849,NP3-4,1.252762968495368,2.5248315272694217,2.5,11.488791065629348,8.988791065629348
log_digest_mg_kg_hg1849,NP4-5,4.697931666069403,2.0868998716402847,108.72000000000004,7.059889700636005,-101.66011029936404
log_digest_mg_kg_hg1849,RM1-1,3.657130755799356,1.9919697845614983,37.75,6.329957989419725,-31.420042010580275
log_digest_mg_kg_hg1849,RM1-8,3.12060125559986,2.112086154187768,21.659999999999997,7.2654663485469095,-14.394533651453088
log_digest_mg_kg_hg1849,RM2-1,2.6858045921548905,1.9883599102470726,13.670000000000003,6.303545463978703,-7.3664545360213
log_digest_mg_kg_hg1849,RM3-1,3.914021008090819,1.9907219423169387,49.1,6.3208170625931235,-42.77918293740688
log_digest_mg_kg_hg1849,RM3-8,3.484618989801228,2.1090402580654506,31.610000000000003,7.240328899110959,-24.369671100889043
log_digest_mg_kg_hg1849,SH1-1,3.1629401925378975,2.14174332349196,22.64,7.514267821328481,-15.12573217867152
log_digest_mg_kg_hg1849,SH1-6,2.9030685886905716,2.118705274286474,17.23,7.3203579295508385,-9.909642070449163
log_digest_mg_kg_hg1849,SH2-1,2.5687881337687024,2.1397327073417594,12.05,7.49716609520441,-4.552833904795591
log_digest_mg_kg_hg1849,SH3-2,2.401525040848949,2.1364759369628357,10.039999999999997,7.469537790303351,-2.5704622096966467
log_digest_mg_kg_hg1849,SH3-8,2.21375387928743,2.1204540577346984,8.15,7.334921164041563,-0.8150788359584373
log_digest_mg_kg_hg1849,TGV1-1,1.99197551589856,1.4722222325590464,6.329999999999998,3.3589108999115025,-2.971089100088496
log_digest_mg_kg_hg1849,TGV1-8,1.252762968495368,2.3498423155999424,2.5,9.48391644430796,6.98391644430796
log_digest_mg_kg_hg1849,TGV2-1,1.252762968495368,2.235347853865007,2.5,8.349733627571666,5.849733627571666
log_digest_mg_kg_hg1849,TGV3-1,1.252762968495368,1.9072373933319202,2.5,5.734458416444135,3.2344584164441352
log_digest_mg_kg_hg1849,TGV3-9,4.8077844460498085,2.4242379486737633,121.46000000000001,10.293619821255632,-111.16638017874438
log_digest_mg_kg_hg1849,TN1-1,3.7918872041881655,2.1269720551585056,43.34,7.389425595623703,-35.9505744043763
log_digest_mg_kg_hg1849,TN1-8,3.173878458937465,2.120951195934378,22.900000000000002,7.339065801887062,-15.560934198112939
log_digest_mg_kg_hg1849,TN2-1,2.757475084429733,2.1954667277959588,14.759999999999996,7.984193251151036,-6.77580674884896
log_digest_mg_kg_hg1849,TN3-1,2.272125885509337,2.2701157239155485,8.699999999999998,8.680521017051095,-0.019478982948902157
log_digest_mg_kg_hg1849,TN3-5,1.9629077254238845,2.051628936031697,6.12,6.780564831708601,0.6605648317086006
log_digest_mg_kg_hg1849,CB-CMBjA1,1.252762968495368,2.3042909736842008,2.5,9.017073365323329,6.517073365323329
log_digest_mg_kg_hg1849,CB-iH5,1.252762968495368,2.245421114915177,2.5,8.44439189344529,5.944391893445291
log_digest_mg_kg_hg1849,VV-0,1.252762968495368,2.45849397650491,2.5,10.687197086016095,8.187197086016095
log_digest_mg_kg_hg1849,VV-d,1.252762968495368,2.45849397650491,2.5,10.687197086016095,8.187197086016095
log_digest_mg_kg_hg1849,VV-J,1.252762968495368,2.45849397650491,2.5,10.687197086016095,8.187197086016095
log_digest_mg_kg_hg1849,VV-L,4.838660029356445,2.45849397650491,125.29999999999998,10.687197086016095,-114.61280291398388
log_digest_mg_kg_hg1849,WV-BA 1,3.7812307151781224,2.3862988924199566,42.86999999999999,9.873176583350324,-32.99682341664967
log_digest_mg_kg_hg1849,WV-UNN 1,3.2228678461377385,2.122808388090826,24.100000000000005,7.354567439790958,-16.745432560209046
log_digest_mg_kg_hg1849,WV-UNN 3,2.794839331174601,2.122808388090826,15.360000000000003,7.354567439790958,-8.005432560209044
log_digest_mg_kg_hg1849,WV-UNN-2,2.3350522831315472,2.122808388090826,9.33,7.354567439790958,-1.9754325602090423
log_digest_mg_kg_hg1849,WV-ZS 2,1.8531680973566984,2.4599048552467746,5.379999999999999,10.703697941552697,5.323697941552698
log_digest_mg_kg_li6707,BS-607,3.2208738275308737,2.0731453396137014,24.049999999999997,6.949788619842526,-17.10021138015747
log_digest_mg_kg_li6707,BS-610,3.4031953843248286,1.9862621868471861,29.060000000000006,6.288240703945716,-22.77175929605429
log_digest_mg_kg_li6707,BS-618,3.369362658142137,2.07324229493558,28.060000000000002,6.950559431523573,-21.10944056847643
log_digest_mg_kg_li6707,BPS-1,1.4327007339340465,2.1514072914210343,3.190000000000001,7.596948299763825,4.406948299763824
log_digest_mg_kg_li6707,BPS-18,2.66374994220563,1.9457836298475344,13.35,5.99911442156807,-7.35088557843193
log_digest_mg_kg_li6707,BPS-22,2.794839331174601,1.8909495219000712,15.360000000000003,5.62565690149944,-9.734343098500563
log_digest_mg_kg_li6707,BPS-25,2.8920370372152258,2.120422567370767,17.029999999999998,7.334658698473357,-9.695341301526641
log_digest_mg_kg_li6707,BPS-5,2.412335956953165,2.120740481556006,10.16,7.3373088259369625,-2.8226911740630376
log_digest_mg_kg_li6707,CK-20B,3.5751506887855933,2.601227239331071,34.699999999999996,12.480271406988573,-22.219728593011425
log_digest_mg_kg_li6707,CK1-100B,3.6336309798834576,2.556528361277689,36.849999999999994,11.890986694132218,-24.959013305867778
log_digest_mg_kg_li6707,CK2-100A,3.7003138317395994,2.556530216375777,39.46,11.891010608199169,-27.568989391800834
log_digest_mg_kg_li6707,CK2-100B,3.386422096080001,2.578649743004445,28.559999999999995,12.17933065659531,-16.380669343404684
log_digest_mg_kg_li6707,CM-2 1,2.908539061851614,2.0389872094833588,17.330000000000002,6.682824165784479,-10.647175834215524
log_digest_mg_kg_li6707,CM-4,2.574137783515943,2.0433581813906887,12.120000000000003,6.7164790731268385,-5.403520926873164
log_digest_mg_kg_li6707,CM-PA 3-10,2.991222118076105,2.0428402627390456,18.91,6.712483599444336,-12.197516400555664
log_digest_mg_kg_li6707,CM-PA 30,2.9826470340053355,2.0433581813906887,18.74,6.7164790731268385,-12.02352092687316
log_digest_mg_kg_li6707,CM2 (OM),2.8920370372152258,2.0387779165770636,17.029999999999998,6.681216373441902,-10.348783626558095
log_digest_mg_kg_li6707,LC1-5,1.9401794743463283,2.27021500702979,5.96,8.681482177037838,2.7214821770378377
log_digest_mg_kg_li6707,LGP (3-4),2.4265710727750367,2.272667331623787,10.319999999999999,8.705253449411705,-1.6147465505882934
log_digest_mg_kg_li6707,LGP (BA 1-3),2.4406063908914204,2.270205788847051,10.48,8.681392931777285,-1.798607068222715
log_digest_mg_kg_li6707,CR-0819,2.2823823856765264,2.366965429348021,8.800000000000002,9.664979495754213,0.864979495754211
log_digest_mg_kg_li6707,CR-0821,1.7387102481382395,2.366965429348021,4.6899999999999995,9.664979495754213,4.974979495754214
log_digest_mg_kg_li6707,CR-0826,2.431857428698185,2.366965429348021,10.38,9.664979495754213,-0.7150205042457873
log_digest_mg_kg_li6707,CR-0828,2.180417459019838,2.366965429348021,7.849999999999999,9.664979495754213,1.8149794957542147
log_digest_mg_kg_li6707,CR-0833,2.0955609235597192,2.366965429348021,7.13,9.664979495754213,2.5349794957542136
log_digest_mg_kg_li6707,CS-CR2,1.5706970841176695,2.3920108520750665,3.8099999999999987,9.935461444279108,6.125461444279109
log_digest_mg_kg_li6707,CS-CR5,2.221375037568502,2.284993749420914,8.219999999999997,8.82562480798049,0.6056248079804938
log_digest_mg_kg_li6707,CS-CR7,2.2752138961979136,2.2850908489972177,8.729999999999999,8.826578918307371,0.09657891830737242
log_digest_mg_kg_li6707,CS-CR9,2.3105532626432224,2.285054745736554,9.079999999999998,8.826224153171378,-0.25377584682862064
log_digest_mg_kg_li6707,DS1(1-2),2.7053799725463312,2.3672756166364777,13.96,9.668288149950154,-4.291711850049847
log_digest_mg_kg_li6707,DS2(1-2),2.5817308344235403,1.7877533740711244,12.220000000000002,4.976011511224962,-7.243988488775041
log_digest_mg_kg_li6707,DA-1,2.3832429960115,2.834732208887492,9.839999999999998,16.0258403211415,6.185840321141503
log_digest_mg_kg_li6707,DA-3,3.0946722214088944,2.834732208887492,21.08,16.0258403211415,-5.054159678858497
log_digest_mg_kg_li6707,DA-4,3.3361253849184407,2.834732208887492,27.110000000000007,16.0258403211415,-11.084159678858505
log_digest_mg_kg_li6707,DA-5,2.2027647577118348,2.834732208887492,8.05,16.0258403211415,7.975840321141501
log_digest_mg_kg_li6707,DA-6,3.3282682016393976,2.834732208887492,26.89,16.0258403211415,-10.864159678858499
log_digest_mg_kg_li6707,GE-A1-3,2.1210632163706555,2.7276797184065895,7.340000000000002,14.297351646360308,6.957351646360307
log_digest_mg_kg_li6707,GE-A2-2,2.5915163848462583,2.727746398677479,12.349999999999998,14.298371711920723,1.948371711920725
log_digest_mg_kg_li6707,GE-B1-3,2.583997552432231,2.7093231438176315,12.25,14.019106298763276,1.7691062987632762
log_digest_mg_kg_li6707,GE-C2-3,2.968874819384108,2.7266848244872897,18.469999999999995,14.282139972481602,-4.1878600275183935
log_digest_mg_kg_li6707,GE-C3-2,2.803360380906535,2.7149468709926987,15.499999999999998,14.103807600274058,-1.3961923997259404
log_digest_mg_kg_li6707,HS-1,3.4372078191851885,3.36515695809207,30.1,27.93803900200232,-2.1619609979976815
log_digest_mg_kg_li6707,HS-2,3.49650756146648,3.373825317659674,31.999999999999986,28.189974686257642,-3.8100253137423437
log_digest_mg_kg_li6707,HS-3,3.4995332823830174,2.8754627192897058,32.10000000000001,16.733627915001243,-15.366372084998766
log_digest_mg_kg_li6707,HS-4,3.510350695558678,3.2920102748385918,32.46000000000001,25.896879464421403,-6.563120535578605
log_digest_mg_kg_li6707,HS-7,3.730980630132571,2.8515997353276945,40.71999999999998,16.315459848756532,-24.404540151243445
log_digest_mg_kg_li6707,HC-BA1,0.048790164169432,2.0476401376049918,0.049999999999999996,6.7495915411221175,6.699591541122118
log_digest_mg_kg_li6707,HC-BA2,1.5238800240724537,2.0451300698990424,3.59,6.730163934165067,3.1401639341650673
log_digest_mg_kg_li6707,HC-Z5-1,0.8372475245337022,1.9502422589836266,1.31,6.030390549570234,4.720390549570235
log_digest_mg_kg_li6707,HC-ZS2,0.9895411936137476,1.9923953734837438,1.6899999999999995,6.333078202257461,4.6430782022574615
log_digest_mg_kg_li6707,HVY-4A,2.454447442303292,2.966840843038717,10.64,18.430438727540363,7.790438727540362
log_digest_mg_kg_li6707,HVY-5A,2.0320878452963655,2.966840843038717,6.629999999999999,18.430438727540363,11.800438727540364
log_digest_mg_kg_li6707,HVY-9054A,2.28949985344539,2.7924072473316603,8.87,15.320259454088182,6.450259454088183
log_digest_mg_kg_li6707,HVY-9062A,1.9300710850255671,2.779653167957973,5.89,15.113431324462976,9.223431324462975
log_digest_mg_kg_li6707,HVY-9130A,2.2741856184723477,2.7737902833201606,8.719999999999999,15.019236531905706,6.2992365319057075
log_digest_mg_kg_li6707,HD-10,3.34603697048488,2.7602445304606325,27.39,14.80370696354992,-12.58629303645008
log_digest_mg_kg_li6707,HD-14,3.70721041079866,2.7585663826121034,39.74,14.777208247310842,-24.96279175268916
log_digest_mg_kg_li6707,HD-6,3.095577608523707,2.7791637303005556,21.099999999999998,15.105546734047701,-5.994453265952297
log_digest_mg_kg_li6707,HG-3,2.5478814489493886,2.987111730869301,11.779999999999998,18.82833015304582,7.048330153045821
log_digest_mg_kg_li6707,HG-54,1.8562979903656265,3.073574218203862,5.400000000000002,20.61903589906105,15.219035899061048
log_digest_mg_kg_li6707,HG-6,2.540814281726296,2.713826741733527,11.69,14.086898855214066,2.396898855214067
log_digest_mg_kg_li6707,HG-8,2.1400661634962708,2.6647069678053232,7.5,13.363739891020623,5.863739891020623
log_digest_mg_kg_li6707,HG-9,2.328252839742623,3.0397001528548993,9.259999999999994,19.8989757972747,10.638975797274707
log_digest_mg_kg_li6707,HM-2,2.6823904543216326,1.655629865525095,13.620000000000003,4.236377097090511,-9.383622902909492
log_digest_mg_kg_li6707,HM-3,2.6026896854443837,1.6556327195144067,12.5,4.236392041676105,-8.263607958323895
log_digest_mg_kg_li6707,HM-5,3.279029747687948,1.6616808162817196,25.550000000000004,4.268158213062556,-21.28184178693745
log_digest_mg_kg_li6707,HM-6,3.1458749319837103,1.698288852231119,22.239999999999995,4.464588668223844,-17.77541133177615
log_digest_mg_kg_li6707,LI-10,1.1314021114911006,2.4244759321254454,2.1,10.296307835721475,8.196307835721475
log_digest_mg_kg_li6707,LI-11,0.8796267475025636,2.4598005723073015,1.4100000000000001,10.702477509164892,9.292477509164891
log_digest_mg_kg_li6707,LI-12,0.048790164169432,2.4598005723073015,0.049999999999999996,10.702477509164892,10.652477509164891
log_digest_mg_kg_li6707,LI-13,1.332366019094335,2.4598005723073015,2.79,10.702477509164892,7.912477509164892
log_digest_mg_kg_li6707,LI-14,0.6931471805599453,2.4598005723073015,1.0,10.702477509164892,9.702477509164892
log_digest_mg_kg_li6707,LI-15,0.4054651081081644,2.4598005723073015,0.5,10.702477509164892,10.202477509164892
log_digest_mg_kg_li6707,LI-4,1.809926773183504,2.3662284409291674,5.11,9.65712242501923,4.5471224250192295
log_digest_mg_kg_li6707,LI-5,1.4350845252893227,2.3662284409291674,3.2000000000000006,9.65712242501923,6.457122425019229
log_digest_mg_kg_li6707,LI-6,1.3110318766193438,2.3662284409291674,2.7100000000000004,9.65712242501923,6.947122425019229
log_digest_mg_kg_li6707,LI-9,0.3852624007906449,2.4244759321254454,0.4699999999999999,10.296307835721475,9.826307835721474
log_digest_mg_kg_li6707,LGP-BA LV8,3.107720775502038,2.7324411225432206,21.369999999999997,14.370362198205628,-6.9996378017943695
log_digest_mg_kg_li6707,LV-14,2.481567748522486,2.69129822128819,10.960000000000003,13.750813315332119,2.790813315332116
log_digest_mg_kg_li6707,LV-18,2.926382195419198,2.69129822128819,17.660000000000004,13.750813315332119,-3.909186684667885
log_digest_mg_kg_li6707,MD-BJA1,1.3862943611198906,2.3552708547171535,3.0,9.540983550193108,6.540983550193108
log_digest_mg_kg_li6707,MD-UN11,2.5915163848462583,2.347792173219093,12.349999999999998,9.46244494022899,-2.8875550597710085
log_digest_mg_kg_li6707,MD-UN6,2.3570732782781154,2.355569164790872,9.56,9.544128500834939,-0.01587149916506192
log_digest_mg_kg_li6707,ME-A1-1,2.3194422100604686,2.6979245151312674,9.17,13.848881092911418,4.678881092911418
log_digest_mg_kg_li6707,ME-A2-3,2.3608540011180215,2.6979245151312674,9.6,13.848881092911418,4.248881092911418
log_digest_mg_kg_li6707,ME-B1-2,2.33214389523559,2.708007538467652,9.299999999999999,13.99936007413219,4.699360074132191
log_digest_mg_kg_li6707,ME-c2-3,3.3442742342625342,2.736902098135888,27.339999999999996,14.439082173927169,-12.900917826072828
log_digest_mg_kg_li6707,ME-C3-1,2.7166795278002644,2.736902098135888,14.129999999999999,14.439082173927169,0.30908217392716963
log_digest_mg_kg_li6707,HK-1,3.658935577740864,2.898197463460349,37.81999999999999,17.141415315758604,-20.67858468424139
log_digest_mg_kg_li6707,HK-2,3.6309854756950335,2.8980767431667362,36.74999999999999,17.13922541096077,-19.610774589039224
log_digest_mg_kg_li6707,HK-3,3.5655812377694427,2.9006371083083975,34.36,17.18572795774579,-17.17427204225421
log_digest_mg_kg_li6707,HK-4,3.5607619513334936,2.8865716212395247,34.18999999999999,16.93172734505049,-17.2582726549495
log_digest_mg_kg_li6707,HK-5,3.9318256327243257,2.8862564408187104,50.0,16.926076506243604,-33.073923493756396
log_digest_mg_kg_li6707,MK-A6,3.853970073979529,2.848243499368632,46.18000000000001,16.257442494190744,-29.922557505809262
log_digest_mg_kg_li6707,MK-KYBjA6,3.927896354584436,3.064888558542315,49.8,20.432073432587558,-29.36792656741244
log_digest_mg_kg_li6707,MK-UN8,3.6165775423585313,2.848243499368632,36.21000000000001,16.257442494190744,-19.952557505809263
log_digest_mg_kg_li6707,MFP-A1,2.8075938314384716,2.6148964145864837,15.570000000000002,12.665800726955323,-2.9041992730446786
log_digest_mg_kg_li6707,MFP-A2,2.930660276810276,2.6148964145864837,17.74,12.665800726955323,-5.074199273044675
log_digest_mg_kg_li6707,MFP-AAA,2.8390784635086144,2.6919931934154553,16.100000000000005,13.761068282486184,-2.3389317175138213
log_digest_mg_kg_li6707,MFP-d,2.745345985845907,2.6152107098573154,14.570000000000002,12.670096498530917,-1.899903501469085
log_digest_mg_kg_li6707,MS-11,1.9401794743463283,2.7090080012610005,5.96,14.014373884937633,8.054373884937633
log_digest_mg_kg_li6707,MS-12,1.922787731634459,2.7090080012610005,5.84,14.014373884937633,8.174373884937634
log_digest_mg_kg_li6707,MS-5,1.9878743481543455,2.7090080012610005,6.300000000000001,14.014373884937633,7.714373884937633
log_digest_mg_kg_li6707,MS-7,1.790091412127358,2.7090080012610005,4.989999999999999,14.014373884937633,9.024373884937635
log_digest_mg_kg_li6707,ON-10,2.0082140323914683,2.7635818059881063,6.450000000000001,14.856536392190511,8.40653639219051
log_digest_mg_kg_li6707,OR-4,1.7595805708638197,2.607920992217197,4.809999999999999,12.570807688322494,7.760807688322496
log_digest_mg_kg_li6707,OR-8,1.925707441737794,2.5800219139341043,5.86,12.197427364043145,6.337427364043145
log_digest_mg_kg_li6707,AV1-1,2.7763317085186157,1.3934118395478992,15.06,3.0285714715125542,-12.031428528487446
log_digest_mg_kg_li6707,AV1-8,2.8195915758351173,1.4610593601867268,15.769999999999998,3.310523507457249,-12.459476492542748
log_digest_mg_kg_li6707,AV2-1,2.6616571615325,1.4393997103437066,13.32000000000001,3.2181629372620613,-10.101837062737948
log_digest_mg_kg_li6707,AV3-1,2.3683728335320486,1.4457351837071115,9.679999999999998,3.2449718300349035,-6.435028169965094
log_digest_mg_kg_li6707,AV3-7,2.431857428698185,1.4952228907428424,10.38,3.460330608463456,-6.919669391536544
log_digest_mg_kg_li6707,BP1-1,2.3456445824544927,1.4385033144807755,9.440000000000001,3.214383487650502,-6.225616512349499
log_digest_mg_kg_li6707,BP1-8,2.509599262378372,1.4900313653597674,11.300000000000002,3.437234692283539,-7.862765307716463
log_digest_mg_kg_li6707,BP2-1,2.238579763018133,1.4722499387737389,8.379999999999999,3.359031670505761,-5.020968329494238
log_digest_mg_kg_li6707,BP3-1,2.2741856184723477,1.455798285860731,8.719999999999999,3.2879050737022215,-5.432094926297777
log_digest_mg_kg_li6707,BP3-8,2.318458442150336,1.4817637530656138,9.160000000000002,3.4007005891918256,-5.759299410808176
log_digest_mg_kg_li6707,HV1-8,2.474856313934499,1.764849444622692,10.879999999999999,4.84069294415746,-6.039307055842539
log_digest_mg_kg_li6707,HV2-5,2.7813006628418027,1.6487860870542177,15.139999999999999,4.200662841870049,-10.93933715812995
log_digest_mg_kg_li6707,HV3-1,2.9750192319564492,1.59011317534966,18.589999999999996,3.904303943232641,-14.685696056767355
log_digest_mg_kg_li6707,HV3-9,2.5649493574615367,1.774214927666463,12.0,4.895650806648482,-7.104349193351518
log_digest_mg_kg_li6707,KR-1,3.3214324131932926,1.5671286124419244,26.699999999999996,3.7928662400898903,-22.907133759910106
log_digest_mg_kg_li6707,KR-2,3.4487168976301317,1.5739848430545937,30.459999999999997,3.8258401455081,-26.634159854491898
log_digest_mg_kg_li6707,KR-4,3.0726933146901194,1.6378385374387543,20.6,4.1440388399363055,-16.455961160063694
log_digest_mg_kg_li6707,MF1-1,2.172476407647025,3.4150829586708658,7.7799999999999985,29.419472881931256,21.63947288193126
log_digest_mg_kg_li6707,MF1-6,2.172476407647025,3.3818462826379605,7.7799999999999985,28.425047947829988,20.64504794782999
log_digest_mg_kg_li6707,MF2-1,2.3532782073095637,3.3617203317320405,9.52,27.83876046369128,18.31876046369128
log_digest_mg_kg_li6707,MF3-1,2.414126467726953,3.3778021817583794,10.180000000000001,28.30629038118648,18.12629038118648
log_digest_mg_kg_li6707,MFX-2,2.328252839742623,3.256500112506103,9.259999999999994,24.958526050444082,15.698526050444087
log_digest_mg_kg_li6707,MSP1-1,3.261935314328648,2.6986515145667314,25.1,13.859680146060374,-11.240319853939628
log_digest_mg_kg_li6707,MSP1-4,3.3196257279683437,2.5777848945720936,26.649999999999995,12.167937460541525,-14.48206253945847
log_digest_mg_kg_li6707,MSP2-1,3.407179453339703,2.8738307645101835,29.18,16.70471103810262,-12.47528896189738
log_digest_mg_kg_li6707,MSP3-1,2.942331496826876,2.765391383966217,17.960000000000004,14.885256008610602,-3.0747439913894024
log_digest_mg_kg_li6707,MSP3-4,3.12060125559986,2.6047229600380617,21.659999999999997,12.527477131825334,-9.132522868174663
log_digest_mg_kg_li6707,MW2-1,2.589266665112243,3.24808359445846,12.319999999999999,24.740962495551784,12.420962495551786
log_digest_mg_kg_li6707,NP1-1,2.206074192613202,3.374231725375284,8.08,28.201840128128836,20.121840128128838
log_digest_mg_kg_li6707,NP2-1,2.4612967841488667,3.324248510151925,10.72,26.77811582499856,16.05811582499856
log_digest_mg_kg_li6707,NP3-1,2.330200260027019,3.4505314985923294,9.280000000000001,30.517139172991005,21.237139172991004
log_digest_mg_kg_li6707,NP3-4,1.9712993830601329,3.3876252176646187,6.180000000000001,28.59558567669664,22.41558567669664
log_digest_mg_kg_li6707,NP4-5,1.6882490928583902,2.7383031949609626,4.41,14.460728984040397,10.050728984040397
log_digest_mg_kg_li6707,RM1-1,2.768831673362069,1.5934646991220867,14.939999999999998,3.920768409599091,-11.019231590400906
log_digest_mg_kg_li6707,RM1-8,2.854744580253014,1.6371808674315018,16.370000000000005,4.140656872106441,-12.229343127893564
log_digest_mg_kg_li6707,RM2-1,2.423031246069913,1.5803820506329487,10.28,3.8568110045443773,-6.423188995455622
log_digest_mg_kg_li6707,RM3-1,1.7595805708638197,1.584291085367272,4.809999999999999,3.875833603235717,-0.9341663967642817
log_digest_mg_kg_li6707,RM3-8,1.9544450515051504,1.61300050050822,6.059999999999998,4.017844708169053,-2.0421552918309445
log_digest_mg_kg_li6707,SH1-1,1.8293763327993615,1.662406703810584,5.229999999999999,4.271983691675136,-0.9580163083248623
log_digest_mg_kg_li6707,SH1-6,0.5306282510621704,1.709186231284766,0.7,4.524464011942407,3.824464011942407
log_digest_mg_kg_li6707,SH2-1,1.2781522025001877,1.6523684450628489,2.5900000000000007,4.219326888740614,1.6293268887406134
log_digest_mg_kg_li6707,SH3-2,1.6331544390514163,1.6540903560443916,4.119999999999999,4.228321847062867,0.10832184706286796
log_digest_mg_kg_li6707,SH3-8,0.048790164169432,1.6554459864890476,0.049999999999999996,4.235414325636974,4.185414325636974
log_digest_mg_kg_li6707,TGV1-1,0.8372475245337022,2.1301428056428073,1.31,7.4160685877124495,6.10606858771245
log_digest_mg_kg_li6707,TGV1-8,0.048790164169432,1.8893381629347734,0.049999999999999996,5.614989186917194,5.564989186917194
log_digest_mg_kg_li6707,TGV2-1,0.048790164169432,1.7258148656773478,0.049999999999999996,4.617096344323905,4.567096344323905
log_digest_mg_kg_li6707,TGV3-1,0.048790164169432,2.6119213507721253,0.049999999999999996,12.6252045158208,12.575204515820799
log_digest_mg_kg_li6707,TGV3-9,2.738902664584975,2.0379045758845105,14.470000000000004,6.674510983085995,-7.795489016914009
log_digest_mg_kg_li6707,TN1-1,2.9543893100196086,2.008302932472189,18.19,6.450662335041752,-11.73933766495825
log_digest_mg_kg_li6707,TN1-8,2.862200880929469,2.268509417584976,16.50000000000001,8.664983617110932,-7.835016382889078
log_digest_mg_kg_li6707,TN2-1,2.7763317085186157,1.9790621751587052,15.06,6.23595374492709,-8.824046255072911
log_digest_mg_kg_li6707,TN3-1,2.772588722239781,2.06782612154727,14.999999999999998,6.907614227427014,-8.092385772572985
log_digest_mg_kg_li6707,TN3-5,2.8249439525737094,2.7706053858069772,15.860000000000001,14.968298065268163,-0.891701934731838
log_digest_mg_kg_li6707,CB-CMBjA1,2.372111155642656,1.916669172556443,9.72,5.798276828914939,-3.9217231710850617
log_digest_mg_kg_li6707,CB-iH5,3.3375473545856993,1.9263919888618424,27.15,5.86469760095214,-21.285302399047858
log_digest_mg_kg_li6707,VV-0,0.048790164169432,1.888385252577225,0.049999999999999996,5.608688697583439,5.558688697583439
log_digest_mg_kg_li6707,VV-d,0.048790164169432,1.888385252577225,0.049999999999999996,5.608688697583439,5.558688697583439
log_digest_mg_kg_li6707,VV-J,0.048790164169432,1.888385252577225,0.049999999999999996,5.608688697583439,5.558688697583439
log_digest_mg_kg_li6707,VV-L,2.0955609235597192,1.888385252577225,7.13,5.608688697583439,-1.521311302416561
log_digest_mg_kg_li6707,WV-BA 1,1.6524974018945473,1.9961630471219074,4.22,6.360758960974285,2.140758960974285
log_digest_mg_kg_li6707,WV-UNN 1,1.840549633397487,1.3600809969791645,5.299999999999999,2.896508894463755,-2.403491105536244
log_digest_mg_kg_li6707,WV-UNN 3,1.0331844833456545,1.3600809969791645,1.8100000000000003,2.896508894463755,1.0865088944637546
log_digest_mg_kg_li6707,WV-UNN-2,2.0082140323914683,1.3600809969791645,6.450000000000001,2.896508894463755,-3.553491105536246
log_digest_mg_kg_li6707,WV-ZS 2,1.3056264580524355,2.0849076616562043,2.6899999999999986,7.043848691738283,4.353848691738285
log_digest_mg_kg_mo2020,BS-607,0.3364722366212129,0.33984658231006304,0.39999999999999997,0.4047320632830385,0.004732063283038546
log_digest_mg_kg_mo2020,BS-610,0.5306282510621704,0.3064357653774297,0.7,0.35857419717360295,-0.341425802826397
log_digest_mg_kg_mo2020,BS-618,0.262364264467491,0.33984658231006304,0.29999999999999993,0.4047320632830385,0.10473206328303858
log_digest_mg_kg_mo2020,BPS-1,0.0953101798043248,0.28530291492125104,0.09999999999999994,0.3301648938954514,0.23016489389545147
log_digest_mg_kg_mo2020,BPS-18,0.4054651081081644,0.24800848081719748,0.5,0.28147080006753616,-0.21852919993246384
log_digest_mg_kg_mo2020,BPS-22,0.5877866649021191,0.29624089218057514,0.8,0.34479406819214076,-0.4552059318078593
log_digest_mg_kg_mo2020,BPS-25,0.0953101798043248,0.27883861678264915,0.09999999999999994,0.3215940435596756,0.22159404355967566
log_digest_mg_kg_mo2020,BPS-5,0.0953101798043248,0.27883861678264915,0.09999999999999994,0.3215940435596756,0.22159404355967566
log_digest_mg_kg_mo2020,CK-20B,0.1823215567939546,0.5260920964779482,0.19999999999999996,0.692306000984362,0.49230600098436206
log_digest_mg_kg_mo2020,CK1-100B,0.4700036292457355,0.4821285536090225,0.6,0.619517966799908,0.019517966799908026
log_digest_mg_kg_mo2020,CK2-100A,0.0953101798043248,0.4821285536090225,0.09999999999999994,0.619517966799908,0.519517966799908
log_digest_mg_kg_mo2020,CK2-100B,0.1823215567939546,0.45709592501822127,0.19999999999999996,0.5794803886678558,0.37948038866785583
log_digest_mg_kg_mo2020,CM-2 1,0.1823215567939546,0.42697856094445463,0.19999999999999996,0.5326198034506988,0.33261980345069886
log_digest_mg_kg_mo2020,CM-4,0.1823215567939546,0.42697856094445463,0.19999999999999996,0.5326198034506988,0.33261980345069886
log_digest_mg_kg_mo2020,CM-PA 3-10,0.262364264467491,0.42697856094445463,0.29999999999999993,0.5326198034506988,0.23261980345069888
log_digest_mg_kg_mo2020,CM-PA 30,0.0953101798043248,0.42697856094445463,0.09999999999999994,0.5326198034506988,0.4326198034506989
log_digest_mg_kg_mo2020,CM2 (OM),0.0953101798043248,0.42697856094445463,0.09999999999999994,0.5326198034506988,0.4326198034506989
log_digest_mg_kg_mo2020,LC1-5,0.9122827104766162,1.054870706059883,1.49,1.8716038489220392,0.38160384892203925
log_digest_mg_kg_mo2020,LGP (3-4),1.091923300517313,1.1591135387182325,1.9799999999999998,2.1871067767517025,0.20710677675170275
log_digest_mg_kg_mo2020,LGP (BA 1-3),0.9969486348916096,1.054870706059883,1.7100000000000002,1.8716038489220392,0.16160384892203905
log_digest_mg_kg_mo2020,CR-0819,1.0986122886681098,0.9981654788684354,2.0000000000000004,1.7132996543523078,-0.28670034564769264
log_digest_mg_kg_mo2020,CR-0821,0.832909122935104,0.9981654788684354,1.3,1.7132996543523078,0.41329965435230775
log_digest_mg_kg_mo2020,CR-0826,1.1052568313867783,0.9981654788684354,2.02,1.7132996543523078,-0.3067003456476922
log_digest_mg_kg_mo2020,CR-0828,1.1346227261911428,0.9981654788684354,2.11,1.7132996543523078,-0.3967003456476921
log_digest_mg_kg_mo2020,CR-0833,0.959350221334602,0.9981654788684354,1.6099999999999999,1.7132996543523078,0.10329965435230792
log_digest_mg_kg_mo2020,CS-CR2,1.1939224684724346,1.0261502381031473,2.3,1.7903031283989264,-0.5096968716010735
log_digest_mg_kg_mo2020,CS-CR5,1.4134230285081433,1.0261502381031475,3.1100000000000003,1.790303128398927,-1.3196968716010733
log_digest_mg_kg_mo2020,CS-CR7,0.8796267475025636,1.0261502381031473,1.4100000000000001,1.7903031283989264,0.3803031283989262
log_digest_mg_kg_mo2020,CS-CR9,1.4085449700547104,1.0261502381031473,3.09,1.7903031283989264,-1.2996968716010735
log_digest_mg_kg_mo2020,DS1(1-2),0.0953101798043248,0.27239521069373684,0.09999999999999994,0.3131058522514531,0.21310585225145318
log_digest_mg_kg_mo2020,DS2(1-2),0.1823215567939546,0.3429000767362207,0.19999999999999996,0.4090279602193435,0.20902796021934356
log_digest_mg_kg_mo2020,DA-1,0.0953101798043248,0.0953101798043248,0.09999999999999994,0.09999999999999994,0.0
log_digest_mg_kg_mo2020,DA-3,0.6931471805599453,0.0953101798043248,1.0,0.09999999999999994,-0.9
log_digest_mg_kg_mo2020,DA-4,0.4700036292457355,0.0953101798043248,0.6,0.09999999999999994,-0.5
log_digest_mg_kg_mo2020,DA-5,0.4054651081081644,0.0953101798043248,0.5,0.09999999999999994,-0.4000000000000001
log_digest_mg_kg_mo2020,DA-6,0.4054651081081644,0.0953101798043248,0.5,0.09999999999999994,-0.4000000000000001
log_digest_mg_kg_mo2020,GE-A1-3,0.4700036292457355,0.34965344923038416,0.6,0.4185758548454997,-0.18142414515450028
log_digest_mg_kg_mo2020,GE-A2-2,0.4700036292457355,0.34965344923038416,0.6,0.4185758548454997,-0.18142414515450028
log_digest_mg_kg_mo2020,GE-B1-3,0.4700036292457355,0.4518185739835824,0.6,0.5711668721715472,-0.02883312782845282
log_digest_mg_kg_mo2020,GE-C2-3,0.4700036292457355,0.5244184465438447,0.6,0.6894760419982511,0.0894760419982511
log_digest_mg_kg_mo2020,GE-C3-2,0.4054651081081644,0.5244184465438447,0.5,0.6894760419982511,0.18947604199825108
log_digest_mg_kg_mo2020,HS-1,0.0953101798043248,0.16213181366959128,0.09999999999999994,0.17601524598997734,0.0760152459899774
log_digest_mg_kg_mo2020,HS-2,0.0953101798043248,0.16213181366959128,0.09999999999999994,0.17601524598997734,0.0760152459899774
log_digest_mg_kg_mo2020,HS-3,0.0953101798043248,0.19214571626094462,0.09999999999999994,0.21184708992659296,0.11184708992659302
log_digest_mg_kg_mo2020,HS-4,0.1823215567939546,0.16213181366959128,0.19999999999999996,0.17601524598997734,-0.02398475401002262
log_digest_mg_kg_mo2020,HS-7,0.1823215567939546,0.17474344086301866,0.19999999999999996,0.19094063071319525,-0.009059369286804703
log_digest_mg_kg_mo2020,HC-BA1,0.0953101798043248,0.47019503542842755,0.09999999999999994,0.6003062792032386,0.5003062792032387
log_digest_mg_kg_mo2020,HC-BA2,0.262364264467491,0.3831314211768585,0.29999999999999993,0.4668707952876211,0.16687079528762117
log_digest_mg_kg_mo2020,HC-Z5-1,0.0953101798043248,0.28500683788716424,0.09999999999999994,0.32977112091526506,0.22977112091526514
log_digest_mg_kg_mo2020,HC-ZS2,0.0953101798043248,0.31003946647796543,0.09999999999999994,0.3634789247812536,0.2634789247812537
log_digest_mg_kg_mo2020,HVY-4A,0.4700036292457355,0.45709592501822127,0.6,0.5794803886678558,-0.020519611332144194
log_digest_mg_kg_mo2020,HVY-5A,0.6931471805599453,0.45709592501822127,1.0,0.5794803886678558,-0.4205196113321442
log_digest_mg_kg_mo2020,HVY-9054A,0.5933268452777344,0.4259231495242858,0.81,0.531003112294583,-0.2789968877054171
log_digest_mg_kg_mo2020,HVY-9062A,0.5306282510621704,0.39506493935745335,0.7,0.48448058900646734,-0.2155194109935326
log_digest_mg_kg_mo2020,HVY-9130A,0.5877866649021191,0.3291015024388304,0.8,0.38971890828737293,-0.4102810917126271
log_digest_mg_kg_mo2020,HD-10,0.0953101798043248,0.19977606945381987,0.09999999999999994,0.22112927939469657,0.12112927939469663
log_digest_mg_kg_mo2020,HD-14,0.0953101798043248,0.19977606945381987,0.09999999999999994,0.22112927939469657,0.12112927939469663
log_digest_mg_kg_mo2020,HD-6,0.0953101798043248,0.19977606945381987,0.09999999999999994,0.22112927939469657,0.12112927939469663
log_digest_mg_kg_mo2020,HG-3,0.0953101798043248,0.19977606945381987,0.09999999999999994,0.22112927939469657,0.12112927939469663
log_digest_mg_kg_mo2020,HG-54,0.0953101798043248,0.19977606945381984,0.09999999999999994,0.22112927939469654,0.1211292793946966
log_digest_mg_kg_mo2020,HG-6,0.0953101798043248,0.4688528639971069,0.09999999999999994,0.5981598346044602,0.4981598346044603
log_digest_mg_kg_mo2020,HG-8,0.0953101798043248,0.22202119647586477,0.09999999999999994,0.24859784345784747,0.14859784345784754
log_digest_mg_kg_mo2020,HG-9,0.0953101798043248,0.2618070551145878,0.09999999999999994,0.29927582961721777,0.19927582961721785
log_digest_mg_kg_mo2020,HM-2,0.0953101798043248,0.3554509566050346,0.09999999999999994,0.4268239449046769,0.326823944904677
log_digest_mg_kg_mo2020,HM-3,0.1823215567939546,0.3554509566050346,0.19999999999999996,0.4268239449046769,0.22682394490467694
log_digest_mg_kg_mo2020,HM-5,0.0953101798043248,0.3554509566050346,0.09999999999999994,0.4268239449046769,0.326823944904677
log_digest_mg_kg_mo2020,HM-6,0.1823215567939546,0.3554509566050346,0.19999999999999996,0.4268239449046769,0.22682394490467694
log_digest_mg_kg_mo2020,LI-10,0.0953101798043248,0.6383550010988376,0.09999999999999994,0.8933637348949054,0.7933637348949054
log_digest_mg_kg_mo2020,LI-11,0.6418538861723948,0.6383550010988377,0.9,0.8933637348949056,-0.006636265105094408
log_digest_mg_kg_mo2020,LI-12,0.0953101798043248,0.6383550010988377,0.09999999999999994,0.8933637348949056,0.7933637348949056
log_digest_mg_kg_mo2020,LI-13,0.0953101798043248,0.6383550010988377,0.09999999999999994,0.8933637348949056,0.7933637348949056
log_digest_mg_kg_mo2020,LI-14,0.0953101798043248,0.6383550010988377,0.09999999999999994,0.8933637348949056,0.7933637348949056
log_digest_mg_kg_mo2020,LI-15,0.0953101798043248,0.6383550010988377,0.09999999999999994,0.8933637348949056,0.7933637348949056
log_digest_mg_kg_mo2020,LI-4,0.1823215567939546,0.6383550010988376,0.19999999999999996,0.8933637348949054,0.6933637348949054
log_digest_mg_kg_mo2020,LI-5,0.0953101798043248,0.6383550010988376,0.09999999999999994,0.8933637348949054,0.7933637348949054
log_digest_mg_kg_mo2020,LI-6,0.0953101798043248,0.6383550010988376,0.09999999999999994,0.8933637348949054,0.7933637348949054
log_digest_mg_kg_mo2020,LI-9,0.0953101798043248,0.6383550010988376,0.09999999999999994,0.8933637348949054,0.7933637348949054
log_digest_mg_kg_mo2020,LGP-BA LV8,0.1823215567939546,0.38574977520477366,0.19999999999999996,0.4707166150044932,0.27071661500449323
log_digest_mg_kg_mo2020,LV-14,0.0953101798043248,0.40315205060269965,0.09999999999999994,0.4965344233260085,0.3965344233260086
log_digest_mg_kg_mo2020,LV-18,0.0953101798043248,0.40315205060269965,0.09999999999999994,0.4965344233260085,0.3965344233260086
log_digest_mg_kg_mo2020,MD-BJA1,0.0953101798043248,0.16352554753280996,0.09999999999999994,0.17765544099412905,0.07765544099412912
log_digest_mg_kg_mo2020,MD-UN11,0.0953101798043248,0.16352554753280996,0.09999999999999994,0.17765544099412905,0.07765544099412912
log_digest_mg_kg_mo2020,MD-UN6,0.0953101798043248,0.16352554753280996,0.09999999999999994,0.17765544099412905,0.07765544099412912
log_digest_mg_kg_mo2020,ME-A1-1,0.3364722366212129,0.3666877392439087,0.39999999999999997,0.4429472729528318,0.04294727295283185
log_digest_mg_kg_mo2020,ME-A2-3,0.5306282510621704,0.3666877392439087,0.7,0.4429472729528318,-0.25705272704716814
log_digest_mg_kg_mo2020,ME-B1-2,0.5877866649021191,0.3666877392439087,0.8,0.4429472729528318,-0.35705272704716823
log_digest_mg_kg_mo2020,ME-c2-3,0.636576829071551,0.3666877392439087,0.89,0.4429472729528318,-0.4470527270471682
log_digest_mg_kg_mo2020,ME-C3-1,0.5306282510621704,0.3666877392439087,0.7,0.4429472729528318,-0.25705272704716814
log_digest_mg_kg_mo2020,HK-1,0.262364264467491,0.1301147306001767,0.29999999999999993,0.13895904928408756,-0.16104095071591237
log_digest_mg_kg_mo2020,HK-2,0.262364264467491,0.1301147306001767,0.29999999999999993,0.13895904928408756,-0.16104095071591237
log_digest_mg_kg_mo2020,HK-3,0.0953101798043248,0.1301147306001767,0.09999999999999994,0.13895904928408756,0.038959049284087624
log_digest_mg_kg_mo2020,HK-4,0.0953101798043248,0.11271245520225075,0.09999999999999994,0.11931003489314623,0.019310034893146297
log_digest_mg_kg_mo2020,HK-5,0.0953101798043248,0.1301147306001767,0.09999999999999994,0.13895904928408756,0.038959049284087624
log_digest_mg_kg_mo2020,MK-A6,0.0953101798043248,0.1301147306001767,0.09999999999999994,0.13895904928408756,0.038959049284087624
log_digest_mg_kg_mo2020,MK-KYBjA6,0.0953101798043248,0.1301147306001767,0.09999999999999994,0.13895904928408756,0.038959049284087624
log_digest_mg_kg_mo2020,MK-UN8,0.0953101798043248,0.1301147306001767,0.09999999999999994,0.13895904928408756,0.038959049284087624
log_digest_mg_kg_mo2020,MFP-A1,0.0953101798043248,0.41387824116526684,0.09999999999999994,0.5126729343772674,0.41267293437726743
log_digest_mg_kg_mo2020,MFP-A2,0.0953101798043248,0.41387824116526684,0.09999999999999994,0.5126729343772674,0.41267293437726743
log_digest_mg_kg_mo2020,MFP-AAA,0.0953101798043248,0.41387824116526684,0.09999999999999994,0.5126729343772674,0.41267293437726743
log_digest_mg_kg_mo2020,MFP-d,0.0953101798043248,0.41387824116526684,0.09999999999999994,0.5126729343772674,0.41267293437726743
log_digest_mg_kg_mo2020,MS-11,0.0953101798043248,0.23227985535337484,0.09999999999999994,0.26147270932512573,0.1614727093251258
log_digest_mg_kg_mo2020,MS-12,0.1823215567939546,0.23227985535337484,0.19999999999999996,0.26147270932512573,0.061472709325125774
log_digest_mg_kg_mo2020,MS-5,0.1823215567939546,0.23227985535337484,0.19999999999999996,0.26147270932512573,0.061472709325125774
log_digest_mg_kg_mo2020,MS-7,0.262364264467491,0.23227985535337484,0.29999999999999993,0.26147270932512573,-0.038527290674874204
log_digest_mg_kg_mo2020,ON-10,0.3364722366212129,0.3543317595042104,0.39999999999999997,0.4252279409702377,0.025227940970237728
log_digest_mg_kg_mo2020,OR-4,0.0953101798043248,0.3543317595042104,0.09999999999999994,0.4252279409702377,0.32522794097023777
log_digest_mg_kg_mo2020,OR-8,0.3364722366212129,0.3543317595042104,0.39999999999999997,0.4252279409702377,0.025227940970237728
log_digest_mg_kg_mo2020,AV1-1,0.5306282510621704,0.25804642972196856,0.7,0.29439891581085664,-0.4056010841891433
log_digest_mg_kg_mo2020,AV1-8,0.5306282510621704,0.3139230836493857,0.7,0.3687844505936046,-0.33121554940639536
log_digest_mg_kg_mo2020,AV2-1,0.3364722366212129,0.3200774153827365,0.39999999999999997,0.37723437933567744,-0.022765620664322528
log_digest_mg_kg_mo2020,AV3-1,0.4054651081081644,0.25804642972196856,0.5,0.29439891581085664,-0.20560108418914336
log_digest_mg_kg_mo2020,AV3-7,0.4054651081081644,0.28051226671675245,0.5,0.3238077813378914,-0.1761922186621086
log_digest_mg_kg_mo2020,BP1-1,0.0953101798043248,0.3139230836493857,0.09999999999999994,0.3687844505936046,0.2687844505936047
log_digest_mg_kg_mo2020,BP1-8,0.1823215567939546,0.28051226671675245,0.19999999999999996,0.3238077813378914,0.12380778133789144
log_digest_mg_kg_mo2020,BP2-1,0.3364722366212129,0.3139230836493857,0.39999999999999997,0.3687844505936046,-0.03121554940639537
log_digest_mg_kg_mo2020,BP3-1,0.0953101798043248,0.3139230836493857,0.09999999999999994,0.3687844505936046,0.2687844505936047
log_digest_mg_kg_mo2020,BP3-8,0.4054651081081644,0.26569067228600807,0.5,0.3043315303883198,-0.19566846961168022
log_digest_mg_kg_mo2020,HV1-8,0.262364264467491,0.12872099673695803,0.29999999999999993,0.13737274918514508,-0.16262725081485485
log_digest_mg_kg_mo2020,HV2-5,0.7419373447293773,0.19075198239772595,1.1,0.21015927405660006,-0.8898407259434
log_digest_mg_kg_mo2020,HV3-1,0.4700036292457355,0.25804642972196856,0.6,0.29439891581085664,-0.30560108418914333
log_digest_mg_kg_mo2020,HV3-9,0.3364722366212129,0.12872099673695803,0.39999999999999997,0.13737274918514508,-0.2626272508148549
log_digest_mg_kg_mo2020,KR-1,0.0953101798043248,0.3200774153827365,0.09999999999999994,0.37723437933567744,0.2772343793356775
log_digest_mg_kg_mo2020,KR-2,0.0953101798043248,0.3200774153827365,0.09999999999999994,0.37723437933567744,0.2772343793356775
log_digest_mg_kg_mo2020,KR-4,0.0953101798043248,0.22297585222639632,0.09999999999999994,0.24979039371611575,0.1497903937161158
log_digest_mg_kg_mo2020,MF1-1,0.1823215567939546,0.11271245520225075,0.19999999999999996,0.11931003489314623,-0.08068996510685372
log_digest_mg_kg_mo2020,MF1-6,0.0953101798043248,0.11271245520225075,0.09999999999999994,0.11931003489314623,0.019310034893146297
log_digest_mg_kg_mo2020,MF2-1,0.0953101798043248,0.1301147306001767,0.09999999999999994,0.13895904928408756,0.038959049284087624
log_digest_mg_kg_mo2020,MF3-1,0.0953101798043248,0.1301147306001767,0.09999999999999994,0.13895904928408756,0.038959049284087624
log_digest_mg_kg_mo2020,MFX-2,0.0953101798043248,0.11271245520225075,0.09999999999999994,0.11931003489314623,0.019310034893146297
log_digest_mg_kg_mo2020,MSP1-1,0.0953101798043248,0.0953101798043248,0.09999999999999994,0.09999999999999994,0.0
log_digest_mg_kg_mo2020,MSP1-4,0.5306282510621704,0.0953101798043248,0.7,0.09999999999999994,-0.6
log_digest_mg_kg_mo2020,MSP2-1,0.4054651081081644,0.0953101798043248,0.5,0.09999999999999994,-0.4000000000000001
log_digest_mg_kg_mo2020,MSP3-1,0.0953101798043248,0.0953101798043248,0.09999999999999994,0.09999999999999994,0.0
log_digest_mg_kg_mo2020,MSP3-4,0.1823215567939546,0.0953101798043248,0.19999999999999996,0.09999999999999994,-0.10000000000000002
log_digest_mg_kg_mo2020,MW2-1,0.0953101798043248,0.11271245520225075,0.09999999999999994,0.11931003489314623,0.019310034893146297
log_digest_mg_kg_mo2020,NP1-1,0.1823215567939546,0.11271245520225075,0.19999999999999996,0.11931003489314623,-0.08068996510685372
log_digest_mg_kg_mo2020,NP2-1,0.1823215567939546,0.11271245520225075,0.19999999999999996,0.11931003489314623,-0.08068996510685372
log_digest_mg_kg_mo2020,NP3-1,0.4054651081081644,0.11271245520225075,0.5,0.11931003489314623,-0.38068996510685377
log_digest_mg_kg_mo2020,NP3-4,0.0953101798043248,0.11271245520225075,0.09999999999999994,0.11931003489314623,0.019310034893146297
log_digest_mg_kg_mo2020,NP4-5,0.6418538861723948,0.3108110853164915,0.9,0.3645314168146675,-0.5354685831853325
log_digest_mg_kg_mo2020,RM1-1,0.6418538861723948,0.16213181366959128,0.9,0.17601524598997734,-0.7239847540100227
log_digest_mg_kg_mo2020,RM1-8,0.5306282510621704,0.16213181366959128,0.7,0.17601524598997734,-0.5239847540100226
log_digest_mg_kg_mo2020,RM2-1,0.3364722366212129,0.16213181366959128,0.39999999999999997,0.17601524598997734,-0.22398475401002263
log_digest_mg_kg_mo2020,RM3-1,0.5306282510621704,0.16213181366959128,0.7,0.17601524598997734,-0.5239847540100226
log_digest_mg_kg_mo2020,RM3-8,0.3364722366212129,0.25804642972196856,0.39999999999999997,0.29439891581085664,-0.10560108418914332
log_digest_mg_kg_mo2020,SH1-1,0.4700036292457355,0.3329851196102507,0.6,0.39512653828870486,-0.2048734617112951
log_digest_mg_kg_mo2020,SH1-6,0.5877866649021191,0.3200774153827365,0.8,0.37723437933567744,-0.4227656206643226
log_digest_mg_kg_mo2020,SH2-1,0.6931471805599453,0.3200774153827365,1.0,0.37723437933567744,-0.6227656206643226
log_digest_mg_kg_mo2020,SH3-2,0.5877866649021191,0.25804642972196856,0.8,0.29439891581085664,-0.5056010841891434
log_digest_mg_kg_mo2020,SH3-8,0.4054651081081644,0.3062788410853462,0.5,0.35836102060619696,-0.14163897939380304
log_digest_mg_kg_mo2020,TGV1-1,0.4700036292457355,0.16352554753280996,0.6,0.17765544099412905,-0.4223445590058709
log_digest_mg_kg_mo2020,TGV1-8,0.0953101798043248,0.2732387378825775,0.09999999999999994,0.3142139600334691,0.21421396003346915
log_digest_mg_kg_mo2020,TGV2-1,0.4054651081081644,0.3062788410853462,0.5,0.35836102060619696,-0.14163897939380304
log_digest_mg_kg_mo2020,TGV3-1,0.262364264467491,0.19177500253108004,0.29999999999999993,0.21139792483283837,-0.08860207516716156
log_digest_mg_kg_mo2020,TGV3-9,0.5306282510621704,0.2732387378825775,0.7,0.3142139600334691,-0.3857860399665309
log_digest_mg_kg_mo2020,TN1-1,0.4054651081081644,0.3799145947693896,0.5,0.462159708014485,-0.03784029198551497
log_digest_mg_kg_mo2020,TN1-8,0.4054651081081644,0.42454330503223153,0.5,0.5288920229052527,0.028892022905252723
log_digest_mg_kg_mo2020,TN2-1,0.0953101798043248,0.42454330503223153,0.09999999999999994,0.5288920229052527,0.4288920229052528
log_digest_mg_kg_mo2020,TN3-1,0.262364264467491,0.3260480080126727,0.29999999999999993,0.38548188150792734,0.0854818815079274
log_digest_mg_kg_mo2020,TN3-5,0.0953101798043248,0.2563866691590295,0.09999999999999994,0.2922523054600759,0.192252305460076
log_digest_mg_kg_mo2020,CB-CMBjA1,0.1823215567939546,0.1301147306001767,0.19999999999999996,0.13895904928408756,-0.061040950715912395
log_digest_mg_kg_mo2020,CB-iH5,0.3364722366212129,0.23707050355787343,0.39999999999999997,0.26753048003362345,-0.13246951996637651
log_digest_mg_kg_mo2020,VV-0,0.0953101798043248,0.4158082923316992,0.09999999999999994,0.5155952897792475,0.4155952897792476
log_digest_mg_kg_mo2020,VV-d,0.262364264467491,0.4158082923316992,0.29999999999999993,0.5155952897792475,0.21559528977924758
log_digest_mg_kg_mo2020,VV-J,0.0953101798043248,0.4158082923316992,0.09999999999999994,0.5155952897792475,0.4155952897792476
log_digest_mg_kg_mo2020,VV-L,0.7419373447293773,0.4158082923316992,1.1,0.5155952897792475,-0.5844047102207526
log_digest_mg_kg_mo2020,WV-BA 1,0.3364722366212129,0.1573411654650927,0.39999999999999997,0.17039484409659186,-0.2296051559034081
log_digest_mg_kg_mo2020,WV-UNN 1,0.4054651081081644,0.3062788410853462,0.5,0.35836102060619696,-0.14163897939380304
log_digest_mg_kg_mo2020,WV-UNN 3,0.3364722366212129,0.3062788410853462,0.39999999999999997,0.35836102060619696,-0.04163897939380301
log_digest_mg_kg_mo2020,WV-UNN-2,0.4700036292457355,0.3062788410853462,0.6,0.35836102060619696,-0.24163897939380302
log_digest_mg_kg_mo2020,WV-ZS 2,0.4054651081081644,0.26569067228600807,0.5,0.3043315303883198,-0.19566846961168022
log_digest_mg_kg_p_1774,BS-607,6.268433185117099,5.513590082212608,526.6500000000001,247.04001456762052,-279.6099854323796
log_digest_mg_kg_p_1774,BS-610,6.282397579458549,5.522663299522813,534.0700000000002,249.30077620280025,-284.7692237971999
log_digest_mg_kg_p_1774,BS-618,5.786437152778389,5.512798822856326,324.84999999999997,246.84382821274193,-78.00617178725804
log_digest_mg_kg_p_1774,BPS-1,5.376388901968192,5.645167667012861,215.23999999999998,281.92098876329544,66.68098876329546
log_digest_mg_kg_p_1774,BPS-18,5.624739267315748,5.950463463448402,276.2,382.9312359281324,106.73123592813243
log_digest_mg_kg_p_1774,BPS-22,5.398524626965062,5.960497530085436,220.07999999999998,386.80301991773433,166.72301991773435
log_digest_mg_kg_p_1774,BPS-25,5.528635121610247,6.0523126495280986,250.79999999999998,424.0949898703662,173.2949898703662
log_digest_mg_kg_p_1774,BPS-5,5.281018601969707,6.052728353412078,195.57000000000005,424.2717402440787,228.70174024407868
log_digest_mg_kg_p_1774,CK-20B,6.496473285552407,6.632421775697305,661.7999999999997,758.3188456636033,96.51884566360354
log_digest_mg_kg_p_1774,CK1-100B,6.6182181536498765,6.697921939016281,747.6100000000004,809.7193492261407,62.10934922614035
log_digest_mg_kg_p_1774,CK2-100A,6.384300238816005,6.697922778668303,591.47,809.7200299485678,218.25002994856777
log_digest_mg_kg_p_1774,CK2-100B,6.473720928856169,6.6909366389424445,646.89,804.0759646107362,157.18596461073616
log_digest_mg_kg_p_1774,CM-2 1,5.470799003060018,5.813963302536182,236.65,333.9439828722065,97.2939828722065
log_digest_mg_kg_p_1774,CM-4,5.777776154564528,5.808937255495383,322.0400000000001,332.2647621144375,10.224762114437397
log_digest_mg_kg_p_1774,CM-PA 3-10,5.9511632503344565,5.809063915317541,383.2000000000001,332.3069760432862,-50.893023956713876
log_digest_mg_kg_p_1774,CM-PA 30,5.619494658133612,5.808937255495383,274.75000000000006,332.2647621144375,57.51476211443742
log_digest_mg_kg_p_1774,CM2 (OM),5.618043015708491,5.814095453391114,274.35,333.9882489307317,59.63824893073166
log_digest_mg_kg_p_1774,LC1-5,8.696695778646394,7.469619381608257,5982.109999999999,1752.9389770794696,-4229.171022920529
log_digest_mg_kg_p_1774,LGP (3-4),8.801299378002133,7.498504874585274,6641.870000000004,1804.3411841335546,-4837.52881586645
log_digest_mg_kg_p_1774,LGP (BA 1-3),8.922522290275563,7.469475621342347,7497.979999999995,1752.6868484692081,-5745.293151530786
log_digest_mg_kg_p_1774,CR-0819,9.295692039075686,7.767851955659817,10889.99999999999,2362.389167274342,-8527.610832725648
log_digest_mg_kg_p_1774,CR-0821,9.051220365471996,7.767851955659817,8527.940000000019,2362.389167274342,-6165.550832725677
log_digest_mg_kg_p_1774,CR-0826,9.487711468550197,7.767851955659817,13195.560000000014,2362.389167274342,-10833.170832725671
log_digest_mg_kg_p_1774,CR-0828,9.314482345513024,7.767851955659817,11096.579999999998,2362.389167274342,-8734.190832725657
log_digest_mg_kg_p_1774,CR-0833,7.732860114490813,7.767851955659817,2281.12,2362.389167274342,81.26916727434218
log_digest_mg_kg_p_1774,CS-CR2,8.62084845395606,7.578937707618567,5545.09,1955.5494334910775,-3589.540566508923
log_digest_mg_kg_p_1774,CS-CR5,9.33729984174515,8.223954768248756,11352.70999999999,3728.2214646889042,-7624.488535311086
log_digest_mg_kg_p_1774,CS-CR7,8.603334189736223,8.165218700207225,5448.800000000003,3515.4903101539585,-1933.3096898460444
log_digest_mg_kg_p_1774,CS-CR9,8.515395576674564,8.165435845940362,4990.02,3516.2539839316755,-1473.766016068325
log_digest_mg_kg_p_1774,DS1(1-2),5.630171814719692,5.812071354693597,277.7099999999999,333.3108854089603,55.60088540896038
log_digest_mg_kg_p_1774,DS2(1-2),6.084226027189293,5.635377491183255,437.8799999999998,279.1646570391291,-158.71534296087071
log_digest_mg_kg_p_1774,DA-1,5.27903260513617,5.7330026808095,195.18,307.89539151974276,112.71539151974275
log_digest_mg_kg_p_1774,DA-3,5.490877991384453,5.7330026808095,241.47000000000008,307.89539151974276,66.42539151974267
log_digest_mg_kg_p_1774,DA-4,5.418320158942733,5.7330026808095,224.50000000000003,307.89539151974276,83.39539151974273
log_digest_mg_kg_p_1774,DA-5,5.591732970847578,5.7330026808095,267.19999999999993,307.89539151974276,40.69539151974283
log_digest_mg_kg_p_1774,DA-6,5.700142524735606,5.7330026808095,297.9100000000001,307.89539151974276,9.985391519742677
log_digest_mg_kg_p_1774,GE-A1-3,6.626611783369938,6.614169380430882,753.9199999999997,744.5851754269421,-9.334824573057631
log_digest_mg_kg_p_1774,GE-A2-2,6.638371434811732,6.614162828231047,762.8499999999999,744.580290219883,-18.269709780116955
log_digest_mg_kg_p_1774,GE-B1-3,6.6969848637310685,6.622929495817907,808.9599999999999,751.1452792762692,-57.814720723730716
log_digest_mg_kg_p_1774,GE-C2-3,6.620206530975591,6.554232295774919,749.1000000000004,701.2098533680316,-47.89014663196872
log_digest_mg_kg_p_1774,GE-C3-2,6.801171793579353,6.556615045822545,897.8999999999999,702.8850389112322,-195.01496108876768
log_digest_mg_kg_p_1774,HS-1,7.476670549522729,6.0088781362037995,1765.3500000000001,406.0264358183142,-1359.323564181686
log_digest_mg_kg_p_1774,HS-2,7.504391559161238,6.035898191249871,1814.9999999999993,417.1742414528987,-1397.8257585471006
log_digest_mg_kg_p_1774,HS-3,7.484930283289661,5.95375898253279,1779.9999999999995,384.1985757675502,-1395.8014242324493
log_digest_mg_kg_p_1774,HS-4,6.877337307760604,6.018257691307801,969.0400000000002,409.86212310129577,-559.1778768987044
log_digest_mg_kg_p_1774,HS-7,8.147314315112954,6.039869474387556,3453.089999999998,418.83823166782497,-3034.251768332173
log_digest_mg_kg_p_1774,HC-BA1,6.1154284418394464,5.574054963083688,451.78999999999996,262.5004203097836,-189.28957969021639
log_digest_mg_kg_p_1774,HC-BA2,5.829357297564267,5.564014633472234,339.14,259.8680264022408,-79.2719735977592
log_digest_mg_kg_p_1774,HC-Z5-1,6.05432196848885,5.549985721353824,424.95000000000016,256.2338829279535,-168.71611707204664
log_digest_mg_kg_p_1774,HC-ZS2,6.24105526843704,5.492450873083361,512.4,241.85167671300505,-270.5483232869949
log_digest_mg_kg_p_1774,HVY-4A,6.669218863060446,6.474550444952809,786.7799999999999,647.4276581510671,-139.35234184893272
log_digest_mg_kg_p_1774,HVY-5A,6.993336467072343,6.474550444952809,1088.35,647.4276581510671,-440.9223418489328
log_digest_mg_kg_p_1774,HVY-9054A,6.995518872985597,6.474307420088257,1090.7299999999996,647.2700932541429,-443.45990674585664
log_digest_mg_kg_p_1774,HVY-9062A,6.741594431627354,6.5812705745408575,845.9099999999999,720.4554100278076,-125.45458997219225
log_digest_mg_kg_p_1774,HVY-9130A,7.015011995713845,6.47074939437404,1112.2200000000003,644.967630133093,-467.2523698669072
log_digest_mg_kg_p_1774,HD-10,6.047395819428781,5.5919423828610615,422.0100000000001,267.25617018316655,-154.75382981683356
log_digest_mg_kg_p_1774,HD-14,5.919726840577038,5.596445749495013,371.30999999999983,268.46695031649864,-102.84304968350119
log_digest_mg_kg_p_1774,HD-6,5.404477562376427,5.591434075330002,221.39999999999998,267.1198482012895,45.71984820128955
log_digest_mg_kg_p_1774,HG-3,6.0456922818110765,5.723942096925372,421.28999999999985,305.10925996320367,-116.18074003679618
log_digest_mg_kg_p_1774,HG-54,5.23750522715128,5.578682500483555,187.20000000000007,263.72260402908654,76.52260402908647
log_digest_mg_kg_p_1774,HG-6,6.48176087962148,6.583225870797014,652.12,721.8674491175178,69.74744911751782
log_digest_mg_kg_p_1774,HG-8,5.918356075287344,6.076669797346043,370.8,434.5762196278561,63.77621962785611
log_digest_mg_kg_p_1774,HG-9,5.636858889290626,5.55367100344452,279.58,257.18361128339876,-22.396388716601223
log_digest_mg_kg_p_1774,HM-2,5.904844002824208,5.39500340804185,365.80999999999995,219.3028978967114,-146.50710210328853
log_digest_mg_kg_p_1774,HM-3,5.900718933801237,5.395001529873714,364.29999999999995,219.30248413121694,-144.997515868783
log_digest_mg_kg_p_1774,HM-5,6.42126448023094,5.383399233105244,613.78,216.76123997297708,-397.0187600270229
log_digest_mg_kg_p_1774,HM-6,5.886992525511271,5.4138669765801986,359.3200000000001,223.49803998838226,-135.82196001161785
log_digest_mg_kg_p_1774,LI-10,6.7303018535850425,7.788923369075957,836.3999999999996,2412.7174998793926,1576.317499879393
log_digest_mg_kg_p_1774,LI-11,5.69299112357798,7.843962803194408,295.77999999999986,2549.2911374754826,2253.511137475483
log_digest_mg_kg_p_1774,LI-12,5.580257988370704,7.843962803194408,264.1400000000001,2549.2911374754826,2285.1511374754828
log_digest_mg_kg_p_1774,LI-13,5.4038478677575,7.843962803194408,221.26,2549.2911374754826,2328.031137475483
log_digest_mg_kg_p_1774,LI-14,5.714722414694536,7.843962803194408,302.30000000000007,2549.2911374754826,2246.9911374754824
log_digest_mg_kg_p_1774,LI-15,5.609435164477434,7.843962803194408,271.99000000000007,2549.2911374754826,2277.3011374754824
log_digest_mg_kg_p_1774,LI-4,6.408545265388375,7.7970078336011515,606.0099999999999,2432.310204933011,1826.3002049330112
log_digest_mg_kg_p_1774,LI-5,6.38130827431319,7.7970078336011515,589.7,2432.310204933011,1842.610204933011
log_digest_mg_kg_p_1774,LI-6,6.280901329156024,7.7970078336011515,533.2700000000001,2432.310204933011,1899.040204933011
log_digest_mg_kg_p_1774,LI-9,4.6605102810212555,7.788923369075957,104.68999999999996,2412.7174998793926,2308.0274998793925
log_digest_mg_kg_p_1774,LGP-BA LV8,6.780069623834381,6.641766229464284,879.1300000000003,765.4475204249545,-113.68247957504582
log_digest_mg_kg_p_1774,LV-14,6.470985245045557,6.572770534335914,645.1199999999998,714.3489991713769,69.22899917137715
log_digest_mg_kg_p_1774,LV-18,6.526553423009652,6.572770534335914,682.0400000000001,714.3489991713769,32.308999171376854
log_digest_mg_kg_p_1774,MD-BJA1,5.520260197285728,5.712309633284416,248.70000000000005,301.56908552132984,52.869085521329794
log_digest_mg_kg_p_1774,MD-UN11,5.6513306146537765,5.712421711540032,283.6699999999999,301.6029988370755,17.932998837075615
log_digest_mg_kg_p_1774,MD-UN6,5.962936463493444,5.712955497283282,387.7499999999999,301.76456712130647,-85.98543287869342
log_digest_mg_kg_p_1774,ME-A1-1,6.2878585601617845,6.592814420178208,537.0,728.8320361322701,191.8320361322701
log_digest_mg_kg_p_1774,ME-A2-3,6.571303042160927,6.592814420178208,713.2999999999998,728.8320361322701,15.532036132270264
log_digest_mg_kg_p_1774,ME-B1-2,6.583685809077966,6.5874258139937,722.1999999999998,724.9098357959745,2.709835795974641
log_digest_mg_kg_p_1774,ME-c2-3,6.652553303974038,6.602418612701158,773.7599999999998,735.8752515761852,-37.884748423814585
log_digest_mg_kg_p_1774,ME-C3-1,6.512250402668226,6.602418612701158,672.3400000000003,735.8752515761852,63.53525157618492
log_digest_mg_kg_p_1774,HK-1,5.501707089375386,6.756364494276436,244.1100000000001,858.5117489756119,614.4017489756118
log_digest_mg_kg_p_1774,HK-2,5.776382167070545,6.7562341525541045,321.5900000000001,858.3997260346762,536.809726034676
log_digest_mg_kg_p_1774,HK-3,5.735184237795733,6.759002350023703,308.57,860.7820099765788,552.2120099765789
log_digest_mg_kg_p_1774,HK-4,5.608628949247602,6.754309045363112,271.76999999999987,856.746880904631,584.9768809046311
log_digest_mg_kg_p_1774,HK-5,5.759942241866406,6.7362069339698225,316.3300000000001,841.359543153123,525.0295431531229
log_digest_mg_kg_p_1774,MK-A6,6.304412238682238,6.671534512718367,545.9799999999999,788.6063362488683,242.62633624886837
log_digest_mg_kg_p_1774,MK-KYBjA6,6.500192973291647,6.953382741523619,664.2700000000002,1045.6844091666483,381.41440916664806
log_digest_mg_kg_p_1774,MK-UN8,6.651597713049167,6.671534512718367,773.02,788.6063362488683,15.586336248868292
log_digest_mg_kg_p_1774,MFP-A1,6.028928911090341,5.467121322226811,414.2699999999999,235.77760432969296,-178.49239567030696
log_digest_mg_kg_p_1774,MFP-A2,5.956018700173683,5.467121322226811,385.0699999999999,235.77760432969296,-149.29239567030692
log_digest_mg_kg_p_1774,MFP-AAA,5.741720313996593,5.4431451306298895,310.59999999999997,230.16809517546335,-80.43190482453662
log_digest_mg_kg_p_1774,MFP-d,5.870115786804742,5.467154682434852,353.2899999999999,235.7855034115895,-117.5044965884104
log_digest_mg_kg_p_1774,MS-11,4.971478578895062,5.726432438795699,143.24,305.872526673239,162.632526673239
log_digest_mg_kg_p_1774,MS-12,4.737776150536114,5.726432438795699,113.18000000000005,305.872526673239,192.69252667323894
log_digest_mg_kg_p_1774,MS-5,5.220896219579452,5.726432438795699,184.10000000000005,305.872526673239,121.77252667323896
log_digest_mg_kg_p_1774,MS-7,4.720995751493682,5.726432438795699,111.28,305.872526673239,194.592526673239
log_digest_mg_kg_p_1774,ON-10,5.577879057767046,6.265393170329155,263.51000000000005,525.0483719171484,261.53837191714837
log_digest_mg_kg_p_1774,OR-4,5.439209105245518,6.148127824508887,229.25999999999993,466.8406865030846,237.58068650308468
log_digest_mg_kg_p_1774,OR-8,5.586536794598434,6.175807098258205,265.80999999999995,479.97105821207464,214.1610582120747
log_digest_mg_kg_p_1774,AV1-1,5.992464047441065,5.166043558932004,399.3999999999999,174.22021581751812,-225.1797841824818
log_digest_mg_kg_p_1774,AV1-8,6.538168766908871,5.263697044567659,690.0200000000002,192.19442100343483,-497.82557899656535
log_digest_mg_kg_p_1774,AV2-1,5.906723318652891,5.234160124495278,366.4999999999999,186.57150345892285,-179.92849654107704
log_digest_mg_kg_p_1774,AV3-1,5.915015374944575,5.208820458300085,369.55999999999983,181.87821843809334,-187.6817815619065
log_digest_mg_kg_p_1774,AV3-7,5.944215694507371,5.308606153422382,380.54,201.06837968738344,-179.47162031261658
log_digest_mg_kg_p_1774,BP1-1,5.907811162110729,5.251669796346088,366.9000000000001,189.88474113564845,-177.01525886435164
log_digest_mg_kg_p_1774,BP1-8,6.042395275776525,5.343896793779375,419.9000000000001,208.3268265127934,-211.5731734872067
log_digest_mg_kg_p_1774,BP2-1,5.823134648940764,5.295142165717277,337.03,198.36596695765743,-138.66403304234254
log_digest_mg_kg_p_1774,BP3-1,6.093750340648732,5.268021343877884,442.0800000000001,193.03166043720478,-249.04833956279532
log_digest_mg_kg_p_1774,BP3-8,6.009009726323731,5.337886641723693,406.08,207.0725135376525,-199.0074864623475
log_digest_mg_kg_p_1774,HV1-8,5.7480226206349245,5.415496913648123,312.56999999999994,223.8642560389164,-88.70574396108353
log_digest_mg_kg_p_1774,HV2-5,6.679121684924289,5.406067215925312,794.6200000000003,221.7538201004525,-572.8661798995479
log_digest_mg_kg_p_1774,HV3-1,5.7510476671233155,5.281751665609405,313.5200000000001,195.71415114918304,-117.80584885081706
log_digest_mg_kg_p_1774,HV3-9,5.854211953681605,5.4100348322618,347.6999999999999,222.6393774102211,-125.06062258977877
log_digest_mg_kg_p_1774,KR-1,5.461286194826176,5.291051003588093,234.3999999999999,197.55199464546988,-36.84800535453002
log_digest_mg_kg_p_1774,KR-2,5.0271645960474665,5.355852511492871,151.50000000000003,210.8444992633563,59.34449926335628
log_digest_mg_kg_p_1774,KR-4,6.239495813929971,5.452611656747781,511.60000000000025,232.3668448264881,-279.23315517351216
log_digest_mg_kg_p_1774,MF1-1,5.691068662236126,6.569246381817706,295.2100000000001,711.8324371732687,416.62243717326857
log_digest_mg_kg_p_1774,MF1-6,5.743579944530267,6.394699560265337,311.1799999999999,597.6634339180812,286.4834339180813
log_digest_mg_kg_p_1774,MF2-1,6.421996181631867,6.404310454016168,614.2299999999999,603.4448624193726,-10.785137580627293
log_digest_mg_kg_p_1774,MF3-1,6.103698883833949,6.415303128651114,446.51,610.1259825384171,163.61598253841714
log_digest_mg_kg_p_1774,MFX-2,5.910064668894999,6.449749895799539,367.73,631.5440710979623,263.81407109796226
log_digest_mg_kg_p_1774,MSP1-1,5.365274834672918,5.581098984840357,212.85000000000002,264.36307559370925,51.51307559370923
log_digest_mg_kg_p_1774,MSP1-4,5.471556132733606,5.9645743583871225,236.83,388.3872533744783,151.55725337447828
log_digest_mg_kg_p_1774,MSP2-1,5.45090968991121,5.766230215725659,231.97,318.33164930882236,86.36164930882236
log_digest_mg_kg_p_1774,MSP3-1,5.026508643252546,5.780490640832472,151.40000000000003,322.91807887134377,171.51807887134373
log_digest_mg_kg_p_1774,MSP3-4,5.725185128416607,5.9584714044857305,305.4900000000001,386.018077755668,80.52807775566788
log_digest_mg_kg_p_1774,MW2-1,5.893355453997663,6.4469114746205225,361.6200000000002,629.7511902890415,268.1311902890413
log_digest_mg_kg_p_1774,NP1-1,7.104612348170508,6.427138062161308,1216.5699999999997,617.4015861288327,-599.168413871167
log_digest_mg_kg_p_1774,NP2-1,5.797454950518836,6.598432555230709,328.46,732.943870682513,404.483870682513
log_digest_mg_kg_p_1774,NP3-1,5.751842213399761,6.524448225303898,313.77000000000004,680.603578265433,366.833578265433
log_digest_mg_kg_p_1774,NP3-4,5.744124353939579,6.48670045350372,311.3500000000001,655.3541154943147,344.0041154943146
log_digest_mg_kg_p_1774,NP4-5,4.921949789263568,6.494156584780747,136.26999999999995,660.266268013556,523.996268013556
log_digest_mg_kg_p_1774,RM1-1,5.789042318607025,5.299399921703939,325.70000000000005,199.21662826604765,-126.4833717339524
log_digest_mg_kg_p_1774,RM1-8,5.780897824873725,5.317001129104469,323.05000000000007,202.77187923502956,-120.27812076497051
log_digest_mg_kg_p_1774,RM2-1,5.891312665157541,5.29475700869873,360.87999999999994,198.2891945418909,-162.59080545810903
log_digest_mg_kg_p_1774,RM3-1,5.86220971125072,5.29681979036731,350.5,198.70070892538283,-151.79929107461717
log_digest_mg_kg_p_1774,RM3-8,5.717619631444223,5.309355142711449,303.1800000000001,201.21978343224214,-101.96021656775798
log_digest_mg_kg_p_1774,SH1-1,5.376157650666373,5.321481499132405,215.19000000000005,203.68690094255047,-11.503099057449589
log_digest_mg_kg_p_1774,SH1-6,5.592962639550957,5.36414983570127,267.53,212.60955424588573,-54.92044575411424
log_digest_mg_kg_p_1774,SH2-1,5.581765488467756,5.313127341720014,264.53999999999996,201.9840372513221,-62.55596274867787
log_digest_mg_kg_p_1774,SH3-2,5.922891230452735,5.311468187905041,372.49000000000007,201.64753474344135,-170.8424652565587
log_digest_mg_kg_p_1774,SH3-8,5.6259650669428645,5.332021359668866,276.54,205.855681577632,-70.68431842236802
log_digest_mg_kg_p_1774,TGV1-1,5.6610489320693,5.177895433886134,286.45000000000005,176.3092589906526,-110.14074100934744
log_digest_mg_kg_p_1774,TGV1-8,5.610277331459341,5.4017785140818,272.2199999999999,220.8005410075752,-51.41945899242472
log_digest_mg_kg_p_1774,TGV2-1,5.698066167660092,5.326084683102004,297.29,204.63128432140329,-92.65871567859674
log_digest_mg_kg_p_1774,TGV3-1,5.662856308043556,5.742386968584634,286.97000000000014,310.8077988269581,23.837798826957965
log_digest_mg_kg_p_1774,TGV3-9,5.751524470641622,5.3838539926236555,313.6700000000001,216.8602914901989,-96.80970850980117
log_digest_mg_kg_p_1774,TN1-1,5.791304832184148,5.4067860987487295,326.44,221.91401156812188,-104.52598843187812
log_digest_mg_kg_p_1774,TN1-8,6.082218910376446,5.653224392446151,437.0000000000001,284.2096125159828,-152.7903874840173
log_digest_mg_kg_p_1774,TN2-1,5.956717810778147,5.411695845199383,385.34,223.0111539868278,-162.32884601317218
log_digest_mg_kg_p_1774,TN3-1,6.005120873555468,5.430235608685226,404.50000000000006,227.2030057006991,-177.29699429930096
log_digest_mg_kg_p_1774,TN3-5,6.014765948510248,5.990521971061863,408.43000000000006,398.6231472156574,-9.806852784342652
log_digest_mg_kg_p_1774,CB-CMBjA1,7.030822108558777,5.335713213451282,1129.9599999999996,206.6207739436477,-923.3392260563519
log_digest_mg_kg_p_1774,CB-iH5,6.226516906246328,5.3809950484855795,504.9899999999999,216.2383305862999,-288.75166941370003
log_digest_mg_kg_p_1774,VV-0,4.09150720740194,6.021302800937333,58.82999999999998,411.11515014287204,352.28515014287206
log_digest_mg_kg_p_1774,VV-d,2.7087166456453704,6.021302800937333,14.009999999999998,411.11515014287204,397.10515014287205
log_digest_mg_kg_p_1774,VV-J,3.192531849528599,6.021302800937333,23.35,411.11515014287204,387.765150142872
log_digest_mg_kg_p_1774,VV-L,3.785779278853896,6.021302800937333,43.07000000000003,411.11515014287204,368.045150142872
log_digest_mg_kg_p_1774,WV-BA 1,5.773246346316266,5.42614835818282,320.5800000000001,226.27218639266593,-94.30781360733417
log_digest_mg_kg_p_1774,WV-UNN 1,6.3035343076165935,4.88736042463861,545.5000000000001,131.6030958333349,-413.8969041666652
log_digest_mg_kg_p_1774,WV-UNN 3,5.631964186865729,4.88736042463861,278.2100000000001,131.6030958333349,-146.6069041666652
log_digest_mg_kg_p_1774,WV-UNN-2,6.067406550683139,4.88736042463861,430.55999999999995,131.6030958333349,-298.956904166665
log_digest_mg_kg_p_1774,WV-ZS 2,4.814701509882439,5.363717380823141,122.30999999999997,212.5171977235908,90.20719772359084
log_digest_mg_kg_pb2203,BS-607,0.9162907318741552,1.9218189370527248,1.5000000000000004,5.833376653909875,4.333376653909875
log_digest_mg_kg_pb2203,BS-610,0.9162907318741552,1.8761634177921656,1.5000000000000004,5.528409972124004,4.028409972124004
log_digest_mg_kg_pb2203,BS-618,0.9162907318741552,1.918188049606312,1.5000000000000004,5.808610421310577,4.308610421310577
log_digest_mg_kg_pb2203,BPS-1,0.9162907318741552,2.096442346514542,1.5000000000000004,7.137169127675414,5.6371691276754134
log_digest_mg_kg_pb2203,BPS-18,0.9162907318741552,1.6856157389656812,1.5000000000000004,4.395772296950944,2.8957722969509434
log_digest_mg_kg_pb2203,BPS-22,0.9162907318741552,1.6952907297567674,1.5000000000000004,4.448229697477355,2.948229697477355
log_digest_mg_kg_pb2203,BPS-25,0.9162907318741552,1.5283587452740288,1.5000000000000004,3.6106034343942035,2.110603434394203
log_digest_mg_kg_pb2203,BPS-5,0.9162907318741552,1.5283180108203878,1.5000000000000004,3.6104156278074733,2.110415627807473
log_digest_mg_kg_pb2203,CK-20B,2.580216829592325,1.372505912239948,12.2,2.9452247054809453,-9.254775294519053
log_digest_mg_kg_pb2203,CK1-100B,2.3085671646715933,1.3820248325168303,9.060000000000002,2.9829582915062773,-6.077041708493725
log_digest_mg_kg_pb2203,CK2-100A,2.545531271604435,1.382024782906159,11.749999999999996,2.9829580939090476,-8.767041906090949
log_digest_mg_kg_pb2203,CK2-100B,2.362739015813793,1.3836363649588612,9.620000000000001,2.989382132732319,-6.6306178672676825
log_digest_mg_kg_pb2203,CM-2 1,3.040705639196722,2.2234620749634,19.92,8.239262578650063,-11.680737421349939
log_digest_mg_kg_pb2203,CM-4,2.6411978941143697,2.2158186231479324,13.030000000000001,8.168911923744094,-4.861088076255907
log_digest_mg_kg_pb2203,CM-PA 3-10,2.996232148595642,2.2170419964294923,19.009999999999998,8.1801357897016,-10.829864210298398
log_digest_mg_kg_pb2203,CM-PA 30,3.017493765335504,2.2158186231479324,19.440000000000005,8.168911923744094,-11.27108807625591
log_digest_mg_kg_pb2203,CM2 (OM),2.811208293204837,2.2226736205882673,15.630000000000011,8.231980712733685,-7.398019287266326
log_digest_mg_kg_pb2203,LC1-5,0.9162907318741552,1.6817743143813253,1.5000000000000004,4.3750846051417,2.875084605141699
log_digest_mg_kg_pb2203,LGP (3-4),1.3812818192963463,1.667559507452099,2.98,4.299219298043548,1.319219298043548
log_digest_mg_kg_pb2203,LGP (BA 1-3),0.9162907318741552,1.681843129794496,1.5000000000000004,4.375454506536943,2.875454506536942
log_digest_mg_kg_pb2203,CR-0819,0.9162907318741552,1.3013358147225316,1.5000000000000004,2.674201443335652,1.1742014433356514
log_digest_mg_kg_pb2203,CR-0821,0.9162907318741552,1.3013358147225316,1.5000000000000004,2.674201443335652,1.1742014433356514
log_digest_mg_kg_pb2203,CR-0826,0.9162907318741552,1.3013358147225316,1.5000000000000004,2.674201443335652,1.1742014433356514
log_digest_mg_kg_pb2203,CR-0828,0.9162907318741552,1.3013358147225316,1.5000000000000004,2.674201443335652,1.1742014433356514
log_digest_mg_kg_pb2203,CR-0833,0.9162907318741552,1.3013358147225316,1.5000000000000004,2.674201443335652,1.1742014433356514
log_digest_mg_kg_pb2203,CS-CR2,0.9162907318741552,1.283387566054612,1.5000000000000004,2.60884424034309,1.1088442403430894
log_digest_mg_kg_pb2203,CS-CR5,1.4134230285081433,1.1055722491029705,3.1100000000000003,2.0209527117460833,-1.089047288253917
log_digest_mg_kg_pb2203,CS-CR7,0.9162907318741552,1.1206367078577544,1.5000000000000004,2.0668062414201716,0.5668062414201711
log_digest_mg_kg_pb2203,CS-CR9,0.9162907318741552,1.120582249516845,1.5000000000000004,2.066639232787921,0.5666392327879204
log_digest_mg_kg_pb2203,DS1(1-2),0.9162907318741552,1.9204688629878044,1.5000000000000004,5.82415731410972,4.324157314109719
log_digest_mg_kg_pb2203,DS2(1-2),0.9162907318741552,1.5929565090554136,1.5000000000000004,3.918268359277109,2.4182683592771084
log_digest_mg_kg_pb2203,DA-1,1.4609379041156565,1.8449267826601348,3.3100000000000005,5.327636480730373,2.0176364807303724
log_digest_mg_kg_pb2203,DA-3,1.5282278570085572,1.8449267826601348,3.6100000000000003,5.327636480730373,1.7176364807303726
log_digest_mg_kg_pb2203,DA-4,1.5282278570085572,1.8449267826601348,3.6100000000000003,5.327636480730373,1.7176364807303726
log_digest_mg_kg_pb2203,DA-5,1.7457155307266483,1.8449267826601348,4.73,5.327636480730373,0.5976364807303725
log_digest_mg_kg_pb2203,DA-6,1.9430489167742813,1.8449267826601348,5.980000000000001,5.327636480730373,-0.6523635192696284
log_digest_mg_kg_pb2203,GE-A1-3,0.9162907318741552,1.6283270208427412,1.5000000000000004,4.095343181043437,2.5953431810434364
log_digest_mg_kg_pb2203,GE-A2-2,1.4134230285081433,1.6283897522410842,3.1100000000000003,4.095662829072101,0.9856628290721003
log_digest_mg_kg_pb2203,GE-B1-3,0.9162907318741552,1.6044937294626287,1.5000000000000004,3.975340096913246,2.4753400969132455
log_digest_mg_kg_pb2203,GE-C2-3,0.9162907318741552,1.3976750557994513,1.5000000000000004,3.0457828046299653,1.5457828046299649
log_digest_mg_kg_pb2203,GE-C3-2,0.9162907318741552,1.4131920978232428,1.5000000000000004,3.10905098446768,1.6090509844676797
log_digest_mg_kg_pb2203,HS-1,2.924236271848921,2.344356218412639,17.620000000000005,9.42655814026674,-8.193441859733264
log_digest_mg_kg_pb2203,HS-2,2.128231705849268,2.369523800775176,7.3999999999999995,9.69229940690605,2.292299406906051
log_digest_mg_kg_pb2203,HS-3,2.5572273113676265,2.5273860360854163,11.9,11.520734575125271,-0.37926542487472936
log_digest_mg_kg_pb2203,HS-4,2.105352923464337,2.370467134849169,7.21,9.702390576189506,2.492390576189506
log_digest_mg_kg_pb2203,HS-7,1.47932922708708,2.482498545075261,3.3899999999999997,10.971137509344734,7.581137509344734
log_digest_mg_kg_pb2203,HC-BA1,1.5432981099295553,1.7618972258366912,3.6799999999999997,4.823475368255087,1.1434753682550873
log_digest_mg_kg_pb2203,HC-BA2,1.5238800240724537,1.7607484855453597,3.59,4.816789548334578,1.2267895483345779
log_digest_mg_kg_pb2203,HC-Z5-1,1.5933085305042167,1.728465560375436,3.92,4.632005302641417,0.7120053026414173
log_digest_mg_kg_pb2203,HC-ZS2,1.56234630490025,1.6969297403887271,3.7700000000000005,4.457166725818444,0.687166725818444
log_digest_mg_kg_pb2203,HVY-4A,0.9162907318741552,1.5037315947839869,1.5000000000000004,3.4984441600564877,1.9984441600564873
log_digest_mg_kg_pb2203,HVY-5A,0.9162907318741552,1.5037315947839869,1.5000000000000004,3.4984441600564877,1.9984441600564873
log_digest_mg_kg_pb2203,HVY-9054A,1.5539252025038417,1.6929962507614778,3.7300000000000004,4.435743179379808,0.7057431793798079
log_digest_mg_kg_pb2203,HVY-9062A,0.9162907318741552,1.5402782157507529,1.5000000000000004,3.6658882140180484,2.165888214018048
log_digest_mg_kg_pb2203,HVY-9130A,0.9162907318741552,1.7111224177744457,1.5000000000000004,4.5351707663168295,3.035170766316829
log_digest_mg_kg_pb2203,HD-10,2.0241930674493576,1.7561525235078297,6.570000000000001,4.790117144018761,-1.7798828559812403
log_digest_mg_kg_pb2203,HD-14,2.050270164379556,1.7544131259292588,6.77,4.780054582213658,-1.9899454177863412
log_digest_mg_kg_pb2203,HD-6,1.4350845252893227,1.7935681546773299,3.2000000000000006,5.010861932644319,1.8108619326443187
log_digest_mg_kg_pb2203,HG-3,1.6601310267496183,1.9326476864453384,4.259999999999999,5.907775674361917,1.6477756743619185
log_digest_mg_kg_pb2203,HG-54,1.791759469228055,1.970485050105303,5.0,6.174155469404234,1.1741554694042344
log_digest_mg_kg_pb2203,HG-6,1.615419984111648,1.5379386399965012,4.030000000000001,3.654984774764975,-0.37501522523502606
log_digest_mg_kg_pb2203,HG-8,0.9162907318741552,2.3199114772151765,1.5000000000000004,9.174773566914862,7.674773566914862
log_digest_mg_kg_pb2203,HG-9,0.9162907318741552,2.0387550128516905,1.5000000000000004,6.6810404469862466,5.1810404469862466
log_digest_mg_kg_pb2203,HM-2,1.4996230464268938,2.2013931354055067,3.48,8.037595327335389,4.557595327335388
log_digest_mg_kg_pb2203,HM-3,1.6863989535702288,2.2013882829181086,4.4,8.037551472624354,3.637551472624354
log_digest_mg_kg_pb2203,HM-5,1.8293763327993615,2.2067695589651053,5.229999999999999,8.086316122230214,2.856316122230215
log_digest_mg_kg_pb2203,HM-6,1.6882490928583902,2.209848160150908,4.41,8.114332369116473,3.7043323691164733
log_digest_mg_kg_pb2203,LI-10,3.414442608412176,1.5223284935504369,29.4,3.5828839966796138,-25.817116003320386
log_digest_mg_kg_pb2203,LI-11,2.222459048514761,1.4781742128813584,8.23,3.3849324147667197,-4.845067585233281
log_digest_mg_kg_pb2203,LI-12,1.8373699804801071,1.4781742128813584,5.2799999999999985,3.3849324147667197,-1.8950675852332788
log_digest_mg_kg_pb2203,LI-13,1.6845453849209058,1.4781742128813584,4.39,3.3849324147667197,-1.00506758523328
log_digest_mg_kg_pb2203,LI-14,2.128231705849268,1.4781742128813584,7.3999999999999995,3.3849324147667197,-4.01506758523328
log_digest_mg_kg_pb2203,LI-15,2.018895041811802,1.4781742128813584,6.529999999999999,3.3849324147667197,-3.1450675852332797
log_digest_mg_kg_pb2203,LI-4,2.5817308344235403,1.5255400975726945,12.220000000000002,3.5976260655293992,-8.622373934470604
log_digest_mg_kg_pb2203,LI-5,2.6026896854443837,1.5255400975726945,12.5,3.5976260655293992,-8.902373934470601
log_digest_mg_kg_pb2203,LI-6,2.334083760053417,1.5255400975726945,9.32,3.5976260655293992,-5.7223739344706015
log_digest_mg_kg_pb2203,LI-9,1.4951487660319729,1.5223284935504369,3.460000000000001,3.5828839966796138,0.12288399667961292
log_digest_mg_kg_pb2203,LGP-BA LV8,3.2973172511747633,1.4027625959623478,26.04,3.066418334673605,-22.973581665326392
log_digest_mg_kg_pb2203,LV-14,2.7813006628418027,1.4481579191432474,15.139999999999999,3.2552687420231035,-11.884731257976895
log_digest_mg_kg_pb2203,LV-18,2.89977188240808,1.4481579191432474,17.17,3.2552687420231035,-13.914731257976898
log_digest_mg_kg_pb2203,MD-BJA1,1.410986973710262,2.621025239025312,3.0999999999999996,12.749813206318867,9.649813206318868
log_digest_mg_kg_pb2203,MD-UN11,2.328252839742623,2.6205584756417095,9.259999999999994,12.743396794572307,3.4833967945723128
log_digest_mg_kg_pb2203,MD-UN6,1.7884205679625405,2.617695922557034,4.98,12.70411184613501,7.72411184613501
log_digest_mg_kg_pb2203,ME-A1-1,0.9162907318741552,1.5051320099139933,1.5000000000000004,3.504748262469639,2.0047482624696387
log_digest_mg_kg_pb2203,ME-A2-3,0.9162907318741552,1.5051320099139933,1.5000000000000004,3.504748262469639,2.0047482624696387
log_digest_mg_kg_pb2203,ME-B1-2,0.9162907318741552,1.5111756844360045,1.5000000000000004,3.5320559309818775,2.032055930981877
log_digest_mg_kg_pb2203,ME-c2-3,0.9162907318741552,1.4361333436524497,1.5000000000000004,3.204407347974864,1.7044073479748634
log_digest_mg_kg_pb2203,ME-C3-1,1.483874689458755,1.4361333436524497,3.410000000000001,3.204407347974864,-0.2055926520251372
log_digest_mg_kg_pb2203,HK-1,1.6845453849209058,2.443464638266995,4.39,10.512859617959228,6.122859617959228
log_digest_mg_kg_pb2203,HK-2,2.166765369851511,2.443431628709361,7.730000000000001,10.512479589828452,2.7824795898284505
log_digest_mg_kg_pb2203,HK-3,1.8213182714695997,2.444134141912315,5.1800000000000015,10.5205701002515,5.340570100251499
log_digest_mg_kg_pb2203,HK-4,1.6428726885203375,2.4273155597828766,4.169999999999999,10.328430730824126,6.158430730824127
log_digest_mg_kg_pb2203,HK-5,2.248128907197987,2.45496844666054,8.47,10.646066070805814,2.1760660708058133
log_digest_mg_kg_pb2203,MK-A6,2.753023566744941,2.442818884975861,14.689999999999996,10.505427550869722,-4.184572449130274
log_digest_mg_kg_pb2203,MK-KYBjA6,2.745345985845907,2.4284826545068467,14.570000000000002,10.341659800848225,-4.228340199151777
log_digest_mg_kg_pb2203,MK-UN8,2.5952547069568657,2.442818884975861,12.4,10.505427550869722,-1.894572449130278
log_digest_mg_kg_pb2203,MFP-A1,1.5871923034867808,1.660389638901036,3.8900000000000006,4.261360475826664,0.37136047582666354
log_digest_mg_kg_pb2203,MFP-A2,1.742219023667919,1.660389638901036,4.71,4.261360475826664,-0.44863952417333586
log_digest_mg_kg_pb2203,MFP-AAA,1.824549292051046,1.6469772462145698,5.200000000000001,4.191264173438712,-1.0087358265612894
log_digest_mg_kg_pb2203,MFP-d,1.790091412127358,1.6603793425197635,4.989999999999999,4.261306303132084,-0.7286936968679152
log_digest_mg_kg_pb2203,MS-11,1.4770487243883548,1.9700220114793976,3.38,6.170834327281531,2.790834327281531
log_digest_mg_kg_pb2203,MS-12,1.415853163361435,1.9700220114793976,3.12,6.170834327281531,3.050834327281531
log_digest_mg_kg_pb2203,MS-5,0.9162907318741552,1.9700220114793976,1.5000000000000004,6.170834327281531,4.670834327281531
log_digest_mg_kg_pb2203,MS-7,1.7732559976634952,1.9700220114793976,4.889999999999999,6.170834327281531,1.2808343272815321
log_digest_mg_kg_pb2203,ON-10,0.9162907318741552,1.2673491163732733,1.5000000000000004,2.551425656935781,1.0514256569357805
log_digest_mg_kg_pb2203,OR-4,0.9162907318741552,1.2628630103377894,1.5000000000000004,2.535529267964637,1.0355292679646366
log_digest_mg_kg_pb2203,OR-8,0.9162907318741552,1.2138310233140677,1.5000000000000004,2.366356571003008,0.8663565710030077
log_digest_mg_kg_pb2203,AV1-1,2.0451088625993306,1.2447817145265911,6.7299999999999995,2.4721767908541645,-4.257823209145835
log_digest_mg_kg_pb2203,AV1-8,2.127040520479115,1.2421423580240956,7.3900000000000015,2.4630245617740996,-4.926975438225902
log_digest_mg_kg_pb2203,AV2-1,2.0228711901914416,1.2411884144506764,6.56,2.4597226069385005,-4.100277393061499
log_digest_mg_kg_pb2203,AV3-1,1.958685340544036,1.243990287568824,6.09,2.469429903663413,-3.620570096336587
log_digest_mg_kg_pb2203,AV3-7,2.377692565480851,1.2422669087650078,9.780000000000001,2.4634559109109353,-7.316544089089065
log_digest_mg_kg_pb2203,BP1-1,1.786746927404511,1.245126348636587,4.9700000000000015,2.4733736276357727,-2.496626372364229
log_digest_mg_kg_pb2203,BP1-8,2.104134154270207,1.2486396661808248,7.199999999999997,2.485598153886362,-4.714401846113635
log_digest_mg_kg_pb2203,BP2-1,1.8389610707123492,1.2423116098851317,5.29,2.4636107347300262,-2.826389265269974
log_digest_mg_kg_pb2203,BP3-1,1.6695918352538477,1.2441254791379708,4.310000000000001,2.4698989730425325,-1.840101026957469
log_digest_mg_kg_pb2203,BP3-8,1.8991179875485544,1.2481513465855847,5.680000000000001,2.4838964835199935,-3.196103516480007
log_digest_mg_kg_pb2203,HV1-8,2.0268315914075385,1.1916696194809344,6.59,2.2925739663350724,-4.2974260336649275
log_digest_mg_kg_pb2203,HV2-5,2.136530508663963,1.1890749702396581,7.47,2.28404196535301,-5.18595803464699
log_digest_mg_kg_pb2203,HV3-1,2.2027647577118348,1.2132302242950217,8.05,2.3643346747148626,-5.685665325285138
log_digest_mg_kg_pb2203,HV3-9,2.066862759472976,1.1516030136953848,6.900000000000002,2.163259596075532,-4.73674040392447
log_digest_mg_kg_pb2203,KR-1,3.086486636822455,1.3266851471670182,20.9,2.7685305357728427,-18.131469464227155
log_digest_mg_kg_pb2203,KR-2,3.0368742168851663,1.3712206597982588,19.840000000000003,2.9401573529064007,-16.899842647093603
log_digest_mg_kg_pb2203,KR-4,2.104134154270207,1.4722166324245582,7.199999999999997,3.358886489492592,-3.841113510507405
log_digest_mg_kg_pb2203,MF1-1,2.039920783517553,1.9803808449435796,6.690000000000003,6.245501872525362,-0.4444981274746409
log_digest_mg_kg_pb2203,MF1-6,1.885553348514416,2.008794696165359,5.590000000000001,6.454327201318428,0.8643272013184271
log_digest_mg_kg_pb2203,MF2-1,1.873339456220478,1.984806229647612,5.510000000000001,6.277637058520671,0.7676370585206707
log_digest_mg_kg_pb2203,MF3-1,1.885553348514416,1.9988255952760905,5.590000000000001,6.380383450139484,0.7903834501394833
log_digest_mg_kg_pb2203,MFX-2,2.063058062429312,1.9274995755020496,6.869999999999999,5.872305060486588,-0.9976949395134111
log_digest_mg_kg_pb2203,MSP1-1,1.9430489167742813,1.5735986051567787,5.980000000000001,3.8239765830674948,-2.1560234169325065
log_digest_mg_kg_pb2203,MSP1-4,2.414126467726953,1.525797299002748,10.180000000000001,3.598808733613746,-6.581191266386256
log_digest_mg_kg_pb2203,MSP2-1,2.278292400425001,1.6188748292817186,8.76,4.047407924732783,-4.712592075267216
log_digest_mg_kg_pb2203,MSP3-1,2.0781907597781832,1.5523300885615878,6.989999999999999,3.7224611253336697,-3.2675388746663296
log_digest_mg_kg_pb2203,MSP3-4,2.0268315914075385,1.4843769348421911,6.59,3.4122154584462727,-3.177784541553727
log_digest_mg_kg_pb2203,MW2-1,1.5282278570085572,1.9782460176007504,3.6100000000000003,6.230050475915654,2.6200504759156535
log_digest_mg_kg_pb2203,NP1-1,5.001258132283659,2.0159756789675405,147.6,6.508049254468093,-141.0919507455319
log_digest_mg_kg_pb2203,NP2-1,4.273048472104136,1.9336251279727639,70.74,5.914530922060167,-64.82546907793983
log_digest_mg_kg_pb2203,NP3-1,4.17392562489244,2.063610380432076,63.970000000000006,6.8743479432949,-57.095652056705106
log_digest_mg_kg_pb2203,NP3-4,4.212571943586751,1.995564515148999,66.53,6.35635462958933,-60.17364537041067
log_digest_mg_kg_pb2203,NP4-5,2.2321626286975,1.6918982222761942,8.320000000000002,4.429777854178011,-3.8902221458219914
log_digest_mg_kg_pb2203,RM1-1,2.050270164379556,1.7791892380779528,6.77,4.925050665227911,-1.844949334772089
log_digest_mg_kg_pb2203,RM1-8,2.127040520479115,1.7651285462794895,7.3900000000000015,4.84232331874456,-2.5476766812554414
log_digest_mg_kg_pb2203,RM2-1,1.8389610707123492,1.7680085172966882,5.29,4.859173292647423,-0.4308267073525771
log_digest_mg_kg_pb2203,RM3-1,2.1294214739848565,1.7719423956193083,7.409999999999998,4.882267963481062,-2.5277320365189366
log_digest_mg_kg_pb2203,RM3-8,2.2874714551839976,1.7468365411576579,8.850000000000001,4.73642699145887,-4.113573008541131
log_digest_mg_kg_pb2203,SH1-1,2.976039640208255,1.6677979476557083,18.61,4.300482995624111,-14.309517004375888
log_digest_mg_kg_pb2203,SH1-6,3.021400020302569,1.7290812761386385,19.52,4.635474084867055,-14.884525915132944
log_digest_mg_kg_pb2203,SH2-1,2.982140320034524,1.6626525053858767,18.73,4.273279712846965,-14.456720287153036
log_digest_mg_kg_pb2203,SH3-2,2.979094632400968,1.6612949412508917,18.670000000000005,4.266125754512406,-14.4038742454876
log_digest_mg_kg_pb2203,SH3-8,2.933324813425374,1.7192376801407807,17.79,4.580272889583998,-13.209727110416
log_digest_mg_kg_pb2203,TGV1-1,2.8130106367386967,1.3017655851821779,15.66,2.67578084594477,-12.98421915405523
log_digest_mg_kg_pb2203,TGV1-8,2.468946630209271,1.1322662405968515,10.809999999999999,2.102679957975908,-8.70732004202409
log_digest_mg_kg_pb2203,TGV2-1,2.513656063073986,1.1624520247744012,11.35,2.1977646689987864,-9.152235331001213
log_digest_mg_kg_pb2203,TGV3-1,2.221375037568502,1.4299573814021853,8.219999999999997,3.1785211054179228,-5.041478894582074
log_digest_mg_kg_pb2203,TGV3-9,2.2700619012884857,1.0636921960118422,8.680000000000001,1.8970477349130181,-6.782952265086983
log_digest_mg_kg_pb2203,TN1-1,2.8160073426073025,1.1085004731268056,15.710000000000003,2.029811702275822,-13.68018829772418
log_digest_mg_kg_pb2203,TN1-8,3.054001181677967,1.1188371804367225,20.200000000000003,2.0612924021341943,-18.13870759786581
log_digest_mg_kg_pb2203,TN2-1,3.0096351787229825,1.1030369099351478,19.28,2.0133032730701106,-17.26669672692989
log_digest_mg_kg_pb2203,TN3-1,2.8507065015037334,1.1062402786857977,16.3,2.0229714717464775,-14.277028528253524
log_digest_mg_kg_pb2203,TN3-5,2.9947317732204075,1.4462276470196456,18.98,3.2470628377539708,-15.73293716224603
log_digest_mg_kg_pb2203,CB-CMBjA1,1.9810014688665831,1.9554892136029791,6.249999999999998,6.0673756344195,-0.182624365580498
log_digest_mg_kg_pb2203,CB-iH5,2.127040520479115,1.9077383768055995,7.3900000000000015,5.737833114078243,-1.6521668859217584
log_digest_mg_kg_pb2203,VV-0,0.9162907318741552,1.7655051931160146,1.5000000000000004,4.844524225796842,3.344524225796842
log_digest_mg_kg_pb2203,VV-d,0.9162907318741552,1.7655051931160146,1.5000000000000004,4.844524225796842,3.344524225796842
log_digest_mg_kg_pb2203,VV-J,0.9162907318741552,1.7655051931160146,1.5000000000000004,4.844524225796842,3.344524225796842
log_digest_mg_kg_pb2203,VV-L,1.4609379041156565,1.7655051931160146,3.3100000000000005,4.844524225796842,1.534524225796842
log_digest_mg_kg_pb2203,WV-BA 1,1.3887912413184778,2.250447964629098,3.01,8.49198695852853,5.48198695852853
log_digest_mg_kg_pb2203,WV-UNN 1,1.4816045409242156,1.5003762838476598,3.4000000000000004,3.4833757748653995,0.08337577486539915
log_digest_mg_kg_pb2203,WV-UNN 3,1.4134230285081433,1.5003762838476598,3.1100000000000003,3.4833757748653995,0.3733757748653992
log_digest_mg_kg_pb2203,WV-UNN-2,1.603419840108537,1.5003762838476598,3.969999999999999,3.4833757748653995,-0.48662422513459935
log_digest_mg_kg_pb2203,WV-ZS 2,1.383791230901772,2.2439763281452603,2.9899999999999993,8.43075661339571,5.440756613395711
log_digest_mg_kg_sb2068,BS-607,0.9162907318741552,0.9536169303743763,1.5000000000000004,1.595078924898376,0.09507892489837566
log_digest_mg_kg_sb2068,BS-610,1.6114359150967734,0.9521186225312933,4.01,1.5911936092181136,-2.418806390781886
log_digest_mg_kg_sb2068,BS-618,0.9162907318741552,0.9533628494638633,1.5000000000000004,1.5944196486405873,0.09441964864058683
log_digest_mg_kg_sb2068,BPS-1,0.9162907318741552,1.0100642155413055,1.5000000000000004,1.7457773309333553,0.24577733093335485
log_digest_mg_kg_sb2068,BPS-18,0.9162907318741552,0.9764073643774297,1.5000000000000004,1.6549009960557213,0.15490099605572083
log_digest_mg_kg_sb2068,BPS-22,0.9162907318741552,0.9494155459758474,1.5000000000000004,1.58419887243591,0.08419887243590951
log_digest_mg_kg_sb2068,BPS-25,0.9162907318741552,1.0127391165792192,1.5000000000000004,1.7531318454798583,0.2531318454798579
log_digest_mg_kg_sb2068,BPS-5,0.9162907318741552,1.0128507792157622,1.5000000000000004,1.7534392846048872,0.25343928460488674
log_digest_mg_kg_sb2068,CK-20B,0.9162907318741552,1.218326351655192,1.5000000000000004,2.3815235137556767,0.8815235137556763
log_digest_mg_kg_sb2068,CK1-100B,0.9162907318741552,1.153670655764514,1.5000000000000004,2.1698068510493274,0.6698068510493269
log_digest_mg_kg_sb2068,CK2-100A,0.9162907318741552,1.1536710335570426,1.5000000000000004,2.169808048578899,0.6698080485788984
log_digest_mg_kg_sb2068,CK2-100B,0.9162907318741552,1.1754500451531198,1.5000000000000004,2.2396005823519154,0.739600582351915
log_digest_mg_kg_sb2068,CM-2 1,0.9162907318741552,0.9569813025646439,1.5000000000000004,1.603824439598872,0.10382443959887167
log_digest_mg_kg_sb2068,CM-4,0.9162907318741552,0.9564737554072015,1.5000000000000004,1.6025032112272897,0.10250321122728923
log_digest_mg_kg_sb2068,CM-PA 3-10,0.9162907318741552,0.9565720094268697,1.5000000000000004,1.6027589301914946,0.10275893019149418
log_digest_mg_kg_sb2068,CM-PA 30,0.9162907318741552,0.9564737554072015,1.5000000000000004,1.6025032112272897,0.10250321122728923
log_digest_mg_kg_sb2068,CM2 (OM),0.9162907318741552,0.9568479199811147,1.5000000000000004,1.6034771579292402,0.10347715792923973
log_digest_mg_kg_sb2068,LC1-5,1.6253112615903906,0.9162907318741552,4.080000000000001,1.5000000000000004,-2.5800000000000005
log_digest_mg_kg_sb2068,LGP (3-4),0.9162907318741552,0.9162907318741551,1.5000000000000004,1.5,-4.440892098500626e-16
log_digest_mg_kg_sb2068,LGP (BA 1-3),0.9162907318741552,0.9162907318741551,1.5000000000000004,1.5,-4.440892098500626e-16
log_digest_mg_kg_sb2068,CR-0819,0.9162907318741552,0.9162907318741553,1.5000000000000004,1.5000000000000007,2.220446049250313e-16
log_digest_mg_kg_sb2068,CR-0821,0.9162907318741552,0.9162907318741553,1.5000000000000004,1.5000000000000007,2.220446049250313e-16
log_digest_mg_kg_sb2068,CR-0826,0.9162907318741552,0.9162907318741553,1.5000000000000004,1.5000000000000007,2.220446049250313e-16
log_digest_mg_kg_sb2068,CR-0828,0.9162907318741552,0.9162907318741553,1.5000000000000004,1.5000000000000007,2.220446049250313e-16
log_digest_mg_kg_sb2068,CR-0833,0.9162907318741552,0.9162907318741553,1.5000000000000004,1.5000000000000007,2.220446049250313e-16
log_digest_mg_kg_sb2068,CS-CR2,0.9162907318741552,0.9162907318741554,1.5000000000000004,1.5000000000000009,4.440892098500626e-16
log_digest_mg_kg_sb2068,CS-CR5,0.9162907318741552,0.9162907318741554,1.5000000000000004,1.5000000000000009,4.440892098500626e-16
log_digest_mg_kg_sb2068,CS-CR7,0.9162907318741552,0.916290731874155,1.5000000000000004,1.4999999999999998,-6.661338147750939e-16
log_digest_mg_kg_sb2068,CS-CR9,0.9162907318741552,0.9162907318741551,1.5000000000000004,1.5,-4.440892098500626e-16
log_digest_mg_kg_sb2068,DS1(1-2),0.9162907318741552,0.9704655825951909,1.5000000000000004,1.6391729263357397,0.1391729263357393
log_digest_mg_kg_sb2068,DS2(1-2),0.9162907318741552,0.9162907318741553,1.5000000000000004,1.5000000000000007,2.220446049250313e-16
log_digest_mg_kg_sb2068,DA-1,0.9162907318741552,0.9162907318741549,1.5000000000000004,1.4999999999999996,-8.881784197001252e-16
log_digest_mg_kg_sb2068,DA-3,0.9162907318741552,0.9162907318741549,1.5000000000000004,1.4999999999999996,-8.881784197001252e-16
log_digest_mg_kg_sb2068,DA-4,0.9162907318741552,0.9162907318741549,1.5000000000000004,1.4999999999999996,-8.881784197001252e-16
log_digest_mg_kg_sb2068,DA-5,0.9162907318741552,0.9162907318741549,1.5000000000000004,1.4999999999999996,-8.881784197001252e-16
log_digest_mg_kg_sb2068,DA-6,0.9162907318741552,0.9162907318741549,1.5000000000000004,1.4999999999999996,-8.881784197001252e-16
log_digest_mg_kg_sb2068,GE-A1-3,0.9162907318741552,1.0894905685932608,1.5000000000000004,1.9727592698150591,0.47275926981505867
log_digest_mg_kg_sb2068,GE-A2-2,1.5496879080283263,1.0894934669862097,3.71,1.9727678860520523,-1.7372321139479476
log_digest_mg_kg_sb2068,GE-B1-3,0.9162907318741552,1.0930467611249306,1.5000000000000004,1.983349793939135,0.48334979393913446
log_digest_mg_kg_sb2068,GE-C2-3,0.9162907318741552,1.1985890101972778,1.5000000000000004,2.315435575058311,0.8154355750583107
log_digest_mg_kg_sb2068,GE-C3-2,1.5040773967762742,1.1909310989487703,3.5000000000000004,2.29014323054189,-1.2098567694581104
log_digest_mg_kg_sb2068,HS-1,0.9162907318741552,0.9162907318741552,1.5000000000000004,1.5000000000000004,0.0
log_digest_mg_kg_sb2068,HS-2,0.9162907318741552,0.9162907318741553,1.5000000000000004,1.5000000000000007,2.220446049250313e-16
log_digest_mg_kg_sb2068,HS-3,0.9162907318741552,0.9162907318741551,1.5000000000000004,1.5,-4.440892098500626e-16
log_digest_mg_kg_sb2068,HS-4,0.9162907318741552,0.9162907318741551,1.5000000000000004,1.5,-4.440892098500626e-16
log_digest_mg_kg_sb2068,HS-7,0.9162907318741552,0.9162907318741553,1.5000000000000004,1.5000000000000007,2.220446049250313e-16
log_digest_mg_kg_sb2068,HC-BA1,0.9162907318741552,0.9454723777287641,1.5000000000000004,1.5740290054235546,0.07402900542355417
log_digest_mg_kg_sb2068,HC-BA2,0.9162907318741552,0.9162907318741552,1.5000000000000004,1.5000000000000004,0.0
log_digest_mg_kg_sb2068,HC-Z5-1,0.9162907318741552,0.9460227569726521,1.5000000000000004,1.5754460874918126,0.07544608749181214
log_digest_mg_kg_sb2068,HC-ZS2,0.9162907318741552,0.9505701186881049,1.5000000000000004,1.5871842410179875,0.08718424101798705
log_digest_mg_kg_sb2068,HVY-4A,0.9162907318741552,1.1689669101036453,1.5000000000000004,2.218665749271238,0.7186657492712376
log_digest_mg_kg_sb2068,HVY-5A,1.4134230285081433,1.1689669101036453,3.1100000000000003,2.218665749271238,-0.8913342507287623
log_digest_mg_kg_sb2068,HVY-9054A,0.9162907318741552,1.1509196484160302,1.5000000000000004,2.161098672732075,0.6610986727320745
log_digest_mg_kg_sb2068,HVY-9062A,0.9162907318741552,1.1511228270505593,1.5000000000000004,2.16174100569597,0.6617410056959696
log_digest_mg_kg_sb2068,HVY-9130A,1.4609379041156565,1.1337255876795922,3.3100000000000005,2.1072111504083155,-1.202788849591685
log_digest_mg_kg_sb2068,HD-10,0.9162907318741552,0.9162907318741553,1.5000000000000004,1.5000000000000007,2.220446049250313e-16
log_digest_mg_kg_sb2068,HD-14,0.9162907318741552,0.9162907318741553,1.5000000000000004,1.5000000000000007,2.220446049250313e-16
log_digest_mg_kg_sb2068,HD-6,0.9162907318741552,0.9162907318741552,1.5000000000000004,1.5000000000000004,0.0
log_digest_mg_kg_sb2068,HG-3,0.9162907318741552,0.9162907318741553,1.5000000000000004,1.5000000000000007,2.220446049250313e-16
log_digest_mg_kg_sb2068,HG-54,0.9162907318741552,0.9162907318741547,1.5000000000000004,1.499999999999999,-1.5543122344752192e-15
log_digest_mg_kg_sb2068,HG-6,1.5325568680981427,1.15369468900101,3.6300000000000003,2.169883032682467,-1.4601169673175334
log_digest_mg_kg_sb2068,HG-8,0.9162907318741552,0.9162907318741551,1.5000000000000004,1.5,-4.440892098500626e-16
log_digest_mg_kg_sb2068,HG-9,0.9162907318741552,0.916290731874155,1.5000000000000004,1.4999999999999998,-6.661338147750939e-16
log_digest_mg_kg_sb2068,HM-2,0.9162907318741552,0.9961627175983179,1.5000000000000004,1.707871000853387,0.2078710008533866
log_digest_mg_kg_sb2068,HM-3,0.9162907318741552,0.9961622334416275,1.5000000000000004,1.7078696898198427,0.20786968981984222
log_digest_mg_kg_sb2068,HM-5,0.9162907318741552,0.996290177687338,1.5000000000000004,1.7082161683292822,0.2082161683292818
log_digest_mg_kg_sb2068,HM-6,0.9162907318741552,0.9963207829551168,1.5000000000000004,1.7082990552786992,0.20829905527869874
log_digest_mg_kg_sb2068,LI-10,0.9162907318741552,0.9820031365622756,1.5000000000000004,1.6697988608574028,0.16979886085740237
log_digest_mg_kg_sb2068,LI-11,0.9162907318741552,0.9794768591343193,1.5000000000000004,1.663062720520225,0.16306272052022464
log_digest_mg_kg_sb2068,LI-12,0.9162907318741552,0.9794768591343193,1.5000000000000004,1.663062720520225,0.16306272052022464
log_digest_mg_kg_sb2068,LI-13,0.9162907318741552,0.9794768591343193,1.5000000000000004,1.663062720520225,0.16306272052022464
log_digest_mg_kg_sb2068,LI-14,0.9162907318741552,0.9794768591343193,1.5000000000000004,1.663062720520225,0.16306272052022464
log_digest_mg_kg_sb2068,LI-15,0.9162907318741552,0.9794768591343193,1.5000000000000004,1.663062720520225,0.16306272052022464
log_digest_mg_kg_sb2068,LI-4,0.9162907318741552,0.9834740295432011,1.5000000000000004,1.6737287387687059,0.17372873876870543
log_digest_mg_kg_sb2068,LI-5,0.9162907318741552,0.9834740295432011,1.5000000000000004,1.6737287387687059,0.17372873876870543
log_digest_mg_kg_sb2068,LI-6,0.9162907318741552,0.9834740295432011,1.5000000000000004,1.6737287387687059,0.17372873876870543
log_digest_mg_kg_sb2068,LI-9,0.9162907318741552,0.9820031365622756,1.5000000000000004,1.6697988608574028,0.16979886085740237
log_digest_mg_kg_sb2068,LGP-BA LV8,0.9162907318741552,1.1082135111858769,1.5000000000000004,2.0289423863653444,0.528942386365344
log_digest_mg_kg_sb2068,LV-14,0.9162907318741552,1.1568663333702882,1.5000000000000004,2.1799527346699477,0.6799527346699472
log_digest_mg_kg_sb2068,LV-18,0.9162907318741552,1.1568663333702882,1.5000000000000004,2.1799527346699477,0.6799527346699472
log_digest_mg_kg_sb2068,MD-BJA1,0.9162907318741552,0.9574961407843138,1.5000000000000004,1.6051653330796765,0.10516533307967602
log_digest_mg_kg_sb2068,MD-UN11,0.9162907318741552,0.9550099507380041,1.5000000000000004,1.5986964417383083,0.09869644173830783
log_digest_mg_kg_sb2068,MD-UN6,0.9162907318741552,0.9575019137324894,1.5000000000000004,1.6051803726075444,0.10518037260754398
log_digest_mg_kg_sb2068,ME-A1-1,1.673351238177753,1.1161290224616902,4.33,2.053013154516762,-2.276986845483238
log_digest_mg_kg_sb2068,ME-A2-3,0.9162907318741552,1.1161290224616902,1.5000000000000004,2.053013154516762,0.5530131545167616
log_digest_mg_kg_sb2068,ME-B1-2,1.3862943611198906,1.0817694694205469,3.0,1.9498946841329627,-1.0501053158670373
log_digest_mg_kg_sb2068,ME-c2-3,1.6808279085207734,1.120203385988207,4.37,2.0654776150883123,-2.304522384911688
log_digest_mg_kg_sb2068,ME-C3-1,0.9162907318741552,1.120203385988207,1.5000000000000004,2.0654776150883123,0.5654776150883118
log_digest_mg_kg_sb2068,HK-1,0.9162907318741552,0.9351952967757252,1.5000000000000004,1.5477109688939688,0.04771096889396831
log_digest_mg_kg_sb2068,HK-2,0.9162907318741552,0.9352009622240032,1.5000000000000004,1.5477254028595777,0.04772540285957727
log_digest_mg_kg_sb2068,HK-3,0.9162907318741552,0.9350810749537186,1.5000000000000004,1.5474199813240372,0.0474199813240368
log_digest_mg_kg_sb2068,HK-4,0.9162907318741552,0.9162907318741556,1.5000000000000004,1.500000000000001,6.661338147750939e-16
log_digest_mg_kg_sb2068,HK-5,0.9162907318741552,0.9354772249759594,1.5000000000000004,1.548429341722167,0.04842934172216662
log_digest_mg_kg_sb2068,MK-A6,0.9162907318741552,0.9385388207039329,1.5000000000000004,1.556243557989604,0.056243557989603454
log_digest_mg_kg_sb2068,MK-KYBjA6,0.9162907318741552,0.9162907318741557,1.5000000000000004,1.5000000000000016,1.1102230246251565e-15
log_digest_mg_kg_sb2068,MK-UN8,0.9162907318741552,0.9385388207039329,1.5000000000000004,1.556243557989604,0.056243557989603454
log_digest_mg_kg_sb2068,MFP-A1,0.9162907318741552,0.9162907318741551,1.5000000000000004,1.5,-4.440892098500626e-16
log_digest_mg_kg_sb2068,MFP-A2,0.9162907318741552,0.9162907318741551,1.5000000000000004,1.5,-4.440892098500626e-16
log_digest_mg_kg_sb2068,MFP-AAA,0.9162907318741552,0.916290731874155,1.5000000000000004,1.4999999999999998,-6.661338147750939e-16
log_digest_mg_kg_sb2068,MFP-d,0.9162907318741552,0.9162907318741554,1.5000000000000004,1.5000000000000009,4.440892098500626e-16
log_digest_mg_kg_sb2068,MS-11,0.9162907318741552,0.9783389086288058,1.5000000000000004,1.660034010539053,0.16003401053905253
log_digest_mg_kg_sb2068,MS-12,0.9162907318741552,0.9783389086288058,1.5000000000000004,1.660034010539053,0.16003401053905253
log_digest_mg_kg_sb2068,MS-5,0.9162907318741552,0.9783389086288058,1.5000000000000004,1.660034010539053,0.16003401053905253
log_digest_mg_kg_sb2068,MS-7,0.9162907318741552,0.9783389086288058,1.5000000000000004,1.660034010539053,0.16003401053905253
log_digest_mg_kg_sb2068,ON-10,0.9162907318741552,1.1260403147508453,1.5000000000000004,2.083422911309614,0.5834229113096137
log_digest_mg_kg_sb2068,OR-4,0.9162907318741552,1.0694996867444955,1.5000000000000004,1.9139212617866983,0.41392126178669786
log_digest_mg_kg_sb2068,OR-8,0.9162907318741552,1.1117632445990253,1.5000000000000004,2.039713430217717,0.5397134302177164
log_digest_mg_kg_sb2068,AV1-1,0.9162907318741552,0.9616613549465137,1.5000000000000004,1.6160390345469082,0.11603903454690778
log_digest_mg_kg_sb2068,AV1-8,0.9162907318741552,0.9567685683534948,1.5000000000000004,1.6032705759757024,0.103270575975702
log_digest_mg_kg_sb2068,AV2-1,0.9162907318741552,0.9584887175310395,1.5000000000000004,1.607752443351012,0.10775244335101153
log_digest_mg_kg_sb2068,AV3-1,0.9162907318741552,0.9927591545324239,1.5000000000000004,1.6986702576644932,0.19867025766449276
log_digest_mg_kg_sb2068,AV3-7,0.9162907318741552,0.9545763740415312,1.5000000000000004,1.597569951747515,0.0975699517475146
log_digest_mg_kg_sb2068,BP1-1,0.9162907318741552,0.9573943658964611,1.5000000000000004,1.6049002061619246,0.10490020616192419
log_digest_mg_kg_sb2068,BP1-8,0.9162907318741552,0.952227838796918,1.5000000000000004,1.5914766251623138,0.09147662516231336
log_digest_mg_kg_sb2068,BP2-1,0.9162907318741552,0.9547856656334839,1.5000000000000004,1.598113658192534,0.09811365819253348
log_digest_mg_kg_sb2068,BP3-1,0.9162907318741552,0.9564509360422448,1.5000000000000004,1.602443824434299,0.10244382443429845
log_digest_mg_kg_sb2068,BP3-8,0.9162907318741552,0.9521608048015594,1.5000000000000004,1.591302913952594,0.0913029139525936
log_digest_mg_kg_sb2068,HV1-8,0.9162907318741552,0.9482446599372326,1.5000000000000004,1.581174840798872,0.0811748407988715
log_digest_mg_kg_sb2068,HV2-5,0.9162907318741552,0.9454556972051037,1.5000000000000004,1.573986069629924,0.07398606962992349
log_digest_mg_kg_sb2068,HV3-1,0.9162907318741552,0.9845594402686434,1.5000000000000004,1.676632408170573,0.17663240817057257
log_digest_mg_kg_sb2068,HV3-9,0.9162907318741552,0.9483764286868573,1.5000000000000004,1.5815149813896647,0.08151498138966429
log_digest_mg_kg_sb2068,KR-1,0.9162907318741552,1.0019345559898039,1.5000000000000004,1.7235455867281724,0.22354558672817193
log_digest_mg_kg_sb2068,KR-2,0.9162907318741552,1.0147678392887227,1.5000000000000004,1.7587228559644261,0.2587228559644257
log_digest_mg_kg_sb2068,KR-4,0.9162907318741552,0.9932344197948003,1.5000000000000004,1.6999531467247244,0.19995314672472397
log_digest_mg_kg_sb2068,MF1-1,0.9162907318741552,0.9162907318741552,1.5000000000000004,1.5000000000000004,0.0
log_digest_mg_kg_sb2068,MF1-6,0.9162907318741552,0.9449824188074125,1.5000000000000004,1.5727681458584493,0.07276814585844882
log_digest_mg_kg_sb2068,MF2-1,0.9162907318741552,0.9464109871106331,1.5000000000000004,1.5764461473958584,0.07644614739585798
log_digest_mg_kg_sb2068,MF3-1,0.9162907318741552,0.9444268289768569,1.5000000000000004,1.5713391390478177,0.0713391390478173
log_digest_mg_kg_sb2068,MFX-2,0.9162907318741552,0.9526727897945829,1.5000000000000004,1.5926299618422302,0.09262996184222971
log_digest_mg_kg_sb2068,MSP1-1,0.9162907318741552,0.916290731874155,1.5000000000000004,1.4999999999999998,-6.661338147750939e-16
log_digest_mg_kg_sb2068,MSP1-4,0.9162907318741552,0.916290731874155,1.5000000000000004,1.4999999999999998,-6.661338147750939e-16
log_digest_mg_kg_sb2068,MSP2-1,0.9162907318741552,0.9162907318741549,1.5000000000000004,1.4999999999999996,-8.881784197001252e-16
log_digest_mg_kg_sb2068,MSP3-1,0.9162907318741552,0.9382294816975797,1.5000000000000004,1.5554529344390349,0.05545293443903443
log_digest_mg_kg_sb2068,MSP3-4,0.9162907318741552,0.9362216770318794,1.5000000000000004,1.5503272315413157,0.05032723154131524
log_digest_mg_kg_sb2068,MW2-1,0.9162907318741552,0.9539381164779682,1.5000000000000004,1.5959125620559462,0.09591256205594578
log_digest_mg_kg_sb2068,NP1-1,0.9162907318741552,0.9393179884218842,1.5000000000000004,1.5582360766014949,0.058236076601494435
log_digest_mg_kg_sb2068,NP2-1,0.9162907318741552,0.9162907318741552,1.5000000000000004,1.5000000000000004,0.0
log_digest_mg_kg_sb2068,NP3-1,0.9162907318741552,0.9162907318741553,1.5000000000000004,1.5000000000000007,2.220446049250313e-16
log_digest_mg_kg_sb2068,NP3-4,0.9162907318741552,0.9411472793563086,1.5000000000000004,1.5629201175952168,0.06292011759521632
log_digest_mg_kg_sb2068,NP4-5,0.9162907318741552,1.0444618245597854,1.5000000000000004,1.8418686880964832,0.34186868809648274
log_digest_mg_kg_sb2068,RM1-1,0.9162907318741552,0.9518685317835035,1.5000000000000004,1.5905456566975584,0.09054565669755799
log_digest_mg_kg_sb2068,RM1-8,0.9162907318741552,0.9511220882988881,1.5000000000000004,1.5886126822883455,0.08861268228834507
log_digest_mg_kg_sb2068,RM2-1,0.9162907318741552,0.9521649372386468,1.5000000000000004,1.5913136223709863,0.09131362237098584
log_digest_mg_kg_sb2068,RM3-1,0.9162907318741552,0.9520091716710127,1.5000000000000004,1.5909100163684549,0.09091001636845442
log_digest_mg_kg_sb2068,RM3-8,0.9162907318741552,0.9516903821730424,1.5000000000000004,1.5900841931039362,0.09008419310393578
log_digest_mg_kg_sb2068,SH1-1,0.9162907318741552,0.953933696206086,1.5000000000000004,1.595901087442,0.09590108744199966
log_digest_mg_kg_sb2068,SH1-6,0.9162907318741552,0.9541249507742271,1.5000000000000004,1.5963976128632797,0.0963976128632793
log_digest_mg_kg_sb2068,SH2-1,1.6054298910365616,0.9543195877765797,3.9800000000000004,1.5969030170951495,-2.383096982904851
log_digest_mg_kg_sb2068,SH3-2,0.9162907318741552,0.988592717475133,1.5000000000000004,1.6874498087760696,0.1874498087760692
log_digest_mg_kg_sb2068,SH3-8,0.9162907318741552,0.9556757175865191,1.5000000000000004,1.600427143736652,0.10042714373665151
log_digest_mg_kg_sb2068,TGV1-1,1.7783364488959144,0.9535262372924171,4.92,1.594843579864994,-3.3251564201350057
log_digest_mg_kg_sb2068,TGV1-8,0.9162907318741552,0.9456977151109939,1.5000000000000004,1.574609095736982,0.0746090957369816
log_digest_mg_kg_sb2068,TGV2-1,1.506297153514587,0.9533157414435407,3.5100000000000002,1.594297433545732,-1.9157025664542682
log_digest_mg_kg_sb2068,TGV3-1,0.9162907318741552,0.9605353788094793,1.5000000000000004,1.613095094734479,0.11309509473447865
log_digest_mg_kg_sb2068,TGV3-9,0.9162907318741552,0.9506139316450705,1.5000000000000004,1.5872975956929847,0.08729759569298423
log_digest_mg_kg_sb2068,TN1-1,0.9162907318741552,1.0066909914070992,1.5000000000000004,1.736530812630575,0.23653081263057452
log_digest_mg_kg_sb2068,TN1-8,0.9162907318741552,0.9701398196826702,1.5000000000000004,1.638313321697868,0.1383133216978676
log_digest_mg_kg_sb2068,TN2-1,0.9162907318741552,0.9727794819257023,1.5000000000000004,1.6452867774932793,0.1452867774932789
log_digest_mg_kg_sb2068,TN3-1,0.9162907318741552,1.0373043826112702,1.5000000000000004,1.8216007975862007,0.3216007975862003
log_digest_mg_kg_sb2068,TN3-5,0.9162907318741552,1.0012270262818044,1.5000000000000004,1.7216192788548537,0.22161927885485322
log_digest_mg_kg_sb2068,CB-CMBjA1,0.9162907318741552,1.0416755969440923,1.5000000000000004,1.8339616156446064,0.3339616156446059
log_digest_mg_kg_sb2068,CB-iH5,0.9162907318741552,1.0213233162977693,1.5000000000000004,1.7768670070259944,0.276867007025994
log_digest_mg_kg_sb2068,VV-0,0.9162907318741552,0.9162907318741551,1.5000000000000004,1.5,-4.440892098500626e-16
log_digest_mg_kg_sb2068,VV-d,0.9162907318741552,0.9162907318741551,1.5000000000000004,1.5,-4.440892098500626e-16
log_digest_mg_kg_sb2068,VV-J,0.9162907318741552,0.9162907318741551,1.5000000000000004,1.5,-4.440892098500626e-16
log_digest_mg_kg_sb2068,VV-L,1.43746264769429,0.9162907318741551,3.21,1.5,-1.71
log_digest_mg_kg_sb2068,WV-BA 1,0.9162907318741552,1.0065785260713724,1.5000000000000004,1.736223065079796,0.23622306507979562
log_digest_mg_kg_sb2068,WV-UNN 1,0.9162907318741552,0.9841131140030558,1.5000000000000004,1.6754380233859612,0.1754380233859607
log_digest_mg_kg_sb2068,WV-UNN 3,0.9162907318741552,0.9841131140030558,1.5000000000000004,1.6754380233859612,0.1754380233859607
log_digest_mg_kg_sb2068,WV-UNN-2,0.9162907318741552,0.9841131140030558,1.5000000000000004,1.6754380233859612,0.1754380233859607
log_digest_mg_kg_sb2068,WV-ZS 2,1.47932922708708,1.0281251924281043,3.3899999999999997,1.79581929492581,-1.5941807050741896
log_digest_mg_kg_sn1899,BS-607,0.9162907318741552,0.9162907318741553,1.5000000000000004,1.5000000000000007,2.220446049250313e-16
log_digest_mg_kg_sn1899,BS-610,0.9162907318741552,0.9162907318741553,1.5000000000000004,1.5000000000000007,2.220446049250313e-16
log_digest_mg_kg_sn1899,BS-618,0.9162907318741552,0.9162907318741553,1.5000000000000004,1.5000000000000007,2.220446049250313e-16
log_digest_mg_kg_sn1899,BPS-1,0.9162907318741552,0.9162907318741553,1.5000000000000004,1.5000000000000007,2.220446049250313e-16
log_digest_mg_kg_sn1899,BPS-18,0.9162907318741552,0.9162907318741553,1.5000000000000004,1.5000000000000007,2.220446049250313e-16
log_digest_mg_kg_sn1899,BPS-22,0.9162907318741552,0.9162907318741553,1.5000000000000004,1.5000000000000007,2.220446049250313e-16
log_digest_mg_kg_sn1899,BPS-25,0.9162907318741552,0.9162907318741553,1.5000000000000004,1.5000000000000007,2.220446049250313e-16
log_digest_mg_kg_sn1899,BPS-5,0.9162907318741552,0.9162907318741553,1.5000000000000004,1.5000000000000007,2.220446049250313e-16
log_digest_mg_kg_sn1899,CK-20B,0.9162907318741552,0.9162907318741553,1.5000000000000004,1.5000000000000007,2.220446049250313e-16
log_digest_mg_kg_sn1899,CK1-100B,0.9162907318741552,0.9162907318741553,1.5000000000000004,1.5000000000000007,2.220446049250313e-16
log_digest_mg_kg_sn1899,CK2-100A,0.9162907318741552,0.9162907318741553,1.5000000000000004,1.5000000000000007,2.220446049250313e-16
log_digest_mg_kg_sn1899,CK2-100B,0.9162907318741552,0.9162907318741553,1.5000000000000004,1.5000000000000007,2.220446049250313e-16
log_digest_mg_kg_sn1899,CM-2 1,0.9162907318741552,0.9162907318741553,1.5000000000000004,1.5000000000000007,2.220446049250313e-16
log_digest_mg_kg_sn1899,CM-4,0.9162907318741552,0.9162907318741553,1.5000000000000004,1.5000000000000007,2.220446049250313e-16
log_digest_mg_kg_sn1899,CM-PA 3-10,0.9162907318741552,0.9162907318741553,1.5000000000000004,1.5000000000000007,2.220446049250313e-16
log_digest_mg_kg_sn1899,CM-PA 30,0.9162907318741552,0.9162907318741553,1.5000000000000004,1.5000000000000007,2.220446049250313e-16
log_digest_mg_kg_sn1899,CM2 (OM),0.9162907318741552,0.9162907318741553,1.5000000000000004,1.5000000000000007,2.220446049250313e-16
log_digest_mg_kg_sn1899,LC1-5,0.9162907318741552,0.9486982226056156,1.5000000000000004,1.5823458308858473,0.0823458308858469
log_digest_mg_kg_sn1899,LGP (3-4),0.9162907318741552,0.9486982226056156,1.5000000000000004,1.5823458308858473,0.0823458308858469
log_digest_mg_kg_sn1899,LGP (BA 1-3),0.9162907318741552,0.9486982226056156,1.5000000000000004,1.5823458308858473,0.0823458308858469
log_digest_mg_kg_sn1899,CR-0819,0.9162907318741552,0.9486982226056158,1.5000000000000004,1.5823458308858478,0.08234583088584735
log_digest_mg_kg_sn1899,CR-0821,0.9162907318741552,0.9486982226056158,1.5000000000000004,1.5823458308858478,0.08234583088584735
log_digest_mg_kg_sn1899,CR-0826,0.9162907318741552,0.9486982226056158,1.5000000000000004,1.5823458308858478,0.08234583088584735
log_digest_mg_kg_sn1899,CR-0828,0.9162907318741552,0.9486982226056158,1.5000000000000004,1.5823458308858478,0.08234583088584735
log_digest_mg_kg_sn1899,CR-0833,0.9162907318741552,0.9486982226056158,1.5000000000000004,1.5823458308858478,0.08234583088584735
log_digest_mg_kg_sn1899,CS-CR2,0.9162907318741552,0.9486982226056158,1.5000000000000004,1.5823458308858478,0.08234583088584735
log_digest_mg_kg_sn1899,CS-CR5,0.9162907318741552,0.9486982226056158,1.5000000000000004,1.5823458308858478,0.08234583088584735
log_digest_mg_kg_sn1899,CS-CR7,0.9162907318741552,0.9486982226056158,1.5000000000000004,1.5823458308858478,0.08234583088584735
log_digest_mg_kg_sn1899,CS-CR9,0.9162907318741552,0.9486982226056158,1.5000000000000004,1.5823458308858478,0.08234583088584735
log_digest_mg_kg_sn1899,DS1(1-2),0.9162907318741552,0.9162907318741553,1.5000000000000004,1.5000000000000007,2.220446049250313e-16
log_digest_mg_kg_sn1899,DS2(1-2),0.9162907318741552,0.9162907318741553,1.5000000000000004,1.5000000000000007,2.220446049250313e-16
log_digest_mg_kg_sn1899,DA-1,0.9162907318741552,0.9486982226056158,1.5000000000000004,1.5823458308858478,0.08234583088584735
log_digest_mg_kg_sn1899,DA-3,0.9162907318741552,0.9486982226056158,1.5000000000000004,1.5823458308858478,0.08234583088584735
log_digest_mg_kg_sn1899,DA-4,0.9162907318741552,0.9486982226056158,1.5000000000000004,1.5823458308858478,0.08234583088584735
log_digest_mg_kg_sn1899,DA-5,0.9162907318741552,0.9486982226056158,1.5000000000000004,1.5823458308858478,0.08234583088584735
log_digest_mg_kg_sn1899,DA-6,0.9162907318741552,0.9486982226056158,1.5000000000000004,1.5823458308858478,0.08234583088584735
log_digest_mg_kg_sn1899,GE-A1-3,0.9162907318741552,0.9162907318741553,1.5000000000000004,1.5000000000000007,2.220446049250313e-16
log_digest_mg_kg_sn1899,GE-A2-2,0.9162907318741552,0.9162907318741553,1.5000000000000004,1.5000000000000007,2.220446049250313e-16
log_digest_mg_kg_sn1899,GE-B1-3,0.9162907318741552,0.9162907318741553,1.5000000000000004,1.5000000000000007,2.220446049250313e-16
log_digest_mg_kg_sn1899,GE-C2-3,0.9162907318741552,0.9162907318741553,1.5000000000000004,1.5000000000000007,2.220446049250313e-16
log_digest_mg_kg_sn1899,GE-C3-2,0.9162907318741552,0.9162907318741553,1.5000000000000004,1.5000000000000007,2.220446049250313e-16
log_digest_mg_kg_sn1899,HS-1,0.9162907318741552,0.9497334562737004,1.5000000000000004,1.5850205464715559,0.08502054647155544
log_digest_mg_kg_sn1899,HS-2,0.9162907318741552,0.9497334562737004,1.5000000000000004,1.5850205464715559,0.08502054647155544
log_digest_mg_kg_sn1899,HS-3,0.9162907318741552,0.9497334562737004,1.5000000000000004,1.5850205464715559,0.08502054647155544
log_digest_mg_kg_sn1899,HS-4,0.9162907318741552,0.9497334562737004,1.5000000000000004,1.5850205464715559,0.08502054647155544
log_digest_mg_kg_sn1899,HS-7,0.9162907318741552,0.9497334562737004,1.5000000000000004,1.5850205464715559,0.08502054647155544
log_digest_mg_kg_sn1899,HC-BA1,0.9162907318741552,0.9162907318741553,1.5000000000000004,1.5000000000000007,2.220446049250313e-16
log_digest_mg_kg_sn1899,HC-BA2,0.9162907318741552,0.9162907318741553,1.5000000000000004,1.5000000000000007,2.220446049250313e-16
log_digest_mg_kg_sn1899,HC-Z5-1,0.9162907318741552,0.9162907318741553,1.5000000000000004,1.5000000000000007,2.220446049250313e-16
log_digest_mg_kg_sn1899,HC-ZS2,0.9162907318741552,0.9162907318741553,1.5000000000000004,1.5000000000000007,2.220446049250313e-16
log_digest_mg_kg_sn1899,HVY-4A,0.9162907318741552,0.9162907318741553,1.5000000000000004,1.5000000000000007,2.220446049250313e-16
log_digest_mg_kg_sn1899,HVY-5A,0.9162907318741552,0.9162907318741553,1.5000000000000004,1.5000000000000007,2.220446049250313e-16
log_digest_mg_kg_sn1899,HVY-9054A,0.9162907318741552,0.9162907318741553,1.5000000000000004,1.5000000000000007,2.220446049250313e-16
log_digest_mg_kg_sn1899,HVY-9062A,0.9162907318741552,0.9162907318741553,1.5000000000000004,1.5000000000000007,2.220446049250313e-16
log_digest_mg_kg_sn1899,HVY-9130A,0.9162907318741552,0.9162907318741553,1.5000000000000004,1.5000000000000007,2.220446049250313e-16
log_digest_mg_kg_sn1899,HD-10,0.9162907318741552,0.9162907318741553,1.5000000000000004,1.5000000000000007,2.220446049250313e-16
log_digest_mg_kg_sn1899,HD-14,1.5644405465033646,0.9162907318741553,3.7800000000000002,1.5000000000000007,-2.2799999999999994
log_digest_mg_kg_sn1899,HD-6,0.9162907318741552,0.9162907318741553,1.5000000000000004,1.5000000000000007,2.220446049250313e-16
log_digest_mg_kg_sn1899,HG-3,0.9162907318741552,0.9486982226056158,1.5000000000000004,1.5823458308858478,0.08234583088584735
log_digest_mg_kg_sn1899,HG-54,0.9162907318741552,0.9486982226056158,1.5000000000000004,1.5823458308858478,0.08234583088584735
log_digest_mg_kg_sn1899,HG-6,0.9162907318741552,0.9162907318741553,1.5000000000000004,1.5000000000000007,2.220446049250313e-16
log_digest_mg_kg_sn1899,HG-8,0.9162907318741552,0.9162907318741553,1.5000000000000004,1.5000000000000007,2.220446049250313e-16
log_digest_mg_kg_sn1899,HG-9,0.9162907318741552,0.9486982226056158,1.5000000000000004,1.5823458308858478,0.08234583088584735
log_digest_mg_kg_sn1899,HM-2,0.9162907318741552,0.9162907318741553,1.5000000000000004,1.5000000000000007,2.220446049250313e-16
log_digest_mg_kg_sn1899,HM-3,0.9162907318741552,0.9162907318741553,1.5000000000000004,1.5000000000000007,2.220446049250313e-16
log_digest_mg_kg_sn1899,HM-5,0.9162907318741552,0.9162907318741553,1.5000000000000004,1.5000000000000007,2.220446049250313e-16
log_digest_mg_kg_sn1899,HM-6,0.9162907318741552,0.9162907318741553,1.5000000000000004,1.5000000000000007,2.220446049250313e-16
log_digest_mg_kg_sn1899,LI-10,0.9162907318741552,0.9162907318741553,1.5000000000000004,1.5000000000000007,2.220446049250313e-16
log_digest_mg_kg_sn1899,LI-11,0.9162907318741552,0.9486982226056156,1.5000000000000004,1.5823458308858473,0.0823458308858469
log_digest_mg_kg_sn1899,LI-12,0.9162907318741552,0.9486982226056156,1.5000000000000004,1.5823458308858473,0.0823458308858469
log_digest_mg_kg_sn1899,LI-13,0.9162907318741552,0.9486982226056156,1.5000000000000004,1.5823458308858473,0.0823458308858469
log_digest_mg_kg_sn1899,LI-14,0.9162907318741552,0.9486982226056156,1.5000000000000004,1.5823458308858473,0.0823458308858469
log_digest_mg_kg_sn1899,LI-15,0.9162907318741552,0.9486982226056156,1.5000000000000004,1.5823458308858473,0.0823458308858469
log_digest_mg_kg_sn1899,LI-4,0.9162907318741552,0.9162907318741553,1.5000000000000004,1.5000000000000007,2.220446049250313e-16
log_digest_mg_kg_sn1899,LI-5,0.9162907318741552,0.9162907318741553,1.5000000000000004,1.5000000000000007,2.220446049250313e-16
log_digest_mg_kg_sn1899,LI-6,0.9162907318741552,0.9162907318741553,1.5000000000000004,1.5000000000000007,2.220446049250313e-16
log_digest_mg_kg_sn1899,LI-9,0.9162907318741552,0.9162907318741553,1.5000000000000004,1.5000000000000007,2.220446049250313e-16
log_digest_mg_kg_sn1899,LGP-BA LV8,0.9162907318741552,0.9162907318741553,1.5000000000000004,1.5000000000000007,2.220446049250313e-16
log_digest_mg_kg_sn1899,LV-14,0.9162907318741552,0.9162907318741553,1.5000000000000004,1.5000000000000007,2.220446049250313e-16
log_digest_mg_kg_sn1899,LV-18,0.9162907318741552,0.9162907318741553,1.5000000000000004,1.5000000000000007,2.220446049250313e-16
log_digest_mg_kg_sn1899,MD-BJA1,0.9162907318741552,0.9162907318741553,1.5000000000000004,1.5000000000000007,2.220446049250313e-16
log_digest_mg_kg_sn1899,MD-UN11,0.9162907318741552,0.9162907318741553,1.5000000000000004,1.5000000000000007,2.220446049250313e-16
log_digest_mg_kg_sn1899,MD-UN6,0.9162907318741552,0.9162907318741553,1.5000000000000004,1.5000000000000007,2.220446049250313e-16
log_digest_mg_kg_sn1899,ME-A1-1,0.9162907318741552,0.9162907318741553,1.5000000000000004,1.5000000000000007,2.220446049250313e-16
log_digest_mg_kg_sn1899,ME-A2-3,0.9162907318741552,0.9162907318741553,1.5000000000000004,1.5000000000000007,2.220446049250313e-16
log_digest_mg_kg_sn1899,ME-B1-2,0.9162907318741552,0.9162907318741553,1.5000000000000004,1.5000000000000007,2.220446049250313e-16
log_digest_mg_kg_sn1899,ME-c2-3,0.9162907318741552,0.9162907318741553,1.5000000000000004,1.5000000000000007,2.220446049250313e-16
log_digest_mg_kg_sn1899,ME-C3-1,0.9162907318741552,0.9162907318741553,1.5000000000000004,1.5000000000000007,2.220446049250313e-16
log_digest_mg_kg_sn1899,HK-1,0.9162907318741552,0.9162907318741553,1.5000000000000004,1.5000000000000007,2.220446049250313e-16
log_digest_mg_kg_sn1899,HK-2,0.9162907318741552,0.9162907318741553,1.5000000000000004,1.5000000000000007,2.220446049250313e-16
log_digest_mg_kg_sn1899,HK-3,0.9162907318741552,0.9162907318741553,1.5000000000000004,1.5000000000000007,2.220446049250313e-16
log_digest_mg_kg_sn1899,HK-4,0.9162907318741552,0.9162907318741553,1.5000000000000004,1.5000000000000007,2.220446049250313e-16
log_digest_mg_kg_sn1899,HK-5,1.5851452198650555,0.9162907318741553,3.8799999999999986,1.5000000000000007,-2.379999999999998
log_digest_mg_kg_sn1899,MK-A6,0.9162907318741552,0.9162907318741553,1.5000000000000004,1.5000000000000007,2.220446049250313e-16
log_digest_mg_kg_sn1899,MK-KYBjA6,0.9162907318741552,0.9162907318741553,1.5000000000000004,1.5000000000000007,2.220446049250313e-16
log_digest_mg_kg_sn1899,MK-UN8,0.9162907318741552,0.9162907318741553,1.5000000000000004,1.5000000000000007,2.220446049250313e-16
log_digest_mg_kg_sn1899,MFP-A1,0.9162907318741552,0.9486982226056158,1.5000000000000004,1.5823458308858478,0.08234583088584735
log_digest_mg_kg_sn1899,MFP-A2,0.9162907318741552,0.9486982226056158,1.5000000000000004,1.5823458308858478,0.08234583088584735
log_digest_mg_kg_sn1899,MFP-AAA,0.9162907318741552,0.9486982226056158,1.5000000000000004,1.5823458308858478,0.08234583088584735
log_digest_mg_kg_sn1899,MFP-d,0.9162907318741552,0.9486982226056158,1.5000000000000004,1.5823458308858478,0.08234583088584735
log_digest_mg_kg_sn1899,MS-11,0.9162907318741552,0.9162907318741553,1.5000000000000004,1.5000000000000007,2.220446049250313e-16
log_digest_mg_kg_sn1899,MS-12,0.9162907318741552,0.9162907318741553,1.5000000000000004,1.5000000000000007,2.220446049250313e-16
log_digest_mg_kg_sn1899,MS-5,0.9162907318741552,0.9162907318741553,1.5000000000000004,1.5000000000000007,2.220446049250313e-16
log_digest_mg_kg_sn1899,MS-7,0.9162907318741552,0.9162907318741553,1.5000000000000004,1.5000000000000007,2.220446049250313e-16
log_digest_mg_kg_sn1899,ON-10,0.9162907318741552,0.9162907318741553,1.5000000000000004,1.5000000000000007,2.220446049250313e-16
log_digest_mg_kg_sn1899,OR-4,0.9162907318741552,0.9162907318741553,1.5000000000000004,1.5000000000000007,2.220446049250313e-16
log_digest_mg_kg_sn1899,OR-8,0.9162907318741552,0.9162907318741553,1.5000000000000004,1.5000000000000007,2.220446049250313e-16
log_digest_mg_kg_sn1899,AV1-1,0.9162907318741552,0.9162907318741553,1.5000000000000004,1.5000000000000007,2.220446049250313e-16
log_digest_mg_kg_sn1899,AV1-8,0.9162907318741552,0.9162907318741553,1.5000000000000004,1.5000000000000007,2.220446049250313e-16
log_digest_mg_kg_sn1899,AV2-1,0.9162907318741552,0.9162907318741553,1.5000000000000004,1.5000000000000007,2.220446049250313e-16
log_digest_mg_kg_sn1899,AV3-1,0.9162907318741552,0.9162907318741553,1.5000000000000004,1.5000000000000007,2.220446049250313e-16
log_digest_mg_kg_sn1899,AV3-7,0.9162907318741552,0.9162907318741553,1.5000000000000004,1.5000000000000007,2.220446049250313e-16
log_digest_mg_kg_sn1899,BP1-1,0.9162907318741552,0.9162907318741553,1.5000000000000004,1.5000000000000007,2.220446049250313e-16
log_digest_mg_kg_sn1899,BP1-8,0.9162907318741552,0.9162907318741553,1.5000000000000004,1.5000000000000007,2.220446049250313e-16
log_digest_mg_kg_sn1899,BP2-1,0.9162907318741552,0.9162907318741553,1.5000000000000004,1.5000000000000007,2.220446049250313e-16
log_digest_mg_kg_sn1899,BP3-1,0.9162907318741552,0.9162907318741553,1.5000000000000004,1.5000000000000007,2.220446049250313e-16
log_digest_mg_kg_sn1899,BP3-8,0.9162907318741552,0.9162907318741553,1.5000000000000004,1.5000000000000007,2.220446049250313e-16
log_digest_mg_kg_sn1899,HV1-8,0.9162907318741552,0.9162907318741553,1.5000000000000004,1.5000000000000007,2.220446049250313e-16
log_digest_mg_kg_sn1899,HV2-5,0.9162907318741552,0.9162907318741553,1.5000000000000004,1.5000000000000007,2.220446049250313e-16
log_digest_mg_kg_sn1899,HV3-1,0.9162907318741552,0.9162907318741553,1.5000000000000004,1.5000000000000007,2.220446049250313e-16
log_digest_mg_kg_sn1899,HV3-9,0.9162907318741552,0.9162907318741553,1.5000000000000004,1.5000000000000007,2.220446049250313e-16
log_digest_mg_kg_sn1899,KR-1,0.9162907318741552,0.9162907318741553,1.5000000000000004,1.5000000000000007,2.220446049250313e-16
log_digest_mg_kg_sn1899,KR-2,0.9162907318741552,0.9162907318741553,1.5000000000000004,1.5000000000000007,2.220446049250313e-16
log_digest_mg_kg_sn1899,KR-4,0.9162907318741552,0.9162907318741553,1.5000000000000004,1.5000000000000007,2.220446049250313e-16
log_digest_mg_kg_sn1899,MF1-1,0.9162907318741552,0.9497334562737004,1.5000000000000004,1.5850205464715559,0.08502054647155544
log_digest_mg_kg_sn1899,MF1-6,0.9162907318741552,0.9497334562737004,1.5000000000000004,1.5850205464715559,0.08502054647155544
log_digest_mg_kg_sn1899,MF2-1,0.9162907318741552,0.9497334562737004,1.5000000000000004,1.5850205464715559,0.08502054647155544
log_digest_mg_kg_sn1899,MF3-1,0.9162907318741552,0.9497334562737004,1.5000000000000004,1.5850205464715559,0.08502054647155544
log_digest_mg_kg_sn1899,MFX-2,0.9162907318741552,0.9497334562737004,1.5000000000000004,1.5850205464715559,0.08502054647155544
log_digest_mg_kg_sn1899,MSP1-1,0.9162907318741552,0.9486982226056158,1.5000000000000004,1.5823458308858478,0.08234583088584735
log_digest_mg_kg_sn1899,MSP1-4,0.9162907318741552,0.9486982226056158,1.5000000000000004,1.5823458308858478,0.08234583088584735
log_digest_mg_kg_sn1899,MSP2-1,0.9162907318741552,0.9486982226056158,1.5000000000000004,1.5823458308858478,0.08234583088584735
log_digest_mg_kg_sn1899,MSP3-1,0.9162907318741552,0.9486982226056158,1.5000000000000004,1.5823458308858478,0.08234583088584735
log_digest_mg_kg_sn1899,MSP3-4,0.9162907318741552,0.9486982226056158,1.5000000000000004,1.5823458308858478,0.08234583088584735
log_digest_mg_kg_sn1899,MW2-1,0.9162907318741552,0.9497334562737004,1.5000000000000004,1.5850205464715559,0.08502054647155544
log_digest_mg_kg_sn1899,NP1-1,0.9162907318741552,0.9497334562737004,1.5000000000000004,1.5850205464715559,0.08502054647155544
log_digest_mg_kg_sn1899,NP2-1,0.9162907318741552,0.9497334562737004,1.5000000000000004,1.5850205464715559,0.08502054647155544
log_digest_mg_kg_sn1899,NP3-1,0.9162907318741552,0.9497334562737004,1.5000000000000004,1.5850205464715559,0.08502054647155544
log_digest_mg_kg_sn1899,NP3-4,0.9162907318741552,0.9497334562737004,1.5000000000000004,1.5850205464715559,0.08502054647155544
log_digest_mg_kg_sn1899,NP4-5,0.9162907318741552,0.9162907318741553,1.5000000000000004,1.5000000000000007,2.220446049250313e-16
log_digest_mg_kg_sn1899,RM1-1,0.9162907318741552,0.9162907318741553,1.5000000000000004,1.5000000000000007,2.220446049250313e-16
log_digest_mg_kg_sn1899,RM1-8,0.9162907318741552,0.9162907318741553,1.5000000000000004,1.5000000000000007,2.220446049250313e-16
log_digest_mg_kg_sn1899,RM2-1,0.9162907318741552,0.9162907318741553,1.5000000000000004,1.5000000000000007,2.220446049250313e-16
log_digest_mg_kg_sn1899,RM3-1,0.9162907318741552,0.9162907318741553,1.5000000000000004,1.5000000000000007,2.220446049250313e-16
log_digest_mg_kg_sn1899,RM3-8,0.9162907318741552,0.9162907318741553,1.5000000000000004,1.5000000000000007,2.220446049250313e-16
log_digest_mg_kg_sn1899,SH1-1,0.9162907318741552,0.9162907318741553,1.5000000000000004,1.5000000000000007,2.220446049250313e-16
log_digest_mg_kg_sn1899,SH1-6,0.9162907318741552,0.9162907318741553,1.5000000000000004,1.5000000000000007,2.220446049250313e-16
log_digest_mg_kg_sn1899,SH2-1,0.9162907318741552,0.9162907318741553,1.5000000000000004,1.5000000000000007,2.220446049250313e-16
log_digest_mg_kg_sn1899,SH3-2,0.9162907318741552,0.9162907318741553,1.5000000000000004,1.5000000000000007,2.220446049250313e-16
log_digest_mg_kg_sn1899,SH3-8,0.9162907318741552,0.9162907318741553,1.5000000000000004,1.5000000000000007,2.220446049250313e-16
log_digest_mg_kg_sn1899,TGV1-1,0.9162907318741552,0.9162907318741553,1.5000000000000004,1.5000000000000007,2.220446049250313e-16
log_digest_mg_kg_sn1899,TGV1-8,0.9162907318741552,0.9162907318741553,1.5000000000000004,1.5000000000000007,2.220446049250313e-16
log_digest_mg_kg_sn1899,TGV2-1,0.9162907318741552,0.9162907318741553,1.5000000000000004,1.5000000000000007,2.220446049250313e-16
log_digest_mg_kg_sn1899,TGV3-1,0.9162907318741552,0.9162907318741553,1.5000000000000004,1.5000000000000007,2.220446049250313e-16
log_digest_mg_kg_sn1899,TGV3-9,0.9162907318741552,0.9162907318741553,1.5000000000000004,1.5000000000000007,2.220446049250313e-16
log_digest_mg_kg_sn1899,TN1-1,0.9162907318741552,0.9162907318741553,1.5000000000000004,1.5000000000000007,2.220446049250313e-16
log_digest_mg_kg_sn1899,TN1-8,0.9162907318741552,0.9162907318741553,1.5000000000000004,1.5000000000000007,2.220446049250313e-16
log_digest_mg_kg_sn1899,TN2-1,0.9162907318741552,0.9162907318741553,1.5000000000000004,1.5000000000000007,2.220446049250313e-16
log_digest_mg_kg_sn1899,TN3-1,0.9162907318741552,0.9162907318741553,1.5000000000000004,1.5000000000000007,2.220446049250313e-16
log_digest_mg_kg_sn1899,TN3-5,0.9162907318741552,0.9162907318741553,1.5000000000000004,1.5000000000000007,2.220446049250313e-16
log_digest_mg_kg_sn1899,CB-CMBjA1,0.9162907318741552,0.9162907318741553,1.5000000000000004,1.5000000000000007,2.220446049250313e-16
log_digest_mg_kg_sn1899,CB-iH5,0.9162907318741552,0.9162907318741553,1.5000000000000004,1.5000000000000007,2.220446049250313e-16
log_digest_mg_kg_sn1899,VV-0,0.9162907318741552,0.9162907318741553,1.5000000000000004,1.5000000000000007,2.220446049250313e-16
log_digest_mg_kg_sn1899,VV-d,0.9162907318741552,0.9162907318741553,1.5000000000000004,1.5000000000000007,2.220446049250313e-16
log_digest_mg_kg_sn1899,VV-J,0.9162907318741552,0.9162907318741553,1.5000000000000004,1.5000000000000007,2.220446049250313e-16
log_digest_mg_kg_sn1899,VV-L,0.9162907318741552,0.9162907318741553,1.5000000000000004,1.5000000000000007,2.220446049250313e-16
log_digest_mg_kg_sn1899,WV-BA 1,0.9162907318741552,0.9162907318741553,1.5000000000000004,1.5000000000000007,2.220446049250313e-16
log_digest_mg_kg_sn1899,WV-UNN 1,0.9162907318741552,0.9162907318741553,1.5000000000000004,1.5000000000000007,2.220446049250313e-16
log_digest_mg_kg_sn1899,WV-UNN 3,0.9162907318741552,0.9162907318741553,1.5000000000000004,1.5000000000000007,2.220446049250313e-16
log_digest_mg_kg_sn1899,WV-UNN-2,0.9162907318741552,0.9162907318741553,1.5000000000000004,1.5000000000000007,2.220446049250313e-16
log_digest_mg_kg_sn1899,WV-ZS 2,0.9162907318741552,0.9162907318741553,1.5000000000000004,1.5000000000000007,2.220446049250313e-16
log_digest_mg_kg_sr4077,BS-607,2.519308076505333,3.217523205056941,11.420000000000002,23.966207364165058,12.546207364165056
log_digest_mg_kg_sr4077,BS-610,2.574137783515943,3.1630373703561734,12.120000000000003,22.642297395250164,10.522297395250162
log_digest_mg_kg_sr4077,BS-618,2.2321626286975,3.2156613798547573,8.320000000000002,23.919767894593708,15.599767894593706
log_digest_mg_kg_sr4077,BPS-1,2.7813006628418027,3.3923047605726313,15.139999999999999,28.734404039679813,13.594404039679814
log_digest_mg_kg_sr4077,BPS-18,2.9668182633893485,3.2371079172611594,18.429999999999996,24.459982792403963,6.029982792403967
log_digest_mg_kg_sr4077,BPS-22,3.7812307151781224,3.343587491044752,42.86999999999999,27.320544378480736,-15.549455621519254
log_digest_mg_kg_sr4077,BPS-25,3.9776234625120943,3.669967728280798,52.38999999999997,38.250639154259936,-14.139360845740036
log_digest_mg_kg_sr4077,BPS-5,2.9290581402859983,3.67042107464437,17.71,38.26843732285107,20.55843732285107
log_digest_mg_kg_sr4077,CK-20B,3.703768066607687,4.691341030338146,39.60000000000001,107.99925314643991,68.3992531464399
log_digest_mg_kg_sr4077,CK1-100B,2.1713368063840917,4.818864666811936,7.77,122.82442896222432,115.05442896222432
log_digest_mg_kg_sr4077,CK2-100A,4.216119619148022,4.818866253199186,66.77000000000001,122.82462539587547,56.05462539587546
log_digest_mg_kg_sr4077,CK2-100B,3.0027078872904163,4.789731036260199,19.14,119.26901630819687,100.12901630819687
log_digest_mg_kg_sr4077,CM-2 1,4.920418786157677,3.912308446453941,136.05999999999997,49.01427408839804,-87.04572591160193
log_digest_mg_kg_sr4077,CM-4,4.506233438128068,3.918188381047115,89.58000000000001,49.30922103335356,-40.27077896664645
log_digest_mg_kg_sr4077,CM-PA 3-10,4.878093887464327,3.917516069326074,130.37999999999997,49.27540892178946,-81.1045910782105
log_digest_mg_kg_sr4077,CM-PA 30,4.819878258481199,3.918188381047115,122.94999999999996,49.30922103335356,-73.6407789666464
log_digest_mg_kg_sr4077,CM2 (OM),4.658805735154001,3.9118398796688094,104.51,48.99084455035809,-55.519155449641914
log_digest_mg_kg_sr4077,LC1-5,4.252487263318897,3.6682478941766825,69.28000000000003,38.18319258151673,-31.0968074184833
log_digest_mg_kg_sr4077,LGP (3-4),4.2702567338308715,3.692185513520524,70.53999999999998,39.132461217940914,-31.407538782059063
log_digest_mg_kg_sr4077,LGP (BA 1-3),4.603067977896221,3.668129528245274,98.78999999999999,38.178554900908374,-60.61144509909162
log_digest_mg_kg_sr4077,CR-0819,5.216022123821206,3.939887314411068,183.2,50.41280749160283,-132.78719250839717
log_digest_mg_kg_sr4077,CR-0821,4.873210618184584,3.939887314411068,129.74000000000004,50.41280749160283,-79.32719250839722
log_digest_mg_kg_sr4077,CR-0826,5.1084876942637605,3.939887314411068,164.42000000000002,50.41280749160283,-114.0071925083972
log_digest_mg_kg_sr4077,CR-0828,4.941142297567622,3.939887314411068,138.93000000000004,50.41280749160283,-88.51719250839722
log_digest_mg_kg_sr4077,CR-0833,3.8062179465311696,3.939887314411068,43.98,50.41280749160283,6.43280749160283
log_digest_mg_kg_sr4077,CS-CR2,4.194642283537465,3.683335008161634,65.33,38.778835844825174,-26.551164155174824
log_digest_mg_kg_sr4077,CS-CR5,5.474704683853799,4.154283443636119,237.5799999999999,62.706299034817185,-174.8737009651827
log_digest_mg_kg_sr4077,CS-CR7,4.33729074083249,4.149611809012359,75.49999999999999,62.40938056978504,-13.090619430214943
log_digest_mg_kg_sr4077,CS-CR9,4.927471052835487,4.149781001345021,137.02999999999997,62.420109858427416,-74.60989014157255
log_digest_mg_kg_sr4077,DS1(1-2),3.785779278853896,3.5400204013232432,43.07000000000003,33.467622368789854,-9.602377631210175
log_digest_mg_kg_sr4077,DS2(1-2),3.6958550678503617,2.9273360665709682,39.28000000000001,17.67780772748057,-21.60219227251944
log_digest_mg_kg_sr4077,DA-1,3.242592351485517,2.3639029555855857,24.6,9.632368236921543,-14.967631763078458
log_digest_mg_kg_sr4077,DA-3,3.1041381473977774,2.3639029555855857,21.29,9.632368236921543,-11.657631763078456
log_digest_mg_kg_sr4077,DA-4,3.357245494132973,2.3639029555855857,27.71000000000001,9.632368236921543,-18.077631763078468
log_digest_mg_kg_sr4077,DA-5,3.171364842197149,2.3639029555855857,22.84,9.632368236921543,-13.207631763078457
log_digest_mg_kg_sr4077,DA-6,3.165896900077314,2.3639029555855857,22.709999999999997,9.632368236921543,-13.077631763078454
log_digest_mg_kg_sr4077,GE-A1-3,5.350720045341085,4.219927405823107,209.7599999999999,67.02854563388749,-142.73145436611242
log_digest_mg_kg_sr4077,GE-A2-2,5.437731422330715,4.219854577050414,228.92,67.02359137880927,-161.89640862119072
log_digest_mg_kg_sr4077,GE-B1-3,5.788123623089952,4.249732608842552,325.3999999999999,69.08666928531323,-256.3133307146867
log_digest_mg_kg_sr4077,GE-C2-3,5.670777073042217,4.443954571799276,289.26000000000005,84.11085402444346,-205.1491459755566
log_digest_mg_kg_sr4077,GE-C3-2,5.572914199451162,4.407651706471127,262.2,81.07649731473366,-181.12350268526632
log_digest_mg_kg_sr4077,HS-1,3.3541057741283047,2.7706252970947864,27.619999999999994,14.968616017812176,-12.651383982187818
log_digest_mg_kg_sr4077,HS-2,3.517497837358316,2.926395084538678,32.7,17.660240512519497,-15.039759487480506
log_digest_mg_kg_sr4077,HS-3,3.945457781514384,2.5064166572247624,50.70000000000003,11.260916183777981,-39.43908381622205
log_digest_mg_kg_sr4077,HS-4,2.9826470340053355,2.784064898715041,18.74,15.184676486719956,-3.555323513280042
log_digest_mg_kg_sr4077,HS-7,3.795713883027763,3.005245265774476,43.510000000000005,19.191167691115528,-24.318832308884478
log_digest_mg_kg_sr4077,HC-BA1,2.428336298299606,2.9476735713543643,10.340000000000002,18.06155675339715,7.721556753397147
log_digest_mg_kg_sr4077,HC-BA2,2.124653884501384,2.9450274996303833,7.370000000000001,18.011185179845693,10.641185179845692
log_digest_mg_kg_sr4077,HC-Z5-1,1.979621206397625,2.955231093670323,6.24,18.20616062917964,11.966160629179639
log_digest_mg_kg_sr4077,HC-ZS2,2.7073833121145063,2.9205227674809566,13.99,17.550982775863087,3.5609827758630868
log_digest_mg_kg_sr4077,HVY-4A,4.901564199041894,4.115728392984409,133.49999999999997,60.296846198721695,-73.20315380127828
log_digest_mg_kg_sr4077,HVY-5A,5.535008730407515,4.115728392984409,252.41000000000008,60.296846198721695,-192.11315380127837
log_digest_mg_kg_sr4077,HVY-9054A,5.456047347313921,4.116845535410926,233.16999999999987,60.365361769922025,-172.80463823007784
log_digest_mg_kg_sr4077,HVY-9062A,5.064428793697647,4.53270002757631,157.28999999999994,92.00935017134321,-65.28064982865672
log_digest_mg_kg_sr4077,HVY-9130A,5.320616874042804,4.067607817135159,203.51000000000002,57.41705104308851,-146.0929489569115
log_digest_mg_kg_sr4077,HD-10,2.403334996094189,2.24381657109485,10.060000000000002,8.429250103876978,-1.6307498961230245
log_digest_mg_kg_sr4077,HD-14,2.8752581200861167,2.268735734324791,16.730000000000004,8.667171212228887,-8.062828787771117
log_digest_mg_kg_sr4077,HD-6,1.410986973710262,2.321829300946835,3.0999999999999996,9.194305712745466,6.0943057127454665
log_digest_mg_kg_sr4077,HG-3,2.2428350885882717,2.4329845357565003,8.42,10.39283370944725,1.9728337094472508
log_digest_mg_kg_sr4077,HG-54,2.1400661634962708,2.0660685492645072,7.5,6.893728230234555,-0.6062717697654447
log_digest_mg_kg_sr4077,HG-6,2.060513531794317,4.472891062022365,6.849999999999998,86.60964214402678,79.75964214402678
log_digest_mg_kg_sr4077,HG-8,1.916922612182061,2.8230622370580662,5.800000000000001,15.828304107085538,10.028304107085537
log_digest_mg_kg_sr4077,HG-9,1.415853163361435,1.8631640275801011,3.12,5.444093839921324,2.324093839921324
log_digest_mg_kg_sr4077,HM-2,1.7351891177396608,3.4088775018292616,4.670000000000001,29.231290638085998,24.561290638085996
log_digest_mg_kg_sr4077,HM-3,1.4586150226995167,3.4088724393625145,3.3,29.231137593569812,25.93113759356981
log_digest_mg_kg_sr4077,HM-5,2.2027647577118348,3.4087837163672425,8.05,29.228455515474792,21.17845551547479
log_digest_mg_kg_sr4077,HM-6,1.809926773183504,3.4180477703815177,5.11,29.509794718821787,24.399794718821788
log_digest_mg_kg_sr4077,LI-10,2.580216829592325,3.8351890854097723,12.2,45.30218190731418,33.102181907314176
log_digest_mg_kg_sr4077,LI-11,2.89977188240808,3.997537905892256,17.17,53.463889598389436,36.293889598389434
log_digest_mg_kg_sr4077,LI-12,2.9407479652212314,3.997537905892256,17.93,53.463889598389436,35.533889598389436
log_digest_mg_kg_sr4077,LI-13,2.745345985845907,3.997537905892256,14.570000000000002,53.463889598389436,38.893889598389435
log_digest_mg_kg_sr4077,LI-14,2.970414465569701,3.997537905892256,18.499999999999996,53.463889598389436,34.96388959838944
log_digest_mg_kg_sr4077,LI-15,2.8069901489571136,3.997537905892256,15.56,53.463889598389436,37.90388959838943
log_digest_mg_kg_sr4077,LI-4,3.065258336202602,3.878500372050993,20.440000000000012,47.35165118802819,26.91165118802818
log_digest_mg_kg_sr4077,LI-5,2.760009940032921,3.878500372050993,14.799999999999997,47.35165118802819,32.551651188028195
log_digest_mg_kg_sr4077,LI-6,2.9030685886905716,3.878500372050993,17.23,47.35165118802819,30.121651188028192
log_digest_mg_kg_sr4077,LI-9,0.8712933659434192,3.8351890854097723,1.39,45.30218190731418,43.91218190731418
log_digest_mg_kg_sr4077,LGP-BA LV8,3.5997749790311153,4.620071237341171,35.589999999999996,100.50126255207422,64.91126255207422
log_digest_mg_kg_sr4077,LV-14,2.9668182633893485,4.48569557608089,18.429999999999996,87.73865383595805,69.30865383595805
log_digest_mg_kg_sr4077,LV-18,3.34814816057234,4.48569557608089,27.450000000000003,87.73865383595805,60.288653835958044
log_digest_mg_kg_sr4077,MD-BJA1,4.0943445622221,4.300371387202795,58.999999999999986,72.72716994310306,13.727169943103078
log_digest_mg_kg_sr4077,MD-UN11,4.422088340247728,4.314739765647753,82.27000000000002,73.79415690214805,-8.475843097851978
log_digest_mg_kg_sr4077,MD-UN6,4.047776926405766,4.296475522615283,56.27000000000001,72.44049765338194,16.17049765338193
log_digest_mg_kg_sr4077,ME-A1-1,4.436396441739405,4.467043589032661,83.47,86.09884202837071,2.6288420283707126
log_digest_mg_kg_sr4077,ME-A2-3,4.921439715291784,4.467043589032661,136.19999999999993,86.09884202837071,-50.10115797162922
log_digest_mg_kg_sr4077,ME-B1-2,5.1440000061636795,4.462347141535129,170.4,85.69074594071479,-84.70925405928521
log_digest_mg_kg_sr4077,ME-c2-3,5.153696136936908,4.608434424842681,172.07000000000005,99.32695722838562,-72.74304277161443
log_digest_mg_kg_sr4077,ME-C3-1,4.962704760338705,4.608434424842681,141.97999999999993,99.32695722838562,-42.65304277161431
log_digest_mg_kg_sr4077,HK-1,1.5665304114228238,3.1377616057669035,3.7899999999999996,22.05220913312978,18.26220913312978
log_digest_mg_kg_sr4077,HK-2,1.6900958154515549,3.1377259862538462,4.42,22.05138803928913,17.631388039289128
log_digest_mg_kg_sr4077,HK-3,1.6054298910365616,3.138484470014451,3.9800000000000004,22.068878775157355,18.088878775157355
log_digest_mg_kg_sr4077,HK-4,1.0260415958332745,3.151267496115891,1.7900000000000007,22.3656617053169,20.5756617053169
log_digest_mg_kg_sr4077,HK-5,1.501852701754163,3.1191575789838404,3.49,21.62730989053203,18.13730989053203
log_digest_mg_kg_sr4077,MK-A6,5.003207778267459,3.0856640458634415,147.89,20.88199266534834,-127.00800733465165
log_digest_mg_kg_sr4077,MK-KYBjA6,4.897317275399031,3.2356174022899498,132.93,24.422062574231997,-108.507937425768
log_digest_mg_kg_sr4077,MK-UN8,5.272230031784718,3.0856640458634415,193.85000000000002,20.88199266534834,-172.96800733465167
log_digest_mg_kg_sr4077,MFP-A1,3.2168738221975275,2.6179059001990104,23.949999999999996,12.706989705358312,-11.243010294641683
log_digest_mg_kg_sr4077,MFP-A2,3.2752561583043085,2.6179059001990104,25.450000000000003,12.706989705358312,-12.74301029464169
log_digest_mg_kg_sr4077,MFP-AAA,2.856470206220483,2.4221810007052578,16.4,10.270413308384278,-6.129586691615721
log_digest_mg_kg_sr4077,MFP-d,2.9528247725427144,2.6188417565748545,18.159999999999997,12.719823483417532,-5.440176516582465
log_digest_mg_kg_sr4077,MS-11,2.061786606441115,2.6088623072256545,6.86,12.583588107532915,5.7235881075329145
log_digest_mg_kg_sr4077,MS-12,1.891604804197771,2.6088623072256545,5.63,12.583588107532915,6.953588107532915
log_digest_mg_kg_sr4077,MS-5,2.1972245773362196,2.6088623072256545,8.000000000000002,12.583588107532915,4.583588107532913
log_digest_mg_kg_sr4077,MS-7,1.986503546020567,2.6088623072256545,6.290000000000001,12.583588107532915,6.293588107532914
log_digest_mg_kg_sr4077,ON-10,2.7421295147550726,4.371719984141139,14.519999999999998,78.17970247879154,63.659702478791544
log_digest_mg_kg_sr4077,OR-4,3.422958873443668,4.216918749709107,29.659999999999997,66.82417872317822,37.164178723178225
log_digest_mg_kg_sr4077,OR-8,2.6188546222977394,4.318561582975847,12.720000000000002,74.08055343605578,61.36055343605578
log_digest_mg_kg_sr4077,AV1-1,3.321793358874887,2.1812211749450223,26.71,7.857115745073657,-18.852884254926344
log_digest_mg_kg_sr4077,AV1-8,3.6251406131469297,2.2583236927295403,36.53000000000001,8.567038421469741,-27.96296157853027
log_digest_mg_kg_sr4077,AV2-1,3.807550983831435,2.2418513797898054,44.04,8.410738019411234,-35.629261980588765
log_digest_mg_kg_sr4077,AV3-1,3.482470101790892,2.2243778338959412,31.540000000000006,8.247727391158831,-23.292272608841174
log_digest_mg_kg_sr4077,AV3-7,4.170842533194826,2.2867360910274734,63.769999999999996,8.84275932565072,-54.92724067434928
log_digest_mg_kg_sr4077,BP1-1,2.933324813425374,2.2488896354840024,17.79,8.477206837743676,-9.312793162256323
log_digest_mg_kg_sr4077,BP1-8,3.648057459593681,2.310387785413109,37.39999999999999,9.078332127521723,-28.32166787247827
log_digest_mg_kg_sr4077,BP2-1,3.0233474405869645,2.2853509790653312,19.560000000000002,8.829135439450306,-10.730864560549696
log_digest_mg_kg_sr4077,BP3-1,3.5743099993708003,2.2600012429221983,34.67,8.583101077806033,-26.086898922193967
log_digest_mg_kg_sr4077,BP3-8,3.68987895444702,2.311266189778082,39.04,9.087188867784352,-29.952811132215647
log_digest_mg_kg_sr4077,HV1-8,3.224857896545748,2.456555996684133,24.149999999999995,10.664569466918554,-13.485430533081441
log_digest_mg_kg_sr4077,HV2-5,3.551340040091875,2.5045073703744305,33.86,11.23752891134575,-22.62247108865425
log_digest_mg_kg_sr4077,HV3-1,4.182202802743785,2.3208154970767514,64.51000000000003,9.183975923236103,-55.32602407676393
log_digest_mg_kg_sr4077,HV3-9,3.1780538303479458,2.5072360686134596,23.000000000000004,11.270967035463626,-11.729032964536378
log_digest_mg_kg_sr4077,KR-1,4.383275854074314,2.06085849996072,79.10000000000002,6.852708467246893,-72.24729153275312
log_digest_mg_kg_sr4077,KR-2,5.565362964149375,2.0461967390580518,260.2199999999999,6.73841386081667,-253.48158613918324
log_digest_mg_kg_sr4077,KR-4,3.4873750779032076,2.0695843660881525,31.699999999999996,6.921529977034225,-24.77847002296577
log_digest_mg_kg_sr4077,MF1-1,3.0378334495726262,3.159136177555651,19.859999999999996,22.55024391080853,2.690243910808533
log_digest_mg_kg_sr4077,MF1-6,3.0086484988205373,2.896016986565929,19.259999999999998,17.101901473995646,-2.158098526004352
log_digest_mg_kg_sr4077,MF2-1,2.972463646614637,2.8782596154260975,18.540000000000003,16.78329645689918,-1.7567035431008229
log_digest_mg_kg_sr4077,MF3-1,3.1552968432253294,2.8951739697149868,22.46,17.086647696518074,-5.373352303481926
log_digest_mg_kg_sr4077,MFX-2,3.6309854756950335,3.000502321819154,36.74999999999999,19.095628861121714,-17.65437113887828
log_digest_mg_kg_sr4077,MSP1-1,1.249901736214336,2.2655718101423394,2.490000000000001,8.63663335066867,6.14663335066867
log_digest_mg_kg_sr4077,MSP1-4,1.4327007339340465,2.6276460898410203,3.190000000000001,12.841150700610477,9.651150700610476
log_digest_mg_kg_sr4077,MSP2-1,1.4085449700547104,2.27126314381088,3.09,8.691635014454738,5.601635014454738
log_digest_mg_kg_sr4077,MSP3-1,0.7419373447293773,2.25068975333821,1.1,8.494282291283733,7.394282291283734
log_digest_mg_kg_sr4077,MSP3-4,1.0296194171811583,2.5315856864100907,1.8000000000000003,11.573427851370006,9.773427851370005
log_digest_mg_kg_sr4077,MW2-1,3.060583245873607,2.9356275333467043,20.339999999999996,17.83331796274849,-2.5066820372515046
log_digest_mg_kg_sr4077,NP1-1,2.0135687975291283,2.9973985242571453,6.490000000000002,19.033352793404116,12.543352793404114
log_digest_mg_kg_sr4077,NP2-1,2.703372611551099,3.304584141243898,13.93,26.23721240002483,12.30721240002483
log_digest_mg_kg_sr4077,NP3-1,2.102913897864978,2.993467488060864,7.1899999999999995,18.954755543970478,11.764755543970479
log_digest_mg_kg_sr4077,NP3-4,2.288486168614544,3.0052000677242865,8.86,19.190255110328426,10.330255110328427
log_digest_mg_kg_sr4077,NP4-5,1.506297153514587,3.464753814480319,3.5100000000000002,30.968588600687827,27.458588600687825
log_digest_mg_kg_sr4077,RM1-1,4.0267792427263345,2.898794550085638,55.07999999999999,17.15225054667128,-37.927749453328715
log_digest_mg_kg_sr4077,RM1-8,3.641001373869472,2.863124547047965,37.12999999999999,16.51617162451477,-20.61382837548522
log_digest_mg_kg_sr4077,RM2-1,3.8288587641673777,2.8813714004119513,45.01000000000002,16.83872044084982,-28.1712795591502
log_digest_mg_kg_sr4077,RM3-1,3.82187945557518,2.8862682820251364,44.68999999999998,16.926288773872674,-27.76371122612731
log_digest_mg_kg_sr4077,RM3-8,4.096841442420688,2.8297935784375245,59.15000000000001,15.941963277037777,-43.208036722962234
log_digest_mg_kg_sr4077,SH1-1,5.369148547308628,2.370060326100506,213.67999999999992,9.698037635538709,-203.98196236446122
log_digest_mg_kg_sr4077,SH1-6,3.636269503841639,2.485440036356998,36.95,11.006402346138902,-25.9435976538611
log_digest_mg_kg_sr4077,SH2-1,4.132763672126045,2.3631255591726537,61.34999999999999,9.624105883971069,-51.72589411602892
log_digest_mg_kg_sr4077,SH3-2,4.377139713100487,2.359938847754913,78.61,9.5903038117774,-69.0196961882226
log_digest_mg_kg_sr4077,SH3-8,4.210645017918261,2.4865851365727236,66.39999999999998,11.02015875478563,-55.37984124521435
log_digest_mg_kg_sr4077,TGV1-1,4.256746818247124,2.3573724077906486,69.58,9.563159280145758,-60.016840719854244
log_digest_mg_kg_sr4077,TGV1-8,3.0081547935525483,2.5567332328410757,19.250000000000004,11.89362796128087,-7.356372038719133
log_digest_mg_kg_sr4077,TGV2-1,3.332561589272017,2.4170598746905827,27.009999999999998,10.21284363818057,-16.79715636181943
log_digest_mg_kg_sr4077,TGV3-1,5.344341804859316,2.793390895747156,208.42000000000002,15.336320749479528,-193.08367925052048
log_digest_mg_kg_sr4077,TGV3-9,3.138099514840913,2.687418208754915,22.06,13.69369086436793,-8.366309135632068
log_digest_mg_kg_sr4077,TN1-1,4.376134308969044,2.5078446666203797,78.52999999999999,11.278437394536633,-67.25156260546335
log_digest_mg_kg_sr4077,TN1-8,3.8501476017100584,2.743674127038767,45.99999999999999,14.543990906197294,-31.4560090938027
log_digest_mg_kg_sr4077,TN2-1,4.284827171296749,2.5514212224130177,71.58999999999999,11.825318466097022,-59.764681533902966
log_digest_mg_kg_sr4077,TN3-1,4.079230924412053,2.5814989277446614,58.1,12.21693454916822,-45.88306545083178
log_digest_mg_kg_sr4077,TN3-5,4.329416684401584,2.999094505596139,74.89999999999995,19.067357813688258,-55.83264218631169
log_digest_mg_kg_sr4077,CB-CMBjA1,3.250374491927572,2.850125149760833,24.800000000000004,16.289945537720584,-8.51005446227942
log_digest_mg_kg_sr4077,CB-iH5,3.075467241572845,2.8761497185900615,20.66000000000001,16.745815090782905,-3.9141849092171057
log_digest_mg_kg_sr4077,VV-0,0.9895411936137476,2.8833282754995184,1.6899999999999995,16.87366276620703,15.18366276620703
log_digest_mg_kg_sr4077,VV-d,1.3402504226184837,2.8833282754995184,2.8199999999999994,16.87366276620703,14.05366276620703
log_digest_mg_kg_sr4077,VV-J,1.1314021114911006,2.8833282754995184,2.1,16.87366276620703,14.77366276620703
log_digest_mg_kg_sr4077,VV-L,1.9198594718553708,2.8833282754995184,5.82,16.87366276620703,11.05366276620703
log_digest_mg_kg_sr4077,WV-BA 1,1.6524974018945473,3.490995794383305,4.22,31.818612029584777,27.59861202958478
log_digest_mg_kg_sr4077,WV-UNN 1,2.302585092994046,2.3893182244066504,9.000000000000002,9.906055925051115,0.9060559250511133
log_digest_mg_kg_sr4077,WV-UNN 3,2.0955609235597192,2.3893182244066504,7.13,9.906055925051115,2.776055925051115
log_digest_mg_kg_sr4077,WV-UNN-2,2.315501318260592,2.3893182244066504,9.129999999999999,9.906055925051115,0.7760559250511161
log_digest_mg_kg_sr4077,WV-ZS 2,2.010894999144726,3.5014609758809843,6.470000000000001,32.16386819415615,25.693868194156153
log_digest_mg_kg_tl1908,BS-607,1.0986122886681098,1.1585944609763454,2.0000000000000004,2.1854528498583283,0.18545284985832788
log_digest_mg_kg_tl1908,BS-610,1.0986122886681098,1.1585944609763452,2.0000000000000004,2.1854528498583274,0.185452849858327
log_digest_mg_kg_tl1908,BS-618,1.0986122886681098,1.1585944609763452,2.0000000000000004,2.1854528498583274,0.185452849858327
log_digest_mg_kg_tl1908,BPS-1,1.0986122886681098,1.124947237314224,2.0000000000000004,2.0800543326917436,0.08005433269174311
log_digest_mg_kg_tl1908,BPS-18,1.0986122886681098,1.1585944609763452,2.0000000000000004,2.1854528498583274,0.185452849858327
log_digest_mg_kg_tl1908,BPS-22,1.0986122886681098,1.1585944609763452,2.0000000000000004,2.1854528498583274,0.185452849858327
log_digest_mg_kg_tl1908,BPS-25,1.0986122886681098,1.1322595123302315,2.0000000000000004,2.102659082388142,0.1026590823881417
log_digest_mg_kg_tl1908,BPS-5,1.0986122886681098,1.1322595123302315,2.0000000000000004,2.102659082388142,0.1026590823881417
log_digest_mg_kg_tl1908,CK-20B,1.0986122886681098,1.09861228866811,2.0000000000000004,2.000000000000001,4.440892098500626e-16
log_digest_mg_kg_tl1908,CK1-100B,1.0986122886681098,1.09861228866811,2.0000000000000004,2.000000000000001,4.440892098500626e-16
log_digest_mg_kg_tl1908,CK2-100A,1.0986122886681098,1.09861228866811,2.0000000000000004,2.000000000000001,4.440892098500626e-16
log_digest_mg_kg_tl1908,CK2-100B,1.0986122886681098,1.09861228866811,2.0000000000000004,2.000000000000001,4.440892098500626e-16
log_digest_mg_kg_tl1908,CM-2 1,1.0986122886681098,1.09861228866811,2.0000000000000004,2.000000000000001,4.440892098500626e-16
log_digest_mg_kg_tl1908,CM-4,1.0986122886681098,1.09861228866811,2.0000000000000004,2.000000000000001,4.440892098500626e-16
log_digest_mg_kg_tl1908,CM-PA 3-10,1.0986122886681098,1.09861228866811,2.0000000000000004,2.000000000000001,4.440892098500626e-16
log_digest_mg_kg_tl1908,CM-PA 30,1.0986122886681098,1.09861228866811,2.0000000000000004,2.000000000000001,4.440892098500626e-16
log_digest_mg_kg_tl1908,CM2 (OM),1.0986122886681098,1.09861228866811,2.0000000000000004,2.000000000000001,4.440892098500626e-16
log_digest_mg_kg_tl1908,LC1-5,1.0986122886681098,1.09861228866811,2.0000000000000004,2.000000000000001,4.440892098500626e-16
log_digest_mg_kg_tl1908,LGP (3-4),1.0986122886681098,1.09861228866811,2.0000000000000004,2.000000000000001,4.440892098500626e-16
log_digest_mg_kg_tl1908,LGP (BA 1-3),1.0986122886681098,1.09861228866811,2.0000000000000004,2.000000000000001,4.440892098500626e-16
log_digest_mg_kg_tl1908,CR-0819,1.0986122886681098,1.09861228866811,2.0000000000000004,2.000000000000001,4.440892098500626e-16
log_digest_mg_kg_tl1908,CR-0821,1.0986122886681098,1.09861228866811,2.0000000000000004,2.000000000000001,4.440892098500626e-16
log_digest_mg_kg_tl1908,CR-0826,1.0986122886681098,1.09861228866811,2.0000000000000004,2.000000000000001,4.440892098500626e-16
log_digest_mg_kg_tl1908,CR-0828,1.0986122886681098,1.09861228866811,2.0000000000000004,2.000000000000001,4.440892098500626e-16
log_digest_mg_kg_tl1908,CR-0833,1.0986122886681098,1.09861228866811,2.0000000000000004,2.000000000000001,4.440892098500626e-16
log_digest_mg_kg_tl1908,CS-CR2,1.0986122886681098,1.09861228866811,2.0000000000000004,2.000000000000001,4.440892098500626e-16
log_digest_mg_kg_tl1908,CS-CR5,1.0986122886681098,1.09861228866811,2.0000000000000004,2.000000000000001,4.440892098500626e-16
log_digest_mg_kg_tl1908,CS-CR7,1.0986122886681098,1.09861228866811,2.0000000000000004,2.000000000000001,4.440892098500626e-16
log_digest_mg_kg_tl1908,CS-CR9,1.0986122886681098,1.09861228866811,2.0000000000000004,2.000000000000001,4.440892098500626e-16
log_digest_mg_kg_tl1908,DS1(1-2),1.0986122886681098,1.1585944609763452,2.0000000000000004,2.1854528498583274,0.185452849858327
log_digest_mg_kg_tl1908,DS2(1-2),1.0986122886681098,1.1322595123302315,2.0000000000000004,2.102659082388142,0.1026590823881417
log_digest_mg_kg_tl1908,DA-1,1.0986122886681098,1.09861228866811,2.0000000000000004,2.000000000000001,4.440892098500626e-16
log_digest_mg_kg_tl1908,DA-3,1.0986122886681098,1.09861228866811,2.0000000000000004,2.000000000000001,4.440892098500626e-16
log_digest_mg_kg_tl1908,DA-4,1.0986122886681098,1.09861228866811,2.0000000000000004,2.000000000000001,4.440892098500626e-16
log_digest_mg_kg_tl1908,DA-5,1.0986122886681098,1.09861228866811,2.0000000000000004,2.000000000000001,4.440892098500626e-16
log_digest_mg_kg_tl1908,DA-6,1.0986122886681098,1.09861228866811,2.0000000000000004,2.000000000000001,4.440892098500626e-16
log_digest_mg_kg_tl1908,GE-A1-3,1.0986122886681098,1.09861228866811,2.0000000000000004,2.000000000000001,4.440892098500626e-16
log_digest_mg_kg_tl1908,GE-A2-2,1.0986122886681098,1.09861228866811,2.0000000000000004,2.000000000000001,4.440892098500626e-16
log_digest_mg_kg_tl1908,GE-B1-3,1.0986122886681098,1.09861228866811,2.0000000000000004,2.000000000000001,4.440892098500626e-16
log_digest_mg_kg_tl1908,GE-C2-3,1.0986122886681098,1.09861228866811,2.0000000000000004,2.000000000000001,4.440892098500626e-16
log_digest_mg_kg_tl1908,GE-C3-2,1.0986122886681098,1.09861228866811,2.0000000000000004,2.000000000000001,4.440892098500626e-16
log_digest_mg_kg_tl1908,HS-1,1.0986122886681098,1.131746687321872,2.0000000000000004,2.1010683691319114,0.10106836913191097
log_digest_mg_kg_tl1908,HS-2,1.0986122886681098,1.131746687321872,2.0000000000000004,2.1010683691319114,0.10106836913191097
log_digest_mg_kg_tl1908,HS-3,1.0986122886681098,1.131746687321872,2.0000000000000004,2.1010683691319114,0.10106836913191097
log_digest_mg_kg_tl1908,HS-4,1.0986122886681098,1.131746687321872,2.0000000000000004,2.1010683691319114,0.10106836913191097
log_digest_mg_kg_tl1908,HS-7,1.0986122886681098,1.131746687321872,2.0000000000000004,2.1010683691319114,0.10106836913191097
log_digest_mg_kg_tl1908,HC-BA1,1.0986122886681098,1.1322595123302315,2.0000000000000004,2.102659082388142,0.1026590823881417
log_digest_mg_kg_tl1908,HC-BA2,1.0986122886681098,1.1322595123302315,2.0000000000000004,2.102659082388142,0.1026590823881417
log_digest_mg_kg_tl1908,HC-Z5-1,1.0986122886681098,1.1322595123302313,2.0000000000000004,2.1026590823881417,0.10265908238814125
log_digest_mg_kg_tl1908,HC-ZS2,1.0986122886681098,1.1322595123302313,2.0000000000000004,2.1026590823881417,0.10265908238814125
log_digest_mg_kg_tl1908,HVY-4A,1.0986122886681098,1.1317466873218718,2.0000000000000004,2.1010683691319105,0.10106836913191009
log_digest_mg_kg_tl1908,HVY-5A,1.0986122886681098,1.1317466873218718,2.0000000000000004,2.1010683691319105,0.10106836913191009
log_digest_mg_kg_tl1908,HVY-9054A,1.0986122886681098,1.09861228866811,2.0000000000000004,2.000000000000001,4.440892098500626e-16
log_digest_mg_kg_tl1908,HVY-9062A,1.0986122886681098,1.09861228866811,2.0000000000000004,2.000000000000001,4.440892098500626e-16
log_digest_mg_kg_tl1908,HVY-9130A,1.0986122886681098,1.09861228866811,2.0000000000000004,2.000000000000001,4.440892098500626e-16
log_digest_mg_kg_tl1908,HD-10,1.0986122886681098,1.09861228866811,2.0000000000000004,2.000000000000001,4.440892098500626e-16
log_digest_mg_kg_tl1908,HD-14,1.0986122886681098,1.09861228866811,2.0000000000000004,2.000000000000001,4.440892098500626e-16
log_digest_mg_kg_tl1908,HD-6,1.0986122886681098,1.09861228866811,2.0000000000000004,2.000000000000001,4.440892098500626e-16
log_digest_mg_kg_tl1908,HG-3,1.0986122886681098,1.09861228866811,2.0000000000000004,2.000000000000001,4.440892098500626e-16
log_digest_mg_kg_tl1908,HG-54,1.0986122886681098,1.09861228866811,2.0000000000000004,2.000000000000001,4.440892098500626e-16
log_digest_mg_kg_tl1908,HG-6,1.0986122886681098,1.09861228866811,2.0000000000000004,2.000000000000001,4.440892098500626e-16
log_digest_mg_kg_tl1908,HG-8,1.0986122886681098,1.1317466873218718,2.0000000000000004,2.1010683691319105,0.10106836913191009
log_digest_mg_kg_tl1908,HG-9,1.0986122886681098,1.09861228866811,2.0000000000000004,2.000000000000001,4.440892098500626e-16
log_digest_mg_kg_tl1908,HM-2,1.0986122886681098,1.09861228866811,2.0000000000000004,2.000000000000001,4.440892098500626e-16
log_digest_mg_kg_tl1908,HM-3,1.0986122886681098,1.09861228866811,2.0000000000000004,2.000000000000001,4.440892098500626e-16
log_digest_mg_kg_tl1908,HM-5,1.0986122886681098,1.09861228866811,2.0000000000000004,2.000000000000001,4.440892098500626e-16
log_digest_mg_kg_tl1908,HM-6,1.0986122886681098,1.09861228866811,2.0000000000000004,2.000000000000001,4.440892098500626e-16
log_digest_mg_kg_tl1908,LI-10,1.0986122886681098,1.09861228866811,2.0000000000000004,2.000000000000001,4.440892098500626e-16
log_digest_mg_kg_tl1908,LI-11,1.0986122886681098,1.09861228866811,2.0000000000000004,2.000000000000001,4.440892098500626e-16
log_digest_mg_kg_tl1908,LI-12,1.0986122886681098,1.09861228866811,2.0000000000000004,2.000000000000001,4.440892098500626e-16
log_digest_mg_kg_tl1908,LI-13,1.0986122886681098,1.09861228866811,2.0000000000000004,2.000000000000001,4.440892098500626e-16
log_digest_mg_kg_tl1908,LI-14,1.0986122886681098,1.09861228866811,2.0000000000000004,2.000000000000001,4.440892098500626e-16
log_digest_mg_kg_tl1908,LI-15,1.0986122886681098,1.09861228866811,2.0000000000000004,2.000000000000001,4.440892098500626e-16
log_digest_mg_kg_tl1908,LI-4,1.0986122886681098,1.09861228866811,2.0000000000000004,2.000000000000001,4.440892098500626e-16
log_digest_mg_kg_tl1908,LI-5,1.0986122886681098,1.09861228866811,2.0000000000000004,2.000000000000001,4.440892098500626e-16
log_digest_mg_kg_tl1908,LI-6,1.0986122886681098,1.09861228866811,2.0000000000000004,2.000000000000001,4.440892098500626e-16
log_digest_mg_kg_tl1908,LI-9,1.0986122886681098,1.09861228866811,2.0000000000000004,2.000000000000001,4.440892098500626e-16
log_digest_mg_kg_tl1908,LGP-BA LV8,1.0986122886681098,1.09861228866811,2.0000000000000004,2.000000000000001,4.440892098500626e-16
log_digest_mg_kg_tl1908,LV-14,1.0986122886681098,1.09861228866811,2.0000000000000004,2.000000000000001,4.440892098500626e-16
log_digest_mg_kg_tl1908,LV-18,1.0986122886681098,1.09861228866811,2.0000000000000004,2.000000000000001,4.440892098500626e-16
log_digest_mg_kg_tl1908,MD-BJA1,1.0986122886681098,1.09861228866811,2.0000000000000004,2.000000000000001,4.440892098500626e-16
log_digest_mg_kg_tl1908,MD-UN11,1.0986122886681098,1.09861228866811,2.0000000000000004,2.000000000000001,4.440892098500626e-16
log_digest_mg_kg_tl1908,MD-UN6,1.0986122886681098,1.09861228866811,2.0000000000000004,2.000000000000001,4.440892098500626e-16
log_digest_mg_kg_tl1908,ME-A1-1,1.0986122886681098,1.09861228866811,2.0000000000000004,2.000000000000001,4.440892098500626e-16
log_digest_mg_kg_tl1908,ME-A2-3,1.0986122886681098,1.09861228866811,2.0000000000000004,2.000000000000001,4.440892098500626e-16
log_digest_mg_kg_tl1908,ME-B1-2,1.0986122886681098,1.09861228866811,2.0000000000000004,2.000000000000001,4.440892098500626e-16
log_digest_mg_kg_tl1908,ME-c2-3,1.0986122886681098,1.09861228866811,2.0000000000000004,2.000000000000001,4.440892098500626e-16
log_digest_mg_kg_tl1908,ME-C3-1,1.0986122886681098,1.09861228866811,2.0000000000000004,2.000000000000001,4.440892098500626e-16
log_digest_mg_kg_tl1908,HK-1,1.0986122886681098,1.09861228866811,2.0000000000000004,2.000000000000001,4.440892098500626e-16
log_digest_mg_kg_tl1908,HK-2,1.7613002617433464,1.09861228866811,4.819999999999999,2.000000000000001,-2.8199999999999985
log_digest_mg_kg_tl1908,HK-3,1.0986122886681098,1.09861228866811,2.0000000000000004,2.000000000000001,4.440892098500626e-16
log_digest_mg_kg_tl1908,HK-4,1.0986122886681098,1.09861228866811,2.0000000000000004,2.000000000000001,4.440892098500626e-16
log_digest_mg_kg_tl1908,HK-5,1.0986122886681098,1.09861228866811,2.0000000000000004,2.000000000000001,4.440892098500626e-16
log_digest_mg_kg_tl1908,MK-A6,1.0986122886681098,1.09861228866811,2.0000000000000004,2.000000000000001,4.440892098500626e-16
log_digest_mg_kg_tl1908,MK-KYBjA6,1.0986122886681098,1.09861228866811,2.0000000000000004,2.000000000000001,4.440892098500626e-16
log_digest_mg_kg_tl1908,MK-UN8,1.0986122886681098,1.09861228866811,2.0000000000000004,2.000000000000001,4.440892098500626e-16
log_digest_mg_kg_tl1908,MFP-A1,1.0986122886681098,1.09861228866811,2.0000000000000004,2.000000000000001,4.440892098500626e-16
log_digest_mg_kg_tl1908,MFP-A2,1.0986122886681098,1.09861228866811,2.0000000000000004,2.000000000000001,4.440892098500626e-16
log_digest_mg_kg_tl1908,MFP-AAA,1.0986122886681098,1.09861228866811,2.0000000000000004,2.000000000000001,4.440892098500626e-16
log_digest_mg_kg_tl1908,MFP-d,1.0986122886681098,1.09861228866811,2.0000000000000004,2.000000000000001,4.440892098500626e-16
log_digest_mg_kg_tl1908,MS-11,1.0986122886681098,1.09861228866811,2.0000000000000004,2.000000000000001,4.440892098500626e-16
log_digest_mg_kg_tl1908,MS-12,1.0986122886681098,1.09861228866811,2.0000000000000004,2.000000000000001,4.440892098500626e-16
log_digest_mg_kg_tl1908,MS-5,1.0986122886681098,1.09861228866811,2.0000000000000004,2.000000000000001,4.440892098500626e-16
log_digest_mg_kg_tl1908,MS-7,1.0986122886681098,1.09861228866811,2.0000000000000004,2.000000000000001,4.440892098500626e-16
log_digest_mg_kg_tl1908,ON-10,1.0986122886681098,1.09861228866811,2.0000000000000004,2.000000000000001,4.440892098500626e-16
log_digest_mg_kg_tl1908,OR-4,1.0986122886681098,1.1322595123302313,2.0000000000000004,2.1026590823881417,0.10265908238814125
log_digest_mg_kg_tl1908,OR-8,1.0986122886681098,1.09861228866811,2.0000000000000004,2.000000000000001,4.440892098500626e-16
log_digest_mg_kg_tl1908,AV1-1,1.0986122886681098,1.09861228866811,2.0000000000000004,2.000000000000001,4.440892098500626e-16
log_digest_mg_kg_tl1908,AV1-8,1.0986122886681098,1.09861228866811,2.0000000000000004,2.000000000000001,4.440892098500626e-16
log_digest_mg_kg_tl1908,AV2-1,1.0986122886681098,1.09861228866811,2.0000000000000004,2.000000000000001,4.440892098500626e-16
log_digest_mg_kg_tl1908,AV3-1,1.0986122886681098,1.09861228866811,2.0000000000000004,2.000000000000001,4.440892098500626e-16
log_digest_mg_kg_tl1908,AV3-7,1.0986122886681098,1.09861228866811,2.0000000000000004,2.000000000000001,4.440892098500626e-16
log_digest_mg_kg_tl1908,BP1-1,1.0986122886681098,1.09861228866811,2.0000000000000004,2.000000000000001,4.440892098500626e-16
log_digest_mg_kg_tl1908,BP1-8,1.0986122886681098,1.09861228866811,2.0000000000000004,2.000000000000001,4.440892098500626e-16
log_digest_mg_kg_tl1908,BP2-1,1.0986122886681098,1.09861228866811,2.0000000000000004,2.000000000000001,4.440892098500626e-16
log_digest_mg_kg_tl1908,BP3-1,1.0986122886681098,1.09861228866811,2.0000000000000004,2.000000000000001,4.440892098500626e-16
log_digest_mg_kg_tl1908,BP3-8,1.0986122886681098,1.09861228866811,2.0000000000000004,2.000000000000001,4.440892098500626e-16
log_digest_mg_kg_tl1908,HV1-8,1.0986122886681098,1.09861228866811,2.0000000000000004,2.000000000000001,4.440892098500626e-16
log_digest_mg_kg_tl1908,HV2-5,1.7715567619105357,1.09861228866811,4.880000000000001,2.000000000000001,-2.88
log_digest_mg_kg_tl1908,HV3-1,1.0986122886681098,1.09861228866811,2.0000000000000004,2.000000000000001,4.440892098500626e-16
log_digest_mg_kg_tl1908,HV3-9,1.0986122886681098,1.09861228866811,2.0000000000000004,2.000000000000001,4.440892098500626e-16
log_digest_mg_kg_tl1908,KR-1,1.0986122886681098,1.09861228866811,2.0000000000000004,2.000000000000001,4.440892098500626e-16
log_digest_mg_kg_tl1908,KR-2,1.0986122886681098,1.09861228866811,2.0000000000000004,2.000000000000001,4.440892098500626e-16
log_digest_mg_kg_tl1908,KR-4,1.0986122886681098,1.09861228866811,2.0000000000000004,2.000000000000001,4.440892098500626e-16
log_digest_mg_kg_tl1908,MF1-1,1.0986122886681098,1.131746687321872,2.0000000000000004,2.1010683691319114,0.10106836913191097
log_digest_mg_kg_tl1908,MF1-6,1.0986122886681098,1.131746687321872,2.0000000000000004,2.1010683691319114,0.10106836913191097
log_digest_mg_kg_tl1908,MF2-1,1.0986122886681098,1.131746687321872,2.0000000000000004,2.1010683691319114,0.10106836913191097
log_digest_mg_kg_tl1908,MF3-1,1.0986122886681098,1.131746687321872,2.0000000000000004,2.1010683691319114,0.10106836913191097
log_digest_mg_kg_tl1908,MFX-2,1.0986122886681098,1.131746687321872,2.0000000000000004,2.1010683691319114,0.10106836913191097
log_digest_mg_kg_tl1908,MSP1-1,1.0986122886681098,1.1317466873218718,2.0000000000000004,2.1010683691319105,0.10106836913191009
log_digest_mg_kg_tl1908,MSP1-4,1.0986122886681098,1.09861228866811,2.0000000000000004,2.000000000000001,4.440892098500626e-16
log_digest_mg_kg_tl1908,MSP2-1,1.0986122886681098,1.131746687321872,2.0000000000000004,2.1010683691319114,0.10106836913191097
log_digest_mg_kg_tl1908,MSP3-1,1.0986122886681098,1.131746687321872,2.0000000000000004,2.1010683691319114,0.10106836913191097
log_digest_mg_kg_tl1908,MSP3-4,1.0986122886681098,1.09861228866811,2.0000000000000004,2.000000000000001,4.440892098500626e-16
log_digest_mg_kg_tl1908,MW2-1,1.0986122886681098,1.131746687321872,2.0000000000000004,2.1010683691319114,0.10106836913191097
log_digest_mg_kg_tl1908,NP1-1,1.0986122886681098,1.131746687321872,2.0000000000000004,2.1010683691319114,0.10106836913191097
log_digest_mg_kg_tl1908,NP2-1,1.0986122886681098,1.131746687321872,2.0000000000000004,2.1010683691319114,0.10106836913191097
log_digest_mg_kg_tl1908,NP3-1,1.0986122886681098,1.131746687321872,2.0000000000000004,2.1010683691319114,0.10106836913191097
log_digest_mg_kg_tl1908,NP3-4,1.0986122886681098,1.131746687321872,2.0000000000000004,2.1010683691319114,0.10106836913191097
log_digest_mg_kg_tl1908,NP4-5,1.0986122886681098,1.09861228866811,2.0000000000000004,2.000000000000001,4.440892098500626e-16
log_digest_mg_kg_tl1908,RM1-1,1.0986122886681098,1.09861228866811,2.0000000000000004,2.000000000000001,4.440892098500626e-16
log_digest_mg_kg_tl1908,RM1-8,1.0986122886681098,1.09861228866811,2.0000000000000004,2.000000000000001,4.440892098500626e-16
log_digest_mg_kg_tl1908,RM2-1,1.0986122886681098,1.09861228866811,2.0000000000000004,2.000000000000001,4.440892098500626e-16
log_digest_mg_kg_tl1908,RM3-1,1.0986122886681098,1.09861228866811,2.0000000000000004,2.000000000000001,4.440892098500626e-16
log_digest_mg_kg_tl1908,RM3-8,1.0986122886681098,1.09861228866811,2.0000000000000004,2.000000000000001,4.440892098500626e-16
log_digest_mg_kg_tl1908,SH1-1,1.0986122886681098,1.09861228866811,2.0000000000000004,2.000000000000001,4.440892098500626e-16
log_digest_mg_kg_tl1908,SH1-6,1.0986122886681098,1.09861228866811,2.0000000000000004,2.000000000000001,4.440892098500626e-16
log_digest_mg_kg_tl1908,SH2-1,1.0986122886681098,1.09861228866811,2.0000000000000004,2.000000000000001,4.440892098500626e-16
log_digest_mg_kg_tl1908,SH3-2,1.0986122886681098,1.09861228866811,2.0000000000000004,2.000000000000001,4.440892098500626e-16
log_digest_mg_kg_tl1908,SH3-8,1.0986122886681098,1.09861228866811,2.0000000000000004,2.000000000000001,4.440892098500626e-16
log_digest_mg_kg_tl1908,TGV1-1,1.0986122886681098,1.09861228866811,2.0000000000000004,2.000000000000001,4.440892098500626e-16
log_digest_mg_kg_tl1908,TGV1-8,1.0986122886681098,1.09861228866811,2.0000000000000004,2.000000000000001,4.440892098500626e-16
log_digest_mg_kg_tl1908,TGV2-1,1.0986122886681098,1.09861228866811,2.0000000000000004,2.000000000000001,4.440892098500626e-16
log_digest_mg_kg_tl1908,TGV3-1,1.0986122886681098,1.09861228866811,2.0000000000000004,2.000000000000001,4.440892098500626e-16
log_digest_mg_kg_tl1908,TGV3-9,1.0986122886681098,1.09861228866811,2.0000000000000004,2.000000000000001,4.440892098500626e-16
log_digest_mg_kg_tl1908,TN1-1,1.6253112615903906,1.09861228866811,4.080000000000001,2.000000000000001,-2.08
log_digest_mg_kg_tl1908,TN1-8,1.0986122886681098,1.09861228866811,2.0000000000000004,2.000000000000001,4.440892098500626e-16
log_digest_mg_kg_tl1908,TN2-1,1.0986122886681098,1.09861228866811,2.0000000000000004,2.000000000000001,4.440892098500626e-16
log_digest_mg_kg_tl1908,TN3-1,1.0986122886681098,1.09861228866811,2.0000000000000004,2.000000000000001,4.440892098500626e-16
log_digest_mg_kg_tl1908,TN3-5,1.0986122886681098,1.09861228866811,2.0000000000000004,2.000000000000001,4.440892098500626e-16
log_digest_mg_kg_tl1908,CB-CMBjA1,1.0986122886681098,1.09861228866811,2.0000000000000004,2.000000000000001,4.440892098500626e-16
log_digest_mg_kg_tl1908,CB-iH5,1.0986122886681098,1.124947237314224,2.0000000000000004,2.0800543326917436,0.08005433269174311
log_digest_mg_kg_tl1908,VV-0,1.0986122886681098,1.1322595123302313,2.0000000000000004,2.1026590823881417,0.10265908238814125
log_digest_mg_kg_tl1908,VV-d,1.0986122886681098,1.1322595123302313,2.0000000000000004,2.1026590823881417,0.10265908238814125
log_digest_mg_kg_tl1908,VV-J,1.0986122886681098,1.1322595123302313,2.0000000000000004,2.1026590823881417,0.10265908238814125
log_digest_mg_kg_tl1908,VV-L,1.0986122886681098,1.1322595123302313,2.0000000000000004,2.1026590823881417,0.10265908238814125
log_digest_mg_kg_tl1908,WV-BA 1,1.0986122886681098,1.09861228866811,2.0000000000000004,2.000000000000001,4.440892098500626e-16
log_digest_mg_kg_tl1908,WV-UNN 1,1.0986122886681098,1.1322595123302313,2.0000000000000004,2.1026590823881417,0.10265908238814125
log_digest_mg_kg_tl1908,WV-UNN 3,1.0986122886681098,1.1322595123302313,2.0000000000000004,2.1026590823881417,0.10265908238814125
log_digest_mg_kg_tl1908,WV-UNN-2,1.0986122886681098,1.1322595123302313,2.0000000000000004,2.1026590823881417,0.10265908238814125
log_digest_mg_kg_tl1908,WV-ZS 2,1.0986122886681098,1.124947237314224,2.0000000000000004,2.0800543326917436,0.08005433269174311
clr_hr_1_mg_l_f,BS-607,,,-1.9046922297217583,-1.2343513694231503,0.6703408602986081
clr_hr_1_mg_l_f,BS-610,,,-0.0448514679170284,-1.3990878329553396,-1.3542363650383111
clr_hr_1_mg_l_f,BS-618,,,0.6160056320279523,-1.2343513694231503,-1.8503570014511026
clr_hr_1_mg_l_f,BPS-1,,,-2.5178558059458944,-2.1543798857335106,0.36347592021238384
clr_hr_1_mg_l_f,BPS-18,,,-3.018175675316235,-1.8841249245185814,1.1340507507976538
clr_hr_1_mg_l_f,BPS-22,,,-2.887723100228401,-1.9771169626088185,0.9106061376195824
clr_hr_1_mg_l_f,BPS-25,,,-2.059278808395656,-1.4833004622238302,0.575978346171826
clr_hr_1_mg_l_f,BPS-5,,,-0.8886282893082846,-1.4833004622238302,-0.5946721729155455
clr_hr_1_mg_l_f,CK-20B,,,-0.4499997557781717,-1.2097029707664664,-0.7597032149882947
clr_hr_1_mg_l_f,CK1-100B,,,-2.47840832730046,-1.072988806326776,1.405419520973684
clr_hr_1_mg_l_f,CK2-100A,,,0.4853376806981204,-1.072988806326776,-1.5583264870248965
clr_hr_1_mg_l_f,CK2-100B,,,-1.9046922297217583,-1.072988806326776,0.8317034233949823
clr_hr_1_mg_l_f,CM-2 1,,,-1.5009036478036788,-1.9693830333753932,-0.4684793855717144
clr_hr_1_mg_l_f,CM-4,,,-1.4517035803868965,-2.2723803207471645,-0.8206767403602679
clr_hr_1_mg_l_f,CM-PA 3-10,,,-1.4082069483349673,-2.2723803207471645,-0.8641733724121972
clr_hr_1_mg_l_f,CM-PA 30,,,0.918904622297569,-2.2723803207471645,-3.1912849430447334
clr_hr_1_mg_l_f,CM2 (OM),,,0.4616457860704863,-1.9693830333753932,-2.4310288194458796
clr_hr_1_mg_l_f,LC1-5,,,-1.9046922297217583,-2.175007050181238,-0.27031482045947985
clr_hr_1_mg_l_f,LGP (3-4),,,-2.641043055556028,-2.1750070501812386,0.4660360053747894
clr_hr_1_mg_l_f,LGP (BA 1-3),,,-2.514812064720725,-2.175007050181238,0.33980501453948664
clr_hr_1_mg_l_f,CR-0819,,,-1.0683875457985463,-2.032208980289382,-0.9638214344908356
clr_hr_1_mg_l_f,CR-0821,,,-1.4941561525002651,-2.032208980289382,-0.5380528277891168
clr_hr_1_mg_l_f,CR-0826,,,-1.8799239291600385,-2.032208980289382,-0.15228505112934343
clr_hr_1_mg_l_f,CR-0828,,,-2.5807311995788496,-2.032208980289382,0.5485222192894676
clr_hr_1_mg_l_f,CR-0833,,,-1.247777161884644,-2.032208980289382,-0.7844318184047379
clr_hr_1_mg_l_f,CS-CR2,,,-3.450224694145777,-1.8294837373543165,1.6207409567914604
clr_hr_1_mg_l_f,CS-CR5,,,-3.2628505359076465,-1.9684005998527403,1.2944499360549062
clr_hr_1_mg_l_f,CS-CR7,,,-2.505994815146404,-1.8294837373543167,0.6765110777920873
clr_hr_1_mg_l_f,CS-CR9,,,-1.2017185727020716,-1.8294837373543167,-0.6277651646522451
clr_hr_1_mg_l_f,DS1(1-2),,,-2.173152841759625,-1.7204771228421287,0.45267571891749636
clr_hr_1_mg_l_f,DS2(1-2),,,-2.560517980091557,-1.3084526423967235,1.2520653376948336
clr_hr_1_mg_l_f,DA-1,,,-1.6322148832034145,-2.170455538970404,-0.5382406557669894
clr_hr_1_mg_l_f,DA-3,,,-1.353413564516759,-2.170455538970404,-0.8170419744536448
clr_hr_1_mg_l_f,DA-4,,,-2.1820928300855984,-2.170455538970404,0.011637291115194515
clr_hr_1_mg_l_f,DA-5,,,-2.266978652306578,-2.170455538970404,0.09652311333617414
clr_hr_1_mg_l_f,DA-6,,,-2.8725573717756343,-2.170455538970404,0.7021018328052304
clr_hr_1_mg_l_f,GE-A1-3,,,-1.9046922297217583,-0.9118086341660077,0.9928835955557507
clr_hr_1_mg_l_f,GE-A2-2,,,-1.9046922297217583,-0.9118086341660077,0.9928835955557507
clr_hr_1_mg_l_f,GE-B1-3,,,-2.461101005923866,-0.9118086341660074,1.5492923717578586
clr_hr_1_mg_l_f,GE-C2-3,,,-1.9046922297217583,-0.9415526209483455,0.9631396087734129
clr_hr_1_mg_l_f,GE-C3-2,,,-1.9046922297217583,-0.9415526209483455,0.9631396087734129
clr_hr_1_mg_l_f,HS-1,,,-2.462138429517089,-1.2418965083513203,1.2202419211657687
clr_hr_1_mg_l_f,HS-2,,,-2.567383923192588,-1.244724708765331,1.322659214427257
clr_hr_1_mg_l_f,HS-3,,,-1.9046922297217583,-1.308692904576309,0.5959993251454494
clr_hr_1_mg_l_f,HS-4,,,-1.9046922297217583,-1.2418965083513203,0.6627957213704381
clr_hr_1_mg_l_f,HS-7,,,-1.9046922297217583,-1.3484200918024354,0.556272137919323
clr_hr_1_mg_l_f,HC-BA1,,,-1.2375633492059126,-1.9705802306188498,-0.7330168814129372
clr_hr_1_mg_l_f,HC-BA2,,,-1.9046922297217583,-1.9705802306188496,-0.06588800089709124
clr_hr_1_mg_l_f,HC-Z5-1,,,-1.4723376419740806,-2.0049266454662154,-0.5325890034921348
clr_hr_1_mg_l_f,HC-ZS2,,,-0.8863771729077863,-2.0033715181373397,-1.1169943452295534
clr_hr_1_mg_l_f,HVY-4A,,,1.1909854993389746,-1.1108361813273062,-2.301821680666281
clr_hr_1_mg_l_f,HVY-5A,,,0.2257794393005503,-1.1108361813273062,-1.3366156206278565
clr_hr_1_mg_l_f,HVY-9054A,,,0.8736450202467223,-1.475400024212971,-2.349045044459693
clr_hr_1_mg_l_f,HVY-9062A,,,1.0970800337068392,-1.505590605201546,-2.602670638908385
clr_hr_1_mg_l_f,HVY-9130A,,,-1.591720496693215,-1.5264885276289033,0.06523196906431172
clr_hr_1_mg_l_f,HD-10,,,-2.576600571000423,-2.001389554685095,0.5752110163153281
clr_hr_1_mg_l_f,HD-14,,,-2.4711465746019496,-2.001389554685095,0.4697570199168548
clr_hr_1_mg_l_f,HD-6,,,-1.9046922297217583,-1.9789481713803188,-0.07425594165856042
clr_hr_1_mg_l_f,HG-3,,,-1.9046922297217583,-2.1633842146684295,-0.2586919849466711
clr_hr_1_mg_l_f,HG-54,,,-1.9046922297217583,-1.9832446085342492,-0.07855237881249089
clr_hr_1_mg_l_f,HG-6,,,-1.9046922297217583,-0.7210154685425767,1.1836767611791816
clr_hr_1_mg_l_f,HG-8,,,-2.9264622980404007,-1.3855416993524627,1.540920598687938
clr_hr_1_mg_l_f,HG-9,,,-2.4841837705788885,-1.9197979450106673,0.5643858255682213
clr_hr_1_mg_l_f,HM-2,,,-1.9046922297217583,-2.0091278769390497,-0.10443564721729137
clr_hr_1_mg_l_f,HM-3,,,-1.9046922297217583,-2.0091278769390497,-0.10443564721729137
clr_hr_1_mg_l_f,HM-5,,,-1.9046922297217583,-2.1016808700856657,-0.1969886403639074
clr_hr_1_mg_l_f,HM-6,,,-1.9046922297217583,-1.9808358237124626,-0.07614359399070425
clr_hr_1_mg_l_f,LI-10,,,-2.487249300268372,-2.018169806295091,0.4690794939732812
clr_hr_1_mg_l_f,LI-11,,,-1.9046922297217583,-2.0800879406030335,-0.17539571088127515
clr_hr_1_mg_l_f,LI-12,,,-1.9046922297217583,-2.0800879406030335,-0.17539571088127515
clr_hr_1_mg_l_f,LI-13,,,-1.9046922297217583,-2.0800879406030335,-0.17539571088127515
clr_hr_1_mg_l_f,LI-14,,,-1.9046922297217583,-2.0800879406030335,-0.17539571088127515
clr_hr_1_mg_l_f,LI-15,,,-1.9046922297217583,-2.0800879406030335,-0.17539571088127515
clr_hr_1_mg_l_f,LI-4,,,-1.9046922297217583,-2.0181698062950915,-0.11347757657333313
clr_hr_1_mg_l_f,LI-5,,,-2.511682827063213,-2.0181698062950915,0.49351302076812154
clr_hr_1_mg_l_f,LI-6,,,-1.9046922297217583,-2.0181698062950915,-0.11347757657333313
clr_hr_1_mg_l_f,LI-9,,,-1.9046922297217583,-2.018169806295091,-0.11347757657333268
clr_hr_1_mg_l_f,LGP-BA LV8,,,-2.828743394402985,-0.8263611490214936,2.0023822453814915
clr_hr_1_mg_l_f,LV-14,,,-1.9046922297217583,-0.9811450354745302,0.9235471942472281
clr_hr_1_mg_l_f,LV-18,,,-2.64218792436142,-0.9811450354745302,1.66104288888689
clr_hr_1_mg_l_f,MD-BJA1,,,-2.9050693471900253,-1.519242470324689,1.3858268768653363
clr_hr_1_mg_l_f,MD-UN11,,,-1.8962877074734732,-1.4999805858013315,0.39630712167214166
clr_hr_1_mg_l_f,MD-UN6,,,-0.5714926156913585,-1.519242470324689,-0.9477498546333305
clr_hr_1_mg_l_f,ME-A1-1,,,-0.0899023296206187,-1.3922152909382108,-1.302312961317592
clr_hr_1_mg_l_f,ME-A2-3,,,1.5663460903766906,-1.3922152909382108,-2.9585613813149014
clr_hr_1_mg_l_f,ME-B1-2,,,-1.9046922297217583,-1.392215290938211,0.5124769387835473
clr_hr_1_mg_l_f,ME-c2-3,,,-2.4967132489039265,-1.3922152909382108,1.1044979579657157
clr_hr_1_mg_l_f,ME-C3-1,,,0.9342940281747968,-1.3922152909382108,-2.3265093191130077
clr_hr_1_mg_l_f,HK-1,,,0.629360039609919,-1.6101812806137654,-2.2395413202236845
clr_hr_1_mg_l_f,HK-2,,,1.1909854993389746,-1.6101812806137654,-2.80116677995274
clr_hr_1_mg_l_f,HK-3,,,-1.9046922297217583,-1.6101812806137654,0.2945109491079929
clr_hr_1_mg_l_f,HK-4,,,-1.9046922297217583,-1.6101812806137652,0.29451094910799314
clr_hr_1_mg_l_f,HK-5,,,0.6850429846106623,-1.6101812806137652,-2.2952242652244275
clr_hr_1_mg_l_f,MK-A6,,,-1.9046922297217583,-1.6101812806137652,0.29451094910799314
clr_hr_1_mg_l_f,MK-KYBjA6,,,-1.9046922297217583,-1.6101812806137654,0.2945109491079929
clr_hr_1_mg_l_f,MK-UN8,,,-1.9046922297217583,-1.6101812806137652,0.29451094910799314
clr_hr_1_mg_l_f,MFP-A1,,,-2.5268968932995035,-2.1919964681673783,0.33490042513212526
clr_hr_1_mg_l_f,MFP-A2,,,-2.5246386024362537,-2.1919964681673783,0.33264213426887546
clr_hr_1_mg_l_f,MFP-AAA,,,-1.9046922297217583,-2.1919964681673783,-0.2873042384456199
clr_hr_1_mg_l_f,MFP-d,,,-2.499430458257181,-2.1919964681673783,0.30743399008980266
clr_hr_1_mg_l_f,MS-11,,,-2.4613485000774635,-1.8826784315816574,0.5786700684958062
clr_hr_1_mg_l_f,MS-12,,,-2.4963398435470405,-1.8826784315816574,0.6136614119653832
clr_hr_1_mg_l_f,MS-5,,,-2.5497433160882066,-1.8826784315816574,0.6670648845065492
clr_hr_1_mg_l_f,MS-7,,,-2.6426080715674005,-1.8826784315816574,0.7599296399857431
clr_hr_1_mg_l_f,ON-10,,,-2.5085038494932563,-1.3039859157935743,1.204517933699682
clr_hr_1_mg_l_f,OR-4,,,-5.425877662141247,-1.5299350552375486,3.8959426069036978
clr_hr_1_mg_l_f,OR-8,,,-3.4236231300497435,-1.4553012658461326,1.9683218642036109
clr_hr_1_mg_l_f,AV1-1,,,-5.610354533873196,-1.122931957620259,4.487422576252937
clr_hr_1_mg_l_f,AV1-8,,,-5.32552394267838,-1.1922278963089663,4.133296046369414
clr_hr_1_mg_l_f,AV2-1,,,-5.162008164665234,-1.1922278963089663,3.969780268356267
clr_hr_1_mg_l_f,AV3-1,,,-2.4277571209844315,-1.1145028008829896,1.313254320101442
clr_hr_1_mg_l_f,AV3-7,,,-2.500856561885406,-1.1922278963089663,1.3086286655764396
clr_hr_1_mg_l_f,BP1-1,,,-5.6712827708901905,-1.1922278963089663,4.479054874581224
clr_hr_1_mg_l_f,BP1-8,,,0.8979375827701968,-1.1922278963089663,-2.090165479079163
clr_hr_1_mg_l_f,BP2-1,,,-1.4327963652287652,-1.1922278963089663,0.24056846891979888
clr_hr_1_mg_l_f,BP3-1,,,-1.9815911935002943,-1.1922278963089663,0.789363297191328
clr_hr_1_mg_l_f,BP3-8,,,-2.7578806608523747,-1.1922278963089663,1.5656527645434084
clr_hr_1_mg_l_f,HV1-8,,,-3.7707814976289473,-1.2659599432071522,2.5048215544217953
clr_hr_1_mg_l_f,HV2-5,,,-0.39559575412148,-1.5568455754319324,-1.1612498213104523
clr_hr_1_mg_l_f,HV3-1,,,-1.7166301250864784,-1.122931957620259,0.5936981674662194
clr_hr_1_mg_l_f,HV3-9,,,-3.2590569799604308,-1.2736892721408468,1.985367707819584
clr_hr_1_mg_l_f,KR-1,,,-4.419417854824008,-0.9950253213032122,3.424392533520796
clr_hr_1_mg_l_f,KR-2,,,-2.347147720044809,-1.0514637104019484,1.2956840096428608
clr_hr_1_mg_l_f,KR-4,,,-0.4665892957098472,-1.3011488203908772,-0.83455952468103
clr_hr_1_mg_l_f,MF1-1,,,-2.477634631944876,-1.5330797434675776,0.9445548884772985
clr_hr_1_mg_l_f,MF1-6,,,-1.9046922297217583,-1.6683843612715468,0.23630786845021157
clr_hr_1_mg_l_f,MF2-1,,,-1.9046922297217583,-1.6683843612715468,0.23630786845021157
clr_hr_1_mg_l_f,MF3-1,,,-1.9046922297217583,-1.6683843612715468,0.23630786845021157
clr_hr_1_mg_l_f,MFX-2,,,0.3833082982941342,-1.5294674987731225,-1.9127757970672568
clr_hr_1_mg_l_f,MSP1-1,,,-1.9046922297217583,-2.0576429063190664,-0.1529506765973081
clr_hr_1_mg_l_f,MSP1-4,,,-1.9046922297217583,-2.254702118687946,-0.3500098889661878
clr_hr_1_mg_l_f,MSP2-1,,,-1.9046922297217583,-1.8375113369063705,0.06718089281538786
clr_hr_1_mg_l_f,MSP3-1,,,-1.9046922297217583,-1.8816533754540299,0.023038854267728448
clr_hr_1_mg_l_f,MSP3-4,,,-1.9046922297217583,-2.2875478720798017,-0.38285564235804337
clr_hr_1_mg_l_f,MW2-1,,,-1.9046922297217583,-1.4231374580120097,0.4815547717097486
clr_hr_1_mg_l_f,NP1-1,,,0.492935809313735,-1.3734814743034611,-1.8664172836171962
clr_hr_1_mg_l_f,NP2-1,,,-2.5434448545323836,-1.470084491635624,1.0733603628967596
clr_hr_1_mg_l_f,NP3-1,,,-2.4726482240777794,-1.3602147900696615,1.112433434008118
clr_hr_1_mg_l_f,NP3-4,,,-1.9046922297217583,-1.3734814743034613,0.531210755418297
clr_hr_1_mg_l_f,NP4-5,,,-1.9046922297217583,-1.3441026396689466,0.5605895900528117
clr_hr_1_mg_l_f,RM1-1,,,0.3317247242675365,-1.0026458018183377,-1.3343705260858743
clr_hr_1_mg_l_f,RM1-8,,,0.2668243857055987,-1.0083011182246484,-1.2751255039302472
clr_hr_1_mg_l_f,RM2-1,,,1.8161282864301849,-1.0026458018183377,-2.8187740882485226
clr_hr_1_mg_l_f,RM3-1,,,-0.8959579692807877,-1.0026458018183377,-0.10668783253754999
clr_hr_1_mg_l_f,RM3-8,,,-1.16814834689777,-1.0083011182246484,0.15984722867312162
clr_hr_1_mg_l_f,SH1-1,,,-0.5061454465814621,-0.9450801486081886,-0.43893470202672646
clr_hr_1_mg_l_f,SH1-6,,,-5.093349712352547,-0.9761287926256632,4.117220919726884
clr_hr_1_mg_l_f,SH2-1,,,-0.873609875860808,-0.9450801486081886,-0.0714702727473806
clr_hr_1_mg_l_f,SH3-2,,,-0.739477463037765,-0.9450801486081885,-0.2056026855704235
clr_hr_1_mg_l_f,SH3-8,,,-5.271307695292178,-0.9761287926256628,4.295178902666515
clr_hr_1_mg_l_f,TGV1-1,,,-1.874222073225972,-1.5156635649768666,0.3585585082491054
clr_hr_1_mg_l_f,TGV1-8,,,-2.4588596675619536,-1.208995446695648,1.2498642208663056
clr_hr_1_mg_l_f,TGV2-1,,,-0.8592330616852768,-1.2094630445182801,-0.35022998283300333
clr_hr_1_mg_l_f,TGV3-1,,,-1.9046922297217583,-1.8789873156053676,0.025704914116390754
clr_hr_1_mg_l_f,TGV3-9,,,-1.9046922297217583,-1.5335347455611044,0.37115748416065397
clr_hr_1_mg_l_f,TN1-1,,,-4.1059614028510705,-1.2562425191459654,2.849718883705105
clr_hr_1_mg_l_f,TN1-8,,,-0.2698015019703106,-1.5237030458948124,-1.2539015439245018
clr_hr_1_mg_l_f,TN2-1,,,-0.8721452116569943,-1.244503804507557,-0.3723585928505626
clr_hr_1_mg_l_f,TN3-1,,,-0.8093602363536916,-1.2219873404465356,-0.412627104092844
clr_hr_1_mg_l_f,TN3-5,,,-0.0791739272628944,-1.9231958828713616,-1.8440219556084672
clr_hr_1_mg_l_f,CB-CMBjA1,,,-3.3019206237343472,-1.2804396682477623,2.021480955486585
clr_hr_1_mg_l_f,CB-iH5,,,-2.9973854926244137,-1.7493895955817707,1.247995897042643
clr_hr_1_mg_l_f,VV-0,,,-1.9046922297217583,-2.2436700478627767,-0.33897781814101835
clr_hr_1_mg_l_f,VV-d,,,1.203724622024353,-2.2436700478627767,-3.44739466988713
clr_hr_1_mg_l_f,VV-J,,,0.3172156858808607,-2.2436700478627767,-2.5608857337436373
clr_hr_1_mg_l_f,VV-L,,,1.3900370409220315,-2.2436700478627767,-3.633707088784808
clr_hr_1_mg_l_f,WV-BA 1,,,0.1237316668283592,-1.5719569670904028,-1.695688633918762
clr_hr_1_mg_l_f,WV-UNN 1,,,-0.0536323667894342,-1.8927194340703004,-1.8390870672808661
clr_hr_1_mg_l_f,WV-UNN 3,,,-2.470533294253494,-1.8927194340703004,0.5778138601831937
clr_hr_1_mg_l_f,WV-UNN-2,,,-1.9046922297217583,-1.8927194340703004,0.011972795651457924
clr_hr_1_mg_l_f,WV-ZS 2,,,-0.7872340679854768,-1.6637131237392864,-0.8764790557538096
clr_hr_1_mg_l_cl,BS-607,,,1.0518193306789512,2.3815626584385603,1.3297433277596091
clr_hr_1_mg_l_cl,BS-610,,,3.533961579501669,2.4227467743216073,-1.1112148051800617
clr_hr_1_mg_l_cl,BS-618,,,2.844866729744034,2.3815626584385603,-0.4633040713054739
clr_hr_1_mg_l_cl,BPS-1,,,3.504473635575494,2.8782068617212255,-0.6262667738542684
clr_hr_1_mg_l_cl,BPS-18,,,3.127591325815004,2.5575973311955202,-0.5699939946194839
clr_hr_1_mg_l_cl,BPS-22,,,3.1457356354677826,2.433490218754385,-0.7122454167133974
clr_hr_1_mg_l_cl,BPS-25,,,2.9144093016059585,2.3105285763801735,-0.603880725225785
clr_hr_1_mg_l_cl,BPS-5,,,4.007675149807819,2.3105285763801735,-1.6971465734276459
clr_hr_1_mg_l_cl,CK-20B,,,3.3417758397099795,1.8360755880533635,-1.505700251656616
clr_hr_1_mg_l_cl,CK1-100B,,,3.346683720993757,1.8261043717942187,-1.5205793491995385
clr_hr_1_mg_l_cl,CK2-100A,,,2.6604272971001777,1.8261043717942187,-0.834322925305959
clr_hr_1_mg_l_cl,CK2-100B,,,1.0518193306789512,1.8261043717942187,0.7742850411152675
clr_hr_1_mg_l_cl,CM-2 1,,,1.831271683607827,1.2209392258087657,-0.6103324577990614
clr_hr_1_mg_l_cl,CM-4,,,1.760553060529757,1.186453812460962,-0.574099248068795
clr_hr_1_mg_l_cl,CM-PA 3-10,,,1.3368805008006186,1.186453812460962,-0.15042668833965656
clr_hr_1_mg_l_cl,CM-PA 30,,,2.564910066658547,1.186453812460962,-1.3784562541975849
clr_hr_1_mg_l_cl,CM2 (OM),,,2.378646966220427,1.2209392258087657,-1.1577077404116614
clr_hr_1_mg_l_cl,LC1-5,,,1.0518193306789512,1.940590436093008,0.8887711054140568
clr_hr_1_mg_l_cl,LGP (3-4),,,3.9972226340160297,1.940590436093008,-2.0566321979230215
clr_hr_1_mg_l_cl,LGP (BA 1-3),,,3.492298670674816,1.940590436093008,-1.551708234581808
clr_hr_1_mg_l_cl,CR-0819,,,0.3573008994474822,1.8455743151754695,1.4882734157279873
clr_hr_1_mg_l_cl,CR-0821,,,0.3312291635847142,1.8455743151754695,1.5143451515907553
clr_hr_1_mg_l_cl,CR-0826,,,1.1702273401346526,1.8455743151754695,0.675346975040817
clr_hr_1_mg_l_cl,CR-0828,,,0.9732856790601369,1.8455743151754695,0.8722886361153327
clr_hr_1_mg_l_cl,CR-0833,,,2.453936025548866,1.8455743151754695,-0.6083617103733963
clr_hr_1_mg_l_cl,CS-CR2,,,2.6475285091928535,1.4754013120920972,-1.1721271971007563
clr_hr_1_mg_l_cl,CS-CR5,,,2.3228039640894806,1.5101305277167034,-0.8126734363727772
clr_hr_1_mg_l_cl,CS-CR7,,,2.5538335556063876,1.4754013120920975,-1.0784322435142901
clr_hr_1_mg_l_cl,CS-CR9,,,4.113453809875631,1.4754013120920975,-2.6380524977835336
clr_hr_1_mg_l_cl,DS1(1-2),,,2.454676905221663,2.7457564648787023,0.29107955965703924
clr_hr_1_mg_l_cl,DS2(1-2),,,2.497526262484932,2.3420042353611454,-0.1555220271237867
clr_hr_1_mg_l_cl,DA-1,,,2.38335155173941,1.8594300505938737,-0.5239215011455363
clr_hr_1_mg_l_cl,DA-3,,,2.796958302362208,1.8594300505938737,-0.9375282517683345
clr_hr_1_mg_l_cl,DA-4,,,2.660662454001544,1.8594300505938737,-0.8012324034076705
clr_hr_1_mg_l_cl,DA-5,,,3.908104918699511,1.8594300505938737,-2.0486748681056373
clr_hr_1_mg_l_cl,DA-6,,,2.533350873306314,1.8594300505938737,-0.6739208227124402
clr_hr_1_mg_l_cl,GE-A1-3,,,1.0518193306789512,2.1452563837964505,1.0934370531174993
clr_hr_1_mg_l_cl,GE-A2-2,,,1.0518193306789512,2.1452563837964505,1.0934370531174993
clr_hr_1_mg_l_cl,GE-B1-3,,,3.27745443548738,2.14525638379645,-1.13219805169093
clr_hr_1_mg_l_cl,GE-C2-3,,,1.0518193306789512,2.1199364605484625,1.0681171298695114
clr_hr_1_mg_l_cl,GE-C3-2,,,1.0518193306789512,2.1199364605484625,1.0681171298695114
clr_hr_1_mg_l_cl,HS-1,,,3.281604129860272,1.5981868678178515,-1.6834172620424206
clr_hr_1_mg_l_cl,HS-2,,,0.3891276372081215,1.3976112850935054,1.008483647885384
clr_hr_1_mg_l_cl,HS-3,,,1.0518193306789512,1.6314808745435663,0.5796615438646151
clr_hr_1_mg_l_cl,HS-4,,,1.0518193306789512,1.5981868678178515,0.5463675371389003
clr_hr_1_mg_l_cl,HS-7,,,1.0518193306789512,1.487395760122697,0.43557642944374586
clr_hr_1_mg_l_cl,HC-BA1,,,1.4068368248198415,2.116676805637496,0.7098399808176543
clr_hr_1_mg_l_cl,HC-BA2,,,1.0518193306789512,2.1166768056374954,1.0648574749585442
clr_hr_1_mg_l_cl,HC-Z5-1,,,1.8474580843719608,2.2448020733161402,0.39734398894417944
clr_hr_1_mg_l_cl,HC-ZS2,,,1.532488460422698,2.1889621522277944,0.6564736918050964
clr_hr_1_mg_l_cl,HVY-4A,,,0.2778998984137678,1.702497644799081,1.4245977463853132
clr_hr_1_mg_l_cl,HVY-5A,,,3.2676414845820427,1.702497644799081,-1.5651438397829618
clr_hr_1_mg_l_cl,HVY-9054A,,,0.3572350181868309,1.9914473155867078,1.634212297399877
clr_hr_1_mg_l_cl,HVY-9062A,,,0.3013762648218018,2.1122096395410073,1.8108333747192056
clr_hr_1_mg_l_cl,HVY-9130A,,,3.941513977307596,1.9403588121707755,-2.0011551651368205
clr_hr_1_mg_l_cl,HD-10,,,3.7394526957936094,1.9065735541354907,-1.8328791416581187
clr_hr_1_mg_l_cl,HD-14,,,3.317636710199715,1.9065735541354907,-1.4110631560642242
clr_hr_1_mg_l_cl,HD-6,,,1.0518193306789512,2.072250537996046,1.0204312073170947
clr_hr_1_mg_l_cl,HG-3,,,1.0518193306789512,2.241860135593151,1.1900408049141997
clr_hr_1_mg_l_cl,HG-54,,,1.0518193306789512,2.0894362866117673,1.037616955932816
clr_hr_1_mg_l_cl,HG-6,,,1.0518193306789512,1.8110838203057071,0.759264489626756
clr_hr_1_mg_l_cl,HG-8,,,0.0300492623603089,1.6943037793033426,1.6642545169430338
clr_hr_1_mg_l_cl,HG-9,,,3.3697854941074716,1.8356496325174394,-1.5341358615900322
clr_hr_1_mg_l_cl,HM-2,,,1.0518193306789512,1.3534605420806405,0.3016412114016893
clr_hr_1_mg_l_cl,HM-3,,,1.0518193306789512,1.3534605420806405,0.3016412114016893
clr_hr_1_mg_l_cl,HM-5,,,1.0518193306789512,1.2085744339943334,0.15675510331538223
clr_hr_1_mg_l_cl,HM-6,,,1.0518193306789512,1.2402923291742933,0.18847299849534216
clr_hr_1_mg_l_cl,LI-10,,,3.382047612865403,1.9976840766310597,-1.3843635362343432
clr_hr_1_mg_l_cl,LI-11,,,1.0518193306789512,2.245356613862831,1.1935372831838797
clr_hr_1_mg_l_cl,LI-12,,,1.0518193306789512,2.245356613862831,1.1935372831838797
clr_hr_1_mg_l_cl,LI-13,,,1.0518193306789512,2.245356613862831,1.1935372831838797
clr_hr_1_mg_l_cl,LI-14,,,1.0518193306789512,2.245356613862831,1.1935372831838797
clr_hr_1_mg_l_cl,LI-15,,,1.0518193306789512,2.245356613862831,1.1935372831838797
clr_hr_1_mg_l_cl,LI-4,,,1.0518193306789512,1.9976840766310597,0.9458647459521086
clr_hr_1_mg_l_cl,LI-5,,,3.479781720044769,1.9976840766310597,-1.4820976434137094
clr_hr_1_mg_l_cl,LI-6,,,1.0518193306789512,1.9976840766310597,0.9458647459521086
clr_hr_1_mg_l_cl,LI-9,,,1.0518193306789512,1.9976840766310597,0.9458647459521086
clr_hr_1_mg_l_cl,LGP-BA LV8,,,4.7480239894038565,1.8034664432183942,-2.9445575461854623
clr_hr_1_mg_l_cl,LV-14,,,1.0518193306789512,1.8421624148316535,0.7903430841527024
clr_hr_1_mg_l_cl,LV-18,,,4.001802109237597,1.8421624148316535,-2.1596396944059437
clr_hr_1_mg_l_cl,MD-BJA1,,,1.8334895271768952,1.1181541046430827,-0.7153354225338124
clr_hr_1_mg_l_cl,MD-UN11,,,2.2537920733562613,1.147319049470941,-1.1064730238853202
clr_hr_1_mg_l_cl,MD-UN6,,,2.5788013529032403,1.1181541046430827,-1.4606472482601576
clr_hr_1_mg_l_cl,ME-A1-1,,,3.9885496887451217,2.2296630342103247,-1.758886654534797
clr_hr_1_mg_l_cl,ME-A2-3,,,0.1840597506543388,2.2296630342103247,2.045603283555986
clr_hr_1_mg_l_cl,ME-B1-2,,,1.0518193306789512,2.2296630342103243,1.1778437035313731
clr_hr_1_mg_l_cl,ME-c2-3,,,3.419903407407623,2.2296630342103243,-1.1902403731972986
clr_hr_1_mg_l_cl,ME-C3-1,,,0.3420727662048122,2.2296630342103243,1.887590268005512
clr_hr_1_mg_l_cl,HK-1,,,2.6929327844751514,1.575769037176789,-1.1171637472983624
clr_hr_1_mg_l_cl,HK-2,,,0.2778998984137678,1.575769037176789,1.2978691387630212
clr_hr_1_mg_l_cl,HK-3,,,1.0518193306789512,1.575769037176789,0.5239497064978378
clr_hr_1_mg_l_cl,HK-4,,,1.0518193306789512,1.5757690371767892,0.523949706497838
clr_hr_1_mg_l_cl,HK-5,,,0.4043855270958458,1.575769037176789,1.171383510080943
clr_hr_1_mg_l_cl,MK-A6,,,1.0518193306789512,1.575769037176789,0.5239497064978378
clr_hr_1_mg_l_cl,MK-KYBjA6,,,1.0518193306789512,1.5757690371767892,0.523949706497838
clr_hr_1_mg_l_cl,MK-UN8,,,1.0518193306789512,1.575769037176789,0.5239497064978378
clr_hr_1_mg_l_cl,MFP-A1,,,3.5406379849899317,2.495443626141302,-1.0451943588486294
clr_hr_1_mg_l_cl,MFP-A2,,,3.531604821536932,2.495443626141302,-1.0361611953956298
clr_hr_1_mg_l_cl,MFP-AAA,,,1.0518193306789512,2.495443626141303,1.443624295462352
clr_hr_1_mg_l_cl,MFP-d,,,3.4307722448206395,2.495443626141302,-0.9353286186793373
clr_hr_1_mg_l_cl,MS-11,,,3.2784444121017704,2.3741539087034655,-0.9042905033983049
clr_hr_1_mg_l_cl,MS-12,,,3.4184097859800797,2.3741539087034655,-1.0442558772766142
clr_hr_1_mg_l_cl,MS-5,,,3.632023676144743,2.3741539087034655,-1.2578697674412775
clr_hr_1_mg_l_cl,MS-7,,,4.003482698061519,2.3741539087034655,-1.6293287893580533
clr_hr_1_mg_l_cl,ON-10,,,3.467065809764941,2.0710224949287115,-1.3960433148362297
clr_hr_1_mg_l_cl,OR-4,,,4.057327859530888,2.12201545973361,-1.935312399797278
clr_hr_1_mg_l_cl,OR-8,,,4.241625524444107,2.058967711250247,-2.1826578131938597
clr_hr_1_mg_l_cl,AV1-1,,,2.591600903468482,2.095056696277223,-0.4965442071912589
clr_hr_1_mg_l_cl,AV1-8,,,2.5861947649089685,2.089221157286444,-0.4969736076225244
clr_hr_1_mg_l_cl,AV2-1,,,1.9362403202601772,2.089221157286444,0.15298083702626686
clr_hr_1_mg_l_cl,AV3-1,,,2.151690660272812,2.086917325959191,-0.06477333431362098
clr_hr_1_mg_l_cl,AV3-7,,,3.4364766593335405,2.089221157286444,-1.3472555020470964
clr_hr_1_mg_l_cl,BP1-1,,,3.1009461214036764,2.089221157286444,-1.0117249641172323
clr_hr_1_mg_l_cl,BP1-8,,,2.6259485872162553,2.089221157286444,-0.5367274299298113
clr_hr_1_mg_l_cl,BP2-1,,,1.966428629206186,2.089221157286444,0.12279252808025798
clr_hr_1_mg_l_cl,BP3-1,,,2.225644338894784,2.089221157286444,-0.1364231816083401
clr_hr_1_mg_l_cl,BP3-8,,,4.464573055201415,2.089221157286444,-2.3753518979149706
clr_hr_1_mg_l_cl,HV1-8,,,3.99918190722334,1.9709315830284773,-2.028250324194863
clr_hr_1_mg_l_cl,HV2-5,,,1.562331234489056,2.239191644736909,0.676860410247853
clr_hr_1_mg_l_cl,HV3-1,,,2.266083282307992,2.0950566962772235,-0.1710265860307687
clr_hr_1_mg_l_cl,HV3-9,,,2.881324796109664,2.064061081574828,-0.8172637145348363
clr_hr_1_mg_l_cl,KR-1,,,2.600910329429845,1.840522331862798,-0.7603879975670471
clr_hr_1_mg_l_cl,KR-2,,,2.777150372291729,1.8596701020279824,-0.9174802702637463
clr_hr_1_mg_l_cl,KR-4,,,4.178102387142456,1.768543334878419,-2.409559052264037
clr_hr_1_mg_l_cl,MF1-1,,,3.3435889395714207,1.204571318897491,-2.13901762067393
clr_hr_1_mg_l_cl,MF1-6,,,1.0518193306789512,1.3403534698730986,0.2885341391941474
clr_hr_1_mg_l_cl,MF2-1,,,1.0518193306789512,1.3403534698730986,0.2885341391941474
clr_hr_1_mg_l_cl,MF3-1,,,1.0518193306789512,1.3403534698730983,0.28853413919414717
clr_hr_1_mg_l_cl,MFX-2,,,0.4798191986749779,1.3056242542484922,0.8258050555735142
clr_hr_1_mg_l_cl,MSP1-1,,,1.0518193306789512,2.2830264358672836,1.2312071051883324
clr_hr_1_mg_l_cl,MSP1-4,,,1.0518193306789512,2.3347311095284953,1.282911778849544
clr_hr_1_mg_l_cl,MSP2-1,,,1.0518193306789512,1.8256933614049373,0.7738740307259862
clr_hr_1_mg_l_cl,MSP3-1,,,1.0518193306789512,1.938613405004174,0.8867940743252227
clr_hr_1_mg_l_cl,MSP3-4,,,1.0518193306789512,2.2646252747849998,1.2128059441060486
clr_hr_1_mg_l_cl,MW2-1,,,1.0518193306789512,1.2857404114443107,0.23392108076535956
clr_hr_1_mg_l_cl,NP1-1,,,2.996983748050868,1.2780669376992608,-1.7189168103516073
clr_hr_1_mg_l_cl,NP2-1,,,3.606829829921452,1.511026691974714,-2.0958031379467377
clr_hr_1_mg_l_cl,NP3-1,,,3.3236433081030348,1.2465511396694817,-2.077092168433553
clr_hr_1_mg_l_cl,NP3-4,,,1.0518193306789512,1.2780669376992608,0.22624760702030966
clr_hr_1_mg_l_cl,NP4-5,,,1.0518193306789512,1.9388325736371805,0.8870132429582294
clr_hr_1_mg_l_cl,RM1-1,,,1.0847355881163945,1.761730937563679,0.6769953494472845
clr_hr_1_mg_l_cl,RM1-8,,,1.5907830563677172,1.8264360274955844,0.2356529711278672
clr_hr_1_mg_l_cl,RM2-1,,,0.1216142016409651,1.761730937563679,1.6401167359227138
clr_hr_1_mg_l_cl,RM3-1,,,0.8386430861073184,1.761730937563679,0.9230878514563605
clr_hr_1_mg_l_cl,RM3-8,,,1.2001484366694148,1.8264360274955844,0.6262875908261696
clr_hr_1_mg_l_cl,SH1-1,,,-2.8460263243192045,1.5760103855085343,4.422036709827739
clr_hr_1_mg_l_cl,SH1-6,,,1.2859902498366125,1.5142850262967023,0.22829477646008978
clr_hr_1_mg_l_cl,SH2-1,,,-2.410046895410418,1.5760103855085341,3.9860572809189523
clr_hr_1_mg_l_cl,SH3-2,,,-3.0677303027803884,1.5760103855085341,4.643740688288922
clr_hr_1_mg_l_cl,SH3-8,,,0.3932540662107415,1.5142850262967025,1.121030960085961
clr_hr_1_mg_l_cl,TGV1-1,,,2.8067300788279246,2.3811987305571334,-0.4255313482707912
clr_hr_1_mg_l_cl,TGV1-8,,,3.2684890820397308,2.139840602513608,-1.128648479526123
clr_hr_1_mg_l_cl,TGV2-1,,,2.5770361026235764,2.141710993804135,-0.4353251088194412
clr_hr_1_mg_l_cl,TGV3-1,,,1.0518193306789512,2.727331473235016,1.6755121425560648
clr_hr_1_mg_l_cl,TGV3-9,,,1.0518193306789512,2.385790944472625,1.333971613793674
clr_hr_1_mg_l_cl,TN1-1,,,3.763777543735893,2.1941029978242264,-1.5696745459116666
clr_hr_1_mg_l_cl,TN1-8,,,3.1553591327788757,2.292234043489736,-0.8631250892891398
clr_hr_1_mg_l_cl,TN2-1,,,3.2493298487191957,2.172071934846621,-1.0772579138725749
clr_hr_1_mg_l_cl,TN3-1,,,1.3375075727973509,2.230299477857491,0.8927919050601401
clr_hr_1_mg_l_cl,TN3-5,,,2.65692675129841,2.568348347026397,-0.08857840427201324
clr_hr_1_mg_l_cl,CB-CMBjA1,,,2.837632308525347,1.3471085058083951,-1.490523802716952
clr_hr_1_mg_l_cl,CB-iH5,,,2.6727606471724066,1.9999225742829219,-0.6728380728894847
clr_hr_1_mg_l_cl,VV-0,,,1.0518193306789512,2.3823170885885157,1.3304977579095645
clr_hr_1_mg_l_cl,VV-d,,,0.2747151177424232,2.3823170885885157,2.1076019708460922
clr_hr_1_mg_l_cl,VV-J,,,0.4963423517782963,2.3823170885885157,1.8859747368102193
clr_hr_1_mg_l_cl,VV-L,,,0.2281370130180036,2.3823170885885157,2.154180075570512
clr_hr_1_mg_l_cl,WV-BA 1,,,3.371174173141014,1.603633299670743,-1.767540873470271
clr_hr_1_mg_l_cl,WV-UNN 1,,,3.949541492405094,1.9730281746501084,-1.9765133177549856
clr_hr_1_mg_l_cl,WV-UNN 3,,,3.3151835888058927,1.9730281746501084,-1.3421554141557843
clr_hr_1_mg_l_cl,WV-UNN-2,,,1.0518193306789512,1.9730281746501084,0.9212088439711572
clr_hr_1_mg_l_cl,WV-ZS 2,,,2.571387685037254,1.823033872735739,-0.7483538123015152
clr_hr_1_mg_l_no3,BS-607,,,-1.2507657623150945,-0.5411575084479696,0.7096082538671249
clr_hr_1_mg_l_no3,BS-610,,,-2.698093432524243,-0.5159254818912624,2.182167950632981
clr_hr_1_mg_l_no3,BS-618,,,-2.688680849253359,-0.5395307134046519,2.149150135848707
clr_hr_1_mg_l_no3,BPS-1,,,-1.8639293385392304,-0.5818503568453824,1.2820789816938478
clr_hr_1_mg_l_no3,BPS-18,,,0.919149512974129,-0.653768529652866,-1.5729180426269949
clr_hr_1_mg_l_no3,BPS-22,,,0.5792479152117975,-0.5779300330045877,-1.1571779482163853
clr_hr_1_mg_l_no3,BPS-25,,,-1.0527012298494005,-0.9516830940849446,0.10101813576445595
clr_hr_1_mg_l_no3,BPS-5,,,1.1637356551077689,-0.952546954252366,-2.116282609360135
clr_hr_1_mg_l_no3,CK-20B,,,-2.498982089973299,-1.7014004543083272,0.7975816356649716
clr_hr_1_mg_l_no3,CK1-100B,,,-1.824481859893796,-1.7242850705904968,0.10019678930329912
clr_hr_1_mg_l_no3,CK2-100A,,,-2.583645054595463,-1.7242838567507388,0.8593611978447242
clr_hr_1_mg_l_no3,CK2-100B,,,-1.2507657623150945,-1.7289013487494376,-0.47813558643434306
clr_hr_1_mg_l_no3,CM-2 1,,,1.8844277920821595,1.2292184335707153,-0.6552093585114442
clr_hr_1_mg_l_no3,CM-4,,,1.696692383872774,1.3341008458107064,-0.3625915380620677
clr_hr_1_mg_l_no3,CM-PA 3-10,,,1.7709182304591815,1.3377157059820874,-0.43320252447709406
clr_hr_1_mg_l_no3,CM-PA 30,,,-2.6963282916480686,1.3341008458107064,4.030429137458775
clr_hr_1_mg_l_no3,CM2 (OM),,,1.4382363266567264,1.2253292877800426,-0.21290703887668383
clr_hr_1_mg_l_no3,LC1-5,,,-1.2507657623150945,-0.8648901117005527,0.38587565061454177
clr_hr_1_mg_l_no3,LGP (3-4),,,-1.987116588149364,-0.8522201233899458,1.1348964647594182
clr_hr_1_mg_l_no3,LGP (BA 1-3),,,-1.8608855973140608,-0.8649546974970866,0.9959308998169741
clr_hr_1_mg_l_no3,CR-0819,,,1.1494003167243214,-0.9533921845001643,-2.102792501224486
clr_hr_1_mg_l_no3,CR-0821,,,1.3134622287161877,-0.9533921845001643,-2.266854413216352
clr_hr_1_mg_l_no3,CR-0826,,,-0.3697902456348583,-0.9533921845001643,-0.583601938865306
clr_hr_1_mg_l_no3,CR-0828,,,0.0239760862271403,-0.9533921845001643,-0.9773682707273046
clr_hr_1_mg_l_no3,CR-0833,,,-0.4489964281225136,-0.9533921845001643,-0.5043957563776507
clr_hr_1_mg_l_no3,CS-CR2,,,-0.0671884306505461,-0.4577186640249661,-0.39053023337442
clr_hr_1_mg_l_no3,CS-CR5,,,-0.1421323144032138,-0.07148822479476874,0.07064408960844507
clr_hr_1_mg_l_no3,CS-CR7,,,-3.0270190734746607,-0.12765454223215558,2.899364531242505
clr_hr_1_mg_l_no3,CS-CR9,,,0.7457166643413835,-0.12753047897023356,-0.8732471433116171
clr_hr_1_mg_l_no3,DS1(1-2),,,0.7295810431492917,-0.39499129106879577,-1.1245723342180876
clr_hr_1_mg_l_no3,DS2(1-2),,,1.024961595445382,-0.6484417241332311,-1.6734033195786129
clr_hr_1_mg_l_no3,DA-1,,,1.1492479380925005,-1.5502268622885775,-2.6994748003810782
clr_hr_1_mg_l_no3,DA-3,,,2.677382562645942,-1.5502268622885775,-4.22760942493452
clr_hr_1_mg_l_no3,DA-4,,,2.6800024356449565,-1.5502268622885775,-4.230229297933534
clr_hr_1_mg_l_no3,DA-5,,,3.9016411501463617,-1.5502268622885775,-5.4518680124349395
clr_hr_1_mg_l_no3,DA-6,,,2.533934237714943,-1.5502268622885775,-4.084161100003521
clr_hr_1_mg_l_no3,GE-A1-3,,,-1.2507657623150945,-1.9486590547099887,-0.6978932923948942
clr_hr_1_mg_l_no3,GE-A2-2,,,-1.2507657623150945,-1.9486553327238507,-0.6978895704087562
clr_hr_1_mg_l_no3,GE-B1-3,,,-1.8071745385172016,-1.9578365382842409,-0.1506619997670393
clr_hr_1_mg_l_no3,GE-C2-3,,,-1.2507657623150945,-1.879635000951012,-0.6288692386359176
clr_hr_1_mg_l_no3,GE-C3-2,,,-1.2507657623150945,-1.878991995806713,-0.6282262334916184
clr_hr_1_mg_l_no3,HS-1,,,-1.808211962110425,-1.6393524635024046,0.1688594986080203
clr_hr_1_mg_l_no3,HS-2,,,-1.9134574557859243,-1.5893545052901414,0.32410295049578286
clr_hr_1_mg_l_no3,HS-3,,,-1.2507657623150945,-1.7181647853892237,-0.46739902307412917
clr_hr_1_mg_l_no3,HS-4,,,-1.2507657623150945,-1.6420183092817937,-0.3912525469666992
clr_hr_1_mg_l_no3,HS-7,,,-1.2507657623150945,-1.5899258759748474,-0.33916011365975285
clr_hr_1_mg_l_no3,HC-BA1,,,0.0015352570953974,-0.010559031544610688,-0.012094288640008088
clr_hr_1_mg_l_no3,HC-BA2,,,-1.2507657623150945,-0.0010003357899337813,1.2497654265251608
clr_hr_1_mg_l_no3,HC-Z5-1,,,1.0586421481681505,-0.19559580797213047,-1.254237956140281
clr_hr_1_mg_l_no3,HC-ZS2,,,0.7478952092449713,0.03038704965243116,-0.7175081595925402
clr_hr_1_mg_l_no3,HVY-4A,,,-2.024685194580278,-1.711078215469503,0.31360697911077495
clr_hr_1_mg_l_no3,HVY-5A,,,-2.6995303699568947,-1.711078215469503,0.9884521544873917
clr_hr_1_mg_l_no3,HVY-9054A,,,-1.9453500748072148,-1.7217578977616175,0.2235921770455973
clr_hr_1_mg_l_no3,HVY-9062A,,,-2.001208828172244,-1.6915956702789614,0.3096131578932828
clr_hr_1_mg_l_no3,HVY-9130A,,,-1.3171965088189452,-1.7737351861741337,-0.4565386773551885
clr_hr_1_mg_l_no3,HD-10,,,-1.9226741035937591,-0.5381897843335234,1.3844843192602356
clr_hr_1_mg_l_no3,HD-14,,,-1.8172201071952856,-0.5047042224067158,1.3125158847885698
clr_hr_1_mg_l_no3,HD-6,,,-1.2507657623150945,-0.49407488000020106,0.7566908823148935
clr_hr_1_mg_l_no3,HG-3,,,-1.2507657623150945,-0.38515643526894416,0.8656093270461503
clr_hr_1_mg_l_no3,HG-54,,,-1.2507657623150945,-0.7363528463622937,0.5144129159528008
clr_hr_1_mg_l_no3,HG-6,,,-1.2507657623150945,-1.8561430639333594,-0.6053773016182649
clr_hr_1_mg_l_no3,HG-8,,,-2.272535830633737,-1.580022730246371,0.6925131003873659
clr_hr_1_mg_l_no3,HG-9,,,-1.830257303172225,-0.8121464968844202,1.0181108062878046
clr_hr_1_mg_l_no3,HM-2,,,-1.2507657623150945,0.717969461199791,1.9687352235148854
clr_hr_1_mg_l_no3,HM-3,,,-1.2507657623150945,0.7179518732736299,1.9687176355887244
clr_hr_1_mg_l_no3,HM-5,,,-1.2507657623150945,0.7900436896202451,2.0408094519353397
clr_hr_1_mg_l_no3,HM-6,,,-1.2507657623150945,0.7440335054284156,1.99479926774351
clr_hr_1_mg_l_no3,LI-10,,,-1.8333228328617075,-0.9699663817647397,0.8633564510969678
clr_hr_1_mg_l_no3,LI-11,,,-1.2507657623150945,-1.0214319325767305,0.22933382973836403
clr_hr_1_mg_l_no3,LI-12,,,-1.2507657623150945,-1.0214319325767305,0.22933382973836403
clr_hr_1_mg_l_no3,LI-13,,,-1.2507657623150945,-1.0214319325767305,0.22933382973836403
clr_hr_1_mg_l_no3,LI-14,,,-1.2507657623150945,-1.0214319325767305,0.22933382973836403
clr_hr_1_mg_l_no3,LI-15,,,-1.2507657623150945,-1.0214319325767305,0.22933382973836403
clr_hr_1_mg_l_no3,LI-4,,,-1.2507657623150945,-0.97413160686819,0.2766341554469045
clr_hr_1_mg_l_no3,LI-5,,,-1.8577563596565492,-0.97413160686819,0.8836247527883592
clr_hr_1_mg_l_no3,LI-6,,,-1.2507657623150945,-0.97413160686819,0.2766341554469045
clr_hr_1_mg_l_no3,LI-9,,,-1.2507657623150945,-0.9699663817647397,0.2807993805503548
clr_hr_1_mg_l_no3,LGP-BA LV8,,,-2.174816926996321,-1.8093131130378217,0.3655038139584992
clr_hr_1_mg_l_no3,LV-14,,,-1.2507657623150945,-1.7745376412878517,-0.5237718789727572
clr_hr_1_mg_l_no3,LV-18,,,-1.988261456954756,-1.7745376412878517,0.21372381566690435
clr_hr_1_mg_l_no3,MD-BJA1,,,2.494301327093904,1.0789930771671397,-1.4153082499267644
clr_hr_1_mg_l_no3,MD-UN11,,,1.712110512346224,1.0393728149316843,-0.6727376974145396
clr_hr_1_mg_l_no3,MD-UN6,,,2.9315158242837276,1.0750023430831175,-1.85651348120061
clr_hr_1_mg_l_no3,ME-A1-1,,,-2.834605848370864,-1.6313957030384034,1.2032101453324606
clr_hr_1_mg_l_no3,ME-A2-3,,,-2.118525342339707,-1.6313957030384034,0.4871296393013034
clr_hr_1_mg_l_no3,ME-B1-2,,,-1.2507657623150945,-1.6286664823196608,-0.3779007200045663
clr_hr_1_mg_l_no3,ME-c2-3,,,-1.8427867814972625,-1.5834547024821126,0.2593320790151499
clr_hr_1_mg_l_no3,ME-C3-1,,,-1.9605123267892337,-1.5834547024821126,0.3770576243071211
clr_hr_1_mg_l_no3,HK-1,,,-2.642487670024387,-1.662779274579302,0.9797083954450851
clr_hr_1_mg_l_no3,HK-2,,,-2.024685194580278,-1.6627652420602745,0.3619199525200034
clr_hr_1_mg_l_no3,HK-3,,,-1.2507657623150945,-1.6630662491727934,-0.41230048685769893
clr_hr_1_mg_l_no3,HK-4,,,-1.2507657623150945,-1.675896002134469,-0.4251302398193746
clr_hr_1_mg_l_no3,HK-5,,,-1.8981995658982,-1.6509046246928052,0.24729494120539486
clr_hr_1_mg_l_no3,MK-A6,,,-1.2507657623150945,-1.6481787132283299,-0.39741295091323536
clr_hr_1_mg_l_no3,MK-KYBjA6,,,-1.2507657623150945,-1.7104714383270487,-0.4597056760119542
clr_hr_1_mg_l_no3,MK-UN8,,,-1.2507657623150945,-1.6481787132283299,-0.39741295091323536
clr_hr_1_mg_l_no3,MFP-A1,,,-1.8729704258928397,0.2959525366813171,2.1689229625741566
clr_hr_1_mg_l_no3,MFP-A2,,,-1.87071213502959,0.2959525366813171,2.1666646717109073
clr_hr_1_mg_l_no3,MFP-AAA,,,-1.2507657623150945,0.023467028170831107,1.2742327904859256
clr_hr_1_mg_l_no3,MFP-d,,,-1.8455039908505169,0.2993287058945464,2.1448326967450635
clr_hr_1_mg_l_no3,MS-11,,,-1.8074220326707993,-0.3520761947397319,1.4553458379310673
clr_hr_1_mg_l_no3,MS-12,,,-1.8424133761403767,-0.3520761947397319,1.4903371814006448
clr_hr_1_mg_l_no3,MS-5,,,-1.8958168486815423,-0.3520761947397319,1.5437406539418104
clr_hr_1_mg_l_no3,MS-7,,,-1.988681604160736,-0.3520761947397319,1.636605409421004
clr_hr_1_mg_l_no3,ON-10,,,-1.854577382086592,-1.2253661741649449,0.6292112079216472
clr_hr_1_mg_l_no3,OR-4,,,1.2139981716852892,-0.9061640411088403,-2.1201622127941295
clr_hr_1_mg_l_no3,OR-8,,,0.1162207449037049,-1.0196720350880577,-1.1358927799917626
clr_hr_1_mg_l_no3,AV1-1,,,4.048873863090794,-0.9428839828403077,-4.991757845931102
clr_hr_1_mg_l_no3,AV1-8,,,2.8050560899303716,-0.9608711455038833,-3.765927235434255
clr_hr_1_mg_l_no3,AV2-1,,,2.1936820892269235,-0.9653015633379551,-3.1589836525648787
clr_hr_1_mg_l_no3,AV3-1,,,2.15437620557909,-0.8285844118125112,-2.9829606173916012
clr_hr_1_mg_l_no3,AV3-7,,,-1.846930094478742,-0.852058979736677,0.9948711147420649
clr_hr_1_mg_l_no3,BP1-1,,,2.9369878787661716,-0.9430267901630376,-3.880014668929209
clr_hr_1_mg_l_no3,BP1-8,,,-0.7812911089018628,-0.7825527779633683,-0.0012616690615054882
clr_hr_1_mg_l_no3,BP2-1,,,0.8530984933249015,-0.932021467046265,-1.7851199603711665
clr_hr_1_mg_l_no3,BP3-1,,,1.6779636766442296,-0.9476107773597314,-2.625574454003961
clr_hr_1_mg_l_no3,BP3-8,,,-2.1039541934457104,-0.8456356711900127,1.2583185222556978
clr_hr_1_mg_l_no3,HV1-8,,,1.4001394648620826,-0.9603306730867522,-2.360470137948835
clr_hr_1_mg_l_no3,HV2-5,,,-0.2879123570475141,-0.5790292847446938,-0.29111692769717973
clr_hr_1_mg_l_no3,HV3-1,,,1.1385290291596668,-0.8012972854796366,-1.9398263146393036
clr_hr_1_mg_l_no3,HV3-9,,,0.9828230229702092,-0.9405360895915512,-1.9233591125617604
clr_hr_1_mg_l_no3,KR-1,,,1.6896587731574813,-1.0862844505876232,-2.7759432237451045
clr_hr_1_mg_l_no3,KR-2,,,1.7614803109309412,-1.0157875548223012,-2.7772678657532426
clr_hr_1_mg_l_no3,KR-4,,,-0.3004269535705508,-0.9350402255293768,-0.634613271958826
clr_hr_1_mg_l_no3,MF1-1,,,-1.823708164538212,-1.5624633981054679,0.2612447664327442
clr_hr_1_mg_l_no3,MF1-6,,,-1.2507657623150945,-1.57446670638796,-0.32370094407286554
clr_hr_1_mg_l_no3,MF2-1,,,-1.2507657623150945,-1.5758715835825046,-0.32510582126741006
clr_hr_1_mg_l_no3,MF3-1,,,-1.2507657623150945,-1.573663555944939,-0.3228977936298445
clr_hr_1_mg_l_no3,MFX-2,,,-1.8227658943190677,-1.6123732263599375,0.21039266795913014
clr_hr_1_mg_l_no3,MSP1-1,,,-1.2507657623150945,-0.7517020480897825,0.49906371422531204
clr_hr_1_mg_l_no3,MSP1-4,,,-1.2507657623150945,-0.6443531268775423,0.6064126354375522
clr_hr_1_mg_l_no3,MSP2-1,,,-1.2507657623150945,-0.7566303098896218,0.49413545242547274
clr_hr_1_mg_l_no3,MSP3-1,,,-1.2507657623150945,-0.7642285145015514,0.48653724781354313
clr_hr_1_mg_l_no3,MSP3-4,,,-1.2507657623150945,-0.7189037105637582,0.5318620517513363
clr_hr_1_mg_l_no3,MW2-1,,,-1.2507657623150945,-1.6479991540296064,-0.3972333917145119
clr_hr_1_mg_l_no3,NP1-1,,,-2.698363247784231,-1.6221346500810243,1.0762285977032067
clr_hr_1_mg_l_no3,NP2-1,,,-1.8895183871257195,-1.6809789533928305,0.20853943373288897
clr_hr_1_mg_l_no3,NP3-1,,,-1.8187217566711156,-1.621732947569422,0.19698880910169358
clr_hr_1_mg_l_no3,NP3-4,,,-1.2507657623150945,-1.625075570258609,-0.37430980794351454
clr_hr_1_mg_l_no3,NP4-5,,,-1.2507657623150945,-1.8373826753747406,-0.5866169130596461
clr_hr_1_mg_l_no3,RM1-1,,,-3.975578364210408,-0.22296319902471454,3.7526151651856936
clr_hr_1_mg_l_no3,RM1-8,,,2.6723242578891884,-0.2843540899711357,-2.9566783478603242
clr_hr_1_mg_l_no3,RM2-1,,,-2.1809708913530805,-0.22614289306503998,1.9548279982880405
clr_hr_1_mg_l_no3,RM3-1,,,-0.0865253197988535,-0.22961462831917717,-0.14308930852032367
clr_hr_1_mg_l_no3,RM3-8,,,-0.4201861616762246,-0.3021892999792401,0.11799686169698448
clr_hr_1_mg_l_no3,SH1-1,,,2.4180101082519574,-0.785810441574153,-3.2038205498261103
clr_hr_1_mg_l_no3,SH1-6,,,3.184746421534545,-0.7743748928023307,-3.9591213143368758
clr_hr_1_mg_l_no3,SH2-1,,,2.1776515446656335,-0.7849928878573019,-2.9626444325229353
clr_hr_1_mg_l_no3,SH3-2,,,3.350556326664175,-0.775878956219898,-4.1264352828840725
clr_hr_1_mg_l_no3,SH3-8,,,3.698067803222404,-0.7865349493338447,-4.484602752556249
clr_hr_1_mg_l_no3,TGV1-1,,,1.5149920092858746,-1.459281064890504,-2.9742730741763785
clr_hr_1_mg_l_no3,TGV1-8,,,-1.8049332001552896,-0.7456911697203693,1.0592420304349202
clr_hr_1_mg_l_no3,TGV2-1,,,0.6906773605743539,-0.911041874332777,-1.6017192349071308
clr_hr_1_mg_l_no3,TGV3-1,,,-1.2507657623150945,-0.6097368876710777,0.6410288746440168
clr_hr_1_mg_l_no3,TGV3-9,,,-1.2507657623150945,-0.673160691385981,0.5776050709291135
clr_hr_1_mg_l_no3,TN1-1,,,2.4973445649266273,-0.9820295849676487,-3.479374149894276
clr_hr_1_mg_l_no3,TN1-8,,,-3.4327416945082083,-1.0566222384573793,2.376119456050829
clr_hr_1_mg_l_no3,TN2-1,,,0.5113234906175665,-0.9858493412628487,-1.4971728318804152
clr_hr_1_mg_l_no3,TN3-1,,,-0.1046776353791072,-0.9276044073432096,-0.8229267719641024
clr_hr_1_mg_l_no3,TN3-5,,,0.0187119139782261,-1.07631586419564,-1.0950277781738662
clr_hr_1_mg_l_no3,CB-CMBjA1,,,1.155106441876276,-0.253781077282551,-1.408887519158827
clr_hr_1_mg_l_no3,CB-iH5,,,0.4063727098994154,-0.48666915195391586,-0.8930418618533312
clr_hr_1_mg_l_no3,VV-0,,,-1.2507657623150945,-0.1481374173591864,1.102628344955908
clr_hr_1_mg_l_no3,VV-d,,,-2.0278699752516225,-0.1481374173591864,1.879732557892436
clr_hr_1_mg_l_no3,VV-J,,,-1.8062427412157491,-0.1481374173591864,1.6581053238565628
clr_hr_1_mg_l_no3,VV-L,,,-2.074448079976042,-0.1481374173591864,1.9263106626168556
clr_hr_1_mg_l_no3,WV-BA 1,,,-2.700025341985821,0.8114639170378221,3.511489259023643
clr_hr_1_mg_l_no3,WV-UNN 1,,,-2.8336931038679163,-0.35176951104524107,2.481923592822675
clr_hr_1_mg_l_no3,WV-UNN 3,,,-1.8166068268468296,-0.35176951104524107,1.4648373158015886
clr_hr_1_mg_l_no3,WV-UNN-2,,,-1.2507657623150945,-0.35176951104524107,0.8989962512698535
clr_hr_1_mg_l_no3,WV-ZS 2,,,1.341611323062554,0.7348331274590947,-0.6067781956034592
clr_hr_1_mg_l_po4,BS-607,,,-1.2507657623150945,-3.497016225735299,-2.2462504634202043
clr_hr_1_mg_l_po4,BS-610,,,-2.698093432524243,-3.4558321098522518,-0.7577386773280086
clr_hr_1_mg_l_po4,BS-618,,,-2.688680849253359,-3.497016225735299,-0.8083353764819399
clr_hr_1_mg_l_po4,BPS-1,,,-1.8639293385392304,-2.8963339013835703,-1.03240456284434
clr_hr_1_mg_l_po4,BPS-18,,,-5.567620846241807,-3.029344497985699,2.538276348256108
clr_hr_1_mg_l_po4,BPS-22,,,-5.538144188493975,-2.956978114475242,2.581166074018733
clr_hr_1_mg_l_po4,BPS-25,,,-4.377737250545992,-2.6891349192078975,1.6886023313380942
clr_hr_1_mg_l_po4,BPS-5,,,-4.443976350797699,-2.6891349192078975,1.754841431589801
clr_hr_1_mg_l_po4,CK-20B,,,-2.498982089973299,-1.8876836431038968,0.611298446869402
clr_hr_1_mg_l_po4,CK1-100B,,,-1.824481859893796,-1.9299312924974117,-0.10544943260361572
clr_hr_1_mg_l_po4,CK2-100A,,,-2.583645054595463,-1.9299312924974117,0.6537137620980513
clr_hr_1_mg_l_po4,CK2-100B,,,-1.2507657623150945,-1.9299312924974121,-0.6791655301823176
clr_hr_1_mg_l_po4,CM-2 1,,,-5.39190728600775,-4.634870918744744,0.757036367263006
clr_hr_1_mg_l_po4,CM-4,,,-4.744573085163424,-4.676580872430856,0.06799221273256784
clr_hr_1_mg_l_po4,CM-PA 3-10,,,-5.283565969391522,-4.676580872430856,0.606985096960666
clr_hr_1_mg_l_po4,CM-PA 30,,,-2.6963282916480686,-4.676580872430856,-1.9802525807827873
clr_hr_1_mg_l_po4,CM2 (OM),,,-4.441849632467866,-4.634870918744744,-0.19302128627687765
clr_hr_1_mg_l_po4,LC1-5,,,-1.2507657623150945,-0.7197476050371521,0.5310181572779424
clr_hr_1_mg_l_po4,LGP (3-4),,,-1.987116588149364,-0.7197476050371518,1.2673689831122121
clr_hr_1_mg_l_po4,LGP (BA 1-3),,,-1.8608855973140608,-0.7197476050371521,1.1411379922769087
clr_hr_1_mg_l_po4,CR-0819,,,0.650268582710809,-1.3353048839719426,-1.9855734666827516
clr_hr_1_mg_l_po4,CR-0821,,,1.2324658633334664,-1.3353048839719426,-2.567770747305409
clr_hr_1_mg_l_po4,CR-0826,,,0.416103926780563,-1.3353048839719426,-1.7514088107525057
clr_hr_1_mg_l_po4,CR-0828,,,-0.0424309039616419,-1.3353048839719426,-1.2928739800103006
clr_hr_1_mg_l_po4,CR-0833,,,0.1791862601611553,-1.3353048839719426,-1.514491144133098
clr_hr_1_mg_l_po4,CS-CR2,,,-0.905682542305466,-0.9347763636033009,-0.029093821297834888
clr_hr_1_mg_l_po4,CS-CR5,,,-0.0792398841723116,-0.9000471479786946,-0.8208072638063829
clr_hr_1_mg_l_po4,CS-CR7,,,0.7920225541959072,-0.9347763636033006,-1.7267989177992078
clr_hr_1_mg_l_po4,CS-CR9,,,-4.131311043751517,-0.9347763636033006,3.1965346801482166
clr_hr_1_mg_l_po4,DS1(1-2),,,-5.6326191315457566,-3.5435079861249257,2.089111145420831
clr_hr_1_mg_l_po4,DS2(1-2),,,-5.655190201500452,-3.195254094430363,2.459936107070089
clr_hr_1_mg_l_po4,DA-1,,,-4.803579725400564,-1.2610865544840795,3.542493170916484
clr_hr_1_mg_l_po4,DA-3,,,-4.363048743239742,-1.2610865544840795,3.101962188755662
clr_hr_1_mg_l_po4,DA-4,,,-5.685846800072846,-1.2610865544840795,4.424760245588766
clr_hr_1_mg_l_po4,DA-5,,,-5.073968801263692,-1.2610865544840795,3.812882246779612
clr_hr_1_mg_l_po4,DA-6,,,-5.277699053094772,-1.2610865544840795,4.016612498610693
clr_hr_1_mg_l_po4,GE-A1-3,,,-1.2507657623150945,-2.0900420205517456,-0.8392762582366511
clr_hr_1_mg_l_po4,GE-A2-2,,,-1.2507657623150945,-2.0900420205517456,-0.8392762582366511
clr_hr_1_mg_l_po4,GE-B1-3,,,-1.8071745385172016,-2.0900420205517447,-0.28286748203454315
clr_hr_1_mg_l_po4,GE-C2-3,,,-1.2507657623150945,-2.1197860073340835,-0.869020245018989
clr_hr_1_mg_l_po4,GE-C3-2,,,-1.2507657623150945,-2.119786007334083,-0.8690202450189886
clr_hr_1_mg_l_po4,HS-1,,,-1.808211962110425,-1.653820181818207,0.1543917802922179
clr_hr_1_mg_l_po4,HS-2,,,1.4000010115682242,-1.415723909385648,-2.815724920953872
clr_hr_1_mg_l_po4,HS-3,,,-1.2507657623150945,-1.4723577072653424,-0.22159194495024792
clr_hr_1_mg_l_po4,HS-4,,,-1.2507657623150945,-1.6538201818182074,-0.40305441950311294
clr_hr_1_mg_l_po4,HS-7,,,-1.2507657623150945,-1.5813819514361172,-0.33061618912102264
clr_hr_1_mg_l_po4,HC-BA1,,,-4.0101520714456935,-3.402720582876836,0.6074314885688574
clr_hr_1_mg_l_po4,HC-BA2,,,-1.2507657623150945,-3.402720582876835,-2.1519548205617407
clr_hr_1_mg_l_po4,HC-Z5-1,,,-4.625073664337736,-3.4540539194445925,1.1710197448931439
clr_hr_1_mg_l_po4,HC-ZS2,,,-5.379497855087255,-3.6229418048361035,1.7565560502511515
clr_hr_1_mg_l_po4,HVY-4A,,,-2.024685194580278,-1.7322772164866223,0.2924079780936557
clr_hr_1_mg_l_po4,HVY-5A,,,-2.6995303699568947,-1.7322772164866223,0.9672531534702724
clr_hr_1_mg_l_po4,HVY-9054A,,,-1.9453500748072148,-1.7070724924539427,0.23827758235327212
clr_hr_1_mg_l_po4,HVY-9062A,,,-2.001208828172244,-1.7372630734425172,0.26394575472972703
clr_hr_1_mg_l_po4,HVY-9130A,,,-5.195042062445505,-1.502718478790214,3.692323583655291
clr_hr_1_mg_l_po4,HD-10,,,-1.9226741035937591,-2.143346511110612,-0.2206724075168527
clr_hr_1_mg_l_po4,HD-14,,,-1.8172201071952856,-2.143346511110612,-0.3261264039153262
clr_hr_1_mg_l_po4,HD-6,,,-1.2507657623150945,-2.376347644885496,-1.1255818825704016
clr_hr_1_mg_l_po4,HG-3,,,-1.2507657623150945,-2.3235649637620868,-1.0727992014469923
clr_hr_1_mg_l_po4,HG-54,,,-1.2507657623150945,-2.3806440820394266,-1.129878319724332
clr_hr_1_mg_l_po4,HG-6,,,-1.2507657623150945,-2.042248887929308,-0.7914831256142136
clr_hr_1_mg_l_po4,HG-8,,,2.836314510959474,-1.6713648484134194,-4.507679359372894
clr_hr_1_mg_l_po4,HG-9,,,-1.830257303172225,-2.3171974185158453,-0.48694011534362036
clr_hr_1_mg_l_po4,HM-2,,,-1.2507657623150945,-3.5246421164346473,-2.273876354119553
clr_hr_1_mg_l_po4,HM-3,,,-1.2507657623150945,-3.5246421164346473,-2.273876354119553
clr_hr_1_mg_l_po4,HM-5,,,-1.2507657623150945,-3.4454957493570064,-2.194729987041912
clr_hr_1_mg_l_po4,HM-6,,,-1.2507657623150945,-3.49635006320806,-2.2455843008929657
clr_hr_1_mg_l_po4,LI-10,,,-1.8333228328617075,-0.9613529112316586,0.8719699216300489
clr_hr_1_mg_l_po4,LI-11,,,-1.2507657623150945,-1.0232710455396012,0.22749471677549327
clr_hr_1_mg_l_po4,LI-12,,,-1.2507657623150945,-1.0232710455396012,0.22749471677549327
clr_hr_1_mg_l_po4,LI-13,,,-1.2507657623150945,-1.0232710455396012,0.22749471677549327
clr_hr_1_mg_l_po4,LI-14,,,-1.2507657623150945,-1.0232710455396012,0.22749471677549327
clr_hr_1_mg_l_po4,LI-15,,,-1.2507657623150945,-1.0232710455396012,0.22749471677549327
clr_hr_1_mg_l_po4,LI-4,,,-1.2507657623150945,-0.9613529112316586,0.28941285108343595
clr_hr_1_mg_l_po4,LI-5,,,-1.8577563596565492,-0.9613529112316586,0.8964034484248906
clr_hr_1_mg_l_po4,LI-6,,,-1.2507657623150945,-0.9613529112316586,0.28941285108343595
clr_hr_1_mg_l_po4,LI-9,,,-1.2507657623150945,-0.9613529112316586,0.28941285108343595
clr_hr_1_mg_l_po4,LGP-BA LV8,,,-2.174816926996321,-2.0045945354072314,0.17022239158908947
clr_hr_1_mg_l_po4,LV-14,,,-1.2507657623150945,-1.9658985637939725,-0.715132801478878
clr_hr_1_mg_l_po4,LV-18,,,-1.988261456954756,-1.9658985637939725,0.022362893160783548
clr_hr_1_mg_l_po4,MD-BJA1,,,-5.768412432698271,-4.57363240283758,1.1947800298606905
clr_hr_1_mg_l_po4,MD-UN11,,,-5.863556187127598,-4.62365341963354,1.2399027674940575
clr_hr_1_mg_l_po4,MD-UN6,,,-4.77199737374185,-4.57363240283758,0.19836497090426963
clr_hr_1_mg_l_po4,ME-A1-1,,,-2.834605848370864,-2.0061406418914154,0.8284652064794487
clr_hr_1_mg_l_po4,ME-A2-3,,,-2.118525342339707,-2.0061406418914154,0.11238470044829141
clr_hr_1_mg_l_po4,ME-B1-2,,,-1.2507657623150945,-2.0061406418914154,-0.7553748795763209
clr_hr_1_mg_l_po4,ME-c2-3,,,-1.8427867814972625,-2.0061406418914154,-0.1633538603941529
clr_hr_1_mg_l_po4,ME-C3-1,,,-1.9605123267892337,-2.0061406418914154,-0.04562831510218168
clr_hr_1_mg_l_po4,HK-1,,,-2.642487670024387,-1.2428423538854594,1.3996453161389277
clr_hr_1_mg_l_po4,HK-2,,,-2.024685194580278,-1.2428423538854594,0.7818428406948186
clr_hr_1_mg_l_po4,HK-3,,,-1.2507657623150945,-1.2428423538854594,0.007923408429635126
clr_hr_1_mg_l_po4,HK-4,,,-1.2507657623150945,-1.2428423538854596,0.007923408429634904
clr_hr_1_mg_l_po4,HK-5,,,-1.8981995658982,-1.2428423538854594,0.6553572120127407
clr_hr_1_mg_l_po4,MK-A6,,,-1.2507657623150945,-1.2428423538854596,0.007923408429634904
clr_hr_1_mg_l_po4,MK-KYBjA6,,,-1.2507657623150945,-1.2428423538854596,0.007923408429634904
clr_hr_1_mg_l_po4,MK-UN8,,,-1.2507657623150945,-1.2428423538854596,0.007923408429634904
clr_hr_1_mg_l_po4,MFP-A1,,,-1.8729704258928397,-2.446395908671562,-0.5734254827787222
clr_hr_1_mg_l_po4,MFP-A2,,,-1.87071213502959,-2.446395908671562,-0.5756837736419718
clr_hr_1_mg_l_po4,MFP-AAA,,,-1.2507657623150945,-2.446395908671562,-1.1956301463564674
clr_hr_1_mg_l_po4,MFP-d,,,-1.8455039908505169,-2.446395908671562,-0.600891917821045
clr_hr_1_mg_l_po4,MS-11,,,-1.8074220326707993,-2.7984656933670182,-0.991043660696219
clr_hr_1_mg_l_po4,MS-12,,,-1.8424133761403767,-2.7984656933670182,-0.9560523172266415
clr_hr_1_mg_l_po4,MS-5,,,-1.8958168486815423,-2.7984656933670182,-0.9026488446854759
clr_hr_1_mg_l_po4,MS-7,,,-1.988681604160736,-2.7984656933670182,-0.8097840892062822
clr_hr_1_mg_l_po4,ON-10,,,-1.854577382086592,-2.4077380821217105,-0.5531607000351184
clr_hr_1_mg_l_po4,OR-4,,,-4.771951194734583,-2.68634941424157,2.085601780493013
clr_hr_1_mg_l_po4,OR-8,,,-2.7696966626430797,-2.5603379064800342,0.20935875616304545
clr_hr_1_mg_l_po4,AV1-1,,,-4.956428066466533,-3.220577902484899,1.7358501639816337
clr_hr_1_mg_l_po4,AV1-8,,,-4.6715974752717155,-3.308935480909625,1.3626619943620906
clr_hr_1_mg_l_po4,AV2-1,,,-4.50808169725857,-3.308935480909626,1.199146216348944
clr_hr_1_mg_l_po4,AV3-1,,,-5.182690907985492,-3.220674497957977,1.9620164100275153
clr_hr_1_mg_l_po4,AV3-7,,,-1.846930094478742,-3.308935480909626,-1.462005386430884
clr_hr_1_mg_l_po4,BP1-1,,,-5.017356303483526,-3.308935480909626,1.7084208225739
clr_hr_1_mg_l_po4,BP1-8,,,-3.6738826235363407,-3.308935480909625,0.3649471426267157
clr_hr_1_mg_l_po4,BP2-1,,,-5.136564431836452,-3.308935480909626,1.827628950926826
clr_hr_1_mg_l_po4,BP3-1,,,-6.122183006887715,-3.308935480909625,2.81324752597809
clr_hr_1_mg_l_po4,BP3-8,,,-2.1039541934457104,-3.308935480909626,-1.2049812874639154
clr_hr_1_mg_l_po4,HV1-8,,,-3.1168550302222835,-3.023584555885157,0.09327047433712643
clr_hr_1_mg_l_po4,HV2-5,,,-4.521438983402952,-3.2699528747385527,1.2514861086643991
clr_hr_1_mg_l_po4,HV3-1,,,-6.0021458593795165,-3.220577902484898,2.7815679568946186
clr_hr_1_mg_l_po4,HV3-9,,,-2.6051305125537665,-3.179933130296702,-0.5748026177429355
clr_hr_1_mg_l_po4,KR-1,,,-3.765491387417343,-2.6003262117748784,1.1651651756424646
clr_hr_1_mg_l_po4,KR-2,,,-6.3901989878793595,-2.4510949630139747,3.939104024865385
clr_hr_1_mg_l_po4,KR-4,,,-4.008128161925074,-2.33749100396781,1.6706371579572643
clr_hr_1_mg_l_po4,MF1-1,,,-1.823708164538212,-1.144810293507756,0.6788978710304561
clr_hr_1_mg_l_po4,MF1-6,,,-1.2507657623150945,-1.1449694712316354,0.10579629108345912
clr_hr_1_mg_l_po4,MF2-1,,,-1.2507657623150945,-1.1449694712316354,0.10579629108345912
clr_hr_1_mg_l_po4,MF3-1,,,-1.2507657623150945,-1.1449694712316354,0.10579629108345912
clr_hr_1_mg_l_po4,MFX-2,,,-1.8227658943190677,-1.1796986868562416,0.6430672074628261
clr_hr_1_mg_l_po4,MSP1-1,,,-1.2507657623150945,-2.250079687809886,-0.9993139254947914
clr_hr_1_mg_l_po4,MSP1-4,,,-1.2507657623150945,-1.9441526493216064,-0.6933868870065119
clr_hr_1_mg_l_po4,MSP2-1,,,-1.2507657623150945,-2.0605639038815307,-0.8097981415664361
clr_hr_1_mg_l_po4,MSP3-1,,,-1.2507657623150945,-2.1758480815752153,-0.9250823192601207
clr_hr_1_mg_l_po4,MSP3-4,,,-1.2507657623150945,-2.015650250445419,-0.7648844881303245
clr_hr_1_mg_l_po4,MW2-1,,,-1.2507657623150945,-1.2085140861752184,0.042251676139876126
clr_hr_1_mg_l_po4,NP1-1,,,-2.698363247784231,-1.2225082561630516,1.4758549916211794
clr_hr_1_mg_l_po4,NP2-1,,,-1.8895183871257195,-1.2679605018108147,0.6215578853149049
clr_hr_1_mg_l_po4,NP3-1,,,-1.8187217566711156,-1.2164252182310586,0.6022965384400569
clr_hr_1_mg_l_po4,NP3-4,,,-1.2507657623150945,-1.2225082561630514,0.028257506152043144
clr_hr_1_mg_l_po4,NP4-5,,,-1.2507657623150945,-1.7068410706112354,-0.45607530829614085
clr_hr_1_mg_l_po4,RM1-1,,,-3.975578364210408,-3.601836612701514,0.3737417515088941
clr_hr_1_mg_l_po4,RM1-8,,,-4.567550942975298,-3.591797033378691,0.9757539095966066
clr_hr_1_mg_l_po4,RM2-1,,,-2.1809708913530805,-3.601836612701514,-1.4208657213484335
clr_hr_1_mg_l_po4,RM3-1,,,-4.757108644335177,-3.601836612701514,1.1552720316336629
clr_hr_1_mg_l_po4,RM3-8,,,-4.8419141632016585,-3.591797033378691,1.2501171298229674
clr_hr_1_mg_l_po4,SH1-1,,,-5.1486114173132504,-2.723453525628641,2.4251578916846093
clr_hr_1_mg_l_po4,SH1-6,,,-4.439423244945883,-2.7943584459456567,1.645064799000226
clr_hr_1_mg_l_po4,SH2-1,,,-4.712631988404464,-2.723453525628641,1.9891784627758229
clr_hr_1_mg_l_po4,SH3-2,,,-5.370315395774434,-2.723453525628641,2.646861870145793
clr_hr_1_mg_l_po4,SH3-8,,,-4.617381227885514,-2.794358445945657,1.8230227819398568
clr_hr_1_mg_l_po4,TGV1-1,,,-6.427256504793535,-2.156369679963087,4.270886824830448
clr_hr_1_mg_l_po4,TGV1-8,,,-1.8049332001552896,-3.1200333934366666,-1.315100193281377
clr_hr_1_mg_l_po4,TGV2-1,,,-3.506825293750373,-3.120500991259299,0.3863243024910741
clr_hr_1_mg_l_po4,TGV3-1,,,-1.2507657623150945,-2.8740448232285414,-1.6232790609134469
clr_hr_1_mg_l_po4,TGV3-9,,,-1.2507657623150945,-2.9968872103343007,-1.7461214480192062
clr_hr_1_mg_l_po4,TN1-1,,,-6.285248279500623,-3.201624344264302,3.0836239352363206
clr_hr_1_mg_l_po4,TN1-8,,,-3.4327416945082083,-2.81547880963009,0.6172628848781185
clr_hr_1_mg_l_po4,TN2-1,,,-3.7468391568339294,-3.1708782646197005,0.575960892214229
clr_hr_1_mg_l_po4,TN3-1,,,-4.398419355185417,-3.163644039199976,1.2347753159854409
clr_hr_1_mg_l_po4,TN3-5,,,-3.600817462000917,-2.54363212873822,1.0571853332626966
clr_hr_1_mg_l_po4,CB-CMBjA1,,,-2.647994156327683,-3.1025193895791476,-0.45452523325146466
clr_hr_1_mg_l_po4,CB-iH5,,,-2.34345902521775,-2.634891284323355,-0.29143225910560533
clr_hr_1_mg_l_po4,VV-0,,,-1.2507657623150945,-3.9208316991699617,-2.670065936854867
clr_hr_1_mg_l_po4,VV-d,,,-2.0278699752516225,-3.9208316991699617,-1.8929617239183392
clr_hr_1_mg_l_po4,VV-J,,,-1.8062427412157491,-3.9208316991699617,-2.1145889579542123
clr_hr_1_mg_l_po4,VV-L,,,-2.074448079976042,-3.9208316991699617,-1.8463836191939196
clr_hr_1_mg_l_po4,WV-BA 1,,,-2.700025341985821,-4.0881544397614205,-1.3881290977755993
clr_hr_1_mg_l_po4,WV-UNN 1,,,-2.8336931038679163,-3.707262414163168,-0.8735693102952515
clr_hr_1_mg_l_po4,WV-UNN 3,,,-1.8166068268468296,-3.707262414163168,-1.8906555873163382
clr_hr_1_mg_l_po4,WV-UNN-2,,,-1.2507657623150945,-3.707262414163168,-2.4564966518480733
clr_hr_1_mg_l_po4,WV-ZS 2,,,-3.865467563051211,-4.096923834615599,-0.23145627156438797
clr_hr_1_mg_l_so4,BS-607,,,3.354404423672997,2.916193770099577,-0.43821065357342004
clr_hr_1_mg_l_so4,BS-610,,,1.907076753463848,3.3350217782117646,1.4279450247479166
clr_hr_1_mg_l_so4,BS-618,,,1.916489336734732,2.916745262199799,1.000255925465067
clr_hr_1_mg_l_so4,BPS-1,,,2.7412408474488608,3.234573904385609,0.49333305693674845
clr_hr_1_mg_l_so4,BPS-18,,,4.5390556827689075,3.4308176627151363,-1.1082380200537711
clr_hr_1_mg_l_so4,BPS-22,,,4.700883738042801,3.462201005553057,-1.2386827324897443
clr_hr_1_mg_l_so4,BPS-25,,,4.57530798718509,3.39650589163689,-1.1788020955481997
clr_hr_1_mg_l_so4,BPS-5,,,0.1611938351903927,3.3959225137830984,3.2347286785927056
clr_hr_1_mg_l_so4,CK-20B,,,2.106188096014792,2.828390135682473,0.7222020396676809
clr_hr_1_mg_l_so4,CK1-100B,,,2.780688326094295,2.795668414282792,0.014980088188496943
clr_hr_1_mg_l_so4,CK2-100A,,,2.021525131392628,2.7956690043166077,0.7741438729239798
clr_hr_1_mg_l_so4,CK2-100B,,,3.354404423672997,3.175930764918146,-0.178473658754851
clr_hr_1_mg_l_so4,CM-2 1,,,3.1771114581214412,4.034489918923503,0.857378460802062
clr_hr_1_mg_l_so4,CM-4,,,2.7390312211477896,3.8779842539569533,1.1389530328091637
clr_hr_1_mg_l_so4,CM-PA 3-10,,,3.5839741864666887,4.0470524661778216,0.4630782797111328
clr_hr_1_mg_l_so4,CM-PA 30,,,1.9088418943400225,3.8779842539569533,1.9691423596169308
clr_hr_1_mg_l_so4,CM2 (OM),,,0.1633205535202253,4.037011406533586,3.8736908530133607
clr_hr_1_mg_l_so4,LC1-5,,,3.354404423672997,0.6367574197541532,-2.7176470039188434
clr_hr_1_mg_l_so4,LGP (3-4),,,2.6180535978387267,0.29524458679936005,-2.3228090110393667
clr_hr_1_mg_l_so4,LGP (BA 1-3),,,2.7442845886740304,0.6367877096200832,-2.1074968790539472
clr_hr_1_mg_l_so4,CR-0819,,,-1.088582253084066,1.528624156163551,2.617206409247617
clr_hr_1_mg_l_so4,CR-0821,,,-1.3830011031341027,1.528624156163551,2.9116252592976535
clr_hr_1_mg_l_so4,CR-0826,,,0.6633829078796829,1.528624156163551,0.8652412482838681
clr_hr_1_mg_l_so4,CR-0828,,,1.6259003382532136,1.528624156163551,-0.0972761820896626
clr_hr_1_mg_l_so4,CR-0833,,,-0.9363486957028626,1.528624156163551,2.4649728518664134
clr_hr_1_mg_l_so4,CS-CR2,,,1.7755671579089354,0.13606568893319412,-1.6395014689757412
clr_hr_1_mg_l_so4,CS-CR5,,,1.1614187703936896,-0.07266206204819553,-1.234080832441885
clr_hr_1_mg_l_so4,CS-CR7,,,2.187157778818767,-0.05044775481987793,-2.2376055336386447
clr_hr_1_mg_l_so4,CS-CR9,,,0.4738591422365736,-0.050506931890503454,-0.524366074127077
clr_hr_1_mg_l_so4,DS1(1-2),,,4.621514024934426,2.651382789091718,-1.9701312358427083
clr_hr_1_mg_l_so4,DS2(1-2),,,4.693220323661694,3.4672910603147638,-1.2259292633469303
clr_hr_1_mg_l_so4,DA-1,,,2.903195118772067,2.9020288384387634,-0.001166280333303682
clr_hr_1_mg_l_so4,DA-3,,,0.2421214427483495,2.9020288384387634,2.659907395690414
clr_hr_1_mg_l_so4,DA-4,,,2.527274740511941,2.9020288384387634,0.37475409792682246
clr_hr_1_mg_l_so4,DA-5,,,-0.4687986152756003,2.9020288384387634,3.3708274537143637
clr_hr_1_mg_l_so4,DA-6,,,3.082971313849151,2.9020288384387634,-0.18094247541038744
clr_hr_1_mg_l_so4,GE-A1-3,,,3.354404423672997,2.625908276212417,-0.72849614746058
clr_hr_1_mg_l_so4,GE-A2-2,,,3.354404423672997,2.6259087447861713,-0.7284956788868255
clr_hr_1_mg_l_so4,GE-B1-3,,,2.797995647470889,2.604640051951311,-0.19335559551957804
clr_hr_1_mg_l_so4,GE-C2-3,,,3.354404423672997,2.642685305322756,-0.7117191183502407
clr_hr_1_mg_l_so4,GE-C3-2,,,3.354404423672997,2.6366497417847063,-0.7177546818882905
clr_hr_1_mg_l_so4,HS-1,,,2.7969582238776662,2.94583826379046,0.14888003991279364
clr_hr_1_mg_l_so4,HS-2,,,2.691712730202167,3.0349628961519453,0.3432501659497782
clr_hr_1_mg_l_so4,HS-3,,,3.354404423672997,3.0761706170477714,-0.27823380662522545
clr_hr_1_mg_l_so4,HS-4,,,3.354404423672997,2.9336090470979324,-0.4207953765750645
clr_hr_1_mg_l_so4,HS-7,,,3.354404423672997,3.0912178942521598,-0.2631865294208371
clr_hr_1_mg_l_so4,HC-BA1,,,3.839343338736368,4.080755754322793,0.2414124155864248
clr_hr_1_mg_l_so4,HC-BA2,,,3.354404423672997,4.088887547714795,0.7344831240417982
clr_hr_1_mg_l_so4,HC-Z5-1,,,3.1913110737717068,3.0327974529684893,-0.1585136208032174
clr_hr_1_mg_l_so4,HC-ZS2,,,3.9854913583273697,3.27631980851113,-0.7091715498162396
clr_hr_1_mg_l_so4,HVY-4A,,,2.5804849914078134,3.0128236551858096,0.43233866377799623
clr_hr_1_mg_l_so4,HVY-5A,,,1.9056398160311965,3.0128236551858096,1.1071838391546132
clr_hr_1_mg_l_so4,HVY-9054A,,,2.6598201111808764,2.8206292637655963,0.16080915258471995
clr_hr_1_mg_l_so4,HVY-9062A,,,2.603961357815847,2.9063538669008624,0.30239250908501525
clr_hr_1_mg_l_so4,HVY-9130A,,,4.162445090650067,2.7126783807989376,-1.4497667098511293
clr_hr_1_mg_l_so4,HD-10,,,2.682496082394332,3.262577004146248,0.5800809217519163
clr_hr_1_mg_l_so4,HD-14,,,2.7879500787928055,3.266571509750993,0.4786214309581873
clr_hr_1_mg_l_so4,HD-6,,,3.354404423672997,3.259696382717763,-0.09470804095523366
clr_hr_1_mg_l_so4,HG-3,,,3.354404423672997,2.987131857759175,-0.36727256591382185
clr_hr_1_mg_l_so4,HG-54,,,3.354404423672997,3.207377225030904,-0.14702719864209302
clr_hr_1_mg_l_so4,HG-6,,,3.354404423672997,2.5935701899054893,-0.7608342337675076
clr_hr_1_mg_l_so4,HG-8,,,2.3326343553543545,3.102030609692635,0.7693962543382806
clr_hr_1_mg_l_so4,HG-9,,,2.7749128828158667,3.252253750714707,0.4773408678988402
clr_hr_1_mg_l_so4,HM-2,,,3.354404423672997,3.8553646296017194,0.5009602059287226
clr_hr_1_mg_l_so4,HM-3,,,3.354404423672997,3.8553368749303383,0.5009324512573414
clr_hr_1_mg_l_so4,HM-5,,,3.354404423672997,3.8616168049313684,0.5072123812583715
clr_hr_1_mg_l_so4,HM-6,,,3.354404423672997,3.862744176198245,0.5083397525252482
clr_hr_1_mg_l_so4,LI-10,,,2.7718473531263834,2.7392184051992627,-0.03262894792712068
clr_hr_1_mg_l_so4,LI-11,,,3.354404423672997,2.604403066129249,-0.7500013575437476
clr_hr_1_mg_l_so4,LI-12,,,3.354404423672997,2.604403066129249,-0.7500013575437476
clr_hr_1_mg_l_so4,LI-13,,,3.354404423672997,2.604403066129249,-0.7500013575437476
clr_hr_1_mg_l_so4,LI-14,,,3.354404423672997,2.604403066129249,-0.7500013575437476
clr_hr_1_mg_l_so4,LI-15,,,3.354404423672997,2.604403066129249,-0.7500013575437476
clr_hr_1_mg_l_so4,LI-4,,,3.354404423672997,2.7419399095017414,-0.6124645141712555
clr_hr_1_mg_l_so4,LI-5,,,2.747413826331542,2.7419399095017414,-0.005473916829800807
clr_hr_1_mg_l_so4,LI-6,,,3.354404423672997,2.7419399095017414,-0.6124645141712555
clr_hr_1_mg_l_so4,LI-9,,,3.354404423672997,2.7392184051992627,-0.6151860184737341
clr_hr_1_mg_l_so4,LGP-BA LV8,,,2.4303532589917705,2.835581735859862,0.4052284768680914
clr_hr_1_mg_l_so4,LV-14,,,3.354404423672997,2.9475229510295877,-0.4068814726434091
clr_hr_1_mg_l_so4,LV-18,,,2.616908729033335,2.9475229510295877,0.3306142219962527
clr_hr_1_mg_l_so4,MD-BJA1,,,4.345690925617498,2.8562025851894086,-1.489488340428089
clr_hr_1_mg_l_so4,MD-UN11,,,3.793941308898585,2.52484912640914,-1.269092182489445
clr_hr_1_mg_l_so4,MD-UN6,,,-0.1668271877537583,2.65982204892414,2.8266492366778984
clr_hr_1_mg_l_so4,ME-A1-1,,,1.7705643376172269,3.1348069556437888,1.3642426180265619
clr_hr_1_mg_l_so4,ME-A2-3,,,2.486644843648384,3.1348069556437888,0.6481621119954046
clr_hr_1_mg_l_so4,ME-B1-2,,,3.354404423672997,3.049956828747863,-0.30444759492513374
clr_hr_1_mg_l_so4,ME-c2-3,,,2.7623834044908286,3.17475439560687,0.41237099111604136
clr_hr_1_mg_l_so4,ME-C3-1,,,2.6446578591988574,3.17475439560687,0.5300965364080126
clr_hr_1_mg_l_so4,HK-1,,,1.962682515963704,2.9395390569066167,0.9768565409429126
clr_hr_1_mg_l_so4,HK-2,,,2.5804849914078134,2.9395622603302893,0.35907726892247593
clr_hr_1_mg_l_so4,HK-3,,,3.354404423672997,2.9390662881922767,-0.4153381354807202
clr_hr_1_mg_l_so4,HK-4,,,3.354404423672997,2.885292878115015,-0.46911154555798174
clr_hr_1_mg_l_so4,HK-5,,,2.7069706200898915,2.9585426761815854,0.25157205609169386
clr_hr_1_mg_l_so4,MK-A6,,,3.354404423672997,2.9639140056987134,-0.3904904179742834
clr_hr_1_mg_l_so4,MK-KYBjA6,,,3.354404423672997,2.8481681949277378,-0.5062362287452591
clr_hr_1_mg_l_so4,MK-UN8,,,3.354404423672997,2.9639140056987134,-0.3904904179742834
clr_hr_1_mg_l_so4,MFP-A1,,,2.7321997600952517,1.8834678086918122,-0.8487319514034395
clr_hr_1_mg_l_so4,MFP-A2,,,2.7344580509585015,1.8834678086918122,-0.8509902422666893
clr_hr_1_mg_l_so4,MFP-AAA,,,3.354404423672997,1.92016238792851,-1.434242035744487
clr_hr_1_mg_l_so4,MFP-d,,,2.7596661951375743,1.8828200794160281,-0.8768461157215461
clr_hr_1_mg_l_so4,MS-11,,,2.7977481533172917,3.1945577793666504,0.39680962604935877
clr_hr_1_mg_l_so4,MS-12,,,2.7627568098477147,3.1945577793666504,0.43180096951893576
clr_hr_1_mg_l_so4,MS-5,,,2.7093533373065486,3.1945577793666504,0.4852044420601018
clr_hr_1_mg_l_so4,MS-7,,,2.6164885818273547,3.1945577793666504,0.5780691975392958
clr_hr_1_mg_l_so4,ON-10,,,2.750592803901499,3.0976243930618534,0.3470315891603546
clr_hr_1_mg_l_so4,OR-4,,,4.926502825659653,3.1410295056248607,-1.785473320034792
clr_hr_1_mg_l_so4,OR-8,,,1.8354735233450117,3.125499004525421,1.2900254811804093
clr_hr_1_mg_l_so4,AV1-1,,,3.9263078337804505,3.050804774398684,-0.8755030593817663
clr_hr_1_mg_l_so4,AV1-8,,,4.605870563110756,2.91840827317262,-1.6874622899381357
clr_hr_1_mg_l_so4,AV2-1,,,5.540167452436702,2.739589101751943,-2.800578350684759
clr_hr_1_mg_l_so4,AV3-1,,,3.304381163118025,3.202700681770658,-0.10168048134736729
clr_hr_1_mg_l_so4,AV3-7,,,2.7582400915093492,2.8992955516641397,0.14105546015479042
clr_hr_1_mg_l_so4,BP1-1,,,4.650705074203868,2.738434416118702,-1.9122706580851663
clr_hr_1_mg_l_so4,BP1-8,,,0.9312875624517508,3.0902366583922376,2.158949095940487
clr_hr_1_mg_l_so4,BP2-1,,,3.749833674534131,2.9714932297696257,-0.7783404447645053
clr_hr_1_mg_l_so4,BP3-1,,,4.200166184848992,2.9221300728794284,-1.278036111969564
clr_hr_1_mg_l_so4,BP3-8,,,2.501215992542381,3.056534191786467,0.5553181992440859
clr_hr_1_mg_l_so4,HV1-8,,,1.4883151557658076,3.4880408776922076,1.9997257219264
clr_hr_1_mg_l_so4,HV2-5,,,3.6426158600828886,3.6625433912248617,0.0199275311419731
clr_hr_1_mg_l_so4,HV3-1,,,4.314163672998338,3.216331082753087,-1.0978325902452508
clr_hr_1_mg_l_so4,HV3-9,,,2.0000396734343244,3.720208256891991,1.7201685834576668
clr_hr_1_mg_l_so4,KR-1,,,3.8943401396540263,2.561678414003908,-1.332661725650118
clr_hr_1_mg_l_so4,KR-2,,,4.198716024701494,2.60360954184035,-1.5951064828611443
clr_hr_1_mg_l_so4,KR-4,,,0.5970420240630165,2.5029979817134764,1.9059559576504599
clr_hr_1_mg_l_so4,MF1-1,,,2.781462021449879,3.1294475588137245,0.3479855373638454
clr_hr_1_mg_l_so4,MF1-6,,,3.354404423672997,2.7912625481253683,-0.5631418755476285
clr_hr_1_mg_l_so4,MF2-1,,,3.354404423672997,3.0715369640712513,-0.28286745960174553
clr_hr_1_mg_l_so4,MF3-1,,,3.354404423672997,3.176660788292882,-0.17774363538011473
clr_hr_1_mg_l_so4,MFX-2,,,2.7824042916690233,2.9846703994407005,0.2022661077716772
clr_hr_1_mg_l_so4,MSP1-1,,,3.354404423672997,2.7853913667934442,-0.5690130568795526
clr_hr_1_mg_l_so4,MSP1-4,,,3.354404423672997,2.88996268464164,-0.4644417390313569
clr_hr_1_mg_l_so4,MSP2-1,,,3.354404423672997,2.9720890785359355,-0.38231534513706134
clr_hr_1_mg_l_so4,MSP3-1,,,3.354404423672997,2.814931757293462,-0.5394726663795351
clr_hr_1_mg_l_so4,MSP3-4,,,3.354404423672997,2.837648297788667,-0.5167561258843301
clr_hr_1_mg_l_so4,MW2-1,,,3.354404423672997,3.0474906098859322,-0.3069138137870646
clr_hr_1_mg_l_so4,NP1-1,,,1.90680693820386,2.9017454079296825,0.9949384697258226
clr_hr_1_mg_l_so4,NP2-1,,,2.715651798862371,3.0977723584420964,0.38212055957972524
clr_hr_1_mg_l_so4,NP3-1,,,2.786448429316976,3.187225744211919,0.40077731489494317
clr_hr_1_mg_l_so4,NP3-4,,,3.354404423672997,2.988703266501573,-0.36570115717142393
clr_hr_1_mg_l_so4,NP4-5,,,3.354404423672997,2.827081438678749,-0.5273229849942478
clr_hr_1_mg_l_so4,RM1-1,,,6.534696416036887,3.208852789836347,-3.32584362620054
clr_hr_1_mg_l_so4,RM1-8,,,0.0376192430127932,3.100062703936948,3.062443460924155
clr_hr_1_mg_l_so4,RM2-1,,,2.4241992946350104,3.2116564595918486,0.7874571649568383
clr_hr_1_mg_l_so4,RM3-1,,,4.9009488473075,3.2107992101257836,-1.6901496371817166
clr_hr_1_mg_l_so4,RM3-8,,,5.230100235106236,3.1925959830390407,-2.0375042520671953
clr_hr_1_mg_l_so4,SH1-1,,,6.082773079961961,2.740928446006985,-3.341844633954976
clr_hr_1_mg_l_so4,SH1-6,,,5.062036285927272,2.740023260930033,-2.322013024997239
clr_hr_1_mg_l_so4,SH2-1,,,5.818637215010057,2.741590613998937,-3.0770466010111197
clr_hr_1_mg_l_so4,SH3-2,,,5.826966834928414,2.8305896342077856,-2.9963772007206284
clr_hr_1_mg_l_so4,SH3-8,,,5.79736705374455,2.7407907232148716,-3.056576330529678
clr_hr_1_mg_l_so4,TGV1-1,,,3.979756489905707,2.7447893916861448,-1.2349670982195624
clr_hr_1_mg_l_so4,TGV1-8,,,2.8002369858328016,3.6183679358183958,0.8181309499855942
clr_hr_1_mg_l_so4,TGV2-1,,,1.0983448922377184,2.741110532449645,1.6427656402119268
clr_hr_1_mg_l_so4,TGV3-1,,,3.354404423672997,3.0097220775056153,-0.3446823461673816
clr_hr_1_mg_l_so4,TGV3-9,,,3.354404423672997,3.4977564848694636,0.1433520611964667
clr_hr_1_mg_l_so4,TN1-1,,,4.130087573689178,3.2632236621201596,-0.866863911569018
clr_hr_1_mg_l_so4,TN1-8,,,3.9799257582078535,3.0056139817846,-0.9743117764232534
clr_hr_1_mg_l_so4,TN2-1,,,0.8583310291541619,3.300539059796046,2.442208030641884
clr_hr_1_mg_l_so4,TN3-1,,,3.974949654120865,2.3787723427402265,-1.5961773113806386
clr_hr_1_mg_l_so4,TN3-5,,,1.004352723987174,2.4021407357861295,1.3977880117989556
clr_hr_1_mg_l_so4,CB-CMBjA1,,,1.957176029660408,3.146290158094117,1.189114128433709
clr_hr_1_mg_l_so4,CB-iH5,,,2.2617111607703415,2.5584276679677367,0.2967165071973952
clr_hr_1_mg_l_so4,VV-0,,,3.354404423672997,3.298797094516606,-0.05560732915639077
clr_hr_1_mg_l_so4,VV-d,,,2.5773002107364684,3.298797094516606,0.7214968837801377
clr_hr_1_mg_l_so4,VV-J,,,2.7989274447723416,3.298797094516606,0.4998696497442645
clr_hr_1_mg_l_so4,VV-L,,,2.530722106012049,3.298797094516606,0.7680749885045572
clr_hr_1_mg_l_so4,WV-BA 1,,,1.9051448440022696,3.0928047951607724,1.1876599511585029
clr_hr_1_mg_l_so4,WV-UNN 1,,,1.7714770821201746,3.2702282380739565,1.4987511559537818
clr_hr_1_mg_l_so4,WV-UNN 3,,,2.788563359141261,3.2702282380739565,0.4816648789326954
clr_hr_1_mg_l_so4,WV-UNN-2,,,3.354404423672997,3.2702282380739565,-0.08417618559904039
clr_hr_1_mg_l_so4,WV-ZS 2,,,0.7397026229368797,3.1957491182255704,2.4560464952886907
clr_hr_24_mg_l_f,BS-607,,,-1.9046922297217583,-1.8059116146077447,0.09878061511401359
clr_hr_24_mg_l_f,BS-610,,,0.5841061867473416,-2.119780894105889,-2.7038870808532307
clr_hr_24_mg_l_f,BS-618,,,-2.4513058225372584,-1.8059116146077447,0.6453942079295136
clr_hr_24_mg_l_f,BPS-1,,,-1.9046922297217583,-1.260282002265264,0.6444102274564942
clr_hr_24_mg_l_f,BPS-18,,,-4.686581471408765,-1.60281396758783,3.083767503820935
clr_hr_24_mg_l_f,BPS-22,,,-1.9844472026500064,-1.60281396758783,0.3816332350621765
clr_hr_24_mg_l_f,BPS-25,,,-0.788574364385393,-1.60281396758783,-0.8142396032024369
clr_hr_24_mg_l_f,BPS-5,,,-2.6631778956702576,-1.60281396758783,1.0603639280824277
clr_hr_24_mg_l_f,CK-20B,,,-2.490952312400679,-1.5458943368980134,0.9450579755026658
clr_hr_24_mg_l_f,CK1-100B,,,-1.9046922297217583,-1.6533418508953208,0.2513503788264375
clr_hr_24_mg_l_f,CK2-100A,,,-2.559122460467171,-1.6533418508953208,0.9057806095718501
clr_hr_24_mg_l_f,CK2-100B,,,-1.9046922297217583,-1.9046922297217586,-2.220446049250313e-16
clr_hr_24_mg_l_f,CM-2 1,,,0.0532849222833511,-1.8632184198015203,-1.9165033420848714
clr_hr_24_mg_l_f,CM-4,,,-0.4906946536207264,-1.8004102420479449,-1.3097155884272185
clr_hr_24_mg_l_f,CM-PA 3-10,,,0.0669403753742234,-1.86321841980152,-1.9301587951757435
clr_hr_24_mg_l_f,CM-PA 30,,,-2.496796133281408,-1.8004102420479449,0.6963858912334631
clr_hr_24_mg_l_f,CM2 (OM),,,1.604412072511808,-1.86321841980152,-3.467630492313328
clr_hr_24_mg_l_f,LC1-5,,,-1.9046922297217583,-0.795154626112614,1.1095376036091444
clr_hr_24_mg_l_f,LGP (3-4),,,-0.0569170254896356,-0.8263214530986139,-0.7694044276089783
clr_hr_24_mg_l_f,LGP (BA 1-3),,,-2.6870968308073877,-0.795154626112614,1.8919422046947738
clr_hr_24_mg_l_f,CR-0819,,,-0.3587234593382042,-1.2058035519330228,-0.8470800925948185
clr_hr_24_mg_l_f,CR-0821,,,-0.8094003747044209,-1.2058035519330228,-0.39640317722860186
clr_hr_24_mg_l_f,CR-0826,,,-0.5677142844822898,-1.2058035519330228,-0.638089267450733
clr_hr_24_mg_l_f,CR-0828,,,-0.5356706050630535,-1.2058035519330228,-0.6701329468699693
clr_hr_24_mg_l_f,CR-0833,,,0.3320956809079383,-1.2058035519330228,-1.537899232840961
clr_hr_24_mg_l_f,CS-CR2,,,-1.401932494028407,-0.8212567860176495,0.5806757080107575
clr_hr_24_mg_l_f,CS-CR5,,,-1.8290911080744925,-0.38012310985263803,1.4489679982218544
clr_hr_24_mg_l_f,CS-CR7,,,-1.4529379099941515,-0.38012310985263803,1.0728148001415134
clr_hr_24_mg_l_f,CS-CR9,,,-1.130522395423913,-0.38012310985263803,0.7503992855712749
clr_hr_24_mg_l_f,DS1(1-2),,,-1.7076676096444967,-1.5858658294436283,0.1218017802008684
clr_hr_24_mg_l_f,DS2(1-2),,,-1.6685048161526157,-2.2527239300870128,-0.5842191139343971
clr_hr_24_mg_l_f,DA-1,,,-0.5241441545289627,-2.005478981256192,-1.4813348267272293
clr_hr_24_mg_l_f,DA-3,,,-0.0991880730701049,-2.005478981256192,-1.906290908186087
clr_hr_24_mg_l_f,DA-4,,,-0.6072092855616773,-2.005478981256192,-1.3982696956945146
clr_hr_24_mg_l_f,DA-5,,,-0.9634288831791042,-2.005478981256192,-1.0420500980770877
clr_hr_24_mg_l_f,DA-6,,,-3.7675569459583143,-2.005478981256192,1.7620779647021223
clr_hr_24_mg_l_f,GE-A1-3,,,-1.9046922297217583,-1.6501660287497921,0.2545262009719662
clr_hr_24_mg_l_f,GE-A2-2,,,-1.9046922297217583,-1.6501660287497921,0.2545262009719662
clr_hr_24_mg_l_f,GE-B1-3,,,-1.9046922297217583,-1.6501660287497921,0.2545262009719662
clr_hr_24_mg_l_f,GE-C2-3,,,-1.9046922297217583,-1.6296457772807162,0.2750464524410421
clr_hr_24_mg_l_f,GE-C3-2,,,-1.9046922297217583,-1.6296457772807165,0.27504645244104187
clr_hr_24_mg_l_f,HS-1,,,-1.9046922297217583,-1.3691523104719554,0.5355399192498029
clr_hr_24_mg_l_f,HS-2,,,-1.9046922297217583,-1.3691523104719554,0.5355399192498029
clr_hr_24_mg_l_f,HS-3,,,-1.9046922297217583,-2.1516285896406404,-0.24693635991888208
clr_hr_24_mg_l_f,HS-4,,,-1.9046922297217583,-1.3691523104719554,0.5355399192498029
clr_hr_24_mg_l_f,HS-7,,,-1.9046922297217583,-2.408556623415429,-0.5038643936936706
clr_hr_24_mg_l_f,HC-BA1,,,0.9526502530000728,-0.6971120454491755,-1.6497622984492484
clr_hr_24_mg_l_f,HC-BA2,,,-2.578316844508304,-0.6971120454491755,1.8812047990591283
clr_hr_24_mg_l_f,HC-Z5-1,,,-0.5459928620162021,-0.5774573394293314,-0.0314644774131293
clr_hr_24_mg_l_f,HC-ZS2,,,1.010017298325419,-0.7269123058653564,-1.7369296041907754
clr_hr_24_mg_l_f,HVY-4A,,,-1.9046922297217583,-1.9981822626853887,-0.09349003296363034
clr_hr_24_mg_l_f,HVY-5A,,,-2.504278201141254,-1.9981822626853887,0.5060959384558654
clr_hr_24_mg_l_f,HVY-9054A,,,-1.9046922297217583,-1.5458943368980136,0.35879789282374475
clr_hr_24_mg_l_f,HVY-9062A,,,1.1310073792469142,-2.091292704773513,-3.2223000840204272
clr_hr_24_mg_l_f,HVY-9130A,,,0.3475446052685302,-1.6285651380270205,-1.9761097432955508
clr_hr_24_mg_l_f,HD-10,,,-1.9046922297217583,-1.6521293917518105,0.25256283796994783
clr_hr_24_mg_l_f,HD-14,,,-1.9046922297217583,-1.6521293917518105,0.25256283796994783
clr_hr_24_mg_l_f,HD-6,,,-1.9046922297217583,-1.7386050882143453,0.166087141507413
clr_hr_24_mg_l_f,HG-3,,,-1.9046922297217583,-1.710687208009268,0.19400502171249023
clr_hr_24_mg_l_f,HG-54,,,1.1832435034333222,-2.179738764379357,-3.3629822678126793
clr_hr_24_mg_l_f,HG-6,,,-1.9046922297217583,-1.631549475672227,0.27314275404953126
clr_hr_24_mg_l_f,HG-8,,,-1.9046922297217583,-2.2324427711885853,-0.3277505414668269
clr_hr_24_mg_l_f,HG-9,,,-1.9046922297217583,-2.179738764379357,-0.27504653465759876
clr_hr_24_mg_l_f,HM-2,,,-1.9046922297217583,-0.9337009355283686,0.9709912941933897
clr_hr_24_mg_l_f,HM-3,,,-1.9046922297217583,-0.9337009355283686,0.9709912941933897
clr_hr_24_mg_l_f,HM-5,,,-1.9046922297217583,-0.9337009355283686,0.9709912941933897
clr_hr_24_mg_l_f,HM-6,,,-1.9046922297217583,-0.9337009355283686,0.9709912941933897
clr_hr_24_mg_l_f,LI-10,,,-2.468491248732546,-1.8600102661256608,0.6084809826068851
clr_hr_24_mg_l_f,LI-11,,,-1.9046922297217583,-1.740836236190501,0.16385599353125735
clr_hr_24_mg_l_f,LI-12,,,-1.9046922297217583,-1.740836236190501,0.16385599353125735
clr_hr_24_mg_l_f,LI-13,,,-1.9046922297217583,-1.740836236190501,0.16385599353125735
clr_hr_24_mg_l_f,LI-14,,,-1.9046922297217583,-1.740836236190501,0.16385599353125735
clr_hr_24_mg_l_f,LI-15,,,-1.9046922297217583,-1.740836236190501,0.16385599353125735
clr_hr_24_mg_l_f,LI-4,,,-2.509944525439521,-1.8600102661256608,0.6499342593138604
clr_hr_24_mg_l_f,LI-5,,,-1.9046922297217583,-1.8600102661256608,0.04468196359609755
clr_hr_24_mg_l_f,LI-6,,,-2.4514618085064286,-1.8600102661256608,0.5914515423807678
clr_hr_24_mg_l_f,LI-9,,,-1.9046922297217583,-1.8600102661256608,0.04468196359609755
clr_hr_24_mg_l_f,LGP-BA LV8,,,-2.581353215485872,-1.3265142110739545,1.2548390044119173
clr_hr_24_mg_l_f,LV-14,,,-1.9046922297217583,-1.7601855837837648,0.14450664593799356
clr_hr_24_mg_l_f,LV-18,,,-2.4833878376248055,-1.7601855837837648,0.7232022538410408
clr_hr_24_mg_l_f,MD-BJA1,,,-1.465034985446732,-0.7246054108823241,0.7404295745644078
clr_hr_24_mg_l_f,MD-UN11,,,-1.6143755602800909,-0.7246054108823241,0.8897701493977668
clr_hr_24_mg_l_f,MD-UN6,,,-1.1903629611408737,-0.7246054108823241,0.4657575502585496
clr_hr_24_mg_l_f,ME-A1-1,,,-2.5564653243386304,-1.233024178110324,1.3234411462283064
clr_hr_24_mg_l_f,ME-A2-3,,,1.2586661146613285,-1.233024178110324,-2.4916902927716524
clr_hr_24_mg_l_f,ME-B1-2,,,-1.9046922297217583,-1.554772297394651,0.3499199323271074
clr_hr_24_mg_l_f,ME-c2-3,,,-1.9046922297217583,-1.9884436701044614,-0.0837514403827031
clr_hr_24_mg_l_f,ME-C3-1,,,-1.9046922297217583,-1.9884436701044614,-0.0837514403827031
clr_hr_24_mg_l_f,HK-1,,,0.4605170185988091,-1.992625968470363,-2.4531429870691723
clr_hr_24_mg_l_f,HK-2,,,-0.5211220432937044,-1.992625968470363,-1.4715039251766586
clr_hr_24_mg_l_f,HK-3,,,-1.9046922297217583,-1.992625968470363,-0.08793373874860477
clr_hr_24_mg_l_f,HK-4,,,-1.9046922297217583,-1.9046922297217586,-2.220446049250313e-16
clr_hr_24_mg_l_f,HK-5,,,-1.9046922297217583,-2.077931166690377,-0.1732389369686187
clr_hr_24_mg_l_f,MK-A6,,,-1.9046922297217583,-2.077931166690377,-0.1732389369686187
clr_hr_24_mg_l_f,MK-KYBjA6,,,-1.9046922297217583,-1.9046922297217586,-2.220446049250313e-16
clr_hr_24_mg_l_f,MK-UN8,,,-1.9046922297217583,-2.077931166690377,-0.1732389369686187
clr_hr_24_mg_l_f,MFP-A1,,,-1.9046922297217583,-1.3958445431059545,0.5088476866158038
clr_hr_24_mg_l_f,MFP-A2,,,-1.9046922297217583,-1.3958445431059545,0.5088476866158038
clr_hr_24_mg_l_f,MFP-AAA,,,-1.9046922297217583,-1.478603820306548,0.4260884094152104
clr_hr_24_mg_l_f,MFP-d,,,-2.610199490462793,-1.3958445431059545,1.2143549473568387
clr_hr_24_mg_l_f,MS-11,,,-1.9046922297217583,-1.9303501472059146,-0.025657917484156245
clr_hr_24_mg_l_f,MS-12,,,-2.484007170125913,-1.9303501472059146,0.5536570229199984
clr_hr_24_mg_l_f,MS-5,,,-1.9046922297217583,-1.9303501472059146,-0.025657917484156245
clr_hr_24_mg_l_f,MS-7,,,-1.9046922297217583,-1.9303501472059146,-0.025657917484156245
clr_hr_24_mg_l_f,ON-10,,,-2.586340069011998,-1.9036103390733545,0.6827297299386437
clr_hr_24_mg_l_f,OR-4,,,-1.636411372149947,-1.9036103390733545,-0.2671989669234076
clr_hr_24_mg_l_f,OR-8,,,-1.9046922297217583,-1.9036103390733545,0.0010818906484038049
clr_hr_24_mg_l_f,AV1-1,,,-1.7156085959386993,-1.5821764718081712,0.13343212413052807
clr_hr_24_mg_l_f,AV1-8,,,-3.46890128755994,-1.6787386095820425,1.7901626779778976
clr_hr_24_mg_l_f,AV2-1,,,0.1859973154023302,-2.0988387804959654,-2.2848360958982954
clr_hr_24_mg_l_f,AV3-1,,,-0.5030449291117778,-1.5011710627764525,-0.9981261336646747
clr_hr_24_mg_l_f,AV3-7,,,0.3439029371085915,-1.3774829813410376,-1.7213859184496292
clr_hr_24_mg_l_f,BP1-1,,,-4.382149629509401,-2.0988387804959654,2.2833108490134357
clr_hr_24_mg_l_f,BP1-8,,,1.4224845120519256,-0.8634748837277211,-2.2859593957796465
clr_hr_24_mg_l_f,BP2-1,,,0.114542503692431,-1.6787386095820425,-1.7932811132744735
clr_hr_24_mg_l_f,BP3-1,,,-0.7435788964509036,-1.6787386095820425,-0.9351597131311389
clr_hr_24_mg_l_f,BP3-8,,,1.7377612478812785,-1.3788223855424795,-3.116583633423758
clr_hr_24_mg_l_f,HV1-8,,,-2.4477371106918007,-0.9172447981827612,1.5304923125090395
clr_hr_24_mg_l_f,HV2-5,,,1.6765444283999773,-1.9167074773964672,-3.5932519057964445
clr_hr_24_mg_l_f,HV3-1,,,-0.5719690237212856,-1.501171062776453,-0.9292020390551674
clr_hr_24_mg_l_f,HV3-9,,,-1.9046922297217583,-0.9203581158168408,0.9843341139049175
clr_hr_24_mg_l_f,KR-1,,,-1.9046922297217583,-1.60485540760745,0.2998368221143084
clr_hr_24_mg_l_f,KR-2,,,-1.0892326371975312,-1.0865074498430598,0.002725187354471359
clr_hr_24_mg_l_f,KR-4,,,2.0254316788670828,-1.1014390685478848,-3.1268707474149675
clr_hr_24_mg_l_f,MF1-1,,,-3.633246749153931,-1.9046922297217586,1.7285545194321725
clr_hr_24_mg_l_f,MF1-6,,,-2.5018286172618565,-1.3691523104719554,1.132676306789901
clr_hr_24_mg_l_f,MF2-1,,,-2.5219530240694343,-1.7070393459463222,0.8149136781231121
clr_hr_24_mg_l_f,MF3-1,,,-2.52022840096199,-1.9046922297217586,0.6155361712402316
clr_hr_24_mg_l_f,MFX-2,,,-2.470391500557374,-1.7070393459463222,0.7633521546110518
clr_hr_24_mg_l_f,MSP1-1,,,-2.5100221049595013,-1.2056293883207962,1.304392716638705
clr_hr_24_mg_l_f,MSP1-4,,,-1.9046922297217583,-1.2056293883207962,0.6990628414009621
clr_hr_24_mg_l_f,MSP2-1,,,-1.9046922297217583,-1.2782038472481638,0.6264883824735945
clr_hr_24_mg_l_f,MSP3-1,,,-1.9046922297217583,-1.2056293883207962,0.6990628414009621
clr_hr_24_mg_l_f,MSP3-4,,,-3.224688097087203,-1.2056293883207962,2.0190587087664067
clr_hr_24_mg_l_f,MW2-1,,,-1.9046922297217583,-1.9046922297217586,-2.220446049250313e-16
clr_hr_24_mg_l_f,NP1-1,,,-1.9046922297217583,-1.5668051942473917,0.3378870354743666
clr_hr_24_mg_l_f,NP2-1,,,-1.9046922297217583,-1.9046922297217586,-2.220446049250313e-16
clr_hr_24_mg_l_f,NP3-1,,,-1.9046922297217583,-1.9046922297217586,-2.220446049250313e-16
clr_hr_24_mg_l_f,NP3-4,,,-1.9046922297217583,-1.5668051942473917,0.3378870354743666
clr_hr_24_mg_l_f,NP4-5,,,-1.9046922297217583,-1.6666955508201347,0.23799667890162368
clr_hr_24_mg_l_f,RM1-1,,,-1.9046922297217583,-1.501171062776453,0.4035211669453054
clr_hr_24_mg_l_f,RM1-8,,,-1.9046922297217583,-1.7234582285395414,0.1812340011822169
clr_hr_24_mg_l_f,RM2-1,,,-1.9046922297217583,-1.501171062776453,0.4035211669453054
clr_hr_24_mg_l_f,RM3-1,,,-1.9046922297217583,-1.501171062776453,0.4035211669453054
clr_hr_24_mg_l_f,RM3-8,,,-1.9046922297217583,-1.3070711531042303,0.5976210766175281
clr_hr_24_mg_l_f,SH1-1,,,-1.9046922297217583,-2.0988387804959654,-0.19414655077420706
clr_hr_24_mg_l_f,SH1-6,,,-1.9046922297217583,-2.0988387804959654,-0.19414655077420706
clr_hr_24_mg_l_f,SH2-1,,,-1.9046922297217583,-2.0988387804959654,-0.19414655077420706
clr_hr_24_mg_l_f,SH3-2,,,-1.9046922297217583,-2.0153668737773414,-0.11067464405558303
clr_hr_24_mg_l_f,SH3-8,,,-1.9046922297217583,-2.0988387804959654,-0.19414655077420706
clr_hr_24_mg_l_f,TGV1-1,,,-0.7734605161320736,-1.987451506922352,-1.2139909907902784
clr_hr_24_mg_l_f,TGV1-8,,,-2.4784537457178235,-1.9977128864281857,0.48074085928963783
clr_hr_24_mg_l_f,TGV2-1,,,-2.4894965149217567,-2.0988387804959654,0.3906577344257913
clr_hr_24_mg_l_f,TGV3-1,,,0.0630046131478963,-1.6217899760352832,-1.6847945891831795
clr_hr_24_mg_l_f,TGV3-9,,,-2.6218399687606433,-2.428006317900621,0.19383365086002247
clr_hr_24_mg_l_f,TN1-1,,,-2.265962338344072,-2.104263394535482,0.16169894380858985
clr_hr_24_mg_l_f,TN1-8,,,-0.1467289330928579,-1.9849532570894424,-1.8382243239965845
clr_hr_24_mg_l_f,TN2-1,,,-2.494252577681047,-2.002302512206403,0.49195006547464404
clr_hr_24_mg_l_f,TN3-1,,,-0.144647223736015,-1.33934542964541,-1.194698205909395
clr_hr_24_mg_l_f,TN3-5,,,0.536765162442269,-1.233529115278069,-1.770294277720338
clr_hr_24_mg_l_f,CB-CMBjA1,,,0.9621229210431294,-1.0651471990499366,-2.027270120093066
clr_hr_24_mg_l_f,CB-iH5,,,-1.9046922297217583,-0.9781197177105957,0.9265725120111626
clr_hr_24_mg_l_f,VV-0,,,-1.9046922297217583,-2.0257122164035875,-0.12101998668182912
clr_hr_24_mg_l_f,VV-d,,,-2.6616755581839344,-2.0257122164035875,0.635963341780347
clr_hr_24_mg_l_f,VV-J,,,-2.6807739280535197,-2.0257122164035875,0.6550617116499322
clr_hr_24_mg_l_f,VV-L,,,-2.6454064302931437,-2.0257122164035875,0.6196942138895563
clr_hr_24_mg_l_f,WV-BA 1,,,-1.9046922297217583,-0.2359127431684309,1.6687794865533274
clr_hr_24_mg_l_f,WV-UNN 1,,,-2.6066188624891407,-2.5082288211313375,0.09839004135780316
clr_hr_24_mg_l_f,WV-UNN 3,,,-2.618418406025311,-2.5082288211313375,0.11018958489397335
clr_hr_24_mg_l_f,WV-UNN-2,,,0.4257139512950494,-2.5082288211313375,-2.933942772426387
clr_hr_24_mg_l_f,WV-ZS 2,,,0.8512647477304678,-0.23591274316843075,-1.0871774908988985
clr_hr_24_mg_l_cl,BS-607,,,1.0518193306789512,2.7088672773718203,1.6570479466928691
clr_hr_24_mg_l_cl,BS-610,,,2.77679244245231,2.5607244372575426,-0.2160680051947672
clr_hr_24_mg_l_cl,BS-618,,,3.2382737019409493,2.7088672773718194,-0.5294064245691299
clr_hr_24_mg_l_cl,BPS-1,,,1.0518193306789512,1.492904970041043,0.4410856393620919
clr_hr_24_mg_l_cl,BPS-18,,,2.1973538909961143,2.634664683423413,0.43731079242729853
clr_hr_24_mg_l_cl,BPS-22,,,1.9147232916980177,2.548416027834745,0.6336927361367275
clr_hr_24_mg_l_cl,BPS-25,,,2.152527941682008,2.186671487300962,0.03414354561895383
clr_hr_24_mg_l_cl,BPS-5,,,4.085761994472947,2.186671487300962,-1.8990905071719855
clr_hr_24_mg_l_cl,CK-20B,,,3.396859661394633,1.6239927205408022,-1.7728669408538307
clr_hr_24_mg_l_cl,CK1-100B,,,1.0518193306789512,1.6075803469666536,0.5557610162877025
clr_hr_24_mg_l_cl,CK2-100A,,,3.6695402536606,1.6075803469666536,-2.0619599066939465
clr_hr_24_mg_l_cl,CK2-100B,,,1.0518193306789512,1.6075803469666536,0.5557610162877025
clr_hr_24_mg_l_cl,CM-2 1,,,2.0765429648954203,1.2360891497273587,-0.8404538151680616
clr_hr_24_mg_l_cl,CM-4,,,2.2009014741820083,1.0760515657691183,-1.12484990841289
clr_hr_24_mg_l_cl,CM-PA 3-10,,,1.926896616932845,1.0760515657691183,-0.8508450511637267
clr_hr_24_mg_l_cl,CM-PA 30,,,3.4202349449175484,1.0760515657691183,-2.34418337914843
clr_hr_24_mg_l_cl,CM2 (OM),,,3.3034390086080063,1.2360891497273587,-2.0673498588806476
clr_hr_24_mg_l_cl,LC1-5,,,1.0518193306789512,1.701060880100074,0.6492415494211228
clr_hr_24_mg_l_cl,LGP (3-4),,,2.3161287877277843,1.701060880100074,-0.6150679076277104
clr_hr_24_mg_l_cl,LGP (BA 1-3),,,4.181437735021468,1.701060880100074,-2.4803768549213947
clr_hr_24_mg_l_cl,CR-0819,,,0.4251896152571746,1.5702581676484495,1.145068552391275
clr_hr_24_mg_l_cl,CR-0821,,,-0.0667919543889157,1.5702581676484495,1.6370501220373652
clr_hr_24_mg_l_cl,CR-0826,,,0.7649321829759925,1.5702581676484495,0.805325984672457
clr_hr_24_mg_l_cl,CR-0828,,,0.496052824237652,1.5702581676484495,1.0742053434107974
clr_hr_24_mg_l_cl,CR-0833,,,2.343547972358759,1.5702581676484495,-0.7732898047103094
clr_hr_24_mg_l_cl,CS-CR2,,,2.1178475619376314,1.2728757105658364,-0.844971851371795
clr_hr_24_mg_l_cl,CS-CR5,,,1.9927965892928936,1.2728757105658364,-0.7199208787270572
clr_hr_24_mg_l_cl,CS-CR7,,,1.7032903492321778,1.151809735518288,-0.5514806137138899
clr_hr_24_mg_l_cl,CS-CR9,,,3.044825950951275,1.151809735518288,-1.893016215432987
clr_hr_24_mg_l_cl,DS1(1-2),,,2.605454753761266,1.8958141706759932,-0.7096405830852726
clr_hr_24_mg_l_cl,DS2(1-2),,,1.9616444584194963,2.8617607183332976,0.9001162599138013
clr_hr_24_mg_l_cl,DA-1,,,1.643448625200886,1.1705025394125959,-0.4729460857882901
clr_hr_24_mg_l_cl,DA-3,,,1.8206416262474523,1.1705025394125959,-0.6501390868348564
clr_hr_24_mg_l_cl,DA-4,,,2.0713837046551022,1.1705025394125959,-0.9008811652425064
clr_hr_24_mg_l_cl,DA-5,,,2.3208422385466494,1.1705025394125959,-1.1503396991340535
clr_hr_24_mg_l_cl,DA-6,,,2.843656616754745,1.1705025394125959,-1.673154077342149
clr_hr_24_mg_l_cl,GE-A1-3,,,1.0518193306789512,1.9920479775095685,0.9402286468306174
clr_hr_24_mg_l_cl,GE-A2-2,,,1.0518193306789512,1.9920479775095685,0.9402286468306174
clr_hr_24_mg_l_cl,GE-B1-3,,,1.0518193306789512,1.9920479775095683,0.9402286468306171
clr_hr_24_mg_l_cl,GE-C2-3,,,1.0518193306789512,1.8567157803567453,0.8048964496777942
clr_hr_24_mg_l_cl,GE-C3-2,,,1.0518193306789512,1.8567157803567453,0.8048964496777942
clr_hr_24_mg_l_cl,HS-1,,,1.0518193306789512,1.4654292941169245,0.4136099634379733
clr_hr_24_mg_l_cl,HS-2,,,1.0518193306789512,1.3455120998330254,0.2936927691540743
clr_hr_24_mg_l_cl,HS-3,,,1.0518193306789512,1.3569708684740882,0.30515153779513704
clr_hr_24_mg_l_cl,HS-4,,,1.0518193306789512,1.4654292941169245,0.4136099634379733
clr_hr_24_mg_l_cl,HS-7,,,1.0518193306789512,1.3455120998330254,0.2936927691540743
clr_hr_24_mg_l_cl,HC-BA1,,,2.590259042400869,2.1972683431895366,-0.39299069921133256
clr_hr_24_mg_l_cl,HC-BA2,,,3.746317789825132,2.1972683431895366,-1.5490494466355953
clr_hr_24_mg_l_cl,HC-Z5-1,,,3.7102443541867727,2.3544296233394033,-1.3558147308473694
clr_hr_24_mg_l_cl,HC-ZS2,,,2.764563954574137,2.2786169865285077,-0.4859469680456292
clr_hr_24_mg_l_cl,HVY-4A,,,1.0518193306789512,1.2869447943951644,0.23512546371621323
clr_hr_24_mg_l_cl,HVY-5A,,,3.4501632163569336,1.2869447943951644,-2.163218421961769
clr_hr_24_mg_l_cl,HVY-9054A,,,1.0518193306789512,1.641841351715836,0.5900220210368847
clr_hr_24_mg_l_cl,HVY-9062A,,,0.292894428436783,1.7781709195738842,1.4852764911371013
clr_hr_24_mg_l_cl,HVY-9130A,,,3.689941505956825,1.6418413517158357,-2.0481001542409896
clr_hr_24_mg_l_cl,HD-10,,,1.0518193306789512,1.414261383771319,0.36244205309236777
clr_hr_24_mg_l_cl,HD-14,,,1.0518193306789512,1.414261383771319,0.36244205309236777
clr_hr_24_mg_l_cl,HD-6,,,1.0518193306789512,1.4740776844288122,0.422258353749861
clr_hr_24_mg_l_cl,HG-3,,,1.0518193306789512,1.453357218655473,0.4015378879765219
clr_hr_24_mg_l_cl,HG-54,,,0.2798353973901809,1.4528605804357573,1.1730251830455765
clr_hr_24_mg_l_cl,HG-6,,,1.0518193306789512,1.6921012489569165,0.6402819182779653
clr_hr_24_mg_l_cl,HG-8,,,1.0518193306789512,1.488876977237982,0.4370576465590308
clr_hr_24_mg_l_cl,HG-9,,,1.0518193306789512,1.7346953365903903,0.6828760059114392
clr_hr_24_mg_l_cl,HM-2,,,1.0518193306789512,1.6582874748184255,0.6064681441394744
clr_hr_24_mg_l_cl,HM-3,,,1.0518193306789512,1.6582874748184255,0.6064681441394744
clr_hr_24_mg_l_cl,HM-5,,,1.0518193306789512,1.6028272021982832,0.5510078715193321
clr_hr_24_mg_l_cl,HM-6,,,1.0518193306789512,1.6004672934910495,0.5486479628120984
clr_hr_24_mg_l_cl,LI-10,,,0.4880203116681637,1.73355972811496,1.2455394164467963
clr_hr_24_mg_l_cl,LI-11,,,1.0518193306789512,1.6620679347273744,0.6102486040484232
clr_hr_24_mg_l_cl,LI-12,,,1.0518193306789512,1.6620679347273744,0.6102486040484232
clr_hr_24_mg_l_cl,LI-13,,,1.0518193306789512,1.6620679347273744,0.6102486040484232
clr_hr_24_mg_l_cl,LI-14,,,1.0518193306789512,1.6620679347273744,0.6102486040484232
clr_hr_24_mg_l_cl,LI-15,,,1.0518193306789512,1.6620679347273744,0.6102486040484232
clr_hr_24_mg_l_cl,LI-4,,,3.4728285135500023,1.7335597281149604,-1.739268785435042
clr_hr_24_mg_l_cl,LI-5,,,1.0518193306789512,1.7335597281149604,0.6817403974360092
clr_hr_24_mg_l_cl,LI-6,,,3.2388976458176315,1.7335597281149604,-1.5053379177026711
clr_hr_24_mg_l_cl,LI-9,,,1.0518193306789512,1.73355972811496,0.6817403974360088
clr_hr_24_mg_l_cl,LGP-BA LV8,,,3.758463273735405,1.6046470909180883,-2.153816182817317
clr_hr_24_mg_l_cl,LV-14,,,1.0518193306789512,1.6046470909180883,0.5528277602391372
clr_hr_24_mg_l_cl,LV-18,,,3.366601762291139,1.6046470909180883,-1.7619546713730505
clr_hr_24_mg_l_cl,MD-BJA1,,,0.519647492452648,1.5105917235050978,0.9909442310524499
clr_hr_24_mg_l_cl,MD-UN11,,,1.187490126511289,1.4569550589798042,0.2694649324685152
clr_hr_24_mg_l_cl,MD-UN6,,,0.6562181616829426,1.5105917235050978,0.8543735618221553
clr_hr_24_mg_l_cl,ME-A1-1,,,3.6589117091464383,1.901235337890982,-1.7576763712554562
clr_hr_24_mg_l_cl,ME-A2-3,,,0.2609797445831793,1.901235337890982,1.6402555933078027
clr_hr_24_mg_l_cl,ME-B1-2,,,1.0518193306789512,1.901235337890982,0.8494160072120309
clr_hr_24_mg_l_cl,ME-c2-3,,,1.0518193306789512,1.901235337890982,0.8494160072120309
clr_hr_24_mg_l_cl,ME-C3-1,,,1.0518193306789512,1.901235337890982,0.8494160072120309
clr_hr_24_mg_l_cl,HK-1,,,0.4605170185988091,1.569254532704164,1.1087375141053548
clr_hr_24_mg_l_cl,HK-2,,,-0.4333831289856975,1.569254532704164,2.0026376616898616
clr_hr_24_mg_l_cl,HK-3,,,1.0518193306789512,1.569254532704164,0.5174352020252129
clr_hr_24_mg_l_cl,HK-4,,,1.0518193306789512,1.5692545327041643,0.5174352020252131
clr_hr_24_mg_l_cl,HK-5,,,1.0518193306789512,1.5692545327041638,0.5174352020252126
clr_hr_24_mg_l_cl,MK-A6,,,1.0518193306789512,1.690320507751713,0.6385011770727618
clr_hr_24_mg_l_cl,MK-KYBjA6,,,1.0518193306789512,1.569254532704164,0.5174352020252129
clr_hr_24_mg_l_cl,MK-UN8,,,1.0518193306789512,1.690320507751713,0.6385011770727618
clr_hr_24_mg_l_cl,MFP-A1,,,1.0518193306789512,1.329495656071869,0.27767632539291776
clr_hr_24_mg_l_cl,MFP-A2,,,1.0518193306789512,1.329495656071869,0.27767632539291776
clr_hr_24_mg_l_cl,MFP-AAA,,,1.0518193306789512,1.5936846984309823,0.5418653677520311
clr_hr_24_mg_l_cl,MFP-d,,,0.3463120699379164,1.329495656071869,0.9831835861339525
clr_hr_24_mg_l_cl,MS-11,,,1.0518193306789512,1.4617805114930624,0.40996118081411126
clr_hr_24_mg_l_cl,MS-12,,,3.369079092295569,1.4617805114930624,-1.9072985808025067
clr_hr_24_mg_l_cl,MS-5,,,1.0518193306789512,1.4617805114930624,0.40996118081411126
clr_hr_24_mg_l_cl,MS-7,,,1.0518193306789512,1.4617805114930624,0.40996118081411126
clr_hr_24_mg_l_cl,ON-10,,,3.778410687839912,1.624120890725015,-2.154289797114897
clr_hr_24_mg_l_cl,OR-4,,,2.4740332522004884,1.7857347691006393,-0.6882984830998491
clr_hr_24_mg_l_cl,OR-8,,,1.0518193306789512,1.653478404162173,0.6016590734832219
clr_hr_24_mg_l_cl,AV1-1,,,2.3705888332528127,2.942397191970971,0.5718083587181582
clr_hr_24_mg_l_cl,AV1-8,,,2.2531743801435864,2.930735074312667,0.6775606941690806
clr_hr_24_mg_l_cl,AV2-1,,,-0.6658615563124359,2.9307350743126666,3.5965966306251023
clr_hr_24_mg_l_cl,AV3-1,,,1.8306126584453104,2.8561485363823027,1.0255358779369923
clr_hr_24_mg_l_cl,AV3-7,,,2.775771753231643,2.9307350743126666,0.1549633210810235
clr_hr_24_mg_l_cl,BP1-1,,,2.3013075858117005,2.9307350743126666,0.6294274885009661
clr_hr_24_mg_l_cl,BP1-8,,,2.5348901228523713,2.9307350743126666,0.3958449514602953
clr_hr_24_mg_l_cl,BP2-1,,,1.411906408391561,2.9307350743126666,1.5188286659211057
clr_hr_24_mg_l_cl,BP3-1,,,0.8271606153805551,2.930735074312667,2.103574458932112
clr_hr_24_mg_l_cl,BP3-8,,,0.1412059612781918,2.930735074312667,2.789529113034475
clr_hr_24_mg_l_cl,HV1-8,,,3.2239988545591194,2.7240025105728143,-0.4999963439863051
clr_hr_24_mg_l_cl,HV2-5,,,2.938021727206104,2.814841280671528,-0.12318044653457605
clr_hr_24_mg_l_cl,HV3-1,,,1.0729522433048966,2.942397191970971,1.8694449486660742
clr_hr_24_mg_l_cl,HV3-9,,,1.0518193306789512,2.779037941122967,1.7272186104440157
clr_hr_24_mg_l_cl,KR-1,,,1.0518193306789512,2.6674332169313955,1.6156138862524443
clr_hr_24_mg_l_cl,KR-2,,,1.443316977867794,2.5539162563927182,1.1105992785249243
clr_hr_24_mg_l_cl,KR-4,,,0.0692883535317406,2.35834488224095,2.2890565287092093
clr_hr_24_mg_l_cl,MF1-1,,,2.248145343828818,1.065246108627496,-1.182899235201322
clr_hr_24_mg_l_cl,MF1-6,,,3.440364880839343,0.9093948954272733,-2.53096998541207
clr_hr_24_mg_l_cl,MF2-1,,,3.520862508069653,0.9093948954272733,-2.6114676126423797
clr_hr_24_mg_l_cl,MF3-1,,,3.513964015639878,0.9093948954272731,-2.604569120212605
clr_hr_24_mg_l_cl,MFX-2,,,0.4861200598433357,0.9093948954272733,0.4232748355839376
clr_hr_24_mg_l_cl,MSP1-1,,,3.473138831629921,1.3268668070126153,-2.1462720246173057
clr_hr_24_mg_l_cl,MSP1-4,,,1.0518193306789512,1.3257437398176766,0.2739244091387254
clr_hr_24_mg_l_cl,MSP2-1,,,1.0518193306789512,1.1814387033277773,0.12961937264882617
clr_hr_24_mg_l_cl,MSP3-1,,,1.0518193306789512,1.2347401148907111,0.18292078421175995
clr_hr_24_mg_l_cl,MSP3-4,,,2.4816551984306714,1.2611573077336862,-1.2204978906969852
clr_hr_24_mg_l_cl,MW2-1,,,1.0518193306789512,1.0266469119630572,-0.02517241871589393
clr_hr_24_mg_l_cl,NP1-1,,,1.0518193306789512,1.0293120897111723,-0.022507240967778896
clr_hr_24_mg_l_cl,NP2-1,,,1.0518193306789512,1.1961321547765784,0.14431282409762725
clr_hr_24_mg_l_cl,NP3-1,,,1.0518193306789512,1.0788801382407942,0.027060807561843037
clr_hr_24_mg_l_cl,NP3-4,,,1.0518193306789512,1.0679112863756108,0.016091955696659666
clr_hr_24_mg_l_cl,NP4-5,,,1.0518193306789512,1.7351482638152909,0.6833289331363397
clr_hr_24_mg_l_cl,RM1-1,,,1.0518193306789512,2.803292193699894,1.7514728630209426
clr_hr_24_mg_l_cl,RM1-8,,,1.0518193306789512,2.887177513627067,1.8353581829481158
clr_hr_24_mg_l_cl,RM2-1,,,1.0518193306789512,2.803292193699894,1.7514728630209426
clr_hr_24_mg_l_cl,RM3-1,,,1.0518193306789512,2.803292193699894,1.7514728630209426
clr_hr_24_mg_l_cl,RM3-8,,,1.0518193306789512,2.887177513627067,1.8353581829481158
clr_hr_24_mg_l_cl,SH1-1,,,1.0518193306789512,2.7338721251198708,1.6820527944409196
clr_hr_24_mg_l_cl,SH1-6,,,1.0518193306789512,2.6882821006201456,1.6364627699411944
clr_hr_24_mg_l_cl,SH2-1,,,1.0518193306789512,2.7338721251198708,1.6820527944409196
clr_hr_24_mg_l_cl,SH3-2,,,1.0518193306789512,2.7338721251198708,1.6820527944409196
clr_hr_24_mg_l_cl,SH3-8,,,1.0518193306789512,2.688282100620145,1.636462769941194
clr_hr_24_mg_l_cl,TGV1-1,,,1.2748830290304394,1.949759835314098,0.6748768062836585
clr_hr_24_mg_l_cl,TGV1-8,,,3.3468653946632103,2.989382871016599,-0.3574825236466115
clr_hr_24_mg_l_cl,TGV2-1,,,3.3910364714789436,2.8530533031585508,-0.5379831683203928
clr_hr_24_mg_l_cl,TGV3-1,,,-1.810642015552343,1.9298965365958083,3.740538552148151
clr_hr_24_mg_l_cl,TGV3-9,,,0.3346715916400665,2.8419350847225253,2.507263493082459
clr_hr_24_mg_l_cl,TN1-1,,,1.8083987070414491,2.8538130887265707,1.0454143816851216
clr_hr_24_mg_l_cl,TN1-8,,,2.7545087275732696,2.6234413341001916,-0.13106739347307794
clr_hr_24_mg_l_cl,TN2-1,,,3.4100607225161035,2.797813823137276,-0.6122468993788277
clr_hr_24_mg_l_cl,TN3-1,,,0.6731704369253073,2.6755108034062904,2.002340366480983
clr_hr_24_mg_l_cl,TN3-5,,,0.4414549826379442,1.8374338426847494,1.3959788600468053
clr_hr_24_mg_l_cl,CB-CMBjA1,,,0.3351155429877291,1.5971499730338727,1.2620344300461437
clr_hr_24_mg_l_cl,CB-iH5,,,1.0518193306789512,1.7985666040110178,0.7467472733320666
clr_hr_24_mg_l_cl,VV-0,,,1.0518193306789512,2.325536132621971,1.2737168019430196
clr_hr_24_mg_l_cl,VV-d,,,4.0797526445276535,2.325536132621971,-1.7542165119056827
clr_hr_24_mg_l_cl,VV-J,,,4.1561461240059945,2.325536132621971,-1.8306099913840237
clr_hr_24_mg_l_cl,VV-L,,,4.014676132964492,2.325536132621971,-1.6891400003425217
clr_hr_24_mg_l_cl,WV-BA 1,,,1.0518193306789512,1.7434517437227335,0.6916324130437823
clr_hr_24_mg_l_cl,WV-UNN 1,,,3.8595258617484784,2.4177313067149266,-1.4417945550335518
clr_hr_24_mg_l_cl,WV-UNN 3,,,3.90672403589316,2.4177313067149266,-1.4889927291782334
clr_hr_24_mg_l_cl,WV-UNN-2,,,2.750320409345633,2.4177313067149266,-0.3325891026307062
clr_hr_24_mg_l_cl,WV-ZS 2,,,2.838697106927342,1.9518408248827286,-0.8868562820446133
clr_hr_24_mg_l_no3,BS-607,,,-1.2507657623150945,-1.3504061841961272,-0.09964042188103273
clr_hr_24_mg_l_no3,BS-610,,,-2.6553562717292474,-1.313370474167558,1.3419857975616893
clr_hr_24_mg_l_no3,BS-618,,,-1.797379355130594,-1.3504061841961275,0.44697317093446665
clr_hr_24_mg_l_no3,BPS-1,,,-1.2507657623150945,-1.0695086686867938,0.18125709362830067
clr_hr_24_mg_l_no3,BPS-18,,,0.3789304329133256,-1.6533857353902128,-2.0323161683035385
clr_hr_24_mg_l_no3,BPS-22,,,-1.1886458680299776,-1.5831562099195053,-0.3945103418895277
clr_hr_24_mg_l_no3,BPS-25,,,0.1063935980199408,-1.6105771614671134,-1.7169707594870542
clr_hr_24_mg_l_no3,BPS-5,,,-2.009251428263594,-1.6105771614671134,0.39867426679648044
clr_hr_24_mg_l_no3,CK-20B,,,-1.837025844994015,-1.5391988466151747,0.2978269983788402
clr_hr_24_mg_l_no3,CK1-100B,,,-1.2507657623150945,-1.5350957532216372,-0.28432999090654265
clr_hr_24_mg_l_no3,CK2-100A,,,-1.905195993060507,-1.5350957532216372,0.37010023983886975
clr_hr_24_mg_l_no3,CK2-100B,,,-1.2507657623150945,-1.5350957532216372,-0.28432999090654265
clr_hr_24_mg_l_no3,CM-2 1,,,0.8604286894471769,-0.5394585602611022,-1.399887249708279
clr_hr_24_mg_l_no3,CM-4,,,0.129545756131131,-0.5451718123782199,-0.6747175685093509
clr_hr_24_mg_l_no3,CM-PA 3-10,,,0.8661640193583922,-0.5451718123782199,-1.411335831736612
clr_hr_24_mg_l_no3,CM-PA 30,,,-1.842869665874744,-0.5451718123782199,1.2976978534965242
clr_hr_24_mg_l_no3,CM2 (OM),,,-3.1710070890359683,-0.5394585602611022,2.631548528774866
clr_hr_24_mg_l_no3,LC1-5,,,-1.2507657623150945,-1.4743860291315294,-0.22362026681643488
clr_hr_24_mg_l_no3,LGP (3-4),,,0.2448900000585867,-1.4743860291315294,-1.7192760291901161
clr_hr_24_mg_l_no3,LGP (BA 1-3),,,-2.033170363400724,-1.4743860291315294,0.5587843342691945
clr_hr_24_mg_l_no3,CR-0819,,,-0.4162161536425723,-1.4113223635733816,-0.9951062099308092
clr_hr_24_mg_l_no3,CR-0821,,,-0.234889253822558,-1.4113223635733816,-1.1764331097508236
clr_hr_24_mg_l_no3,CR-0826,,,-0.6070411040604147,-1.4113223635733816,-0.8042812595129669
clr_hr_24_mg_l_no3,CR-0828,,,-0.4723347298912426,-1.4113223635733816,-0.938987633682139
clr_hr_24_mg_l_no3,CR-0833,,,-3.8545241574233335,-1.4113223635733816,2.443201793849952
clr_hr_24_mg_l_no3,CS-CR2,,,-1.34337253826317,-1.2411886788918913,0.10218385937127872
clr_hr_24_mg_l_no3,CS-CR5,,,-1.323299051983331,-1.2411886788918913,0.08211037309143965
clr_hr_24_mg_l_no3,CS-CR7,,,-1.6134177248730572,-1.2109221851300043,0.40249553974305297
clr_hr_24_mg_l_no3,CS-CR9,,,-3.4568240150352745,-1.2109221851300043,2.24590182990527
clr_hr_24_mg_l_no3,DS1(1-2),,,-1.0091911435364675,-1.1244532571065746,-0.11526211357010707
clr_hr_24_mg_l_no3,DS2(1-2),,,-1.0478239388454913,-1.6983588576435298,-0.6505349187980385
clr_hr_24_mg_l_no3,DA-1,,,-0.8055201182827587,-1.0520224138759824,-0.24650229559322367
clr_hr_24_mg_l_no3,DA-3,,,0.7729969369541272,-1.0520224138759824,-1.8250193508301096
clr_hr_24_mg_l_no3,DA-4,,,1.7778048583327557,-1.0520224138759824,-2.829827272208738
clr_hr_24_mg_l_no3,DA-5,,,2.0533191004494173,-1.0520224138759824,-3.1053415143253997
clr_hr_24_mg_l_no3,DA-6,,,2.5459911003187803,-1.0520224138759824,-3.5980135141947627
clr_hr_24_mg_l_no3,GE-A1-3,,,-1.2507657623150945,-1.631212660857366,-0.38044689854227154
clr_hr_24_mg_l_no3,GE-A2-2,,,-1.2507657623150945,-1.631212660857366,-0.38044689854227154
clr_hr_24_mg_l_no3,GE-B1-3,,,-1.2507657623150945,-1.631212660857366,-0.38044689854227154
clr_hr_24_mg_l_no3,GE-C2-3,,,-1.2507657623150945,-1.5973796115691603,-0.3466138492540658
clr_hr_24_mg_l_no3,GE-C3-2,,,-1.2507657623150945,-1.59737961156916,-0.3466138492540656
clr_hr_24_mg_l_no3,HS-1,,,-1.2507657623150945,-1.4419012414967827,-0.19113547918168816
clr_hr_24_mg_l_no3,HS-2,,,-1.2507657623150945,-1.4119219429258076,-0.16115618061071313
clr_hr_24_mg_l_no3,HS-3,,,-1.2507657623150945,-1.4147866350860734,-0.16402087277097888
clr_hr_24_mg_l_no3,HS-4,,,-1.2507657623150945,-1.4419012414967827,-0.19113547918168816
clr_hr_24_mg_l_no3,HS-7,,,-1.2507657623150945,-1.4119219429258076,-0.16115618061071313
clr_hr_24_mg_l_no3,HC-BA1,,,-2.716026493796344,-1.0279835810121445,1.6880429127841996
clr_hr_24_mg_l_no3,HC-BA2,,,-1.92439037710164,-1.0279835810121445,0.8964067960894955
clr_hr_24_mg_l_no3,HC-Z5-1,,,-2.589807226052887,-1.3177778413700814,1.2720293846828057
clr_hr_24_mg_l_no3,HC-ZS2,,,-0.8082049443450023,-1.1612660376464412,-0.35306109330143887
clr_hr_24_mg_l_no3,HVY-4A,,,-1.2507657623150945,-1.4887561506091829,-0.23799038829408836
clr_hr_24_mg_l_no3,HVY-5A,,,-1.8503517337345905,-1.4887561506091829,0.3615955831254076
clr_hr_24_mg_l_no3,HVY-9054A,,,-1.2507657623150945,-1.4476987417053013,-0.19693297939020682
clr_hr_24_mg_l_no3,HVY-9062A,,,-2.0096906645572625,-1.4817811336698132,0.5279095308874493
clr_hr_24_mg_l_no3,HVY-9130A,,,-2.880885432404482,-1.4476987417053013,1.4331866906991808
clr_hr_24_mg_l_no3,HD-10,,,-1.2507657623150945,-0.45038634295037355,0.8003794193647209
clr_hr_24_mg_l_no3,HD-14,,,-1.2507657623150945,-0.45038634295037355,0.8003794193647209
clr_hr_24_mg_l_no3,HD-6,,,-1.2507657623150945,-0.3879356537756662,0.8628301085394283
clr_hr_24_mg_l_no3,HG-3,,,-1.2507657623150945,-0.34458063112296167,0.9061851311921328
clr_hr_24_mg_l_no3,HG-54,,,-2.022749695603865,-0.4117871462859351,1.6109625493179298
clr_hr_24_mg_l_no3,HG-6,,,-1.2507657623150945,-1.591582183146429,-0.34081642083133445
clr_hr_24_mg_l_no3,HG-8,,,-1.2507657623150945,-1.4962926185905427,-0.24552685627544824
clr_hr_24_mg_l_no3,HG-9,,,-1.2507657623150945,-0.6145284467135375,0.636237315601557
clr_hr_24_mg_l_no3,HM-2,,,-1.2507657623150945,-1.176733903441581,0.0740318588735136
clr_hr_24_mg_l_no3,HM-3,,,-1.2507657623150945,-1.176733903441581,0.0740318588735136
clr_hr_24_mg_l_no3,HM-5,,,-1.2507657623150945,-1.20878602613127,0.041979736183824556
clr_hr_24_mg_l_no3,HM-6,,,-1.2507657623150945,-1.2081960489544614,0.04256971336063309
clr_hr_24_mg_l_no3,LI-10,,,1.004430313728055,-1.2828997541665552,-2.2873300678946102
clr_hr_24_mg_l_no3,LI-11,,,-1.2507657623150945,-1.4094073408837857,-0.1586415785686912
clr_hr_24_mg_l_no3,LI-12,,,-1.2507657623150945,-1.4094073408837857,-0.1586415785686912
clr_hr_24_mg_l_no3,LI-13,,,-1.2507657623150945,-1.4094073408837857,-0.1586415785686912
clr_hr_24_mg_l_no3,LI-14,,,-1.2507657623150945,-1.4094073408837857,-0.1586415785686912
clr_hr_24_mg_l_no3,LI-15,,,-1.2507657623150945,-1.4094073408837857,-0.1586415785686912
clr_hr_24_mg_l_no3,LI-4,,,-1.8560180580328576,-1.2828997541665552,0.5731183038663024
clr_hr_24_mg_l_no3,LI-5,,,-1.2507657623150945,-1.2828997541665552,-0.03213399185146071
clr_hr_24_mg_l_no3,LI-6,,,-1.7975353410997648,-1.2828997541665552,0.5146355869332095
clr_hr_24_mg_l_no3,LI-9,,,-1.2507657623150945,-1.2828997541665552,-0.03213399185146071
clr_hr_24_mg_l_no3,LGP-BA LV8,,,-1.927426748079208,-1.5343624392094959,0.3930643088697121
clr_hr_24_mg_l_no3,LV-14,,,-1.2507657623150945,-1.5343624392094957,-0.28359667689440116
clr_hr_24_mg_l_no3,LV-18,,,-1.8294613702181417,-1.5343624392094957,0.29509893100864604
clr_hr_24_mg_l_no3,MD-BJA1,,,0.7971644382570235,-0.7537510552444435,-1.550915493501467
clr_hr_24_mg_l_no3,MD-UN11,,,0.4794742774150737,-0.8923630284553109,-1.3718373058703845
clr_hr_24_mg_l_no3,MD-UN6,,,0.5066019186137556,-0.7537510552444435,-1.260352973858199
clr_hr_24_mg_l_no3,ME-A1-1,,,-1.9025388569319663,-1.5590820268217336,0.34345683011023276
clr_hr_24_mg_l_no3,ME-A2-3,,,-2.0416053484108665,-1.5590820268217336,0.4825233215891329
clr_hr_24_mg_l_no3,ME-B1-2,,,-1.2507657623150945,-1.5590820268217336,-0.30831626450663907
clr_hr_24_mg_l_no3,ME-c2-3,,,-1.2507657623150945,-1.5590820268217338,-0.3083162645066393
clr_hr_24_mg_l_no3,ME-C3-1,,,-1.2507657623150945,-1.5590820268217338,-0.3083162645066393
clr_hr_24_mg_l_no3,HK-1,,,-1.8420680743952365,-1.338076002909543,0.5039920714856934
clr_hr_24_mg_l_no3,HK-2,,,-2.735968221979743,-1.338076002909543,1.3978922190702001
clr_hr_24_mg_l_no3,HK-3,,,-1.2507657623150945,-1.338076002909543,-0.08731024059444858
clr_hr_24_mg_l_no3,HK-4,,,-1.2507657623150945,-1.3380760029095429,-0.08731024059444836
clr_hr_24_mg_l_no3,HK-5,,,-1.2507657623150945,-1.338076002909543,-0.08731024059444858
clr_hr_24_mg_l_no3,MK-A6,,,-1.2507657623150945,-1.3683424966714302,-0.11757673435633564
clr_hr_24_mg_l_no3,MK-KYBjA6,,,-1.2507657623150945,-1.3380760029095429,-0.08731024059444836
clr_hr_24_mg_l_no3,MK-UN8,,,-1.2507657623150945,-1.3683424966714302,-0.11757673435633564
clr_hr_24_mg_l_no3,MFP-A1,,,-1.2507657623150945,-0.5186201437633241,0.7321456185517704
clr_hr_24_mg_l_no3,MFP-A2,,,-1.2507657623150945,-0.5186201437633241,0.7321456185517704
clr_hr_24_mg_l_no3,MFP-AAA,,,-1.2507657623150945,-0.5921685785770074,0.6585971837380871
clr_hr_24_mg_l_no3,MFP-d,,,1.571263280649044,-0.5186201437633241,-2.0898834244123683
clr_hr_24_mg_l_no3,MS-11,,,-1.2507657623150945,-0.377350144184854,0.8734156181302405
clr_hr_24_mg_l_no3,MS-12,,,-1.8300807027192492,-0.377350144184854,1.452730558534395
clr_hr_24_mg_l_no3,MS-5,,,-1.2507657623150945,-0.377350144184854,0.8734156181302405
clr_hr_24_mg_l_no3,MS-7,,,-1.2507657623150945,-0.377350144184854,0.8734156181302405
clr_hr_24_mg_l_no3,ON-10,,,-1.9324136016053348,-1.164923120131271,0.7674904814740637
clr_hr_24_mg_l_no3,OR-4,,,-1.1266334174164,-1.2039203323523635,-0.0772869149359634
clr_hr_24_mg_l_no3,OR-8,,,-1.2507657623150945,-1.1507425932203235,0.10002316909477105
clr_hr_24_mg_l_no3,AV1-1,,,2.592006376747674,-1.702756655371416,-4.29476303211909
clr_hr_24_mg_l_no3,AV1-8,,,2.240506361734815,-1.6149640118708075,-3.8554703736056224
clr_hr_24_mg_l_no3,AV2-1,,,-2.9684466493064816,-1.6149640118708077,1.3534826374356739
clr_hr_24_mg_l_no3,AV3-1,,,1.3057087961616485,-1.632527129900708,-2.9382359260623563
clr_hr_24_mg_l_no3,AV3-7,,,-2.5749482921094415,-1.6149640118708075,0.959984280238634
clr_hr_24_mg_l_no3,BP1-1,,,1.2306976963068397,-1.6149640118708075,-2.845661708177647
clr_hr_24_mg_l_no3,BP1-8,,,-2.8541816069641293,-1.6149640118708077,1.2392175950933215
clr_hr_24_mg_l_no3,BP2-1,,,-1.007181924851427,-1.6149640118708075,-0.6077820870193804
clr_hr_24_mg_l_no3,BP3-1,,,-0.1052219876148692,-1.6149640118708075,-1.5097420242559383
clr_hr_24_mg_l_no3,BP3-8,,,-2.161379131715854,-1.6149640118708077,0.5464151198450462
clr_hr_24_mg_l_no3,HV1-8,,,-1.7938106432851366,-1.6448976965901345,0.1489129466950021
clr_hr_24_mg_l_no3,HV2-5,,,-3.0732454471980573,-1.5935054459240292,1.479740001274028
clr_hr_24_mg_l_no3,HV3-1,,,-1.014049546070968,-1.702756655371416,-0.688707109300448
clr_hr_24_mg_l_no3,HV3-9,,,-1.2507657623150945,-1.5770397285733826,-0.3262739662582881
clr_hr_24_mg_l_no3,KR-1,,,-1.2507657623150945,-1.815349504800969,-0.5645837424858744
clr_hr_24_mg_l_no3,KR-2,,,0.1767221371041634,-1.863263425124461,-2.0399855622286243
clr_hr_24_mg_l_no3,KR-4,,,-2.233296739462305,-1.7657032200129783,0.4675935194493266
clr_hr_24_mg_l_no3,MF1-1,,,-0.0017519788209479,-1.3839040050362799,-1.382152026215332
clr_hr_24_mg_l_no3,MF1-6,,,-1.8479021498551929,-1.3931901975667724,0.45471195228842043
clr_hr_24_mg_l_no3,MF2-1,,,-1.86802655666277,-1.3931901975667724,0.47483635909599764
clr_hr_24_mg_l_no3,MF3-1,,,-1.8663019335553264,-1.3931901975667724,0.47311173598855394
clr_hr_24_mg_l_no3,MFX-2,,,-1.81646503315071,-1.3931901975667724,0.4232748355839375
clr_hr_24_mg_l_no3,MSP1-1,,,-1.856095637552837,-0.7626697945155834,1.0934258430372537
clr_hr_24_mg_l_no3,MSP1-4,,,-1.2507657623150945,-0.5820529463828256,0.668712815932269
clr_hr_24_mg_l_no3,MSP2-1,,,-1.2507657623150945,-0.7632691630993829,0.48749659921571165
clr_hr_24_mg_l_no3,MSP3-1,,,-1.2507657623150945,-0.7678995018967865,0.48286626041830805
clr_hr_24_mg_l_no3,MSP3-4,,,1.2793859720295195,-0.4518650266274135,-1.731250998656933
clr_hr_24_mg_l_no3,MW2-1,,,-1.2507657623150945,-1.4225032017007184,-0.1717374393856239
clr_hr_24_mg_l_no3,NP1-1,,,-1.2507657623150945,-1.4231694961377472,-0.17240373382265273
clr_hr_24_mg_l_no3,NP2-1,,,-1.2507657623150945,-1.4166255165735506,-0.16585975425845612
clr_hr_24_mg_l_no3,NP3-1,,,-1.2507657623150945,-1.3873125124396046,-0.13654675012451012
clr_hr_24_mg_l_no3,NP3-4,,,-1.2507657623150945,-1.384570299473309,-0.1338045371582144
clr_hr_24_mg_l_no3,NP4-5,,,-1.2507657623150945,-1.567803921874209,-0.3170381595591145
clr_hr_24_mg_l_no3,RM1-1,,,-1.2507657623150945,-1.3760079013597495,-0.12524213904465498
clr_hr_24_mg_l_no3,RM1-8,,,-1.2507657623150945,-1.3969196016269345,-0.14615383931184
clr_hr_24_mg_l_no3,RM2-1,,,-1.2507657623150945,-1.3760079013597495,-0.12524213904465498
clr_hr_24_mg_l_no3,RM3-1,,,-1.2507657623150945,-1.3760079013597495,-0.12524213904465498
clr_hr_24_mg_l_no3,RM3-8,,,-1.2507657623150945,-1.3969196016269345,-0.14615383931184
clr_hr_24_mg_l_no3,SH1-1,,,-1.2507657623150945,-1.6809099936320184,-0.4301442313169239
clr_hr_24_mg_l_no3,SH1-6,,,-1.2507657623150945,-1.499349591986667,-0.24858382967157255
clr_hr_24_mg_l_no3,SH2-1,,,-1.2507657623150945,-1.6809099936320184,-0.4301442313169239
clr_hr_24_mg_l_no3,SH3-2,,,-1.2507657623150945,-1.6809099936320184,-0.4301442313169239
clr_hr_24_mg_l_no3,SH3-8,,,-1.2507657623150945,-1.499349591986667,-0.24858382967157255
clr_hr_24_mg_l_no3,TGV1-1,,,-0.5173606430880833,-1.4135144052895896,-0.8961537622015063
clr_hr_24_mg_l_no3,TGV1-8,,,-1.8245272783111592,-1.6611251347742513,0.16340214353690796
clr_hr_24_mg_l_no3,TGV2-1,,,-1.835570047515093,-1.627042742809739,0.20852730470535397
clr_hr_24_mg_l_no3,TGV3-1,,,-0.3851269412791711,-0.703155844653654,-0.3180289033744829
clr_hr_24_mg_l_no3,TGV3-9,,,1.6178251938404435,-1.6100944852409314,-3.227919679081375
clr_hr_24_mg_l_no3,TN1-1,,,0.5481134378801653,-1.5417009752967454,-2.089814413176911
clr_hr_24_mg_l_no3,TN1-8,,,-2.4043166601561676,-1.4939236249443029,0.9103930352118648
clr_hr_24_mg_l_no3,TN2-1,,,-1.8403261102743824,-1.5480119386839184,0.292314171590464
clr_hr_24_mg_l_no3,TN3-1,,,-0.0375537607384108,-1.5167815839322052,-1.4792278231937943
clr_hr_24_mg_l_no3,TN3-5,,,-1.861130110356101,-1.3264024068745268,0.5347277034815743
clr_hr_24_mg_l_no3,CB-CMBjA1,,,-1.9674695500063164,-1.1851705739307947,0.7822989760755217
clr_hr_24_mg_l_no3,CB-iH5,,,-1.2507657623150945,-1.3424895400286796,-0.09172377771358509
clr_hr_24_mg_l_no3,VV-0,,,-1.2507657623150945,-1.2387326813134298,0.01203308100166467
clr_hr_24_mg_l_no3,VV-d,,,-2.00774909077727,-1.2387326813134298,0.7690164094638403
clr_hr_24_mg_l_no3,VV-J,,,-2.0268474606468554,-1.2387326813134298,0.7881147793334256
clr_hr_24_mg_l_no3,VV-L,,,-1.99147996288648,-1.2387326813134298,0.7527472815730503
clr_hr_24_mg_l_no3,WV-BA 1,,,-1.2507657623150945,-1.1019055177360322,0.14886024457906233
clr_hr_24_mg_l_no3,WV-UNN 1,,,-1.9526923950824764,-1.3440029954626547,0.6086893996198217
clr_hr_24_mg_l_no3,WV-UNN 3,,,-1.9644919386186463,-1.3440029954626547,0.6204889431559917
clr_hr_24_mg_l_no3,WV-UNN-2,,,-2.5937348488762577,-1.3440029954626547,1.249731853413603
clr_hr_24_mg_l_no3,WV-ZS 2,,,-2.765044013548633,-1.0098075990810353,1.7552364144675976
clr_hr_24_mg_l_po4,BS-607,,,-1.2507657623150945,-2.6084895586531087,-1.3577237963380142
clr_hr_24_mg_l_po4,BS-610,,,-2.6553562717292474,-2.5828384192531315,0.07251785247611586
clr_hr_24_mg_l_po4,BS-618,,,-1.797379355130594,-2.615115090121438,-0.8177357349908441
clr_hr_24_mg_l_po4,BPS-1,,,-1.2507657623150945,-2.356482926672183,-1.1057171643570887
clr_hr_24_mg_l_po4,BPS-18,,,-4.0326550040021,-2.5026646623638342,1.5299903416382659
clr_hr_24_mg_l_po4,BPS-22,,,-4.4559308321058655,-2.478140209954822,1.9777906221510433
clr_hr_24_mg_l_po4,BPS-25,,,-3.037758680652323,-2.2221815804745284,0.8155771001777947
clr_hr_24_mg_l_po4,BPS-5,,,-2.009251428263594,-2.2211529862241117,-0.2119015579605179
clr_hr_24_mg_l_po4,CK-20B,,,-1.837025844994015,-1.5260567665069291,0.31096907848708577
clr_hr_24_mg_l_po4,CK1-100B,,,-1.2507657623150945,-1.5113485066122043,-0.2605827442971098
clr_hr_24_mg_l_po4,CK2-100A,,,-1.905195993060507,-1.5113467730220973,0.3938492200384096
clr_hr_24_mg_l_po4,CK2-100B,,,-1.2507657623150945,-1.5164407914198381,-0.2656750291047436
clr_hr_24_mg_l_po4,CM-2 1,,,-3.797713381307021,-2.5238469280097897,1.2738664532972312
clr_hr_24_mg_l_po4,CM-4,,,-3.2224613813402527,-2.534283177037615,0.6881782043026377
clr_hr_24_mg_l_po4,CM-PA 3-10,,,-3.732585598826776,-2.531670131211622,1.2009154676151539
clr_hr_24_mg_l_po4,CM-PA 30,,,-1.842869665874744,-2.534283177037615,-0.691413511162871
clr_hr_24_mg_l_po4,CM2 (OM),,,-3.1710070890359683,-2.522134768991388,0.6488723200445801
clr_hr_24_mg_l_po4,LC1-5,,,-1.2507657623150945,-0.1378160426417496,1.1129497196733449
clr_hr_24_mg_l_po4,LGP (3-4),,,-3.554635974142413,-0.10847008247073932,3.446165891671674
clr_hr_24_mg_l_po4,LGP (BA 1-3),,,-2.033170363400724,-0.13795932320622328,1.8952110401945006
clr_hr_24_mg_l_po4,CR-0819,,,0.9452831991398334,0.3746925596878133,-0.5705906394520202
clr_hr_24_mg_l_po4,CR-0821,,,1.792193937318789,0.3746925596878133,-1.4175013776309757
clr_hr_24_mg_l_po4,CR-0826,,,1.6506860241022585,0.3746925596878133,-1.2759934644144453
clr_hr_24_mg_l_po4,CR-0828,,,1.4923089370411473,0.3746925596878133,-1.117616377353334
clr_hr_24_mg_l_po4,CR-0833,,,0.4282344755918794,0.3746925596878133,-0.053541915904066095
clr_hr_24_mg_l_po4,CS-CR2,,,0.7748253739403581,0.04293481191968698,-0.7318905620206712
clr_hr_24_mg_l_po4,CS-CR5,,,1.7397145085827526,0.6256092983495262,-1.1141052102332263
clr_hr_24_mg_l_po4,CS-CR7,,,2.137153319770061,0.5633023920543543,-1.573850927715707
clr_hr_24_mg_l_po4,CS-CR9,,,0.3941742885550967,0.5634914440222729,0.16931715546717624
clr_hr_24_mg_l_po4,DS1(1-2),,,-4.973427020411548,-2.5876343487769584,2.3857926716345896
clr_hr_24_mg_l_po4,DS2(1-2),,,-4.693795891948151,-2.668839404592504,2.0249564873556465
clr_hr_24_mg_l_po4,DA-1,,,-3.8346871679229872,-1.4290362431248587,2.4056509247981284
clr_hr_24_mg_l_po4,DA-3,,,-3.5498103380597836,-1.4290362431248587,2.1207740949349247
clr_hr_24_mg_l_po4,DA-4,,,-3.923574731707135,-1.4290362431248587,2.4945384885822763
clr_hr_24_mg_l_po4,DA-5,,,-4.007951320902527,-1.4290362431248587,2.578915077777668
clr_hr_24_mg_l_po4,DA-6,,,-3.1136304785516504,-1.4290362431248587,1.6845942354267918
clr_hr_24_mg_l_po4,GE-A1-3,,,-1.2507657623150945,-1.6446585313535982,-0.3938927690385037
clr_hr_24_mg_l_po4,GE-A2-2,,,-1.2507657623150945,-1.6446337189242077,-0.3938679566091132
clr_hr_24_mg_l_po4,GE-B1-3,,,-1.2507657623150945,-1.6431714641049784,-0.3924057017898839
clr_hr_24_mg_l_po4,GE-C2-3,,,-1.2507657623150945,-1.538320499440103,-0.28755473712500845
clr_hr_24_mg_l_po4,GE-C3-2,,,-1.2507657623150945,-1.5495884433949945,-0.29882268107989995
clr_hr_24_mg_l_po4,HS-1,,,-1.2507657623150945,-1.043222391662684,0.20754337065241057
clr_hr_24_mg_l_po4,HS-2,,,-1.2507657623150945,-1.0728937022820784,0.17787206003301614
clr_hr_24_mg_l_po4,HS-3,,,-1.2507657623150945,-1.1995036090342401,0.05126215328085437
clr_hr_24_mg_l_po4,HS-4,,,-1.2507657623150945,-1.0718579940120803,0.17890776830301425
clr_hr_24_mg_l_po4,HS-7,,,-1.2507657623150945,-1.2451390867804333,0.00562667553466123
clr_hr_24_mg_l_po4,HC-BA1,,,-2.716026493796344,-2.914100014680293,-0.1980735208839488
clr_hr_24_mg_l_po4,HC-BA2,,,-1.92439037710164,-2.9162800724829387,-0.9918896953812988
clr_hr_24_mg_l_po4,HC-Z5-1,,,-2.589807226052887,-2.887700690699037,-0.29789346464614974
clr_hr_24_mg_l_po4,HC-ZS2,,,-3.7857732472713224,-2.9598620817513033,0.8259111655200191
clr_hr_24_mg_l_po4,HVY-4A,,,-1.2507657623150945,-1.2935795839817983,-0.04281382166670378
clr_hr_24_mg_l_po4,HVY-5A,,,-1.8503517337345905,-1.2935795839817983,0.5567721497527922
clr_hr_24_mg_l_po4,HVY-9054A,,,-1.2507657623150945,-1.4574755090749496,-0.2067097467598551
clr_hr_24_mg_l_po4,HVY-9062A,,,-2.0096906645572625,-1.4290641323363267,0.5806265322209359
clr_hr_24_mg_l_po4,HVY-9130A,,,-2.880885432404482,-1.4689038370484364,1.4119815953560457
clr_hr_24_mg_l_po4,HD-10,,,-1.2507657623150945,-1.9401621716663104,-0.6893964093512159
clr_hr_24_mg_l_po4,HD-14,,,-1.2507657623150945,-1.9565115876894694,-0.7057458253743749
clr_hr_24_mg_l_po4,HD-6,,,-1.2507657623150945,-2.00762395876977,-0.7568581964546754
clr_hr_24_mg_l_po4,HG-3,,,-1.2507657623150945,-1.9270010427256736,-0.6762352804105791
clr_hr_24_mg_l_po4,HG-54,,,-2.022749695603865,-1.798210455561655,0.22453924004220993
clr_hr_24_mg_l_po4,HG-6,,,-1.2507657623150945,-1.4634739383535695,-0.21270817603847503
clr_hr_24_mg_l_po4,HG-8,,,-1.2507657623150945,-1.2433469434413036,0.007418818873790922
clr_hr_24_mg_l_po4,HG-9,,,-1.2507657623150945,-1.7962055751819357,-0.5454398128668412
clr_hr_24_mg_l_po4,HM-2,,,-1.2507657623150945,-2.1605541956818435,-0.909788433366749
clr_hr_24_mg_l_po4,HM-3,,,-1.2507657623150945,-2.1605613339376504,-0.9097955716225559
clr_hr_24_mg_l_po4,HM-5,,,-1.2507657623150945,-2.1885183019267425,-0.937752539611648
clr_hr_24_mg_l_po4,HM-6,,,-1.2507657623150945,-2.187722155787444,-0.9369563934723493
clr_hr_24_mg_l_po4,LI-10,,,-1.814564781325882,-0.4435970173923339,1.3709677639335482
clr_hr_24_mg_l_po4,LI-11,,,-1.2507657623150945,-0.37423970693369213,0.8765260553814024
clr_hr_24_mg_l_po4,LI-12,,,-1.2507657623150945,-0.37423970693369213,0.8765260553814024
clr_hr_24_mg_l_po4,LI-13,,,-1.2507657623150945,-0.37423970693369213,0.8765260553814024
clr_hr_24_mg_l_po4,LI-14,,,-1.2507657623150945,-0.37423970693369213,0.8765260553814024
clr_hr_24_mg_l_po4,LI-15,,,-1.2507657623150945,-0.37423970693369213,0.8765260553814024
clr_hr_24_mg_l_po4,LI-4,,,-1.8560180580328576,-0.45372784835890445,1.4022902096739531
clr_hr_24_mg_l_po4,LI-5,,,-1.2507657623150945,-0.45372784835890445,0.7970379139561901
clr_hr_24_mg_l_po4,LI-6,,,-1.7975353410997648,-0.45372784835890445,1.3438074927408603
clr_hr_24_mg_l_po4,LI-9,,,-1.2507657623150945,-0.4435970173923339,0.8071687449227606
clr_hr_24_mg_l_po4,LGP-BA LV8,,,-1.927426748079208,-1.5545511216400791,0.37287562643912886
clr_hr_24_mg_l_po4,LV-14,,,-1.2507657623150945,-1.5589213217333069,-0.3081555594182124
clr_hr_24_mg_l_po4,LV-18,,,-1.8294613702181417,-1.5589213217333069,0.2705400484848348
clr_hr_24_mg_l_po4,MD-BJA1,,,-5.056301610693668,-2.2468163828786563,2.8094852278150113
clr_hr_24_mg_l_po4,MD-UN11,,,-5.212235616006859,-2.3282386089966907,2.883997007010168
clr_hr_24_mg_l_po4,MD-UN6,,,-5.160654874692995,-2.244984282268077,2.9156705924249184
clr_hr_24_mg_l_po4,ME-A1-1,,,-1.9025388569319663,-1.522922482705355,0.37961637422661143
clr_hr_24_mg_l_po4,ME-A2-3,,,-2.0416053484108665,-1.522922482705355,0.5186828657055116
clr_hr_24_mg_l_po4,ME-B1-2,,,-1.2507657623150945,-1.5223328967027523,-0.2715671343876578
clr_hr_24_mg_l_po4,ME-c2-3,,,-1.2507657623150945,-1.4827440138680912,-0.23197825155299667
clr_hr_24_mg_l_po4,ME-C3-1,,,-1.2507657623150945,-1.4827440138680912,-0.23197825155299667
clr_hr_24_mg_l_po4,HK-1,,,-1.8420680743952365,-1.3139173648953728,0.5281507094998636
clr_hr_24_mg_l_po4,HK-2,,,1.8212714302507984,-1.3139276025414344,-3.135199032792233
clr_hr_24_mg_l_po4,HK-3,,,-1.2507657623150945,-1.313709887032629,-0.06294412471753441
clr_hr_24_mg_l_po4,HK-4,,,-1.2507657623150945,-1.313789968552349,-0.06302420623725458
clr_hr_24_mg_l_po4,HK-5,,,-1.2507657623150945,-1.3176752538674112,-0.06690949155231674
clr_hr_24_mg_l_po4,MK-A6,,,-1.2507657623150945,-1.3444446459581394,-0.09367888364304489
clr_hr_24_mg_l_po4,MK-KYBjA6,,,-1.2507657623150945,-1.3015862301534735,-0.05082046783837901
clr_hr_24_mg_l_po4,MK-UN8,,,-1.2507657623150945,-1.3444446459581394,-0.09367888364304489
clr_hr_24_mg_l_po4,MFP-A1,,,-1.2507657623150945,-2.5345527371270835,-1.283786974811989
clr_hr_24_mg_l_po4,MFP-A2,,,-1.2507657623150945,-2.5345527371270835,-1.283786974811989
clr_hr_24_mg_l_po4,MFP-AAA,,,-1.2507657623150945,-2.3206295163119033,-1.0698637539968088
clr_hr_24_mg_l_po4,MFP-d,,,-1.9562730230561296,-2.536310489715424,-0.5800374666592945
clr_hr_24_mg_l_po4,MS-11,,,-1.2507657623150945,-2.202180146965055,-0.9514143846499605
clr_hr_24_mg_l_po4,MS-12,,,-1.8300807027192492,-2.202180146965055,-0.3720994442458059
clr_hr_24_mg_l_po4,MS-5,,,-1.2507657623150945,-2.202180146965055,-0.9514143846499605
clr_hr_24_mg_l_po4,MS-7,,,-1.2507657623150945,-2.202180146965055,-0.9514143846499605
clr_hr_24_mg_l_po4,ON-10,,,-1.9324136016053348,-1.9652329912343611,-0.03281938962902631
clr_hr_24_mg_l_po4,OR-4,,,-4.362956155888321,-2.2407112604102357,2.1222448954780857
clr_hr_24_mg_l_po4,OR-8,,,-1.2507657623150945,-2.1554801995173047,-0.9047144372022102
clr_hr_24_mg_l_po4,AV1-1,,,-3.926078400024939,-2.443035076517828,1.4830433235071108
clr_hr_24_mg_l_po4,AV1-8,,,-2.8149748201532763,-2.4938767111378564,0.3210981090154199
clr_hr_24_mg_l_po4,AV2-1,,,-2.9684466493064816,-2.488399200706901,0.4800474485995805
clr_hr_24_mg_l_po4,AV3-1,,,-3.619223355741636,-2.4508014449830045,1.1684219107586316
clr_hr_24_mg_l_po4,AV3-7,,,-2.5749482921094415,-2.553921754992202,0.021026537117239563
clr_hr_24_mg_l_po4,BP1-1,,,-3.7282231621027377,-2.4988097526633175,1.2294134094394202
clr_hr_24_mg_l_po4,BP1-8,,,-2.8541816069641293,-2.587127102040528,0.26705450492360105
clr_hr_24_mg_l_po4,BP2-1,,,-4.109074394233809,-2.507828576525823,1.6012458177079858
clr_hr_24_mg_l_po4,BP3-1,,,-5.105402823807266,-2.499429722137605,2.605973101669661
clr_hr_24_mg_l_po4,BP3-8,,,-2.161379131715854,-2.5543795660422406,-0.39300043432638665
clr_hr_24_mg_l_po4,HV1-8,,,-1.7938106432851366,-2.5380126904978253,-0.7442020472126887
clr_hr_24_mg_l_po4,HV2-5,,,-3.0732454471980573,-2.6573120854290013,0.41593336176905593
clr_hr_24_mg_l_po4,HV3-1,,,-4.845296241471826,-2.5317135326568976,2.3135827088149283
clr_hr_24_mg_l_po4,HV3-9,,,-1.2507657623150945,-2.6351229290179607,-1.3843571667028662
clr_hr_24_mg_l_po4,KR-1,,,-1.2507657623150945,-2.1757819628489274,-0.9250162005338329
clr_hr_24_mg_l_po4,KR-2,,,-5.302248729137131,-2.0682473042731964,3.2340014248639344
clr_hr_24_mg_l_po4,KR-4,,,-2.233296739462305,-1.9061099240736754,0.3271868153886295
clr_hr_24_mg_l_po4,MF1-1,,,-2.9793202817472677,-1.1528016711478415,1.8265186105994262
clr_hr_24_mg_l_po4,MF1-6,,,-1.8479021498551929,-1.1303855365773123,0.7175166132778805
clr_hr_24_mg_l_po4,MF2-1,,,-1.86802655666277,-1.1352344919704132,0.7327920646923569
clr_hr_24_mg_l_po4,MF3-1,,,-1.8663019335553264,-1.1330404789754607,0.7332614545798657
clr_hr_24_mg_l_po4,MFX-2,,,1.0120313210273673,-1.152282516006815,-2.1643138370341823
clr_hr_24_mg_l_po4,MSP1-1,,,-1.856095637552837,-1.7481833343653843,0.10791230318745271
clr_hr_24_mg_l_po4,MSP1-4,,,-1.2507657623150945,-1.6318377834288866,-0.3810720211137921
clr_hr_24_mg_l_po4,MSP2-1,,,-1.2507657623150945,-1.7452217184913135,-0.49445595617621896
clr_hr_24_mg_l_po4,MSP3-1,,,-1.2507657623150945,-1.672041179887599,-0.4212754175725044
clr_hr_24_mg_l_po4,MSP3-4,,,-2.570761629680539,-1.6155705123412716,0.9551911173392673
clr_hr_24_mg_l_po4,MW2-1,,,-1.2507657623150945,-1.1851929218342894,0.06557284048080514
clr_hr_24_mg_l_po4,NP1-1,,,-1.2507657623150945,-1.136958128755402,0.11380763355969248
clr_hr_24_mg_l_po4,NP2-1,,,-1.2507657623150945,-1.192951916856705,0.05781384545838941
clr_hr_24_mg_l_po4,NP3-1,,,-1.2507657623150945,-1.1398621632178905,0.11090359909720404
clr_hr_24_mg_l_po4,NP3-4,,,-1.2507657623150945,-1.123352541110722,0.1274132212043726
clr_hr_24_mg_l_po4,NP4-5,,,-1.2507657623150945,-1.5204042149892874,-0.26963845267419284
clr_hr_24_mg_l_po4,RM1-1,,,-1.2507657623150945,-2.7985955262360753,-1.5478297639209808
clr_hr_24_mg_l_po4,RM1-8,,,-1.2507657623150945,-2.759984289911948,-1.5092185275968535
clr_hr_24_mg_l_po4,RM2-1,,,-1.2507657623150945,-2.7966163999464695,-1.545850637631375
clr_hr_24_mg_l_po4,RM3-1,,,-1.2507657623150945,-2.7940394584523456,-1.543273696137251
clr_hr_24_mg_l_po4,RM3-8,,,-1.2507657623150945,-2.749548592572662,-1.4987828302575674
clr_hr_24_mg_l_po4,SH1-1,,,-1.2507657623150945,-2.2015147088243,-0.9507489465092056
clr_hr_24_mg_l_po4,SH1-6,,,-1.2507657623150945,-2.2471798680043378,-0.9964141056892433
clr_hr_24_mg_l_po4,SH2-1,,,-1.2507657623150945,-2.202637281259746,-0.9518715189446514
clr_hr_24_mg_l_po4,SH3-2,,,-1.2507657623150945,-2.203956035695562,-0.9531902733804674
clr_hr_24_mg_l_po4,SH3-8,,,-1.2507657623150945,-2.2653420530850807,-1.0145762907699862
clr_hr_24_mg_l_po4,TGV1-1,,,-5.21893132336249,-1.7412550987452402,3.47767622461725
clr_hr_24_mg_l_po4,TGV1-8,,,-1.8245272783111592,-2.6735161984496565,-0.8489889201384972
clr_hr_24_mg_l_po4,TGV2-1,,,-1.835570047515093,-2.5218613515714026,-0.6862913040563097
clr_hr_24_mg_l_po4,TGV3-1,,,-4.113227108546389,-2.2644780386822965,1.8487490698640925
clr_hr_24_mg_l_po4,TGV3-9,,,-1.967913501353979,-2.684124344615297,-0.7162108432613179
clr_hr_24_mg_l_po4,TN1-1,,,-5.222953783581632,-2.566273852417033,2.6566799311645988
clr_hr_24_mg_l_po4,TN1-8,,,-2.4043166601561676,-2.4554716583173244,-0.05115499816115676
clr_hr_24_mg_l_po4,TN2-1,,,-1.8403261102743824,-2.5959911567872878,-0.7556650465129053
clr_hr_24_mg_l_po4,TN3-1,,,-0.7485924459265116,-2.5362493148385132,-1.7876568689120016
clr_hr_24_mg_l_po4,TN3-5,,,-1.861130110356101,-2.0456101022854694,-0.18447999192936826
clr_hr_24_mg_l_po4,CB-CMBjA1,,,-1.9674695500063164,-2.1599871453334742,-0.19251759532715784
clr_hr_24_mg_l_po4,CB-iH5,,,-1.2507657623150945,-2.1631834952667273,-0.9124177329516328
clr_hr_24_mg_l_po4,VV-0,,,-1.2507657623150945,-2.837988009250744,-1.5872222469356494
clr_hr_24_mg_l_po4,VV-d,,,-2.00774909077727,-2.837988009250744,-0.8302389184734738
clr_hr_24_mg_l_po4,VV-J,,,-2.0268474606468554,-2.837988009250744,-0.8111405486038885
clr_hr_24_mg_l_po4,VV-L,,,-1.99147996288648,-2.837988009250744,-0.8465080463642638
clr_hr_24_mg_l_po4,WV-BA 1,,,-1.2507657623150945,-2.6192439352389583,-1.3684781729238638
clr_hr_24_mg_l_po4,WV-UNN 1,,,-1.9526923950824764,-2.5781903861389606,-0.6254979910564842
clr_hr_24_mg_l_po4,WV-UNN 3,,,-1.9644919386186463,-2.5781903861389606,-0.6136984475203142
clr_hr_24_mg_l_po4,WV-UNN-2,,,-2.5937348488762577,-2.5781903861389606,0.015544462737297149
clr_hr_24_mg_l_po4,WV-ZS 2,,,-2.765044013548633,-2.8254829464519,-0.06043893290326707
clr_hr_24_mg_l_so4,BS-607,,,3.354404423672997,2.9958995042548264,-0.3585049194181704
clr_hr_24_mg_l_so4,BS-610,,,1.949813914258844,3.0322157843021924,1.0824018700433484
clr_hr_24_mg_l_so4,BS-618,,,2.807790830857497,3.0039764701408322,0.19618563928333543
clr_hr_24_mg_l_so4,BPS-1,,,3.354404423672997,3.5227393970347443,0.1683349733617474
clr_hr_24_mg_l_so4,BPS-18,,,6.142952151501426,3.002446586520186,-3.1405055649812397
clr_hr_24_mg_l_so4,BPS-22,,,5.7143006110878325,3.08812065330775,-2.6261799577800824
clr_hr_24_mg_l_so4,BPS-25,,,1.5674115053357678,3.0124255061153455,1.4450140007795778
clr_hr_24_mg_l_so4,BPS-5,,,2.5959187577244975,3.0111359484476883,0.41521719072319074
clr_hr_24_mg_l_so4,CK-20B,,,2.768144340994076,3.0791134194811627,0.31096907848708666
clr_hr_24_mg_l_so4,CK1-100B,,,3.354404423672997,3.093821679375887,-0.26058274429711004
clr_hr_24_mg_l_so4,CK2-100A,,,2.699974192927584,3.0938234129659947,0.39384922003841094
clr_hr_24_mg_l_so4,CK2-100B,,,3.354404423672997,3.0887293945682543,-0.2656750291047425
clr_hr_24_mg_l_so4,CM-2 1,,,0.8074568046810708,3.520802230463854,2.713345425782783
clr_hr_24_mg_l_so4,CM-4,,,1.3827088046478386,3.707156842474138,2.3244480378262993
clr_hr_24_mg_l_so4,CM-PA 3-10,,,0.8725845871613149,3.704968573862216,2.832383986700901
clr_hr_24_mg_l_so4,CM-PA 30,,,2.7623005201133473,3.707156842474138,0.9448563223607906
clr_hr_24_mg_l_so4,CM2 (OM),,,1.4341630969521226,3.5208957558029055,2.086732658850783
clr_hr_24_mg_l_so4,LC1-5,,,3.354404423672997,1.4303379627154407,-1.9240664609575562
clr_hr_24_mg_l_so4,LGP (3-4),,,1.0505342118456782,1.3956239605972902,0.345089748751612
clr_hr_24_mg_l_so4,LGP (BA 1-3),,,2.571999822587367,1.4305110596976778,-1.1414887628896893
clr_hr_24_mg_l_so4,CR-0819,,,-0.5955332014162287,0.9857891383364967,1.5813223397527254
clr_hr_24_mg_l_so4,CR-0821,,,-0.6811123544028903,0.9857891383364967,1.666901492739387
clr_hr_24_mg_l_so4,CR-0826,,,-1.2408628185355457,0.9857891383364967,2.2266519568720424
clr_hr_24_mg_l_so4,CR-0828,,,-0.9803564263244992,0.9857891383364967,1.9661455646609958
clr_hr_24_mg_l_so4,CR-0833,,,0.7506460285647578,0.9857891383364967,0.2351431097717389
clr_hr_24_mg_l_so4,CS-CR2,,,-0.147367903586411,1.0237813854845128,1.1711492890709239
clr_hr_24_mg_l_so4,CS-CR5,,,-0.5801209378178207,0.2742529939715384,0.854373931789359
clr_hr_24_mg_l_so4,CS-CR7,,,-0.7740880341350307,0.37579201176586174,1.1498800459008924
clr_hr_24_mg_l_so4,CS-CR9,,,1.1483461709528164,0.3755444174439276,-0.7728017535088889
clr_hr_24_mg_l_so4,DS1(1-2),,,5.0848310198312445,3.292319757189227,-1.7925112626420177
clr_hr_24_mg_l_so4,DS2(1-2),,,5.448480188526762,2.7785697496599533,-2.669910438866809
clr_hr_24_mg_l_so4,DA-1,,,3.520902815533824,3.1761339428632334,-0.34476887267059064
clr_hr_24_mg_l_so4,DA-3,,,1.0553598479283075,3.1761339428632334,2.1207740949349256
clr_hr_24_mg_l_so4,DA-4,,,0.6815954542809561,3.1761339428632334,2.4945384885822772
clr_hr_24_mg_l_so4,DA-5,,,0.5972188650855639,3.1761339428632334,2.5789150777776695
clr_hr_24_mg_l_so4,DA-6,,,1.4915397074364405,3.1761339428632334,1.6845942354267929
clr_hr_24_mg_l_so4,GE-A1-3,,,3.354404423672997,2.9605116546344923,-0.39389276903850456
clr_hr_24_mg_l_so4,GE-A2-2,,,3.354404423672997,2.9605364670638834,-0.39386795660911345
clr_hr_24_mg_l_so4,GE-B1-3,,,3.354404423672997,2.9619987218831123,-0.39240570178988454
clr_hr_24_mg_l_so4,GE-C2-3,,,3.354404423672997,3.0668496865479877,-0.2875547371250091
clr_hr_24_mg_l_so4,GE-C3-2,,,3.354404423672997,3.055581742593098,-0.29882268107989907
clr_hr_24_mg_l_so4,HS-1,,,3.354404423672997,3.1015802093993425,-0.2528242142736543
clr_hr_24_mg_l_so4,HS-2,,,3.354404423672997,3.145352496946624,-0.20905192672637263
clr_hr_24_mg_l_so4,HS-3,,,3.354404423672997,3.2013260880099694,-0.15307833566302742
clr_hr_24_mg_l_so4,HS-4,,,3.354404423672997,3.1073917817323022,-0.2470126419406946
clr_hr_24_mg_l_so4,HS-7,,,3.354404423672997,3.208430138447686,-0.14597428522531075
clr_hr_24_mg_l_so4,HC-BA1,,,1.889143692191747,2.9398510591923213,1.0507073670005742
clr_hr_24_mg_l_so4,HC-BA2,,,2.6807798088864514,2.9407189920929877,0.2599391832065363
clr_hr_24_mg_l_so4,HC-Z5-1,,,2.0153629599352043,3.007491552591782,0.9921285926565777
clr_hr_24_mg_l_so4,HC-ZS2,,,0.819396938716769,2.9527660193547947,2.1333690806380257
clr_hr_24_mg_l_so4,HVY-4A,,,3.354404423672997,3.149400009032144,-0.20500441464085295
clr_hr_24_mg_l_so4,HVY-5A,,,2.754818452253501,3.149400009032144,0.3945815567786428
clr_hr_24_mg_l_so4,HVY-9054A,,,3.354404423672997,3.147694676913143,-0.20670974675985399
clr_hr_24_mg_l_so4,HVY-9062A,,,2.5954795214308284,3.176106053651765,0.5806265322209367
clr_hr_24_mg_l_so4,HVY-9130A,,,1.724284753583609,3.136266348939656,1.4119815953560468
clr_hr_24_mg_l_so4,HD-10,,,3.354404423672997,2.6971387460857272,-0.6572656775872696
clr_hr_24_mg_l_so4,HD-14,,,3.354404423672997,2.6859993241429754,-0.6684050995300215
clr_hr_24_mg_l_so4,HD-6,,,3.354404423672997,2.7265766005323195,-0.6278278231406773
clr_hr_24_mg_l_so4,HG-3,,,3.354404423672997,2.583542781556319,-0.7708616421166781
clr_hr_24_mg_l_so4,HG-54,,,2.5824204903842265,2.8281090137701637,0.24568852338593716
clr_hr_24_mg_l_so4,HG-6,,,3.354404423672997,3.025432992332707,-0.32897143134028983
clr_hr_24_mg_l_so4,HG-8,,,3.354404423672997,3.163007208176457,-0.19139721549653999
clr_hr_24_mg_l_so4,HG-9,,,3.354404423672997,2.815346266706944,-0.5390581569660529
clr_hr_24_mg_l_so4,HM-2,,,3.354404423672997,3.2517623396770925,-0.10264208399590435
clr_hr_24_mg_l_so4,HM-3,,,3.354404423672997,3.2517646977908323,-0.10263972588216452
clr_hr_24_mg_l_so4,HM-5,,,3.354404423672997,3.2223678599865995,-0.13203656368639738
clr_hr_24_mg_l_so4,HM-6,,,3.354404423672997,3.222692124572249,-0.131712299100748
clr_hr_24_mg_l_so4,LI-10,,,2.7906054046622093,1.4570682401789725,-1.3335371644832368
clr_hr_24_mg_l_so4,LI-11,,,3.354404423672997,1.4996450375360602,-1.8547593861369367
clr_hr_24_mg_l_so4,LI-12,,,3.354404423672997,1.4996450375360602,-1.8547593861369367
clr_hr_24_mg_l_so4,LI-13,,,3.354404423672997,1.4996450375360602,-1.8547593861369367
clr_hr_24_mg_l_so4,LI-14,,,3.354404423672997,1.4996450375360602,-1.8547593861369367
clr_hr_24_mg_l_so4,LI-15,,,3.354404423672997,1.4996450375360602,-1.8547593861369367
clr_hr_24_mg_l_so4,LI-4,,,2.749152127955234,1.4591988890331682,-1.2899532389220658
clr_hr_24_mg_l_so4,LI-5,,,3.354404423672997,1.4591988890331682,-1.8952055346398287
clr_hr_24_mg_l_so4,LI-6,,,2.8076348448883266,1.4591988890331682,-1.3484359558551584
clr_hr_24_mg_l_so4,LI-9,,,3.354404423672997,1.4570682401789725,-1.8973361834940243
clr_hr_24_mg_l_so4,LGP-BA LV8,,,2.677743437908883,3.0506190643480133,0.3728756264391304
clr_hr_24_mg_l_so4,LV-14,,,3.354404423672997,3.0462488642547845,-0.3081555594182124
clr_hr_24_mg_l_so4,LV-18,,,2.7757088157699497,3.0462488642547845,0.2705400484848348
clr_hr_24_mg_l_so4,MD-BJA1,,,5.20452466543073,2.5853344658159214,-2.619190199614809
clr_hr_24_mg_l_so4,MD-UN11,,,5.159646772360586,2.8025612090000163,-2.3570855633605694
clr_hr_24_mg_l_so4,MD-UN6,,,5.188197755537172,2.5921639007643495,-2.5960338547728226
clr_hr_24_mg_l_so4,ME-A1-1,,,2.702631329056125,3.0822477032827362,0.37961637422661143
clr_hr_24_mg_l_so4,ME-A2-3,,,2.563564837577225,3.0822477032827362,0.5186828657055114
clr_hr_24_mg_l_so4,ME-B1-2,,,3.354404423672997,3.0828372892853393,-0.27156713438765756
clr_hr_24_mg_l_so4,ME-c2-3,,,3.354404423672997,3.122426172120001,-0.231978251552996
clr_hr_24_mg_l_so4,ME-C3-1,,,3.354404423672997,3.122426172120001,-0.231978251552996
clr_hr_24_mg_l_so4,HK-1,,,2.7631021115928545,3.2821440370187847,0.5190419254259302
clr_hr_24_mg_l_so4,HK-2,,,1.869201964008348,3.2821269113235036,1.4129249473151557
clr_hr_24_mg_l_so4,HK-3,,,3.354404423672997,3.282490027574224,-0.07191439609877293
clr_hr_24_mg_l_so4,HK-4,,,3.354404423672997,3.284095256666501,-0.0703091670064957
clr_hr_24_mg_l_so4,HK-5,,,3.354404423672997,3.27837388549009,-0.07603053818290695
clr_hr_24_mg_l_so4,MK-A6,,,3.354404423672997,3.250090625868031,-0.10431379780496597
clr_hr_24_mg_l_so4,MK-KYBjA6,,,3.354404423672997,3.3029826275825847,-0.0514217960904122
clr_hr_24_mg_l_so4,MK-UN8,,,3.354404423672997,3.250090625868031,-0.10431379780496597
clr_hr_24_mg_l_so4,MFP-A1,,,3.354404423672997,2.5082106328176126,-0.8461937908553843
clr_hr_24_mg_l_so4,MFP-A2,,,3.354404423672997,2.5082106328176126,-0.8461937908553843
clr_hr_24_mg_l_so4,MFP-AAA,,,3.354404423672997,2.4976658690198743,-0.8567385546531225
clr_hr_24_mg_l_so4,MFP-d,,,2.648897162931962,2.5067399847867904,-0.1421571781451716
clr_hr_24_mg_l_so4,MS-11,,,3.354404423672997,2.856001100994664,-0.49840332267833265
clr_hr_24_mg_l_so4,MS-12,,,2.775089483268842,2.856001100994664,0.080911617725822
clr_hr_24_mg_l_so4,MS-5,,,3.354404423672997,2.856001100994664,-0.49840332267833265
clr_hr_24_mg_l_so4,MS-7,,,3.354404423672997,2.856001100994664,-0.49840332267833265
clr_hr_24_mg_l_so4,ON-10,,,2.672756584382756,3.3154514813694895,0.6426948969867334
clr_hr_24_mg_l_so4,OR-4,,,4.65196769325418,3.3842174819632596,-1.2677502112909207
clr_hr_24_mg_l_so4,OR-8,,,3.354404423672997,3.414862146286973,0.060457722613976195
clr_hr_24_mg_l_so4,AV1-1,,,0.679091785963152,2.6708795415859683,1.9917877556228163
clr_hr_24_mg_l_so4,AV1-8,,,1.790195365834815,2.7805603043668756,0.9903649385320605
clr_hr_24_mg_l_so4,AV2-1,,,6.4167575395230685,2.766322052015093,-3.6504354875079756
clr_hr_24_mg_l_so4,AV3-1,,,0.9859468302464554,2.755783459522233,1.7698366292757775
clr_hr_24_mg_l_so4,AV3-7,,,2.03022189387865,2.7869872736031023,0.7567653797244525
clr_hr_24_mg_l_so4,BP1-1,,,4.578367509493601,2.7640387192180484,-1.8143287902755527
clr_hr_24_mg_l_so4,BP1-8,,,1.7509885790239617,2.7824757861268523,1.0314872071028907
clr_hr_24_mg_l_so4,BP2-1,,,3.589807407001242,2.7934826831738486,-0.7963247238273934
clr_hr_24_mg_l_so4,BP3-1,,,5.1270430924924835,2.778114961171019,-2.3489281313214643
clr_hr_24_mg_l_so4,BP3-8,,,2.4437910542722374,2.793598578213812,0.34980752394157477
clr_hr_24_mg_l_so4,HV1-8,,,2.8113595427029545,3.176134258880842,0.36477471617788737
clr_hr_24_mg_l_so4,HV2-5,,,1.531924738790034,3.009197108250958,1.4772723694609238
clr_hr_24_mg_l_so4,HV3-1,,,5.358362567959183,2.779673749439761,-2.578688818519422
clr_hr_24_mg_l_so4,HV3-9,,,3.354404423672997,3.096661547715334,-0.25774287595766276
clr_hr_24_mg_l_so4,KR-1,,,3.354404423672997,2.630362050743742,-0.7240423729292549
clr_hr_24_mg_l_so4,KR-2,,,4.771442251362703,2.5369228817148954,-2.234519369647807
clr_hr_24_mg_l_so4,KR-4,,,2.371873446525786,2.6990602619144153,0.32718681538862926
clr_hr_24_mg_l_so4,MF1-1,,,4.36617366589333,3.228893011002344,-1.1372806548909855
clr_hr_24_mg_l_so4,MF1-6,,,2.7572680361328987,3.207372798148074,0.45010476201517546
clr_hr_24_mg_l_so4,MF2-1,,,2.737143629325321,3.2093210320933747,0.47217740276805387
clr_hr_24_mg_l_so4,MF3-1,,,2.738868252432765,3.2098326054549626,0.47096435302219763
clr_hr_24_mg_l_so4,MFX-2,,,2.788705152837381,3.214863221088723,0.42615806825134195
clr_hr_24_mg_l_so4,MSP1-1,,,2.749074548435254,2.8149027761981915,0.06582822776293762
clr_hr_24_mg_l_so4,MSP1-4,,,3.354404423672997,2.4318304206635735,-0.9225740030094234
clr_hr_24_mg_l_so4,MSP2-1,,,3.354404423672997,2.82272669066966,-0.5316777330033369
clr_hr_24_mg_l_so4,MSP3-1,,,3.354404423672997,2.7428567589361936,-0.6115476647368032
clr_hr_24_mg_l_so4,MSP3-4,,,2.034408556307552,2.5431163252085427,0.5087077689009907
clr_hr_24_mg_l_so4,MW2-1,,,3.354404423672997,3.1949863832959005,-0.1594180403770964
clr_hr_24_mg_l_so4,NP1-1,,,3.354404423672997,3.188117210910393,-0.16628721276260405
clr_hr_24_mg_l_so4,NP2-1,,,3.354404423672997,3.2019246338571756,-0.15247978981582122
clr_hr_24_mg_l_so4,NP3-1,,,3.354404423672997,3.2192212686454704,-0.13518315502752642
clr_hr_24_mg_l_so4,NP3-4,,,3.354404423672997,3.2133397056872592,-0.1410647179857376
clr_hr_24_mg_l_so4,NP4-5,,,3.354404423672997,3.084765970998805,-0.26963845267419195
clr_hr_24_mg_l_so4,RM1-1,,,3.354404423672997,2.405978659221755,-0.9484257644512417
clr_hr_24_mg_l_so4,RM1-8,,,3.354404423672997,2.4329279483377784,-0.9214764753352185
clr_hr_24_mg_l_so4,RM2-1,,,3.354404423672997,2.413016838593005,-0.9413875850799918
clr_hr_24_mg_l_so4,RM3-1,,,3.354404423672997,2.4099151368170237,-0.9444892868559731
clr_hr_24_mg_l_so4,RM3-8,,,3.354404423672997,2.43766537781789,-0.916739045855107
clr_hr_24_mg_l_so4,SH1-1,,,3.354404423672997,2.4036554771637912,-0.9507489465092056
clr_hr_24_mg_l_so4,SH1-6,,,3.354404423672997,2.357990317983754,-0.9964141056892428
clr_hr_24_mg_l_so4,SH2-1,,,3.354404423672997,2.402532904728346,-0.9518715189446509
clr_hr_24_mg_l_so4,SH3-2,,,3.354404423672997,2.40121415029253,-0.9531902733804669
clr_hr_24_mg_l_so4,SH3-8,,,3.354404423672997,2.3398281329030106,-1.0145762907699862
clr_hr_24_mg_l_so4,TGV1-1,,,5.234869453552207,3.136190450317281,-2.0986790032349263
clr_hr_24_mg_l_so4,TGV1-8,,,2.7806429076769317,3.104899561864124,0.3242566541871925
clr_hr_24_mg_l_so4,TGV2-1,,,2.7696001384729985,2.9609118685316878,0.1913117300586893
clr_hr_24_mg_l_so4,TGV3-1,,,6.2459914522300055,2.7871263083395728,-3.4588651438904328
clr_hr_24_mg_l_so4,TGV3-9,,,2.637256684634112,3.3383243210317515,0.7010676363976396
clr_hr_24_mg_l_so4,TN1-1,,,5.132403977004088,3.1064989687662794,-2.025905008237809
clr_hr_24_mg_l_so4,TN1-8,,,2.2008535258319233,3.3378806931257254,1.1370271672938022
clr_hr_24_mg_l_so4,TN2-1,,,2.7648440757137083,3.1274156934638953,0.362571617750187
clr_hr_24_mg_l_so4,TN3-1,,,0.2576229934756302,3.112649939088004,2.855026945612374
clr_hr_24_mg_l_so4,TN3-5,,,2.7440400756319896,3.357398813451602,0.6133587378196124
clr_hr_24_mg_l_so4,CB-CMBjA1,,,2.6377006359817745,3.166594104998651,0.5288934690168765
clr_hr_24_mg_l_so4,CB-iH5,,,3.354404423672997,3.2770922542718286,-0.07731216940116825
clr_hr_24_mg_l_so4,VV-0,,,3.354404423672997,2.660099668395779,-0.6943047552772179
clr_hr_24_mg_l_so4,VV-d,,,2.597421095210821,2.660099668395779,0.06267857318495773
clr_hr_24_mg_l_so4,VV-J,,,2.578322725341236,2.660099668395779,0.08177694305454297
clr_hr_24_mg_l_so4,VV-L,,,2.613690223101611,2.660099668395779,0.046409445294167906
clr_hr_24_mg_l_so4,WV-BA 1,,,3.354404423672997,2.950706805800865,-0.4036976178721319
clr_hr_24_mg_l_so4,WV-UNN 1,,,2.652477790905615,2.842155431890666,0.1896776409850509
clr_hr_24_mg_l_so4,WV-UNN 3,,,2.6406782473694443,2.842155431890666,0.20147718452122154
clr_hr_24_mg_l_so4,WV-UNN-2,,,2.0114353371118336,2.842155431890666,0.8307200947788322
clr_hr_24_mg_l_so4,WV-ZS 2,,,1.840126172439458,3.0590737341770193,1.2189475617375614
clr_total_mg_l_f,BS-607,,,-2.3887189689751103,-1.4554393428253878,0.9332796261497225
clr_total_mg_l_f,BS-610,,,0.455734224604823,-1.5821101436737464,-2.037844368278569
clr_total_mg_l_f,BS-618,,,0.1885771486715535,-1.455439342825388,-1.6440164914969415
clr_total_mg_l_f,BPS-1,,,-2.827130103439102,-2.3511581571188818,0.47597194632022033
clr_total_mg_l_f,BPS-18,,,-3.881575940586394,-1.8983071843609527,1.9832687562254412
clr_total_mg_l_f,BPS-22,,,-3.2155692132090397,-2.057114921899159,1.1584542913098805
clr_total_mg_l_f,BPS-25,,,-2.224149940536732,-1.8640528629888784,0.3600970775478538
clr_total_mg_l_f,BPS-5,,,-1.6580762876060606,-1.8640528629888784,-0.20597657538281777
clr_total_mg_l_f,CK-20B,,,-1.3453712061905214,-2.027950621881668,-0.6825794156911467
clr_total_mg_l_f,CK1-100B,,,-2.4911482930986812,-1.9006802238759009,0.5904680692227804
clr_total_mg_l_f,CK2-100A,,,-0.3737121314472866,-1.9006802238759009,-1.5269680924286142
clr_total_mg_l_f,CK2-100B,,,-2.7404134669512947,-1.9006802238759009,0.8397332430753939
clr_total_mg_l_f,CM-2 1,,,-1.1533595896861697,-2.2511698188549962,-1.0978102291688265
clr_total_mg_l_f,CM-4,,,-1.460296465618645,-2.473990651383928,-1.0136941857652828
clr_total_mg_l_f,CM-PA 3-10,,,-1.111896576639018,-2.473990651383928,-1.3620940747449097
clr_total_mg_l_f,CM-PA 30,,,-0.0987171235438939,-2.473990651383928,-2.375273527840034
clr_total_mg_l_f,CM2 (OM),,,0.1723610131927664,-2.2511698188549962,-2.4235308320477627
clr_total_mg_l_f,LC1-5,,,-2.5513821035797712,-2.001798124701536,0.5495839788782351
clr_total_mg_l_f,LGP (3-4),,,0.0683444740145295,-2.001798124701536,-2.0701425987160658
clr_total_mg_l_f,LGP (BA 1-3),,,-2.900243447830451,-2.001798124701536,0.8984453231289149
clr_total_mg_l_f,CR-0819,,,0.0930182643020223,-1.9705560713642545,-2.0635743356662766
clr_total_mg_l_f,CR-0821,,,-0.6830816929599353,-1.9705560713642545,-1.2874743784043192
clr_total_mg_l_f,CR-0826,,,-0.3714487617035615,-1.9705560713642545,-1.599107309660693
clr_total_mg_l_f,CR-0828,,,-0.7982513379927507,-1.9705560713642545,-1.1723047333715038
clr_total_mg_l_f,CR-0833,,,-0.0689071253284083,-1.9705560713642545,-1.901648946035846
clr_total_mg_l_f,CS-CR2,,,-2.087495256541922,-1.5854285053805157,0.5020667511614063
clr_total_mg_l_f,CS-CR5,,,-2.267111939656308,-1.674369644477619,0.5927422951786891
clr_total_mg_l_f,CS-CR7,,,-1.7305072642455697,-1.5853270406445907,0.14518022360097893
clr_total_mg_l_f,CS-CR9,,,-1.3115274605298015,-1.5853270406445907,-0.2737995801147892
clr_total_mg_l_f,DS1(1-2),,,-2.728038812899047,-1.858840785027581,0.8691980278714659
clr_total_mg_l_f,DS2(1-2),,,-2.926988901171716,-1.1163687535469757,1.8106201476247403
clr_total_mg_l_f,DA-1,,,-1.3638160366318788,-2.443122702305957,-1.0793066656740784
clr_total_mg_l_f,DA-3,,,-1.1919486674155575,-2.443122702305957,-1.2511740348903997
clr_total_mg_l_f,DA-4,,,-2.1724464627366133,-2.443122702305957,-0.27067623956934384
clr_total_mg_l_f,DA-5,,,-2.5863181237663677,-2.443122702305957,0.14319542146041053
clr_total_mg_l_f,DA-6,,,-3.4596153409293255,-2.443122702305957,1.0164926386233684
clr_total_mg_l_f,GE-A1-3,,,-2.7890818696184527,-1.6845135106321796,1.1045683589862731
clr_total_mg_l_f,GE-A2-2,,,-2.746134346884052,-1.6845135106321796,1.0616208362518722
clr_total_mg_l_f,GE-B1-3,,,-3.1217683552719526,-1.6845135106321791,1.4372548446397735
clr_total_mg_l_f,GE-C2-3,,,-3.02352480363629,-1.70827625644973,1.31524854718656
clr_total_mg_l_f,GE-C3-2,,,-2.814795690343197,-1.70827625644973,1.106519433893467
clr_total_mg_l_f,HS-1,,,-2.9545112964614058,-1.876174297903163,1.0783369985582427
clr_total_mg_l_f,HS-2,,,-2.848462506764105,-1.8614304446890972,0.9870320620750077
clr_total_mg_l_f,HS-3,,,-2.5249264978916957,-1.827455938535418,0.6974705593562776
clr_total_mg_l_f,HS-4,,,-2.4168466197842773,-1.8761742979031628,0.5406723218811145
clr_total_mg_l_f,HS-7,,,-2.77106559821092,-2.018199940017212,0.7528656581937079
clr_total_mg_l_f,HC-BA1,,,-0.616468040089885,-1.4106461803294637,-0.7941781402395787
clr_total_mg_l_f,HC-BA2,,,-2.594947859027094,-1.4106461803294637,1.1843016786976301
clr_total_mg_l_f,HC-Z5-1,,,-1.417029844148593,-1.4589270844489632,-0.04189724030037034
clr_total_mg_l_f,HC-ZS2,,,-0.665995891108937,-1.4115327914138633,-0.7455369003049264
clr_total_mg_l_f,HVY-4A,,,0.0338121701931084,-1.8694261203660012,-1.9032382905591096
clr_total_mg_l_f,HVY-5A,,,-0.6759177430763921,-1.8694261203660012,-1.1935083772896091
clr_total_mg_l_f,HVY-9054A,,,-0.355757270441736,-2.249324140696482,-1.8935668702547461
clr_total_mg_l_f,HVY-9062A,,,0.4053983442562496,-2.322158760335781,-2.7275571045920306
clr_total_mg_l_f,HVY-9130A,,,-1.1499355726131468,-2.2817217485568655,-1.1317861759437187
clr_total_mg_l_f,HD-10,,,-2.916956179681618,-2.2203675644001284,0.6965886152814895
clr_total_mg_l_f,HD-14,,,-3.060721353785878,-2.2203675644001284,0.8403537893857496
clr_total_mg_l_f,HD-6,,,-2.1345800523838085,-2.2566128174015216,-0.1220327650177131
clr_total_mg_l_f,HG-3,,,-2.442592082365946,-2.4463918549053894,-0.0037997725394434134
clr_total_mg_l_f,HG-54,,,1.0650910586688194,-2.416284028415188,-3.4813750870840074
clr_total_mg_l_f,HG-6,,,-2.3218899086221185,-1.542112884475348,0.7797770241467705
clr_total_mg_l_f,HG-8,,,-2.7367427576103047,-1.9298139288228477,0.806928828787457
clr_total_mg_l_f,HG-9,,,-2.2804537321375,-2.314510226020915,-0.03405649388341514
clr_total_mg_l_f,HM-2,,,-2.0727360051062913,-2.2082036905917013,-0.13546768548541
clr_total_mg_l_f,HM-3,,,-1.994868379558912,-2.2082036905917013,-0.21333531103278935
clr_total_mg_l_f,HM-5,,,-2.0295419935529395,-2.177791644597004,-0.1482496510440643
clr_total_mg_l_f,HM-6,,,-2.2073509664715836,-2.0543703639690083,0.15298060250257528
clr_total_mg_l_f,LI-10,,,-3.3316441026843453,-1.739121146765505,1.5925229559188403
clr_total_mg_l_f,LI-11,,,-2.4698810591813474,-1.7710350530663515,0.6988460061149959
clr_total_mg_l_f,LI-12,,,-2.6462513679823214,-1.7710350530663515,0.87521631491597
clr_total_mg_l_f,LI-13,,,-1.9838382754456867,-1.7710350530663515,0.21280322237933524
clr_total_mg_l_f,LI-14,,,-2.663617470629798,-1.7710350530663515,0.8925824175634467
clr_total_mg_l_f,LI-15,,,-2.7350201059349737,-1.7710350530663515,0.9639850528686222
clr_total_mg_l_f,LI-4,,,-2.9124801167217136,-1.7359212048346788,1.1765589118870348
clr_total_mg_l_f,LI-5,,,-2.879724289078525,-1.7359212048346788,1.1438030842438462
clr_total_mg_l_f,LI-6,,,-2.7100059998923394,-1.7359212048346788,0.9740847950576605
clr_total_mg_l_f,LI-9,,,-2.8133432223588763,-1.739121146765505,1.0742220755933714
clr_total_mg_l_f,LGP-BA LV8,,,-3.4720497416437635,-1.6296666044061752,1.8423831372375883
clr_total_mg_l_f,LV-14,,,-2.957175065280053,-1.7413956733105718,1.215779391969481
clr_total_mg_l_f,LV-18,,,-3.4167661822667794,-1.7413956733105718,1.6753705089562076
clr_total_mg_l_f,MD-BJA1,,,-2.8570651345701648,-1.9156574328722002,0.9414077016979645
clr_total_mg_l_f,MD-UN11,,,-2.465099968327576,-1.995197480138204,0.46990248818937186
clr_total_mg_l_f,MD-UN6,,,-1.9629866040581545,-1.9156574328722002,0.047329171185954255
clr_total_mg_l_f,ME-A1-1,,,-1.1941975395971076,-2.1262430747061436,-0.932045535109036
clr_total_mg_l_f,ME-A2-3,,,0.7992968192626955,-2.1262430747061436,-2.925539893968839
clr_total_mg_l_f,ME-B1-2,,,-3.0709896871259272,-2.1262430747061436,0.9447466124197836
clr_total_mg_l_f,ME-c2-3,,,-3.2658566685205046,-2.1262430747061436,1.139613593814361
clr_total_mg_l_f,ME-C3-1,,,-0.3513448683968998,-2.1262430747061436,-1.7748982063092438
clr_total_mg_l_f,HK-1,,,0.2678327822039674,-2.178884755837746,-2.4467175380417134
clr_total_mg_l_f,HK-2,,,0.3264397824930722,-2.178884755837746,-2.5053245383308185
clr_total_mg_l_f,HK-3,,,-2.393811384492903,-2.178884755837746,0.214926628655157
clr_total_mg_l_f,HK-4,,,-2.2131250731908754,-2.178884755837746,0.03424031735312916
clr_total_mg_l_f,HK-5,,,0.0406618189670737,-2.178884755837746,-2.21954657480482
clr_total_mg_l_f,MK-A6,,,-2.7797139479870867,-2.1756767627981204,0.6040371851889663
clr_total_mg_l_f,MK-KYBjA6,,,-2.7869970875234538,-2.2058669687905703,0.5811301187328834
clr_total_mg_l_f,MK-UN8,,,-2.8265900462025453,-2.1756767627981204,0.6509132834044249
clr_total_mg_l_f,MFP-A1,,,-3.1745553162968116,-2.232796148031228,0.9417591682655835
clr_total_mg_l_f,MFP-A2,,,-3.2955467628526067,-2.232796148031228,1.0627506148213786
clr_total_mg_l_f,MFP-AAA,,,-2.6555692717463795,-2.2456921792050397,0.40987709254133975
clr_total_mg_l_f,MFP-d,,,-3.546707202285977,-2.232796148031228,1.3139110542547487
clr_total_mg_l_f,MS-11,,,-2.45164230597486,-2.2492966847296842,0.20234562124517597
clr_total_mg_l_f,MS-12,,,-2.4764250329530686,-2.2492966847296842,0.22712834822338435
clr_total_mg_l_f,MS-5,,,-2.6493821578470325,-2.2492966847296842,0.4000854731173482
clr_total_mg_l_f,MS-7,,,-2.5174033015694723,-2.2492966847296842,0.2681066168397881
clr_total_mg_l_f,ON-10,,,-3.2213257031917353,-2.1006135912492585,1.1207121119424768
clr_total_mg_l_f,OR-4,,,-3.570157974924214,-2.224713549093276,1.3454444258309377
clr_total_mg_l_f,OR-8,,,-3.947304657994777,-2.2382767811593,1.709027876835477
clr_total_mg_l_f,AV1-1,,,-3.824519590905841,-1.2831993976773757,2.5413201932284655
clr_total_mg_l_f,AV1-8,,,-5.207588163229,-1.4240308324588447,3.7835573307701558
clr_total_mg_l_f,AV2-1,,,-2.888888861798322,-1.4240308324588444,1.4648580293394777
clr_total_mg_l_f,AV3-1,,,-1.7432494608730766,-1.3139603388616778,0.4292891220113988
clr_total_mg_l_f,AV3-7,,,-0.1902641057923453,-1.4240308324588447,-1.2337667266664993
clr_total_mg_l_f,BP1-1,,,-5.28250950101098,-1.4240308324588447,3.8584786685521357
clr_total_mg_l_f,BP1-8,,,1.5675277887803158,-1.4240308324588447,-2.9915586212391605
clr_total_mg_l_f,BP2-1,,,-0.4091534183434571,-1.4240308324588447,-1.0148774141153876
clr_total_mg_l_f,BP3-1,,,-1.8760604960880136,-1.4240308324588447,0.45202966362916897
clr_total_mg_l_f,BP3-8,,,0.4847619168188433,-1.4240308324588444,-1.9087927492776877
clr_total_mg_l_f,HV1-8,,,-3.462408700383624,-1.504054489810979,1.958354210572645
clr_total_mg_l_f,HV2-5,,,0.676662985576721,-1.6729308808934196,-2.3495938664701406
clr_total_mg_l_f,HV3-1,,,-1.8030176971457412,-1.2831993976773757,0.5198182994683656
clr_total_mg_l_f,HV3-9,,,-2.75230687382136,-1.4824835232504967,1.2698233505708634
clr_total_mg_l_f,KR-1,,,-4.478817573704762,-1.1020823652108709,3.3767352084938915
clr_total_mg_l_f,KR-2,,,-2.500329753544199,-1.0099416819024818,1.490388071641717
clr_total_mg_l_f,KR-4,,,1.0763796700447288,-1.2759224552907262,-2.352302125335455
clr_total_mg_l_f,MF1-1,,,-3.4616478176381635,-2.1499216780291346,1.311726139609029
clr_total_mg_l_f,MF1-6,,,-2.91304139846914,-2.0010721468477444,0.9119692516213957
clr_total_mg_l_f,MF2-1,,,-2.914916263967899,-2.0010721468477444,0.9138441171201546
clr_total_mg_l_f,MF3-1,,,-2.7976068126220497,-2.0010721468477444,0.7965346657743053
clr_total_mg_l_f,MFX-2,,,-0.7650682338305701,-1.9121310077506404,-1.1470627739200703
clr_total_mg_l_f,MSP1-1,,,-2.136609347102306,-2.1167526855674437,0.01985666153486232
clr_total_mg_l_f,MSP1-4,,,-2.021623122834361,-2.06397903827622,-0.04235591544185935
clr_total_mg_l_f,MSP2-1,,,-2.1016829487262347,-1.9768265965339804,0.12485635219225433
clr_total_mg_l_f,MSP3-1,,,-2.2647680465113407,-1.938778234022871,0.3259898124884697
clr_total_mg_l_f,MSP3-4,,,-3.1875882904886765,-2.1766281774409055,1.010960113047771
clr_total_mg_l_f,MW2-1,,,-2.0887906004026293,-1.8298326479064904,0.25895795249613895
clr_total_mg_l_f,NP1-1,,,0.2739017704865787,-1.7465898319906674,-2.020491602477246
clr_total_mg_l_f,NP2-1,,,-2.657764026044477,-2.071698989903563,0.5860650361409139
clr_total_mg_l_f,NP3-1,,,-2.2688101569599883,-1.932289505738277,0.3365206512217114
clr_total_mg_l_f,NP3-4,,,-2.5666316111836607,-1.9368650582716733,0.6297665529119874
clr_total_mg_l_f,NP4-5,,,-2.2007692078948193,-1.8558773330171587,0.3448918748776606
clr_total_mg_l_f,RM1-1,,,-1.244778290827854,-1.0957141410551627,0.14906414977269122
clr_total_mg_l_f,RM1-8,,,1.136077420488475,-1.1469396813559742,-2.2830171018444494
clr_total_mg_l_f,RM2-1,,,-1.0635245001629694,-1.0957141410551627,-0.03218964089219334
clr_total_mg_l_f,RM3-1,,,-1.5730988870547455,-1.0957141410551627,0.4773847459995828
clr_total_mg_l_f,RM3-8,,,-1.9914537022773415,-1.1469396813559742,0.8445140209213673
clr_total_mg_l_f,SH1-1,,,-2.193022262709179,-1.0428864792542252,1.1501357834549537
clr_total_mg_l_f,SH1-6,,,-5.573993663250214,-1.1029108022226926,4.471082861027521
clr_total_mg_l_f,SH2-1,,,-2.207441268163352,-1.0428864792542252,1.164554788909127
clr_total_mg_l_f,SH3-2,,,-2.1859766760765,-1.0428864792542254,1.1430901968222744
clr_total_mg_l_f,SH3-8,,,-6.293491376132214,-1.1029108022226928,5.190580573909521
clr_total_mg_l_f,TGV1-1,,,-2.087360483010925,-1.8891232912187301,0.1982371917921948
clr_total_mg_l_f,TGV1-8,,,-2.691135321575075,-1.448695176973479,1.242440144601596
clr_total_mg_l_f,TGV2-1,,,-0.989947918043958,-1.4289853969858473,-0.43903747894188927
clr_total_mg_l_f,TGV3-1,,,-1.715603625840976,-2.0563903130631225,-0.34078668722214656
clr_total_mg_l_f,TGV3-9,,,-2.909256679483718,-1.7204170218565522,1.1888396576271656
clr_total_mg_l_f,TN1-1,,,-3.884556158599623,-1.5345639356263054,2.3499922229733174
clr_total_mg_l_f,TN1-8,,,-0.4750644231434315,-1.872793509468531,-1.3977290863250995
clr_total_mg_l_f,TN2-1,,,-1.549444552956281,-1.49453584542337,0.054908707532911105
clr_total_mg_l_f,TN3-1,,,-0.3991401294026926,-1.4680888362415507,-1.0689487068388581
clr_total_mg_l_f,TN3-5,,,-0.3762926568345772,-2.2294010208112534,-1.853108363976676
clr_total_mg_l_f,CB-CMBjA1,,,-0.8852251467312628,-1.4814134410165474,-0.5961882942852845
clr_total_mg_l_f,CB-iH5,,,-3.3288918371343783,-1.7495059153381995,1.5793859217961788
clr_total_mg_l_f,VV-0,,,-2.2031166041594807,-1.4623640262750186,0.7407525778844621
clr_total_mg_l_f,VV-d,,,0.134382235355754,-1.4623640262750186,-1.5967462616307726
clr_total_mg_l_f,VV-J,,,-0.6023409980276154,-1.4623640262750186,-0.8600230282474032
clr_total_mg_l_f,VV-L,,,0.3302994128076915,-1.4623640262750186,-1.79266343908271
clr_total_mg_l_f,WV-BA 1,,,-0.1594845990812172,-1.4925021972139674,-1.3330175981327501
clr_total_mg_l_f,WV-UNN 1,,,-0.202135892135014,-1.4251092926802955,-1.2229734005452815
clr_total_mg_l_f,WV-UNN 3,,,-2.670561504694926,-1.4251092926802955,1.2454522120146305
clr_total_mg_l_f,WV-UNN-2,,,0.4061050277589324,-1.4251092926802955,-1.831214320439228
clr_total_mg_l_f,WV-ZS 2,,,0.0885898827303277,-1.6618440773505725,-1.7504339600809002
clr_total_mg_l_cl,BS-607,,,0.6070133045788806,2.5677662180675713,1.9607529134886907
clr_total_mg_l_cl,BS-610,,,3.37706411440005,2.4633269956554997,-0.9137371187445504
clr_total_mg_l_cl,BS-618,,,2.8734010007903454,2.567766218067571,-0.30563478272277456
clr_total_mg_l_cl,BPS-1,,,2.586834686634897,2.1063667844235936,-0.4804679022113034
clr_total_mg_l_cl,BPS-18,,,2.3059417780028557,2.3867446129761163,0.08080283497326057
clr_total_mg_l_cl,BPS-22,,,2.3045615896731233,2.2316569946258484,-0.07290459504727487
clr_total_mg_l_cl,BPS-25,,,2.2077595555560796,1.8289478055462283,-0.37881175000985134
clr_total_mg_l_cl,BPS-5,,,3.3139945344200807,1.8289478055462283,-1.4850467288738525
clr_total_mg_l_cl,CK-20B,,,2.816601904875617,1.0484652391016065,-1.7681366657740105
clr_total_mg_l_cl,CK1-100B,,,2.735243333877767,1.0358630006625364,-1.6993803332152304
clr_total_mg_l_cl,CK2-100A,,,2.6514024062596975,1.0358630006625364,-1.615539405597161
clr_total_mg_l_cl,CK2-100B,,,0.2553188066026963,1.0358630006625364,0.7805441940598401
clr_total_mg_l_cl,CM-2 1,,,1.7362016546474166,0.4316435187499609,-1.3045581358974556
clr_total_mg_l_cl,CM-4,,,1.5924365303770331,0.2976092316260382,-1.294827298750995
clr_total_mg_l_cl,CM-PA 3-10,,,1.301583023381431,0.2976092316260382,-1.0039737917553928
clr_total_mg_l_cl,CM-PA 30,,,2.2285346622105555,0.2976092316260382,-1.9309254305845174
clr_total_mg_l_cl,CM2 (OM),,,1.9932208008250896,0.4316435187499609,-1.5615772820751288
clr_total_mg_l_cl,LC1-5,,,0.4443501699742196,2.023283197946714,1.5789330279724942
clr_total_mg_l_cl,LGP (3-4),,,3.177320293886072,2.023283197946714,-1.154037095939358
clr_total_mg_l_cl,LGP (BA 1-3),,,3.666822715982432,2.023283197946714,-1.643539518035718
clr_total_mg_l_cl,CR-0819,,,1.2143922029017171,1.8098458548689844,0.5954536519672673
clr_total_mg_l_cl,CR-0821,,,0.7450440719010709,1.8098458548689844,1.0648017829679135
clr_total_mg_l_cl,CR-0826,,,2.0799677728007984,1.8098458548689844,-0.27012191793181395
clr_total_mg_l_cl,CR-0828,,,1.90992616245404,1.8098458548689844,-0.1000803075850556
clr_total_mg_l_cl,CR-0833,,,3.145135403899796,1.8098458548689844,-1.3352895490308117
clr_total_mg_l_cl,CS-CR2,,,3.2025202934498447,1.5909953772351055,-1.6115249162147391
clr_total_mg_l_cl,CS-CR5,,,2.833971682665503,1.6444158513997795,-1.1895558312657233
clr_total_mg_l_cl,CS-CR7,,,2.8452626773425367,1.4720547624230398,-1.373207914919497
clr_total_mg_l_cl,CS-CR9,,,3.728568292006931,1.4720547624230398,-2.2565135295838914
clr_total_mg_l_cl,DS1(1-2),,,1.7697227845495354,2.114358597117996,0.34463581256846076
clr_total_mg_l_cl,DS2(1-2),,,1.6748455209583266,2.5980115845108904,0.9231660635525638
clr_total_mg_l_cl,DA-1,,,2.0530016200257784,1.4631542421398422,-0.5898473778859361
clr_total_mg_l_cl,DA-3,,,2.175134118976066,1.4631542421398422,-0.7119798768362235
clr_total_mg_l_cl,DA-4,,,2.1574295156601933,1.4631542421398422,-0.694275273520351
clr_total_mg_l_cl,DA-5,,,2.837866892258015,1.4631542421398422,-1.3747126501181728
clr_total_mg_l_cl,DA-6,,,2.045954462101581,1.4631542421398422,-0.5828002199617388
clr_total_mg_l_cl,GE-A1-3,,,0.2066504039355381,1.4775186113630514,1.2708682074275133
clr_total_mg_l_cl,GE-A2-2,,,0.2495979266699388,1.4775186113630514,1.2279206846931126
clr_total_mg_l_cl,GE-B1-3,,,2.0229315226104845,1.4775186113630514,-0.5454129112474331
clr_total_mg_l_cl,GE-C2-3,,,-0.0277925300822994,1.4458862221566122,1.4736787522389116
clr_total_mg_l_cl,GE-C3-2,,,0.1809365832107941,1.4458862221566122,1.2649496389458181
clr_total_mg_l_cl,HS-1,,,2.195074016286232,1.3789409852946455,-0.8161330309915864
clr_total_mg_l_cl,HS-2,,,0.1472697667898856,1.2101968613334881,1.0629270945436025
clr_total_mg_l_cl,HS-3,,,0.4708057756622952,1.4018206167597982,0.931014841097503
clr_total_mg_l_cl,HS-4,,,0.5788856537697136,1.3789409852946455,0.8000553315249319
clr_total_mg_l_cl,HS-7,,,0.2246666753430706,1.215164824706598,0.9904981493635274
clr_total_mg_l_cl,HC-BA1,,,1.4288845260546634,2.3321245879587376,0.9032400619040741
clr_total_mg_l_cl,HC-BA2,,,3.109634295799672,2.3321245879587376,-0.7775097078409345
clr_total_mg_l_cl,HC-Z5-1,,,2.229558551055228,2.4634432348380844,0.23388468378285632
clr_total_mg_l_cl,HC-ZS2,,,1.4257296564965571,2.41154308430314,0.9858134278065829
clr_total_mg_l_cl,HVY-4A,,,-0.2052047302773914,0.9927918494452153,1.1979965797226066
clr_total_mg_l_cl,HVY-5A,,,2.7548248999575775,0.9927918494452153,-1.7620330505123623
clr_total_mg_l_cl,HVY-9054A,,,-0.2072572621232919,1.2270733901183282,1.4343306522416202
clr_total_mg_l_cl,HVY-9062A,,,-0.4117348160846867,1.3158619253978647,1.7275967414825515
clr_total_mg_l_cl,HVY-9130A,,,3.934829534175979,1.1946757822579444,-2.740153751918035
clr_total_mg_l_cl,HD-10,,,2.7793316132123222,1.5541794640476736,-1.2251521491646487
clr_total_mg_l_cl,HD-14,,,2.1313462129194485,1.5541794640476736,-0.5771667488717749
clr_total_mg_l_cl,HD-6,,,0.8611522211701823,1.6626966477950638,0.8015444266248815
clr_total_mg_l_cl,HG-3,,,0.5531401911880449,1.8471927417676866,1.2940525505796416
clr_total_mg_l_cl,HG-54,,,0.8339793377054326,1.6515494379032432,0.8175701001978105
clr_total_mg_l_cl,HG-6,,,0.6738423649318722,1.1361100009077594,0.46226763597588716
clr_total_mg_l_cl,HG-8,,,0.2589895159436859,1.4165492406098075,1.1575597246661216
clr_total_mg_l_cl,HG-9,,,2.9732845910125696,1.7447377525833438,-1.2285468384292257
clr_total_mg_l_cl,HM-2,,,0.9229962684476994,1.0737333736841808,0.15073710523648132
clr_total_mg_l_cl,HM-3,,,1.0008638939950787,1.0737333736841808,0.07286947968910207
clr_total_mg_l_cl,HM-5,,,0.9661902800010516,1.0068267733292147,0.040636493328163104
clr_total_mg_l_cl,HM-6,,,0.7883813070824072,1.0318055219349307,0.24342421485252352
clr_total_mg_l_cl,LI-10,,,1.9366263425113943,2.0095732083088236,0.07294686579742926
clr_total_mg_l_cl,LI-11,,,0.5258512143726435,2.116570729890885,1.5907195155182414
clr_total_mg_l_cl,LI-12,,,0.3494809055716694,2.116570729890885,1.7670898243192155
clr_total_mg_l_cl,LI-13,,,1.0118939981083042,2.116570729890885,1.1046767317825807
clr_total_mg_l_cl,LI-14,,,0.3321148029241927,2.116570729890885,1.7844559269666922
clr_total_mg_l_cl,LI-15,,,0.2607121676190171,2.116570729890885,1.8558585622718677
clr_total_mg_l_cl,LI-4,,,2.463723788483394,2.0127731502396493,-0.4509506382437447
clr_total_mg_l_cl,LI-5,,,2.504770773710564,2.0127731502396493,-0.49199762347091447
clr_total_mg_l_cl,LI-6,,,2.389372504038305,2.0127731502396493,-0.37659935379865583
clr_total_mg_l_cl,LI-9,,,0.1823890511951145,2.0095732083088236,1.827184157113709
clr_total_mg_l_cl,LGP-BA LV8,,,3.7056410673021833,1.1007280246177205,-2.604913042684463
clr_total_mg_l_cl,LV-14,,,0.0385572082739378,1.1507364144145484,1.1121792061406106
clr_total_mg_l_cl,LV-18,,,2.946261921273685,1.1507364144145484,-1.7955255068591367
clr_total_mg_l_cl,MD-BJA1,,,0.8841766108028928,0.49322578892093666,-0.3909508218819561
clr_total_mg_l_cl,MD-UN11,,,1.3246592976733158,0.5313537752297322,-0.7933055224435837
clr_total_mg_l_cl,MD-UN6,,,0.7983001891706216,0.49322578892093666,-0.30507440024968496
clr_total_mg_l_cl,ME-A1-1,,,3.100715949001113,1.5200256748651237,-1.5806902741359892
clr_total_mg_l_cl,ME-A2-3,,,-0.4096635265742796,1.5200256748651237,1.9296892014394034
clr_total_mg_l_cl,ME-B1-2,,,-0.0752574135719363,1.5200256748651235,1.59528308843706
clr_total_mg_l_cl,ME-c2-3,,,2.047349310521283,1.5200256748651237,-0.5273236356561593
clr_total_mg_l_cl,ME-C3-1,,,-0.2787741755620645,1.5200256748651237,1.7987998504271883
clr_total_mg_l_cl,HK-1,,,2.0579389030256348,1.389990854978452,-0.6679480480471827
clr_total_mg_l_cl,HK-2,,,-0.2065386459140519,1.389990854978452,1.596529500892504
clr_total_mg_l_cl,HK-3,,,0.6019208890610876,1.389990854978452,0.7880699659173644
clr_total_mg_l_cl,HK-4,,,0.7826072003631157,1.389990854978452,0.6073836546153364
clr_total_mg_l_cl,HK-5,,,0.414628260015867,1.3899908549784519,0.9753625949625848
clr_total_mg_l_cl,MK-A6,,,0.2160183255669041,1.5122409275660682,1.296222601999164
clr_total_mg_l_cl,MK-KYBjA6,,,0.2087351860305371,1.363008642025628,1.154273455995091
clr_total_mg_l_cl,MK-UN8,,,0.1691422273514455,1.5122409275660682,1.3430987002146226
clr_total_mg_l_cl,MFP-A1,,,2.282644375311417,1.8637334136536006,-0.4189109616578164
clr_total_mg_l_cl,MFP-A2,,,2.1508457217607937,1.8637334136536006,-0.2871123081071931
clr_total_mg_l_cl,MFP-AAA,,,0.3401630018076114,2.1790887253388744,1.838925723531263
clr_total_mg_l_cl,MFP-d,,,1.7794198649013269,1.8637334136536006,0.0843135487522737
clr_total_mg_l_cl,MS-11,,,2.6942229373815003,1.9259714335109428,-0.7682515038705575
clr_total_mg_l_cl,MS-12,,,3.447295862068394,1.9259714335109428,-1.5213244285574512
clr_total_mg_l_cl,MS-5,,,2.917434461736011,1.9259714335109428,-0.991463028225068
clr_total_mg_l_cl,MS-7,,,3.4994365518697372,1.9259714335109428,-1.5734651183587944
clr_total_mg_l_cl,ON-10,,,3.006869668738972,1.2641129368706039,-1.7427567318683683
clr_total_mg_l_cl,OR-4,,,2.6269562214485456,1.3673469922187944,-1.2596092292297512
clr_total_mg_l_cl,OR-8,,,3.072993283173399,1.2348038574986613,-1.8381894256747375
clr_total_mg_l_cl,AV1-1,,,1.7092306481863415,2.5095207186479467,0.8002900704616052
clr_total_mg_l_cl,AV1-8,,,2.1563506863980093,2.4574960695469152,0.30114538314890593
clr_total_mg_l_cl,AV2-1,,,0.3964884392930337,2.4574960695469152,2.0610076302538816
clr_total_mg_l_cl,AV3-1,,,2.087615621041408,2.4948012445888224,0.4071856235474143
clr_total_mg_l_cl,AV3-7,,,2.8761718556690195,2.4574960695469152,-0.4186757861221042
clr_total_mg_l_cl,BP1-1,,,2.952532958511015,2.4574960695469152,-0.4950368889640999
clr_total_mg_l_cl,BP1-8,,,3.077174181771488,2.4574960695469152,-0.6196781122245727
clr_total_mg_l_cl,BP2-1,,,2.1905110409680093,2.4574960695469152,0.26698502857890594
clr_total_mg_l_cl,BP3-1,,,1.606873036892642,2.4574960695469152,0.8506230326542732
clr_total_mg_l_cl,BP3-8,,,3.158412296338869,2.457496069546915,-0.7009162267919544
clr_total_mg_l_cl,HV1-8,,,3.7693412937086137,2.3277582494702322,-1.4415830442383815
clr_total_mg_l_cl,HV2-5,,,2.2391278783179818,2.510337355511018,0.27120947719303645
clr_total_mg_l_cl,HV3-1,,,1.583717343113757,2.5095207186479467,0.9258033755341897
clr_total_mg_l_cl,HV3-9,,,2.774738422334787,2.421138077157656,-0.353600345177131
clr_total_mg_l_cl,KR-1,,,1.9046214913288844,2.345554360972652,0.44093286964376777
clr_total_mg_l_cl,KR-2,,,1.9272744094979313,2.3412698638764367,0.4139954543785054
clr_total_mg_l_cl,KR-4,,,4.60914750863663,2.2154662565738903,-2.3936812520627395
clr_total_mg_l_cl,MF1-1,,,2.4293331908914957,0.6440101550002142,-1.7853230358912815
clr_total_mg_l_cl,MF1-6,,,2.4244966812321778,0.8211335230269297,-1.603363158205248
clr_total_mg_l_cl,MF2-1,,,2.518631051840242,0.8211335230269297,-1.6974975288133123
clr_total_mg_l_cl,MF3-1,,,2.6276955656804755,0.8211335230269297,-1.8065620426535458
clr_total_mg_l_cl,MFX-2,,,-0.0310990587503696,0.7677130488622561,0.7988121076126257
clr_total_mg_l_cl,MSP1-1,,,3.239964517411498,1.7857058657627676,-1.4542586516487306
clr_total_mg_l_cl,MSP1-4,,,0.97410915071963,1.9275616444279475,0.9534524937083175
clr_total_mg_l_cl,MSP2-1,,,0.8940493248277561,1.3318349713004096,0.4377856464726535
clr_total_mg_l_cl,MSP3-1,,,0.7309642270426502,1.4845974976334073,0.7536332705907571
clr_total_mg_l_cl,MSP3-4,,,1.926806237898432,1.8039969924795514,-0.12280924541888072
clr_total_mg_l_cl,MW2-1,,,0.9069416731513616,0.7732956746150158,-0.13364599853634584
clr_total_mg_l_cl,NP1-1,,,2.791468161796573,0.8006011216897834,-1.9908670401067896
clr_total_mg_l_cl,NP2-1,,,2.878782529235811,0.9426833042209802,-1.9360992250148308
clr_total_mg_l_cl,NP3-1,,,2.9303496380548295,0.7545949075930123,-2.175754730461817
clr_total_mg_l_cl,NP3-4,,,0.4291006623703302,0.7716680951346466,0.34256743276431645
clr_total_mg_l_cl,NP4-5,,,0.7949630656591715,1.3138196462553393,0.5188565805961678
clr_total_mg_l_cl,RM1-1,,,-0.4372424503583456,2.2130745537727625,2.650317004131108
clr_total_mg_l_cl,RM1-8,,,2.4768467909311904,2.284162812132761,-0.19268397879842958
clr_total_mg_l_cl,RM2-1,,,-2.074397874523072,2.2130745537727625,4.2874724282958345
clr_total_mg_l_cl,RM3-1,,,0.1879149648341442,2.2130745537727625,2.0251595889386182
clr_total_mg_l_cl,RM3-8,,,0.3882224430897008,2.2841628121327604,1.8959403690430596
clr_total_mg_l_cl,SH1-1,,,-3.8447530873335305,2.1377329186082763,5.982486005941807
clr_total_mg_l_cl,SH1-6,,,0.1835191338269552,2.06230128144884,1.8787821476218847
clr_total_mg_l_cl,SH2-1,,,-3.061005170129202,2.1377329186082763,5.198738088737478
clr_total_mg_l_cl,SH3-2,,,-3.826137761153441,2.1377329186082763,5.963870679761717
clr_total_mg_l_cl,SH3-8,,,-1.2183175608983867,2.0623012814488395,3.2806188423472262
clr_total_mg_l_cl,TGV1-1,,,2.0153415976222178,2.291830780969779,0.27648918334756134
clr_total_mg_l_cl,TGV1-8,,,3.125618631740287,2.519353413756387,-0.6062652179838999
clr_total_mg_l_cl,TGV2-1,,,2.7637901903856843,2.4983516646511825,-0.2654385257345018
clr_total_mg_l_cl,TGV3-1,,,-2.904056618508875,2.238848416341787,5.142905034850662
clr_total_mg_l_cl,TGV3-9,,,0.0864755940702732,2.621586478609895,2.535110884539622
clr_total_mg_l_cl,TN1-1,,,2.8771682817237796,2.515393577575927,-0.3617747041478525
clr_total_mg_l_cl,TN1-8,,,2.8252248099667026,2.3736762673037575,-0.4515485426629451
clr_total_mg_l_cl,TN2-1,,,2.7039571789273937,2.4753598763258986,-0.22859730260149513
clr_total_mg_l_cl,TN3-1,,,1.0994464301708815,2.400178057328844,1.3007316271579623
clr_total_mg_l_cl,TN3-5,,,2.0982178782295784,2.027016800105669,-0.07120107812390941
clr_total_mg_l_cl,CB-CMBjA1,,,1.68403284262522,1.3551327108812479,-0.32890013174397215
clr_total_mg_l_cl,CB-iH5,,,1.751518244894695,2.077317669387975,0.32579942449328003
clr_total_mg_l_cl,VV-0,,,0.7926156693945101,2.3712691332963125,1.5786534639018024
clr_total_mg_l_cl,VV-d,,,2.992416997597124,2.3712691332963125,-0.6211478643008115
clr_total_mg_l_cl,VV-J,,,3.4217979343424547,2.3712691332963125,-1.0505288010461422
clr_total_mg_l_cl,VV-L,,,2.8814001176359394,2.3712691332963125,-0.5101309843396269
clr_total_mg_l_cl,WV-BA 1,,,3.0826746332175676,1.560484951162145,-1.5221896820554226
clr_total_mg_l_cl,WV-UNN 1,,,4.09042881294884,2.2541773241033285,-1.8362514888455115
clr_total_mg_l_cl,WV-UNN 3,,,3.5908538408345216,2.2541773241033285,-1.3366765167311931
clr_total_mg_l_cl,WV-UNN-2,,,2.752296805849514,2.2541773241033285,-0.4981194817461856
clr_total_mg_l_cl,WV-ZS 2,,,2.810215766570168,1.9286736964135174,-0.8815420701566508
clr_total_mg_l_no3,BS-607,,,-1.6955717884151649,-0.8084287379246025,0.8871430504905624
clr_total_mg_l_no3,BS-610,,,-2.532973434012203,-0.7721045146735951,1.7608689193386082
clr_total_mg_l_no3,BS-618,,,-2.441871806407105,-0.8083086803386593,1.6335631260684456
clr_total_mg_l_no3,BPS-1,,,-2.133982922879157,-0.903234740986381,1.2307481818927761
clr_total_mg_l_no3,BPS-18,,,0.1341846426264474,-0.9721394757129967,-1.106324118339444
clr_total_mg_l_no3,BPS-22,,,-0.3000463278856839,-0.9514485158282414,-0.6514021879425576
clr_total_mg_l_no3,BPS-25,,,-1.2678538740488778,-1.3581504406000762,-0.09029656655119833
clr_total_mg_l_no3,BPS-5,,,0.3832025396010161,-1.3589982620875747,-1.7422008016885908
clr_total_mg_l_no3,CK-20B,,,-2.7660669940277445,-2.396117209456314,0.3699497845714306
clr_total_mg_l_no3,CK1-100B,,,-1.7980011125387358,-2.3936915710575692,-0.5956904585188334
clr_total_mg_l_no3,CK2-100A,,,-2.7716074042456573,-2.3936906542548986,0.37791674999075875
clr_total_mg_l_no3,CK2-100B,,,-2.0472662863913493,-2.401762010147926,-0.35449572375657645
clr_total_mg_l_no3,CM-2 1,,,1.6290505359540788,0.3409417365165836,-1.2881087994374951
clr_total_mg_l_no3,CM-4,,,1.281123241937574,0.3735558322962855,-0.9075674096412885
clr_total_mg_l_no3,CM-PA 3-10,,,1.4940272179037066,0.3788899698711103,-1.1151372480325963
clr_total_mg_l_no3,CM-PA 30,,,-3.0336372577011277,0.3735558322962855,3.407193089997413
clr_total_mg_l_no3,CM2 (OM),,,0.5205841082356191,0.3365021036103054,-0.18408200462531366
clr_total_mg_l_no3,LC1-5,,,-1.8582349230198256,-0.8851069880577853,0.9731279349620403
clr_total_mg_l_no3,LGP (3-4),,,0.3766701577632787,-0.8621371118803902,-1.238807269643669
clr_total_mg_l_no3,LGP (BA 1-3),,,-2.2070962672705057,-0.8852219489552554,1.3218743183152504
clr_total_mg_l_no3,CR-0819,,,1.623610514164611,-0.766117449353838,-2.389727963518449
clr_total_mg_l_no3,CR-0821,,,1.5401029567589513,-0.766117449353838,-2.3062204061127893
clr_total_mg_l_no3,CR-0826,,,0.5722530585959662,-0.766117449353838,-1.3383705079498043
clr_total_mg_l_no3,CR-0828,,,0.958393130442845,-0.766117449353838,-1.724510579796683
clr_total_mg_l_no3,CR-0833,,,0.0949773845734789,-0.766117449353838,-0.8610948339273169
clr_total_mg_l_no3,CS-CR2,,,0.4325993799818688,-0.1294212012128296,-0.5620205811946984
clr_total_mg_l_no3,CS-CR5,,,0.2922527610567123,0.40232932113152314,0.11007656007481087
clr_total_mg_l_no3,CS-CR7,,,-2.07275718376031,0.3231692904799267,2.3959264742402366
clr_total_mg_l_no3,CS-CR9,,,0.2071754254654512,0.32333970274062324,0.11616427727517203
clr_total_mg_l_no3,DS1(1-2),,,-0.3392760236639489,-0.668717665794311,-0.32944164213036214
clr_total_mg_l_no3,DS2(1-2),,,0.0473625773573251,-0.9181793611267172,-0.9655419384840422
clr_total_mg_l_no3,DA-1,,,0.7048336805036817,-1.6304438614951944,-2.335277541998876
clr_total_mg_l_no3,DA-3,,,1.9650353237959215,-1.6304438614951944,-3.595479185291116
clr_total_mg_l_no3,DA-4,,,2.1531316453865896,-1.6304438614951944,-3.783575506881784
clr_total_mg_l_no3,DA-5,,,2.816172152556246,-1.6304438614951944,-4.446616014051441
clr_total_mg_l_no3,DA-6,,,2.0109877593994003,-1.6304438614951944,-3.6414316208945947
clr_total_mg_l_no3,GE-A1-3,,,-2.0959346890585073,-2.476891500200934,-0.38095681114242685
clr_total_mg_l_no3,GE-A2-2,,,-2.052987166324107,-2.476872096063632,-0.4238849297395251
clr_total_mg_l_no3,GE-B1-3,,,-2.4286211747120072,-2.4825907013777337,-0.05396952666572652
clr_total_mg_l_no3,GE-C2-3,,,-2.330377623076345,-2.485323878031964,-0.1549462549556191
clr_total_mg_l_no3,GE-C3-2,,,-2.1216485097832516,-2.4763769858563935,-0.35472847607314195
clr_total_mg_l_no3,HS-1,,,-2.2613641159014604,-2.040344425464284,0.2210196904371764
clr_total_mg_l_no3,HS-2,,,-2.15531532620416,-2.0208909621007725,0.13442436410338754
clr_total_mg_l_no3,HS-3,,,-1.8317793173317505,-1.9027524680397334,-0.07097315070798293
clr_total_mg_l_no3,HS-4,,,-1.723699439224332,-2.0340980618817905,-0.31039862265745843
clr_total_mg_l_no3,HS-7,,,-2.077918417650975,-1.913236779992474,0.16468163765850097
clr_total_mg_l_no3,HC-BA1,,,-0.5978027458705251,-0.31970471585812243,0.27809803001240263
clr_total_mg_l_no3,HC-BA2,,,-1.9018006784671484,-0.3141530539295731,1.5876476245375752
clr_total_mg_l_no3,HC-Z5-1,,,0.8335165707201897,-0.6100085482102653,-1.443525118930455
clr_total_mg_l_no3,HC-ZS2,,,0.1545434151189422,-0.3962232397874581,-0.5507666549064003
clr_total_mg_l_no3,HVY-4A,,,-2.507789823271437,-2.294070528614333,0.21371929465710426
clr_total_mg_l_no3,HVY-5A,,,-2.933505470139702,-2.294070528614333,0.6394349415253693
clr_total_mg_l_no3,HVY-9054A,,,-2.5098423551173377,-2.3436444716826084,0.1661978834347293
clr_total_mg_l_no3,HVY-9062A,,,-2.7143199090787324,-2.3502122168852204,0.364107692193512
clr_total_mg_l_no3,HVY-9130A,,,-1.377449123598475,-2.3830544665722058,-1.0056053429737308
clr_total_mg_l_no3,HD-10,,,-2.223808999121673,-0.6634430563922182,1.5603659427294547
clr_total_mg_l_no3,HD-14,,,-2.367574173225933,-0.6410845577210391,1.7264896155048939
clr_total_mg_l_no3,HD-6,,,-1.4414328718238631,-0.585474287375436,0.8559585844484271
clr_total_mg_l_no3,HG-3,,,-1.7494449018060003,-0.5507156489450195,1.1987292528609808
clr_total_mg_l_no3,HG-54,,,-1.468605755288613,-0.8093012946008334,0.6593044606877795
clr_total_mg_l_no3,HG-6,,,-1.6287427280621734,-2.417490300503472,-0.7887475724412985
clr_total_mg_l_no3,HG-8,,,-2.04359557705036,-1.843612882718306,0.19998269433205418
clr_total_mg_l_no3,HG-9,,,-1.5873065515775546,-0.8354818908806476,0.751824660696907
clr_total_mg_l_no3,HM-2,,,-1.379588824546346,-0.018618252254287045,1.3609705722920589
clr_total_mg_l_no3,HM-3,,,-1.3017211989989668,-0.01862848264143928,1.2830927163575274
clr_total_mg_l_no3,HM-5,,,-1.336394812992994,-0.001734074457200335,1.3346607385357936
clr_total_mg_l_no3,HM-6,,,-1.5142037859116384,-0.017256439750992707,1.4969473461606457
clr_total_mg_l_no3,LI-10,,,-0.4546953651203214,-0.7388485613947352,-0.2841531962744138
clr_total_mg_l_no3,LI-11,,,-1.776733878621402,-0.9002587835406156,0.8764750950807864
clr_total_mg_l_no3,LI-12,,,-1.953104187422376,-0.9002587835406156,1.0528454038817605
clr_total_mg_l_no3,LI-13,,,-1.2906910948857415,-0.9002587835406156,0.3904323113451259
clr_total_mg_l_no3,LI-14,,,-1.9704702900698527,-0.9002587835406156,1.0702115065292372
clr_total_mg_l_no3,LI-15,,,-2.0418729253750283,-0.9002587835406156,1.1416141418344128
clr_total_mg_l_no3,LI-4,,,-2.219332936161768,-0.7398325063190158,1.4795004298427523
clr_total_mg_l_no3,LI-5,,,-2.1865771085185797,-0.7398325063190158,1.4467446021995638
clr_total_mg_l_no3,LI-6,,,-2.016858819332394,-0.7398325063190158,1.277026313013378
clr_total_mg_l_no3,LI-9,,,-2.120196041798931,-0.7388485613947352,1.3813474804041959
clr_total_mg_l_no3,LGP-BA LV8,,,-2.778902561083818,-2.358223827030652,0.4206787340531659
clr_total_mg_l_no3,LV-14,,,-2.264027884720108,-2.314927078637522,-0.05089919391741393
clr_total_mg_l_no3,LV-18,,,-2.7236190017068345,-2.314927078637522,0.4086919230693127
clr_total_mg_l_no3,MD-BJA1,,,1.5071891764170209,0.320265285671312,-1.186923890745709
clr_total_mg_l_no3,MD-UN11,,,0.7593645081196563,0.30706184351272753,-0.45230266460692875
clr_total_mg_l_no3,MD-UN6,,,1.0783795974838313,0.3158987307588605,-0.7624808667249707
clr_total_mg_l_no3,ME-A1-1,,,-3.2786266227879826,-2.2711346527376004,1.0074919700503822
clr_total_mg_l_no3,ME-A2-3,,,-2.7122486195683253,-2.2711346527376004,0.4411139668307249
clr_total_mg_l_no3,ME-B1-2,,,-2.377842506565982,-2.2716629671751414,0.10617953939084046
clr_total_mg_l_no3,ME-c2-3,,,-2.572709487960559,-2.2701980289644728,0.30251145899608645
clr_total_mg_l_no3,ME-C3-1,,,-2.58135926855611,-2.2701980289644728,0.31116123959163744
clr_total_mg_l_no3,HK-1,,,-2.6313885909691797,-1.9980057884154598,0.6333828025537198
clr_total_mg_l_no3,HK-2,,,-2.5091237389080976,-1.9979822225202797,0.5111415163878179
clr_total_mg_l_no3,HK-3,,,-1.7006642039329578,-1.9984856931382236,-0.29782148920526574
clr_total_mg_l_no3,HK-4,,,-1.51997789263093,-1.9977087165849385,-0.47773082395400857
clr_total_mg_l_no3,HK-5,,,-1.8879568329781784,-1.9927238789968391,-0.10476704601866071
clr_total_mg_l_no3,MK-A6,,,-2.0865667674271413,-1.982038552505472,0.1045282149216693
clr_total_mg_l_no3,MK-KYBjA6,,,-2.0938499069635084,-2.0405739953025392,0.05327591166096912
clr_total_mg_l_no3,MK-UN8,,,-2.1334428656426,-1.982038552505472,0.15140431313712788
clr_total_mg_l_no3,MFP-A1,,,-2.4814081357368662,-0.045983841124338946,2.4354242946125275
clr_total_mg_l_no3,MFP-A2,,,-2.6023995822926613,-0.045983841124338946,2.5564157411683226
clr_total_mg_l_no3,MFP-AAA,,,-1.962422091186434,-0.24171824632820316,1.7207038448582308
clr_total_mg_l_no3,MFP-d,,,0.0097830637822133,-0.04307755168986644,-0.052860615472079736
clr_total_mg_l_no3,MS-11,,,-1.7584951254149144,-0.5591139585395922,1.1993811668753223
clr_total_mg_l_no3,MS-12,,,-1.7832778523931232,-0.5591139585395922,1.224163893853531
clr_total_mg_l_no3,MS-5,,,-1.9562349772870875,-0.5591139585395922,1.3971210187474954
clr_total_mg_l_no3,MS-7,,,-1.8242561210095272,-0.5591139585395922,1.2651421624699348
clr_total_mg_l_no3,ON-10,,,-2.5281785226317903,-1.7819964114824434,0.746182111149347
clr_total_mg_l_no3,OR-4,,,-0.2822285209211745,-1.447732522105524,-1.1655040011843494
clr_total_mg_l_no3,OR-8,,,-1.0070850943710443,-1.5995042881513861,-0.5924191937803418
clr_total_mg_l_no3,AV1-1,,,2.994726396109205,-1.304708455530694,-4.299434851639899
clr_total_mg_l_no3,AV1-8,,,2.354157581111888,-1.3486808554479448,-3.702838436559833
clr_total_mg_l_no3,AV2-1,,,0.6393879840686036,-1.3535512187474068,-1.9929392028160104
clr_total_mg_l_no3,AV3-1,,,2.034722536434314,-1.1909876601298697,-3.225710196564184
clr_total_mg_l_no3,AV3-7,,,-2.4415559043988404,-1.2376744407910645,1.203881463607776
clr_total_mg_l_no3,BP1-1,,,2.7206395594638852,-1.3328582477833566,-4.053497807247242
clr_total_mg_l_no3,BP1-8,,,-0.6141707180269842,-1.18148915809495,-0.5673184400679658
clr_total_mg_l_no3,BP2-1,,,0.9445623393790684,-1.3345479101016942,-2.2791102494807625
clr_total_mg_l_no3,BP3-1,,,1.032660400476348,-1.3372942214453831,-2.369954621921731
clr_total_mg_l_no3,BP3-8,,,-2.7309087771004092,-1.254384706402798,1.4765240706976113
clr_total_mg_l_no3,HV1-8,,,1.0654483825017969,-1.3871108777295442,-2.4525592602313413
clr_total_mg_l_no3,HV2-5,,,-0.2542712907835867,-1.091837741512801,-0.8375664507292144
clr_total_mg_l_no3,HV3-1,,,0.4009553720597623,-1.1852474108787308,-1.586202782938493
clr_total_mg_l_no3,HV3-9,,,0.8629260401242778,-1.3449969745124695,-2.207923014636747
clr_total_mg_l_no3,KR-1,,,0.980597713185602,-1.3720778464854932,-2.3526755596710953
clr_total_mg_l_no3,KR-2,,,0.8933463720754906,-1.297986691000406,-2.1913330630758967
clr_total_mg_l_no3,KR-4,,,0.1520751574470202,-1.2581078498274734,-1.4101830072744936
clr_total_mg_l_no3,MF1-1,,,-0.4344168770248018,-2.0430167578716976,-1.6085998808468958
clr_total_mg_l_no3,MF1-6,,,-2.219894217909195,-1.984627927749195,0.23526629016000022
clr_total_mg_l_no3,MF2-1,,,-2.221769083407954,-1.9802994523654165,0.2414696310425375
clr_total_mg_l_no3,MF3-1,,,-2.1044596320621047,-1.9836008432665302,0.12085878879557455
clr_total_mg_l_no3,MFX-2,,,-2.333684151744415,-2.010854535184104,0.3228296165603113
clr_total_mg_l_no3,MSP1-1,,,-1.4434621665423606,-1.0215744081614015,0.42188775838095904
clr_total_mg_l_no3,MSP1-4,,,-1.3284759422744157,-0.7958048839207212,0.5326710583536944
clr_total_mg_l_no3,MSP2-1,,,-1.4085357681662891,-1.0599146620906192,0.3486211060756699
clr_total_mg_l_no3,MSP3-1,,,-1.5716208659513953,-1.0180793051609096,0.5535415607904857
clr_total_mg_l_no3,MSP3-4,,,0.6836127204192146,-0.8567625079525071,-1.5403752283717216
clr_total_mg_l_no3,MW2-1,,,-1.395643419842684,-2.028696464939234,-0.6330530450965499
clr_total_mg_l_no3,NP1-1,,,-2.2437947021244127,-2.028119602434767,0.2156750996896455
clr_total_mg_l_no3,NP2-1,,,-1.9646168454845316,-2.1067010074998915,-0.1420841620153599
clr_total_mg_l_no3,NP3-1,,,-1.5756629764000432,-2.0372501564892027,-0.46158718008915955
clr_total_mg_l_no3,NP3-4,,,-1.8734844306237153,-2.040208617213389,-0.1667241865896738
clr_total_mg_l_no3,NP4-5,,,-1.507622027334874,-2.2283057918556937,-0.7206837645208197
clr_total_mg_l_no3,RM1-1,,,-4.865914092855271,-0.6499798841896894,4.2159342086655816
clr_total_mg_l_no3,RM1-8,,,3.538168101739459,-0.7041706821289916,-4.24233878386845
clr_total_mg_l_no3,RM2-1,,,-4.376982967517118,-0.6533775976267465,3.7236053698903713
clr_total_mg_l_no3,RM3-1,,,-0.7643933658605278,-0.6565744802876171,0.10781888557291064
clr_total_mg_l_no3,RM3-8,,,-1.243658779545259,-0.7212948316331902,0.5223639479120687
clr_total_mg_l_no3,SH1-1,,,0.7266534685017518,-1.0959936150114717,-1.8226470835132236
clr_total_mg_l_no3,SH1-6,,,2.0506643846462653,-1.0932657174508031,-3.1439301020970687
clr_total_mg_l_no3,SH2-1,,,0.8345631972269834,-1.0955600208086436,-1.930123218035627
clr_total_mg_l_no3,SH3-2,,,1.8991648193363293,-1.0855819307128454,-2.9847467500491747
clr_total_mg_l_no3,SH3-8,,,2.0222023320276854,-1.1123522864515878,-3.134554618479273
clr_total_mg_l_no3,TGV1-1,,,0.6994335911152652,-1.6635977863417666,-2.3630313774570317
clr_total_mg_l_no3,TGV1-8,,,-1.99798814101513,-1.1901561894764254,0.8078319515387045
clr_total_mg_l_no3,TGV2-1,,,0.538718423710578,-1.302841632218496,-1.841560055929074
clr_total_mg_l_no3,TGV3-1,,,-2.1479346387875413,-0.9279138610489962,1.220020777738545
clr_total_mg_l_no3,TGV3-9,,,0.7038210612139366,-1.2050144049010152,-1.9088354661149518
clr_total_mg_l_no3,TN1-1,,,1.6110228357336824,-1.3621757543122344,-2.973198590045917
clr_total_mg_l_no3,TN1-8,,,-3.2844671185059293,-1.5008118922358524,1.7836552262700769
clr_total_mg_l_no3,TN2-1,,,-0.1808497689357913,-1.392861999023386,-1.2120122300875946
clr_total_mg_l_no3,TN3-1,,,-0.0395977444323145,-1.3218958538633523,-1.2822981094310377
clr_total_mg_l_no3,TN3-5,,,-0.532528843152857,-1.4395131271454173,-0.9069842839925604
clr_total_mg_l_no3,CB-CMBjA1,,,-0.017059519562339,-0.6086330228213573,-0.5915735032590184
clr_total_mg_l_no3,CB-iH5,,,-0.5170824017413156,-0.8398952143619655,-0.32281281262064987
clr_total_mg_l_no3,VV-0,,,-1.5099694235995351,-0.5046857476505271,1.005283675949008
clr_total_mg_l_no3,VV-d,,,-2.424394262998702,-0.5046857476505271,1.9197085153481748
clr_total_mg_l_no3,VV-J,,,-2.088480694117222,-0.5046857476505271,1.583794946466695
clr_total_mg_l_no3,VV-L,,,-2.455945635879575,-0.5046857476505271,1.951259888229048
clr_total_mg_l_no3,WV-BA 1,,,-2.318199321655561,0.19947115640600288,2.517670478061564
clr_total_mg_l_no3,WV-UNN 1,,,-2.3207981469681314,-0.7853034090590512,1.5354947379090802
clr_total_mg_l_no3,WV-UNN 3,,,-1.977414324134981,-0.7853034090590512,1.19211091507593
clr_total_mg_l_no3,WV-UNN-2,,,-1.9452702294045456,-0.7853034090590512,1.1599668203454945
clr_total_mg_l_no3,WV-ZS 2,,,1.224950880662531,0.16689133276463589,-1.0580595478978951
clr_total_mg_l_po4,BS-607,,,-1.6955717884151649,-3.5293609078962738,-1.833789119481109
clr_total_mg_l_po4,BS-610,,,-2.532973434012203,-3.4922443845148448,-0.9592709505026416
clr_total_mg_l_po4,BS-618,,,-2.441871806407105,-3.535502220394882,-1.093630413987777
clr_total_mg_l_po4,BPS-1,,,-2.133982922879157,-3.2933827986986626,-1.1593998758195054
clr_total_mg_l_po4,BPS-18,,,-5.777695425138692,-3.3059824027581843,2.4717130223805075
clr_total_mg_l_po4,BPS-22,,,-5.780518570670576,-3.3234740146406443,2.457044556029932
clr_total_mg_l_po4,BPS-25,,,-4.506532326213258,-3.153787614889158,1.3527447113241
clr_total_mg_l_po4,BPS-5,,,-4.535025025170085,-3.152707275986476,1.382317749183609
clr_total_mg_l_po4,CK-20B,,,-2.7660669940277445,-2.5486029445029645,0.21746404952477993
clr_total_mg_l_po4,CK1-100B,,,-1.7980011125387358,-2.5132787914732466,-0.7152776789345108
clr_total_mg_l_po4,CK2-100A,,,-2.7716074042456573,-2.5132769824564334,0.25833042178922394
clr_total_mg_l_po4,CK2-100B,,,-2.0472662863913493,-2.5324817319062203,-0.48521544551487095
clr_total_mg_l_po4,CM-2 1,,,-5.024560600594061,-4.973681801849411,0.050878798744649956
clr_total_mg_l_po4,CM-4,,,-4.511463446060737,-5.074369454034063,-0.5629060079733259
clr_total_mg_l_po4,CM-PA 3-10,,,-4.949626977485309,-5.072417223405034,-0.12279024591972476
clr_total_mg_l_po4,CM-PA 30,,,-3.0336372577011277,-5.074369454034063,-2.040732196332935
clr_total_mg_l_po4,CM2 (OM),,,-4.669145317895518,-4.972986700436958,-0.30384138254143966
clr_total_mg_l_po4,LC1-5,,,-1.8582349230198256,-0.337472183261468,1.5207627397583576
clr_total_mg_l_po4,LGP (3-4),,,-2.7518432270245308,-0.30494130671098524,2.4469019203135454
clr_total_mg_l_po4,LGP (BA 1-3),,,-2.2070962672705057,-0.3376277961592007,1.869468471111305
clr_total_mg_l_po4,CR-0819,,,1.6033900450154914,-0.13906628812314925,-1.7424563331386407
clr_total_mg_l_po4,CR-0821,,,1.983498197108113,-0.13906628812314925,-2.122564485231262
clr_total_mg_l_po4,CR-0826,,,1.882811097123854,-0.13906628812314925,-2.021877385247003
clr_total_mg_l_po4,CR-0828,,,1.4549482513354723,-0.13906628812314925,-1.5940145394586216
clr_total_mg_l_po4,CR-0833,,,0.9299547605726416,-0.13906628812314925,-1.0690210486957907
clr_total_mg_l_po4,CS-CR2,,,0.2530481888234197,0.1622701162498772,-0.09077807257354248
clr_total_mg_l_po4,CS-CR5,,,1.1135132879306386,0.8524488354957712,-0.2610644524348674
clr_total_mg_l_po4,CS-CR7,,,1.7098492792719702,0.7545865884648363,-0.9552626908071339
clr_total_mg_l_po4,CS-CR9,,,-0.8054090308355346,0.7548078424541043,1.5602168732896389
clr_total_mg_l_po4,DS1(1-2),,,-6.095334642885521,-3.6299110632000935,2.4654235796854276
clr_total_mg_l_po4,DS2(1-2),,,-5.98663450046936,-3.4684478434588533,2.5181866570105065
clr_total_mg_l_po4,DA-1,,,-4.607189333100467,-1.8615362043020998,2.7456531287983674
clr_total_mg_l_po4,DA-3,,,-4.446191636121049,-1.8615362043020998,2.584655431818949
clr_total_mg_l_po4,DA-4,,,-5.586889071148789,-1.8615362043020998,3.7253528668466895
clr_total_mg_l_po4,DA-5,,,-5.519110597546485,-1.8615362043020998,3.657574393244385
clr_total_mg_l_po4,DA-6,,,-5.217473258481699,-1.8615362043020998,3.3559370541795994
clr_total_mg_l_po4,GE-A1-3,,,-2.0959346890585073,-2.5853393792932224,-0.4894046902347151
clr_total_mg_l_po4,GE-A2-2,,,-2.052987166324107,-2.5853186884018977,-0.5323315220777909
clr_total_mg_l_po4,GE-B1-3,,,-2.4286211747120072,-2.5851107422141815,-0.15648956750217424
clr_total_mg_l_po4,GE-C2-3,,,-2.330377623076345,-2.6294647852112294,-0.2990871621348843
clr_total_mg_l_po4,GE-C3-2,,,-2.1216485097832516,-2.6282006652675625,-0.5065521554843109
clr_total_mg_l_po4,HS-1,,,-2.2613641159014604,-1.6530813559081876,0.6082827599932727
clr_total_mg_l_po4,HS-2,,,0.5007395797796699,-1.6281973001413852,-2.128936879921055
clr_total_mg_l_po4,HS-3,,,-1.8317793173317505,-1.5219651087888744,0.3098142085428761
clr_total_mg_l_po4,HS-4,,,-1.723699439224332,-1.676948502708819,0.04675093651551321
clr_total_mg_l_po4,HS-7,,,-2.077918417650975,-1.795982661846949,0.2819357558040261
clr_total_mg_l_po4,HC-BA1,,,-3.9342838128129896,-3.5647770967892902,0.36950671602369933
clr_total_mg_l_po4,HC-BA2,,,-1.9018006784671484,-3.5718391220556325,-1.670038443588484
clr_total_mg_l_po4,HC-Z5-1,,,-4.160447189088094,-3.48387324900675,0.6765739400813442
clr_total_mg_l_po4,HC-ZS2,,,-5.3216690592701354,-3.625154503068384,1.6965145562017514
clr_total_mg_l_po4,HVY-4A,,,-2.507789823271437,-2.156177380198903,0.35161244307253403
clr_total_mg_l_po4,HVY-5A,,,-2.933505470139702,-2.156177380198903,0.777328089940799
clr_total_mg_l_po4,HVY-9054A,,,-2.5098423551173377,-2.3436444716826084,0.1661978834347293
clr_total_mg_l_po4,HVY-9062A,,,-2.7143199090787324,-2.3502122168852204,0.364107692193512
clr_total_mg_l_po4,HVY-9130A,,,-4.582631621334673,-2.2160715596801834,2.3665600616544893
clr_total_mg_l_po4,HD-10,,,-2.223808999121673,-2.336254919572859,-0.11244592045118607
clr_total_mg_l_po4,HD-14,,,-2.367574173225933,-2.366541167647778,0.0010330055781548886
clr_total_mg_l_po4,HD-6,,,-1.4414328718238631,-2.553420447493803,-1.1119875756699398
clr_total_mg_l_po4,HG-3,,,-1.7494449018060003,-2.6675217791710453,-0.918076877365045
clr_total_mg_l_po4,HG-54,,,-1.468605755288613,-2.355765769089589,-0.8871600138009759
clr_total_mg_l_po4,HG-6,,,-1.6287427280621734,-2.4844819724765843,-0.855739244414411
clr_total_mg_l_po4,HG-8,,,2.378132424475074,-1.70631038776292,-4.084442812237994
clr_total_mg_l_po4,HG-9,,,-1.5873065515775546,-2.2041681565571904,-0.6168616049796358
clr_total_mg_l_po4,HM-2,,,-1.379588824546346,-3.9846450251170467,-2.6050562005707008
clr_total_mg_l_po4,HM-3,,,-1.3017211989989668,-3.984633664476018,-2.682912465477051
clr_total_mg_l_po4,HM-5,,,-1.336394812992994,-3.967677094242791,-2.6312822812497974
clr_total_mg_l_po4,HM-6,,,-1.5142037859116384,-3.98332222578467,-2.4691184398730313
clr_total_mg_l_po4,LI-10,,,-2.6384969221244003,-0.7054317401685211,1.9330651819558793
clr_total_mg_l_po4,LI-11,,,-1.776733878621402,-0.7226842198006892,1.0540496588207127
clr_total_mg_l_po4,LI-12,,,-1.953104187422376,-0.7226842198006892,1.2304199676216867
clr_total_mg_l_po4,LI-13,,,-1.2906910948857415,-0.7226842198006892,0.5680068750850523
clr_total_mg_l_po4,LI-14,,,-1.9704702900698527,-0.7226842198006892,1.2477860702691634
clr_total_mg_l_po4,LI-15,,,-2.0418729253750283,-0.7226842198006892,1.319188705574339
clr_total_mg_l_po4,LI-4,,,-2.219332936161768,-0.7116125234759151,1.507720412685853
clr_total_mg_l_po4,LI-5,,,-2.1865771085185797,-0.7116125234759151,1.4749645850426645
clr_total_mg_l_po4,LI-6,,,-2.016858819332394,-0.7116125234759151,1.3052462958564788
clr_total_mg_l_po4,LI-9,,,-2.120196041798931,-0.7054317401685211,1.41476430163041
clr_total_mg_l_po4,LGP-BA LV8,,,-2.778902561083818,-2.5560325577040013,0.22287000337981677
clr_total_mg_l_po4,LV-14,,,-2.264027884720108,-2.5278848794258737,-0.26385699470576585
clr_total_mg_l_po4,LV-18,,,-2.7236190017068345,-2.5278848794258737,0.19573412228096077
clr_total_mg_l_po4,MD-BJA1,,,-6.148447650225114,-4.745429003822588,1.4030186464025256
clr_total_mg_l_po4,MD-UN11,,,-6.264625942528576,-4.7570614315626125,1.5075645109659632
clr_total_mg_l_po4,MD-UN6,,,-6.0546609377243765,-4.744981510314586,1.3096794274097903
clr_total_mg_l_po4,ME-A1-1,,,-3.2786266227879826,-2.5019756754272238,0.7766509473607588
clr_total_mg_l_po4,ME-A2-3,,,-2.7122486195683253,-2.5019756754272238,0.21027294414110154
clr_total_mg_l_po4,ME-B1-2,,,-2.377842506565982,-2.5009852716765506,-0.12314276511056876
clr_total_mg_l_po4,ME-c2-3,,,-2.572709487960559,-2.461751897511997,0.11095759044856202
clr_total_mg_l_po4,ME-C3-1,,,-2.58135926855611,-2.461751897511997,0.11960737104411301
clr_total_mg_l_po4,HK-1,,,-2.6313885909691797,-1.4967817944641593,1.1346067965050204
clr_total_mg_l_po4,HK-2,,,1.365405062092468,-1.4968189871714113,-2.8622240492638795
clr_total_mg_l_po4,HK-3,,,-1.7006642039329578,-1.4960340103853407,0.20463019354761713
clr_total_mg_l_po4,HK-4,,,-1.51997789263093,-1.3960998796663773,0.1238780129645527
clr_total_mg_l_po4,HK-5,,,-1.8879568329781784,-1.5733086177360214,0.314648215242157
clr_total_mg_l_po4,MK-A6,,,-2.0865667674271413,-1.60077409152973,0.4857926758974114
clr_total_mg_l_po4,MK-KYBjA6,,,-2.0938499069635084,-1.1840219946852975,0.9098279122782109
clr_total_mg_l_po4,MK-UN8,,,-2.1334428656426,-1.60077409152973,0.53266877411287
clr_total_mg_l_po4,MFP-A1,,,-2.4814081357368662,-3.4064668414317647,-0.9250587056948985
clr_total_mg_l_po4,MFP-A2,,,-2.6023995822926613,-3.4064668414317647,-0.8040672591391034
clr_total_mg_l_po4,MFP-AAA,,,-1.962422091186434,-3.072227379386909,-1.1098052882004747
clr_total_mg_l_po4,MFP-d,,,-2.853560021726032,-3.408998654417588,-0.5554386326915561
clr_total_mg_l_po4,MS-11,,,-1.7584951254149144,-3.0473237576198735,-1.2888286322049591
clr_total_mg_l_po4,MS-12,,,-1.7832778523931232,-3.0473237576198735,-1.2640459052267503
clr_total_mg_l_po4,MS-5,,,-1.9562349772870875,-3.0473237576198735,-1.091088780332786
clr_total_mg_l_po4,MS-7,,,-1.8242561210095272,-3.0473237576198735,-1.2230676366103463
clr_total_mg_l_po4,ON-10,,,-2.5281785226317903,-3.116645510631874,-0.5884669880000835
clr_total_mg_l_po4,OR-4,,,-5.63702073439719,-3.4234504025550208,2.213570331842169
clr_total_mg_l_po4,OR-8,,,-3.2541574774348314,-3.3263519539430435,-0.07219447650821209
clr_total_mg_l_po4,AV1-1,,,-5.39729351896835,-3.0707129668153947,2.3265805521529557
clr_total_mg_l_po4,AV1-8,,,-4.514440982669055,-3.128993693065707,1.385447289603348
clr_total_mg_l_po4,AV2-1,,,-5.370456610320808,-3.1220811280451186,2.2483754822756894
clr_total_mg_l_po4,AV3-1,,,-4.695029846897885,-3.166287570546069,1.528742276351816
clr_total_mg_l_po4,AV3-7,,,-2.4415559043988404,-3.24788029833297,-0.8063243939341298
clr_total_mg_l_po4,BP1-1,,,-4.589362320451035,-3.1414965081153983,1.4478658123356367
clr_total_mg_l_po4,BP1-8,,,-2.867565566830258,-3.314220839251484,-0.4466552724212258
clr_total_mg_l_po4,BP2-1,,,-4.4062525961267225,-3.1583584003330483,1.2478941957936742
clr_total_mg_l_po4,BP3-1,,,-6.133373886588254,-3.139957002127941,2.9934168844603133
clr_total_mg_l_po4,BP3-8,,,-2.7309087771004092,-3.2469322684860593,-0.5160234913856501
clr_total_mg_l_po4,HV1-8,,,-2.769261519823679,-3.216755274923931,-0.44749375510025224
clr_total_mg_l_po4,HV2-5,,,-3.8090477603740425,-3.532962772439101,0.2760849879349414
clr_total_mg_l_po4,HV3-1,,,-6.082457743044522,-3.244768551678565,2.8376891913659565
clr_total_mg_l_po4,HV3-9,,,-2.0591596932614147,-3.3478043139190894,-1.2886446206576747
clr_total_mg_l_po4,KR-1,,,-3.7856703931448177,-2.6753878459086766,1.110282547236141
clr_total_mg_l_po4,KR-2,,,-6.631970100509997,-2.58197911298635,4.049990987523646
clr_total_mg_l_po4,KR-4,,,-2.886716605567418,-2.4438933679949493,0.44282323757246855
clr_total_mg_l_po4,MF1-1,,,-2.7685006370782186,-1.4460900322659769,1.3224106048122417
clr_total_mg_l_po4,MF1-6,,,-2.219894217909195,-1.4186045176384456,0.8012897002707495
clr_total_mg_l_po4,MF2-1,,,-2.221769083407954,-1.3894944013646342,0.8322746820433198
clr_total_mg_l_po4,MF3-1,,,-2.1044596320621047,-1.4049047176576286,0.6995549144044761
clr_total_mg_l_po4,MFX-2,,,-0.1409139247575761,-1.3486124784552382,-1.207698553697662
clr_total_mg_l_po4,MSP1-1,,,-1.4434621665423606,-2.2054294532024996,-0.761967286660139
clr_total_mg_l_po4,MSP1-4,,,-1.3284759422744157,-2.0125971441787396,-0.6841212019043239
clr_total_mg_l_po4,MSP2-1,,,-1.4085357681662891,-2.1324068203691646,-0.7238710522028755
clr_total_mg_l_po4,MSP3-1,,,-1.5716208659513953,-2.1075597264122115,-0.5359388604608162
clr_total_mg_l_po4,MSP3-4,,,-2.494441109928731,-2.0537973554567173,0.44064375447201387
clr_total_mg_l_po4,MW2-1,,,-1.395643419842684,-1.298120555181483,0.09752286466120097
clr_total_mg_l_po4,NP1-1,,,-2.2437947021244127,-1.4654390499096137,0.778355652214799
clr_total_mg_l_po4,NP2-1,,,-1.9646168454845316,-1.4669224566220094,0.49769438886252226
clr_total_mg_l_po4,NP3-1,,,-1.5756629764000432,-1.4217776267329454,0.15388534966709777
clr_total_mg_l_po4,NP3-4,,,-1.8734844306237153,-1.4454374809596207,0.4280469496640946
clr_total_mg_l_po4,NP4-5,,,-1.507622027334874,-1.529958287088816,-0.022336259753942045
clr_total_mg_l_po4,RM1-1,,,-4.865914092855271,-3.561875348551009,1.304038744304262
clr_total_mg_l_po4,RM1-8,,,-3.0092770626413707,-3.5459931721279085,-0.5367161094865378
clr_total_mg_l_po4,RM2-1,,,-4.376982967517118,-3.5553944685120613,0.8215884990050566
clr_total_mg_l_po4,RM3-1,,,-4.751152717402691,-3.55289448083588,1.198258236566811
clr_total_mg_l_po4,RM3-8,,,-4.984181466811034,-3.5281493388144125,1.4560321279966213
clr_total_mg_l_po4,SH1-1,,,-6.147338180327576,-2.744511928797492,3.4028262515300844
clr_total_mg_l_po4,SH1-6,,,-4.880846482690268,-2.818028221157975,2.062818261532293
clr_total_mg_l_po4,SH2-1,,,-5.363590263123248,-2.743762918168082,2.619827344955166
clr_total_mg_l_po4,SH3-2,,,-6.128722854147487,-2.7460501231143337,3.382672731033153
clr_total_mg_l_po4,SH3-8,,,-5.600344195572268,-2.837651255627581,2.7626929399446873
clr_total_mg_l_po4,TGV1-1,,,-6.588058647402305,-2.3770824024271766,4.210976244975129
clr_total_mg_l_po4,TGV1-8,,,-1.99798814101513,-3.5352280729484917,-1.5372399319333618
clr_total_mg_l_po4,TGV2-1,,,-2.9805582460171784,-3.2823743672081744,-0.301816121190996
clr_total_mg_l_po4,TGV3-1,,,-5.206641711502921,-3.071854477526866,2.1347872339760547
clr_total_mg_l_po4,TGV3-9,,,-2.2161094989237724,-3.6345603597561684,-1.418450860832396
clr_total_mg_l_po4,TN1-1,,,-6.526466557197288,-3.2993719148732157,3.2270946423240727
clr_total_mg_l_po4,TN1-8,,,-3.2844671185059293,-3.1843360622057917,0.10013105630013763
clr_total_mg_l_po4,TN2-1,,,-3.759914357042521,-3.339288462558251,0.42062589448427
clr_total_mg_l_po4,TN3-1,,,-1.4087058608467946,-3.276906009761515,-1.8682001489147204
clr_total_mg_l_po4,TN3-5,,,-3.4853536156955713,-2.75183359419861,0.7335200214969615
clr_total_mg_l_po4,CB-CMBjA1,,,-3.149069411408878,-3.1519557040540747,-0.0028862926451966864
clr_total_mg_l_po4,CB-iH5,,,-2.635744656574433,-2.843518419615071,-0.20777376304063822
clr_total_mg_l_po4,VV-0,,,-1.5099694235995351,-3.436744062091375,-1.92677463849184
clr_total_mg_l_po4,VV-d,,,-2.424394262998702,-3.436744062091375,-1.0123497990926733
clr_total_mg_l_po4,VV-J,,,-2.088480694117222,-3.436744062091375,-1.3482633679741531
clr_total_mg_l_po4,VV-L,,,-2.455945635879575,-3.436744062091375,-0.9807984262118001
clr_total_mg_l_po4,WV-BA 1,,,-2.318199321655561,-4.116104200473272,-1.7979048788177106
clr_total_mg_l_po4,WV-UNN 1,,,-2.3207981469681314,-3.260274310800509,-0.9394761638323774
clr_total_mg_l_po4,WV-UNN 3,,,-1.977414324134981,-3.260274310800509,-1.2828599866655277
clr_total_mg_l_po4,WV-UNN-2,,,-1.9452702294045456,-3.260274310800509,-1.3150040813959631
clr_total_mg_l_po4,WV-ZS 2,,,-3.2944435283041567,-4.141666425395936,-0.8472228970917794
clr_total_mg_l_so4,BS-607,,,2.9095983975729265,2.7210793401363684,-0.18851905743655806
clr_total_mg_l_so4,BS-610,,,2.0721967519758877,2.767957790355126,0.6957610383792381
clr_total_mg_l_so4,BS-618,,,2.1632983795809864,2.724761046114274,0.5614626665332878
clr_total_mg_l_so4,BPS-1,,,2.471187263108934,2.8176000305836477,0.3464127674747135
clr_total_mg_l_so4,BPS-18,,,4.364040228480398,2.7010112247969413,-1.663029003683457
clr_total_mg_l_so4,BPS-22,,,4.42470261707529,2.7378541012464814,-1.686848515828809
clr_total_mg_l_so4,BPS-25,,,3.766217065718066,2.4922538142894637,-1.2739632514286021
clr_total_mg_l_so4,BPS-5,,,0.0701451608180065,2.4916501551665577,2.421504994348551
clr_total_mg_l_so4,CK-20B,,,1.8391031919603469,2.2500900901596874,0.41098689819934053
clr_total_mg_l_so4,CK1-100B,,,2.807169073449355,2.243662047375155,-0.5635070260742001
clr_total_mg_l_so4,CK2-100A,,,1.833562781742434,2.2436627240642633,0.4100999423218292
clr_total_mg_l_so4,CK2-100B,,,2.557903899596742,2.2385875981878547,-0.31931630140888734
clr_total_mg_l_so4,CM-2 1,,,2.8701227954616257,3.561323231175804,0.6912004357141783
clr_total_mg_l_so4,CM-4,,,2.333692763164878,3.6629451285576833,1.3292523653928052
clr_total_mg_l_so4,CM-PA 3-10,,,3.238756544711727,3.663460130685331,0.42470358597360436
clr_total_mg_l_so4,CM-PA 30,,,1.5715329282869637,3.6629451285576833,2.0914122002707196
clr_total_mg_l_so4,CM2 (OM),,,-0.0639751319074268,3.560675722271748,3.624650854179175
clr_total_mg_l_so4,LC1-5,,,2.7469352629682655,1.8357463783341508,-0.9111888846341147
clr_total_mg_l_so4,LGP (3-4),,,1.8533269589635608,1.8189714590323665,-0.034355499931194355
clr_total_mg_l_so4,LGP (BA 1-3),,,2.3980739187175857,1.8358281340818874,-0.5622457846356983
clr_total_mg_l_so4,CR-0819,,,-0.0413377881970564,2.058940166158692,2.1002779543557484
clr_total_mg_l_so4,CR-0821,,,-0.5633968500139557,2.058940166158692,2.6223370161726476
clr_total_mg_l_so4,CR-0826,,,1.423070976351542,2.058940166158692,0.63586918980715
clr_total_mg_l_so4,CR-0828,,,2.4546537621997633,2.058940166158692,-0.39571359604107137
clr_total_mg_l_so4,CR-0833,,,0.2946485797025464,2.058940166158692,1.7642915864561455
clr_total_mg_l_so4,CS-CR2,,,2.250691096127454,1.6647362633322718,-0.5859548327951825
clr_total_mg_l_so4,CS-CR5,,,1.569967380776106,1.2247195276724117,-0.34524785310369444
clr_total_mg_l_so4,CS-CR7,,,2.3778449427041597,1.265894764996831,-1.1119501777073286
clr_total_mg_l_so4,CS-CR9,,,0.6208743385007192,1.265745595198608,0.6448712566978889
clr_total_mg_l_so4,DS1(1-2),,,4.065648417859504,2.821796631603624,-1.2438517862558798
clr_total_mg_l_so4,DS2(1-2),,,4.264010851313658,2.7526416944924144,-1.5113691568212433
clr_total_mg_l_so4,DA-1,,,2.9393308555484188,2.5987012918591827,-0.340629563689236
clr_total_mg_l_so4,DA-3,,,0.1589785498670419,2.5987012918591827,2.439722741992141
clr_total_mg_l_so4,DA-4,,,1.959831716129308,2.5987012918591827,0.6388695757298748
clr_total_mg_l_so4,DA-5,,,-0.9139404115583932,2.5987012918591827,3.512641703417576
clr_total_mg_l_so4,DA-6,,,2.473169351558769,2.5987012918591827,0.1255319403004136
clr_total_mg_l_so4,GE-A1-3,,,2.509235496929584,2.1574642875462633,-0.35177120938332074
clr_total_mg_l_so4,GE-A2-2,,,2.5521830196639845,2.157483345391035,-0.3946996742729496
clr_total_mg_l_so4,GE-B1-3,,,2.1765490112760837,2.1501697806052977,-0.026379230670785958
clr_total_mg_l_so4,GE-C2-3,,,2.2747925629117463,2.091099758404012,-0.1836928045077344
clr_total_mg_l_so4,GE-C3-2,,,2.48352167620484,2.098665789594079,-0.3848558866107612
clr_total_mg_l_so4,HS-1,,,2.3438060700866306,2.5605687727242397,0.2167627026376091
clr_total_mg_l_so4,HS-2,,,2.4498548597839314,2.5797694166908394,0.129914556906908
clr_total_mg_l_so4,HS-3,,,2.7733908686563407,2.689275859309164,-0.08411500934717653
clr_total_mg_l_so4,HS-4,,,2.8814707467637595,2.5660817290595523,-0.31538901770420713
clr_total_mg_l_so4,HS-7,,,2.5272517683371163,2.6749796147809635,0.14772784644384718
clr_total_mg_l_so4,HC-BA1,,,3.2603181898142464,3.105099459605032,-0.1552187302092145
clr_total_mg_l_so4,HC-BA2,,,2.703369507520943,3.1050396618438385,0.40167015432289555
clr_total_mg_l_so4,HC-Z5-1,,,3.002306833852111,3.0222718504121664,0.01996501656005556
clr_total_mg_l_so4,HC-ZS2,,,3.3587036434116904,3.069454803859943,-0.2892488395517474
clr_total_mg_l_so4,HVY-4A,,,2.0973803627166543,2.3110996573737603,0.21371929465710604
clr_total_mg_l_so4,HVY-5A,,,1.6716647158483893,2.3110996573737603,0.6394349415253711
clr_total_mg_l_so4,HVY-9054A,,,2.0953278308707537,2.2615257143054843,0.16619788343473063
clr_total_mg_l_so4,HVY-9062A,,,1.890850276909359,2.2549579691028705,0.3641076921935116
clr_total_mg_l_so4,HVY-9130A,,,4.090302984020175,2.2221157194158856,-1.8681872646042894
clr_total_mg_l_so4,HD-10,,,2.3813611868664184,2.457284474992818,0.07592328812639959
clr_total_mg_l_so4,HD-14,,,2.237596012762159,2.4407615266926723,0.20316551393051352
clr_total_mg_l_so4,HD-6,,,3.163737314164228,2.475162958440447,-0.6885743557237811
clr_total_mg_l_so4,HG-3,,,2.855725284182091,2.2878724990278885,-0.5678527851542023
clr_total_mg_l_so4,HG-54,,,3.136564430699478,2.5014858395098263,-0.6350785911896519
clr_total_mg_l_so4,HG-6,,,2.976427457925918,2.229965219699296,-0.7464622382266217
clr_total_mg_l_so4,HG-8,,,2.5615746089377316,2.7813026554240246,0.21972804648629296
clr_total_mg_l_so4,HG-9,,,3.0178636344105367,2.5953612906405357,-0.42250234377000107
clr_total_mg_l_so4,HM-2,,,3.225581361441745,3.0857783777925234,-0.1398029836492216
clr_total_mg_l_so4,HM-3,,,3.3034489869891246,3.0857723386002363,-0.21767664838888834
clr_total_mg_l_so4,HM-5,,,3.2687753729950972,3.103870719740265,-0.1649046532548324
clr_total_mg_l_so4,HM-6,,,3.0909664000764527,3.0883435348621107,-0.002622865214342074
clr_total_mg_l_so4,LI-10,,,1.966673263863691,1.9019350140020035,-0.06473824986168752
clr_total_mg_l_so4,LI-11,,,2.8284363073666894,1.8640264692915949,-0.9644098380750945
clr_total_mg_l_so4,LI-12,,,2.652065998565715,1.8640264692915949,-0.78803952927412
clr_total_mg_l_so4,LI-13,,,3.3144790911023496,1.8640264692915949,-1.4504526218107547
clr_total_mg_l_so4,LI-14,,,2.6346998959182386,1.8640264692915949,-0.7706734266266437
clr_total_mg_l_so4,LI-15,,,2.563297260613063,1.8640264692915949,-0.6992707913214682
clr_total_mg_l_so4,LI-4,,,2.3858372498263227,1.9053182987816364,-0.48051895104468634
clr_total_mg_l_so4,LI-5,,,2.4185930774695117,1.9053182987816364,-0.5132747786878753
clr_total_mg_l_so4,LI-6,,,2.588311366655697,1.9053182987816364,-0.6829930678740606
clr_total_mg_l_so4,LI-9,,,2.4849741441891604,1.9019350140020035,-0.5830391301871569
clr_total_mg_l_so4,LGP-BA LV8,,,1.8262676249042733,2.3001808425289783,0.47391321762470495
clr_total_mg_l_so4,LV-14,,,2.3411423012679835,2.3475545238330873,0.0064122225651037645
clr_total_mg_l_so4,LV-18,,,1.881551184281257,2.3475545238330873,0.4660033395518304
clr_total_mg_l_so4,MD-BJA1,,,4.041705708539165,2.9772906700962425,-1.064415038442923
clr_total_mg_l_so4,MD-UN11,,,3.812545132843323,3.031523709478283,-0.7810214233650399
clr_total_mg_l_so4,MD-UN6,,,3.604242345262694,2.98083004925532,-0.6234122960073742
clr_total_mg_l_so4,ME-A1-1,,,1.3265435632001088,2.2973900844958686,0.9708465212957598
clr_total_mg_l_so4,ME-A2-3,,,1.892921566419766,2.2973900844958686,0.4044685180761025
clr_total_mg_l_so4,ME-B1-2,,,2.2273276794221095,2.2944335963313223,0.06710591690921275
clr_total_mg_l_so4,ME-c2-3,,,2.032460698027532,2.299963375653736,0.26750267762620394
clr_total_mg_l_so4,ME-C3-1,,,2.023810917431981,2.299963375653736,0.27615245822175494
clr_total_mg_l_so4,HK-1,,,1.9737815950189117,2.6004101675833757,0.626628572564464
clr_total_mg_l_so4,HK-2,,,2.0960464470799938,2.6004324473832976,0.5043860003033038
clr_total_mg_l_so4,HK-3,,,2.9045059820551336,2.5999562766610036,-0.30454970539412995
clr_total_mg_l_so4,HK-4,,,3.0851922933571614,2.600359140687789,-0.4848331526693723
clr_total_mg_l_so4,HK-5,,,2.717213353009913,2.6056920830779102,-0.11152126993200273
clr_total_mg_l_so4,MK-A6,,,2.51860341856095,2.6156143927631175,0.09701097420216742
clr_total_mg_l_so4,MK-KYBjA6,,,2.5113202790245825,2.5591509035491824,0.04783062452459985
clr_total_mg_l_so4,MK-UN8,,,2.471727320345491,2.6156143927631175,0.14388707241762644
clr_total_mg_l_so4,MFP-A1,,,2.1237620502512247,2.1729862699518825,0.04922421970065782
clr_total_mg_l_so4,MFP-A2,,,2.0027706036954296,2.1729862699518825,0.1702156662564529
clr_total_mg_l_so4,MFP-AAA,,,2.6427480948016573,2.227886280735863,-0.4148618140657945
clr_total_mg_l_so4,MFP-d,,,1.7516101642620594,2.171767073721125,0.4201569094590658
clr_total_mg_l_so4,MS-11,,,2.846675060573177,2.3037262821998175,-0.5429487783733595
clr_total_mg_l_so4,MS-12,,,2.8218923335949677,2.3037262821998175,-0.5181660513951503
clr_total_mg_l_so4,MS-5,,,2.648935208701004,2.3037262821998175,-0.3452089265011864
clr_total_mg_l_so4,MS-7,,,2.780914064978564,2.3037262821998175,-0.4771877827787465
clr_total_mg_l_so4,ON-10,,,2.076991663356301,2.3988682613776113,0.3218765980213103
clr_total_mg_l_so4,OR-4,,,3.7769671705876817,2.607235929569574,-1.1697312410181078
clr_total_mg_l_so4,OR-8,,,1.35101270855326,2.514774226530556,1.1637615179772962
clr_total_mg_l_so4,AV1-1,,,2.80607620509395,2.744700335554743,-0.06137586953920682
clr_total_mg_l_so4,AV1-8,,,4.079187185609836,2.8190551308425924,-1.2601320547672437
clr_total_mg_l_so4,AV2-1,,,4.400245556972369,2.8161463399001025,-1.584099217072266
clr_total_mg_l_so4,AV3-1,,,3.119297086364143,2.7351389341664927,-0.38415815219765026
clr_total_mg_l_so4,AV3-7,,,2.1636142815892505,2.848913389656383,0.6852991080671327
clr_total_mg_l_so4,BP1-1,,,4.613709700945473,2.822950345321095,-1.7907593556243784
clr_total_mg_l_so4,BP1-8,,,1.7376046191578332,2.8720211599441,1.1344165407862667
clr_total_mg_l_so4,BP2-1,,,4.053188593546414,2.8322006748611264,-1.2209879186852879
clr_total_mg_l_so4,BP3-1,,,4.145033652227877,2.82312769161169,-1.3219059606161867
clr_total_mg_l_so4,BP3-8,,,1.874261408887682,2.8596649695312597,0.9854035606435778
clr_total_mg_l_so4,HV1-8,,,1.8359086661644124,2.95601343721852,1.1201047710541077
clr_total_mg_l_so4,HV2-5,,,3.689932709442656,2.881614665030986,-0.8083180444116698
clr_total_mg_l_so4,HV3-1,,,4.179111862987186,2.7600657517598175,-1.419046111227369
clr_total_mg_l_so4,HV3-9,,,2.546010492726676,3.013177751066344,0.4671672583396682
clr_total_mg_l_so4,KR-1,,,3.227075333028257,2.614981660826258,-0.6120936722019992
clr_total_mg_l_so4,KR-2,,,3.732154223914928,2.4863290682590997,-1.2458251556558282
clr_total_mg_l_so4,KR-4,,,1.7184535804206735,2.595438460174315,0.8769848797536413
clr_total_mg_l_so4,MF1-1,,,3.946397783194581,2.5621534281163956,-1.3842443550781853
clr_total_mg_l_so4,MF1-6,,,2.385275968078896,2.6205422582388964,0.23526629016000022
clr_total_mg_l_so4,MF2-1,,,2.383401102580138,2.6248707336226738,0.24146963104253594
clr_total_mg_l_so4,MF3-1,,,2.500710553925986,2.621569342721562,0.12085878879557566
clr_total_mg_l_so4,MFX-2,,,2.271486034243676,2.5943156508039866,0.32282961656031084
clr_total_mg_l_so4,MSP1-1,,,3.1617080194457308,2.4817833290225915,-0.6799246904231393
clr_total_mg_l_so4,MSP1-4,,,3.276694243713676,2.35998423520748,-0.9167100085061959
clr_total_mg_l_so4,MSP2-1,,,3.1966344178218016,2.4684983161935086,-0.728136101628293
clr_total_mg_l_so4,MSP3-1,,,3.0335493200366956,2.501742244571738,-0.5318070754649575
clr_total_mg_l_so4,MSP3-4,,,2.11072907605936,2.4349698521995142,0.324240776140154
clr_total_mg_l_so4,MW2-1,,,3.209526766145407,2.576473721048858,-0.633053045096549
clr_total_mg_l_so4,NP1-1,,,2.3613754838636787,2.577050583553325,0.21567509968964638
clr_total_mg_l_so4,NP2-1,,,2.6405533405035597,2.4984691784881994,-0.14208416201536034
clr_total_mg_l_so4,NP3-1,,,3.029507209588048,2.5679200294988878,-0.4615871800891602
clr_total_mg_l_so4,NP3-4,,,2.731685755364376,2.564961568774702,-0.16672418658967425
clr_total_mg_l_so4,NP4-5,,,3.0975481586532174,2.415489315776718,-0.6820588428764993
clr_total_mg_l_so4,RM1-1,,,4.953935296095346,2.612034561874954,-2.341900734220392
clr_total_mg_l_so4,RM1-8,,,1.5958931233467206,2.628081356643806,1.0321882332970853
clr_total_mg_l_so4,RM2-1,,,0.2281872184709734,2.6154248869890737,2.3872376685181003
clr_total_mg_l_so4,RM3-1,,,4.220128113193882,2.613718577934099,-1.606409535259783
clr_total_mg_l_so4,RM3-8,,,4.398901395512109,2.6346606633577028,-1.764240732154406
clr_total_mg_l_so4,SH1-1,,,4.392223429408858,2.572411150567869,-1.8198122788409892
clr_total_mg_l_so4,SH1-6,,,3.934912339804724,2.6488434115975856,-1.2860689282071385
clr_total_mg_l_so4,SH2-1,,,4.477197077548949,2.569102248391738,-1.908094829157211
clr_total_mg_l_so4,SH3-2,,,4.376782397832219,2.567588730231838,-1.8091936676003813
clr_total_mg_l_so4,SH3-8,,,4.12425111334814,2.634129378412609,-1.490121734935531
clr_total_mg_l_so4,TGV1-1,,,3.842621260260093,2.505492257517402,-1.337129002742691
clr_total_mg_l_so4,TGV1-8,,,2.6071820449729612,2.884080580020943,0.27689853504798156
clr_total_mg_l_so4,TGV2-1,,,1.624611939970913,2.832561816841185,1.207949876870272
clr_total_mg_l_so4,TGV3-1,,,4.462594576857589,2.2610069437457794,-2.20158763311181
clr_total_mg_l_so4,TGV3-9,,,2.389060687064319,2.8300653736148886,0.4410046865505697
clr_total_mg_l_so4,TN1-1,,,3.8593298537542142,2.833575834399261,-1.0257540193549533
clr_total_mg_l_so4,TN1-8,,,3.4936577206604444,2.817916016402752,-0.6757417042576925
clr_total_mg_l_so4,TN2-1,,,0.8452558289455703,2.858829352480318,2.0135735235347476
clr_total_mg_l_so4,TN3-1,,,3.361554493560104,2.7432715032529815,-0.6182829903071223
clr_total_mg_l_so4,TN3-5,,,1.11981657029252,2.6976371959289045,1.5778206256363845
clr_total_mg_l_so4,CB-CMBjA1,,,1.4561007745792134,3.068983049909481,1.6128822753302674
clr_total_mg_l_so4,CB-iH5,,,1.9694255294136584,2.8463955711428475,0.876970041729189
clr_total_mg_l_so4,VV-0,,,3.095200762388556,2.990683746649895,-0.10451701573866101
clr_total_mg_l_so4,VV-d,,,2.1807759229893895,2.990683746649895,0.8099078236605055
clr_total_mg_l_so4,VV-J,,,2.516689491870869,2.990683746649895,0.4739942547790261
clr_total_mg_l_so4,VV-L,,,2.1492245501085163,2.990683746649895,0.8414591965413787
clr_total_mg_l_so4,WV-BA 1,,,2.28697086433253,2.8912969676496365,0.6043261033171063
clr_total_mg_l_so4,WV-UNN 1,,,2.28437203901996,2.9215944721678917,0.6372224331479317
clr_total_mg_l_so4,WV-UNN 3,,,2.6277558618531103,2.9215944721678917,0.2938386103147814
clr_total_mg_l_so4,WV-UNN-2,,,2.659899956583546,2.9215944721678917,0.26169451558434575
clr_total_mg_l_so4,WV-ZS 2,,,1.3107266576839347,2.9405956871758008,1.629869029491866
clr_total_mg_l_ca2,BS-607,,,1.5136576594012303,1.6065586797085216,0.0929010203072913
clr_total_mg_l_ca2,BS-610,,,0.082961478182201,1.6352140571530016,1.5522525789708006
clr_total_mg_l_ca2,BS-618,,,1.052815918342389,1.6087992043182524,0.5559832859758633
clr_total_mg_l_ca2,BPS-1,,,1.3841082102544977,1.9921268582411928,0.6080186479866951
clr_total_mg_l_ca2,BPS-18,,,3.6066032959650247,1.4802790469537912,-2.1263242490112333
clr_total_mg_l_ca2,BPS-22,,,3.618292745136303,1.5404415672453085,-2.0778511778909947
clr_total_mg_l_ca2,BPS-25,,,1.6653352718660477,1.77583822951604,0.1105029576499923
clr_total_mg_l_ca2,BPS-5,,,2.9880239951671337,1.775204486297366,-1.2128195088697677
clr_total_mg_l_ca2,CK-20B,,,2.206520232430982,1.86468310020867,-0.34183713222231193
clr_total_mg_l_ca2,CK1-100B,,,1.5884209835412648,1.8224469678942066,0.23402598435294175
clr_total_mg_l_ca2,CK2-100A,,,2.370991387302959,1.8224477045935603,-0.5485436827093988
clr_total_mg_l_ca2,CK2-100B,,,3.052112217539295,1.8570779441004146,-1.1950342734388806
clr_total_mg_l_ca2,CM-2 1,,,1.1996413294994523,2.75852641551849,1.5588850860190377
clr_total_mg_l_ca2,CM-4,,,1.8684895849482928,2.9087537630584133,1.0402641781101205
clr_total_mg_l_ca2,CM-PA 3-10,,,1.262417838533718,2.9061195774603297,1.6437017389266118
clr_total_mg_l_ca2,CM-PA 30,,,1.7055392081346978,2.9087537630584133,1.2032145549237154
clr_total_mg_l_ca2,CM2 (OM),,,2.1007262537232325,2.760124995811949,0.6593987420887166
clr_total_mg_l_ca2,LC1-5,,,0.9643337315249758,0.4447293172655451,-0.5196044142594307
clr_total_mg_l_ca2,LGP (3-4),,,-0.455276206356048,0.4100607881265122,0.8653369944825602
clr_total_mg_l_ca2,LGP (BA 1-3),,,0.3532270218022486,0.44489955913816637,0.09167253733591779
clr_total_mg_l_ca2,CR-0819,,,-0.7616506368297711,-0.2267548436077823,0.5348957932219888
clr_total_mg_l_ca2,CR-0821,,,-0.2144315491452761,-0.2267548436077823,-0.012323294462506212
clr_total_mg_l_ca2,CR-0826,,,-1.7057777101177796,-0.2267548436077823,1.4790228665099971
clr_total_mg_l_ca2,CR-0828,,,-1.8338081429357296,-0.2267548436077823,1.6070532993279474
clr_total_mg_l_ca2,CR-0833,,,-1.4726134179251211,-0.2267548436077823,1.2458585743173387
clr_total_mg_l_ca2,CS-CR2,,,-1.0924695229338468,-0.12263964798550718,0.9698298749483396
clr_total_mg_l_ca2,CS-CR5,,,-0.7332449555043512,-0.6551636856193208,0.07808126988503039
clr_total_mg_l_ca2,CS-CR7,,,-1.0611107502882635,-0.5697708686719742,0.4913398816162893
clr_total_mg_l_ca2,CS-CR9,,,-1.1676902398308164,-0.5699394971788064,0.59775074265201
clr_total_mg_l_ca2,DS1(1-2),,,3.2173547146403516,2.030609616334579,-1.1867450983057726
clr_total_mg_l_ca2,DS2(1-2),,,3.3646844647663956,1.4601339592571492,-1.9045505055092464
clr_total_mg_l_ca2,DA-1,,,2.148137116152684,1.5635833136310147,-0.5845538025216694
clr_total_mg_l_ca2,DA-3,,,2.234863775344101,1.5635833136310147,-0.6712804617130865
clr_total_mg_l_ca2,DA-4,,,2.4737898984835125,1.5635833136310147,-0.9102065848524978
clr_total_mg_l_ca2,DA-5,,,2.50402230976965,1.5635833136310147,-0.9404389961386352
clr_total_mg_l_ca2,DA-6,,,2.5868026045509493,1.5635833136310147,-1.0232192909199347
clr_total_mg_l_ca2,GE-A1-3,,,1.2945387292406725,2.1228445384602197,0.8283058092195472
clr_total_mg_l_ca2,GE-A2-2,,,1.0515995121419666,2.1228395407811034,1.0712400286391368
clr_total_mg_l_ca2,GE-B1-3,,,1.1232924243287716,2.130113794709925,1.0068213703811535
clr_total_mg_l_ca2,GE-C2-3,,,2.194449810229208,2.1366546752778204,-0.05779513495138744
clr_total_mg_l_ca2,GE-C3-2,,,1.1287259821443203,2.1344890648601433,1.005763082715823
clr_total_mg_l_ca2,HS-1,,,2.5264609046707065,1.8989256369429879,-0.6275352677277186
clr_total_mg_l_ca2,HS-2,,,2.6594672768137895,1.953788155455772,-0.7056791213580176
clr_total_mg_l_ca2,HS-3,,,3.092280868232315,1.677824462360797,-1.414456405871518
clr_total_mg_l_ca2,HS-4,,,3.200796824550002,1.8753378550351982,-1.3254589695148038
clr_total_mg_l_ca2,HS-7,,,2.524447841004382,1.6609048226188958,-0.8635430183854862
clr_total_mg_l_ca2,HC-BA1,,,1.3547909723681149,1.6333494563358049,0.27855848396769
clr_total_mg_l_ca2,HC-BA2,,,0.6616090328087956,1.6346375409032643,0.9730285080944687
clr_total_mg_l_ca2,HC-Z5-1,,,1.040588054653389,1.5599633990188904,0.5193753443655014
clr_total_mg_l_ca2,HC-ZS2,,,2.35318064522403,1.6058822801154795,-0.7472983651085503
clr_total_mg_l_ca2,HVY-4A,,,2.475268703054585,1.8461387963583393,-0.6291299066962457
clr_total_mg_l_ca2,HVY-5A,,,1.9423023536909123,1.8461387963583393,-0.09616355733257298
clr_total_mg_l_ca2,HVY-9054A,,,2.2984319268472366,1.9286263291153498,-0.3698055977318868
clr_total_mg_l_ca2,HVY-9062A,,,2.3873741159644903,1.7676852795011178,-0.6196888364633726
clr_total_mg_l_ca2,HVY-9130A,,,0.4416435584656173,1.8946546975167529,1.4530111390511355
clr_total_mg_l_ca2,HD-10,,,1.6720846243765894,1.49479294053,-0.17729168384658944
clr_total_mg_l_ca2,HD-14,,,1.8959504173669488,1.5109131894375223,-0.3850372279294265
clr_total_mg_l_ca2,HD-6,,,0.9042117106306292,1.530173569153939,0.6259618585233099
clr_total_mg_l_ca2,HG-3,,,1.2748748285999028,1.6780741474236618,0.40319931882375903
clr_total_mg_l_ca2,HG-54,,,0.6548526718079973,1.6161552146208158,0.9613025428128185
clr_total_mg_l_ca2,HG-6,,,1.6491564372554883,2.020907523252864,0.3717510859973756
clr_total_mg_l_ca2,HG-8,,,0.6894723870271382,1.8392988817126585,1.1498264946855203
clr_total_mg_l_ca2,HG-9,,,0.6032290376078681,1.4866845949116863,0.8834555573038182
clr_total_mg_l_ca2,HM-2,,,1.5753214544873897,1.8853258669876867,0.310004412500297
clr_total_mg_l_ca2,HM-3,,,1.270891031208139,1.88531891254732,0.614427881339181
clr_total_mg_l_ca2,HM-5,,,1.6937388872783292,1.8847943268478542,0.19105543956952498
clr_total_mg_l_ca2,HM-6,,,2.025595445188145,1.8562065321065353,-0.16938891308160975
clr_total_mg_l_ca2,LI-10,,,2.116643790439986,0.17556255406948088,-1.9410812363705052
clr_total_mg_l_ca2,LI-11,,,3.143684907536275,0.183559418783871,-2.960125488752404
clr_total_mg_l_ca2,LI-12,,,3.108350955670513,0.183559418783871,-2.924791536886642
clr_total_mg_l_ca2,LI-13,,,0.467166822666632,0.183559418783871,-0.283607403882761
clr_total_mg_l_ca2,LI-14,,,3.0591830098621644,0.183559418783871,-2.8756235910782935
clr_total_mg_l_ca2,LI-15,,,2.824121878894961,0.183559418783871,-2.64056246011109
clr_total_mg_l_ca2,LI-4,,,2.744909318364777,0.22711413487042809,-2.517795183494349
clr_total_mg_l_ca2,LI-5,,,3.06160418853566,0.22711413487042809,-2.834490053665232
clr_total_mg_l_ca2,LI-6,,,2.7413757423825347,0.22711413487042809,-2.5142616075121067
clr_total_mg_l_ca2,LI-9,,,2.8541901196222037,0.17556255406948088,-2.678627565552723
clr_total_mg_l_ca2,LGP-BA LV8,,,1.12991531339538,1.9059474734546085,0.7760321600592284
clr_total_mg_l_ca2,LV-14,,,2.3817082630146453,1.893794139324465,-0.4879141236901803
clr_total_mg_l_ca2,LV-18,,,2.012052992345415,1.893794139324465,-0.11825885302094985
clr_total_mg_l_ca2,MD-BJA1,,,3.2264745220670132,2.3118778945404332,-0.91459662752658
clr_total_mg_l_ca2,MD-UN11,,,3.0883557008344615,2.3594674547440686,-0.7288882460903929
clr_total_mg_l_ca2,MD-UN6,,,3.3009790588010457,2.3150066683135115,-0.9859723904875342
clr_total_mg_l_ca2,ME-A1-1,,,1.971340482819007,1.7949404759247949,-0.1764000068942122
clr_total_mg_l_ca2,ME-A2-3,,,2.059452437307397,1.7949404759247949,-0.2645119613826019
clr_total_mg_l_ca2,ME-B1-2,,,2.556631426564709,1.7968152870256564,-0.7598161395390528
clr_total_mg_l_ca2,ME-c2-3,,,2.2171128701597684,1.7974608688934832,-0.4196520012662852
clr_total_mg_l_ca2,ME-C3-1,,,2.0687842830747125,1.7974608688934832,-0.2713234141812293
clr_total_mg_l_ca2,HK-1,,,1.8869156619972496,2.168036096123437,0.2811204341261875
clr_total_mg_l_ca2,HK-2,,,0.635890237361648,2.167921860655831,1.5320316232941829
clr_total_mg_l_ca2,HK-3,,,1.949474421864548,2.170340875137648,0.22086645327310017
clr_total_mg_l_ca2,HK-4,,,1.7751179581486798,2.150864242513761,0.3757462843650812
clr_total_mg_l_ca2,HK-5,,,1.749629326748207,2.1624491786024067,0.41281985185419967
clr_total_mg_l_ca2,MK-A6,,,2.965850060684069,2.0441986575899658,-0.9216514030941032
clr_total_mg_l_ca2,MK-KYBjA6,,,2.766737390889088,2.2987823648861108,-0.46795502600297745
clr_total_mg_l_ca2,MK-UN8,,,3.024577415366714,2.0441986575899658,-0.9803787577767484
clr_total_mg_l_ca2,MFP-A1,,,2.3678056656731767,1.8390381680229764,-0.5287674976502004
clr_total_mg_l_ca2,MFP-A2,,,2.2305434233933017,1.8390381680229764,-0.3915052553703253
clr_total_mg_l_ca2,MFP-AAA,,,1.8770302214068768,1.6520743307456656,-0.22495589066121124
clr_total_mg_l_ca2,MFP-d,,,1.8871894585038824,1.8399138876898276,-0.04727557081405487
clr_total_mg_l_ca2,MS-11,,,1.185943853751526,1.8126922647712436,0.6267484110197177
clr_total_mg_l_ca2,MS-12,,,0.7708438664163499,1.8126922647712436,1.0418483983548936
clr_total_mg_l_ca2,MS-5,,,1.4647650316712475,1.8126922647712436,0.34792723309999607
clr_total_mg_l_ca2,MS-7,,,1.0310639988277188,1.8126922647712436,0.7816282659435247
clr_total_mg_l_ca2,ON-10,,,1.3413544311754038,2.175796360634489,0.8344419294590852
clr_total_mg_l_ca2,OR-4,,,3.013496328112467,2.233804576999585,-0.7796917511128818
clr_total_mg_l_ca2,OR-8,,,1.8879738059238769,2.231905953728693,0.3439321478048163
clr_total_mg_l_ca2,AV1-1,,,1.7245726392971488,0.9821449911455594,-0.7424276481515893
clr_total_mg_l_ca2,AV1-8,,,2.798646062198234,1.069428814873576,-1.7292172473246579
clr_total_mg_l_ca2,AV2-1,,,3.4734037620248124,1.0713027437533627,-2.4021010182714497
clr_total_mg_l_ca2,AV3-1,,,2.1679790806718406,1.0562973210984707,-1.11168175957337
clr_total_mg_l_ca2,AV3-7,,,2.424592971206482,1.131225817676282,-1.2933671535302
clr_total_mg_l_ca2,BP1-1,,,3.202317511165983,1.0773106580528213,-2.125006853113162
clr_total_mg_l_ca2,BP1-8,,,-0.1675475374253121,1.1790021310208636,1.3465496684461757
clr_total_mg_l_ca2,BP2-1,,,2.6694717334249685,1.1076554508133565,-1.561816282611612
clr_total_mg_l_ca2,BP3-1,,,3.10519236084218,1.0748801078549175,-2.0303122529872626
clr_total_mg_l_ca2,BP3-8,,,1.5551574664275614,1.1566808264899688,-0.3984766399375925
clr_total_mg_l_ca2,HV1-8,,,1.08470855415585,1.3685356160859872,0.28382706193013707
clr_total_mg_l_ca2,HV2-5,,,1.968852210200053,1.4604875010830705,-0.5083647091169825
clr_total_mg_l_ca2,HV3-1,,,3.2737251773292844,1.1316453878748358,-2.1420797894544483
clr_total_mg_l_ca2,HV3-9,,,1.8078659462359956,1.3590517162202815,-0.4488142300157141
clr_total_mg_l_ca2,KR-1,,,2.055261919658618,0.7818446638705598,-1.273417255788058
clr_total_mg_l_ca2,KR-2,,,2.451332038295462,0.7031753161391622,-1.7481567221563
clr_total_mg_l_ca2,KR-4,,,0.4526053723766501,0.9535666980514464,0.5009613256747963
clr_total_mg_l_ca2,MF1-1,,,0.783986192130163,2.166478906578036,1.382492714447873
clr_total_mg_l_ca2,MF1-6,,,1.0549837970742906,2.0366795013924044,0.9816957043181138
clr_total_mg_l_ca2,MF2-1,,,1.3864424676385276,2.0139238711949217,0.627481403556394
clr_total_mg_l_ca2,MF3-1,,,1.2305979470955055,2.0352877950565365,0.8046898479610309
clr_total_mg_l_ca2,MFX-2,,,1.1067339430710212,1.9901324273158516,0.8833984842448304
clr_total_mg_l_ca2,MSP1-1,,,0.7244480231250836,1.4444781814433683,0.7200301583182847
clr_total_mg_l_ca2,MSP1-4,,,1.2456618412415272,1.1051053068403631,-0.1405565344011641
clr_total_mg_l_ca2,MSP2-1,,,1.0424693299460297,1.545067031323272,0.5025977013772422
clr_total_mg_l_ca2,MSP3-1,,,0.949296221359638,1.3665251254371418,0.4172289040775038
clr_total_mg_l_ca2,MSP3-4,,,1.893567596422698,1.1635349957608947,-0.7300326006618032
clr_total_mg_l_ca2,MW2-1,,,1.6080570233604836,2.0540693482829755,0.4460123249224919
clr_total_mg_l_ca2,NP1-1,,,1.0862646517044032,2.1290908429402826,1.0428261912358794
clr_total_mg_l_ca2,NP2-1,,,1.7825315167533806,2.0107297286439567,0.2281982118905761
clr_total_mg_l_ca2,NP3-1,,,1.394751489169658,2.207887342297812,0.8131358531281538
clr_total_mg_l_ca2,NP3-4,,,2.607934947928201,2.174793266412679,-0.43314168151552224
clr_total_mg_l_ca2,NP4-5,,,2.1482175727008626,1.7431144735186241,-0.4051030991822384
clr_total_mg_l_ca2,RM1-1,,,4.043896696374991,1.1221164018138892,-2.9217802945611018
clr_total_mg_l_ca2,RM1-8,,,-0.5411775311697515,1.1362407236006253,1.6774182547703769
clr_total_mg_l_ca2,RM2-1,,,4.24637041972751,1.1153597079939752,-3.131010711733535
clr_total_mg_l_ca2,RM3-1,,,2.7845816895551403,1.1154110070569319,-1.6691706824982084
clr_total_mg_l_ca2,RM3-8,,,3.997500173162829,1.1255612712310352,-2.871938901931794
clr_total_mg_l_ca2,SH1-1,,,3.0081636730049706,0.9395651550354017,-2.0685985179695687
clr_total_mg_l_ca2,SH1-6,,,2.5630395279615037,1.0216318731185463,-1.5414076548429574
clr_total_mg_l_ca2,SH2-1,,,3.3194562923796367,0.9307886117596469,-2.3886676806199896
clr_total_mg_l_ca2,SH3-2,,,3.077946788939233,0.9299650972401536,-2.147981691699079
clr_total_mg_l_ca2,SH3-8,,,3.2053787089468875,0.992556506055607,-2.2128222028912807
clr_total_mg_l_ca2,TGV1-1,,,2.7049891863267694,1.3080744671486122,-1.3969147191781572
clr_total_mg_l_ca2,TGV1-8,,,1.3891103162675238,1.5295115398375667,0.14040122357004292
clr_total_mg_l_ca2,TGV2-1,,,0.3123112587593488,1.3216037711226925,1.0092925123633436
clr_total_mg_l_ca2,TGV3-1,,,4.0383377401083225,1.5706228534107862,-2.4677148866975362
clr_total_mg_l_ca2,TGV3-9,,,1.2894478980626256,1.693039642938133,0.4035917448755073
clr_total_mg_l_ca2,TN1-1,,,2.9205604432181396,1.38563297730916,-1.5349274659089795
clr_total_mg_l_ca2,TN1-8,,,1.4611604201774182,1.619846088324918,0.15868566814749974
clr_total_mg_l_ca2,TN2-1,,,2.731446303738725,1.4423673647748523,-1.2890789389638726
clr_total_mg_l_ca2,TN3-1,,,1.364947257448773,1.3777794033791269,0.012832145930353756
clr_total_mg_l_ca2,TN3-5,,,1.611092334813795,1.9371637280374783,0.32607139322368317
clr_total_mg_l_ca2,CB-CMBjA1,,,1.8225478156666488,1.5477965782781082,-0.27475123738854057
clr_total_mg_l_ca2,CB-iH5,,,2.461435238922009,1.5245928376531563,-0.9368424012688528
clr_total_mg_l_ca2,VV-0,,,1.3903526651497973,1.1310326338137642,-0.2593200313360331
clr_total_mg_l_ca2,VV-d,,,0.4309258568385443,1.1310326338137642,0.7001067769752198
clr_total_mg_l_ca2,VV-J,,,0.4562659560267952,1.1310326338137642,0.674766677786969
clr_total_mg_l_ca2,VV-L,,,0.736175451679806,1.1310326338137642,0.39485718213395815
clr_total_mg_l_ca2,WV-BA 1,,,0.6314890133970232,1.8927377638686675,1.2612487504716443
clr_total_mg_l_ca2,WV-UNN 1,,,-0.6160500547297061,1.4669223777171592,2.0829724324468653
clr_total_mg_l_ca2,WV-UNN 3,,,0.0131960038382392,1.4669223777171592,1.45372637387892
clr_total_mg_l_ca2,WV-UNN-2,,,-0.63154656111949,1.4669223777171592,2.0984689388366493
clr_total_mg_l_ca2,WV-ZS 2,,,-1.1016733013173174,1.8376048300124057,2.939278131329723
clr_total_mg_l_k,BS-607,,,2.5312619568530144,1.048904826158109,-1.4823571306949053
clr_total_mg_l_k,BS-610,,,3.1410368823103276,1.049626849374802,-2.0914100329355256
clr_total_mg_l_k,BS-618,,,2.4143683335360353,1.0487702926399565,-1.3655980408960788
clr_total_mg_l_k,BPS-1,,,1.4611351514203048,1.1641964524592074,-0.29693869896109737
clr_total_mg_l_k,BPS-18,,,-0.4155585458777011,1.5142059198425453,1.9297644657202464
clr_total_mg_l_k,BPS-22,,,-0.6761500971574739,1.4815756311126622,2.157725728270136
clr_total_mg_l_k,BPS-25,,,0.2415253473233809,1.5893287730531904,1.3478034257298095
clr_total_mg_l_k,BPS-5,,,0.2024007399384775,1.5900219675198746,1.387621227581397
clr_total_mg_l_k,CK-20B,,,2.5989740045632,2.169423405243901,-0.42955059931929895
clr_total_mg_l_k,CK1-100B,,,2.8119575901811524,2.1437850998940875,-0.6681724902870649
clr_total_mg_l_k,CK2-100A,,,1.7933655919910212,2.1437861663273003,0.35042057433627916
clr_total_mg_l_k,CK2-100B,,,2.0882202191619266,2.131447729547022,0.043227510385095425
clr_total_mg_l_k,CM-2 1,,,-0.3293669119583811,-0.06503360534052276,0.2643333066178583
clr_total_mg_l_k,CM-4,,,0.0011527583167465,-0.18308110651827625,-0.18423386483502274
clr_total_mg_l_k,CM-PA 3-10,,,-0.361602950332188,-0.18197855256868314,0.17962439776350483
clr_total_mg_l_k,CM-PA 30,,,1.3228151258533236,-0.18308110651827625,-1.5058962323715999
clr_total_mg_l_k,CM2 (OM),,,0.8027050994133935,-0.06461888182344887,-0.8673239812368424
clr_total_mg_l_k,LC1-5,,,2.4651027153053757,1.676554058069243,-0.7885486572361327
clr_total_mg_l_k,LGP (3-4),,,2.338834774745261,1.6669181750587319,-0.6719165996865293
clr_total_mg_l_k,LGP (BA 1-3),,,3.3001034412394707,1.6766044883132647,-1.623498952926206
clr_total_mg_l_k,CR-0819,,,1.031409534275999,1.4297578282069194,0.3983482939309204
clr_total_mg_l_k,CR-0821,,,0.8952181726855608,1.4297578282069194,0.5345396555213586
clr_total_mg_l_k,CR-0826,,,1.015433727645232,1.4297578282069194,0.41432410056168734
clr_total_mg_l_k,CR-0828,,,0.7060735704089938,1.4297578282069194,0.7236842577979257
clr_total_mg_l_k,CR-0833,,,1.4120826226112442,1.4297578282069194,0.01767520559567526
clr_total_mg_l_k,CS-CR2,,,0.4939441605030632,1.6075829760297824,1.1136388155267192
clr_total_mg_l_k,CS-CR5,,,0.2093015158033475,1.3331409382266393,1.1238394224232917
clr_total_mg_l_k,CS-CR7,,,1.2786480296405625,1.3624813508468019,0.08383332120623943
clr_total_mg_l_k,CS-CR9,,,1.632766116964263,1.3623881359488137,-0.2703779810154494
clr_total_mg_l_k,DS1(1-2),,,0.9811502393711038,0.6891525543789867,-0.2919976849921171
clr_total_mg_l_k,DS2(1-2),,,0.0900898905894456,1.4032969362599994,1.3132070456705538
clr_total_mg_l_k,DA-1,,,0.5597657152507427,2.236340486956223,1.6765747717054804
clr_total_mg_l_k,DA-3,,,-0.3129469249413921,2.236340486956223,2.549287411897615
clr_total_mg_l_k,DA-4,,,-0.9917692210141992,2.236340486956223,3.228109707970422
clr_total_mg_l_k,DA-5,,,-0.6742937881451692,2.236340486956223,2.9106342751013923
clr_total_mg_l_k,DA-6,,,-0.4141081665433628,2.236340486956223,2.650448653499586
clr_total_mg_l_k,GE-A1-3,,,2.626307168515421,2.114598484908541,-0.51170868360688
clr_total_mg_l_k,GE-A2-2,,,2.2475582264818916,2.1146210459901225,-0.13293718049176917
clr_total_mg_l_k,GE-B1-3,,,2.169927134967197,2.099951095576897,-0.06997603939029995
clr_total_mg_l_k,GE-C2-3,,,2.2639338195768706,2.0606130638287246,-0.203320755748146
clr_total_mg_l_k,GE-C3-2,,,2.254360052565067,2.06295872132774,-0.19140133123732728
clr_total_mg_l_k,HS-1,,,2.815558169866484,2.6466364301596768,-0.16892173970680746
clr_total_mg_l_k,HS-2,,,2.069179920482986,2.7022676787727833,0.6330877582897974
clr_total_mg_l_k,HS-3,,,2.931248953271921,2.458105014081553,-0.473143939190368
clr_total_mg_l_k,HS-4,,,2.3357085531168726,2.592135912358419,0.25642735924154625
clr_total_mg_l_k,HS-7,,,2.5887230904252174,2.4192843716835815,-0.16943871874163596
clr_total_mg_l_k,HC-BA1,,,0.7952256474307098,1.3000928138356669,0.5048671664049571
clr_total_mg_l_k,HC-BA2,,,3.2904892834353583,1.294811551829333,-1.9956777316060252
clr_total_mg_l_k,HC-Z5-1,,,1.1346650465109942,1.4766296037278108,0.3419645572168166
clr_total_mg_l_k,HC-ZS2,,,0.2763083564890891,1.3362159701929963,1.0599076137039072
clr_total_mg_l_k,HVY-4A,,,1.5812071326240686,2.354437480808476,0.7732303481844074
clr_total_mg_l_k,HVY-5A,,,1.5749335268886178,2.354437480808476,0.7795039539198583
clr_total_mg_l_k,HVY-9054A,,,1.7838993646889725,2.266078244143556,0.4821788794545834
clr_total_mg_l_k,HVY-9062A,,,1.868195586344553,2.3212524792601594,0.45305689291560647
clr_total_mg_l_k,HVY-9130A,,,0.9761250812712698,2.300603550259561,1.3244784689882914
clr_total_mg_l_k,HD-10,,,2.1423422863939185,1.7923478808040052,-0.34999440558991335
clr_total_mg_l_k,HD-14,,,2.5336925838149584,1.7660662551414028,-0.7676263286735556
clr_total_mg_l_k,HD-6,,,2.36389539493332,1.711045947930946,-0.652849447002374
clr_total_mg_l_k,HG-3,,,2.9122946356699853,1.518599649006703,-1.3936949866632822
clr_total_mg_l_k,HG-54,,,2.662070736180878,1.8414163237382624,-0.8206544124426156
clr_total_mg_l_k,HG-6,,,2.825371983005962,2.0125961078914294,-0.8127758751145326
clr_total_mg_l_k,HG-8,,,2.879591881185586,2.310598521135473,-0.5689933600501127
clr_total_mg_l_k,HG-9,,,3.0007174755755663,2.002555480565236,-0.9981619950103302
clr_total_mg_l_k,HM-2,,,2.3890255975864436,0.9199826710176681,-1.4690429265687754
clr_total_mg_l_k,HM-3,,,1.6246609964202312,0.919988291562611,-0.7046727048576202
clr_total_mg_l_k,HM-5,,,2.19758367990298,0.8548881881876241,-1.342695491715356
clr_total_mg_l_k,HM-6,,,2.085297857051081,0.9224622930828575,-1.1628355639682235
clr_total_mg_l_k,LI-10,,,2.024942171987667,1.8734341547852704,-0.1515080172023966
clr_total_mg_l_k,LI-11,,,1.159248390526815,1.8554398021678546,0.6961914116410397
clr_total_mg_l_k,LI-12,,,1.686059674445627,1.8554398021678546,0.16938012772222755
clr_total_mg_l_k,LI-13,,,2.107836058220535,1.8554398021678546,-0.25239625605268023
clr_total_mg_l_k,LI-14,,,2.279167156558283,1.8554398021678546,-0.4237273543904283
clr_total_mg_l_k,LI-15,,,1.45645116701785,1.8554398021678546,0.3989886351500047
clr_total_mg_l_k,LI-4,,,2.1907951286229883,1.8646631961613294,-0.32613193246165895
clr_total_mg_l_k,LI-5,,,1.411830442431281,1.8646631961613294,0.4528327537300483
clr_total_mg_l_k,LI-6,,,1.6952487609007492,1.8646631961613294,0.1694144352605802
clr_total_mg_l_k,LI-9,,,2.5186023251691445,1.8734341547852704,-0.6451681703838741
clr_total_mg_l_k,LGP-BA LV8,,,2.8788359750709764,2.06212574718875,-0.8167102278822265
clr_total_mg_l_k,LV-14,,,2.5344037981002727,2.086777058359841,-0.44762673974043166
clr_total_mg_l_k,LV-18,,,2.1810630084866154,2.086777058359841,-0.09428595012677432
clr_total_mg_l_k,MD-BJA1,,,-1.1054097050213576,-0.04360926012909069,1.0618004448922669
clr_total_mg_l_k,MD-UN11,,,-1.0249975723292186,0.007981163276706851,1.0329787356059255
clr_total_mg_l_k,MD-UN6,,,-1.1259590263908068,-0.045169313162427095,1.0807897132283797
clr_total_mg_l_k,ME-A1-1,,,1.8205078298906885,2.194037826613806,0.3735299967231176
clr_total_mg_l_k,ME-A2-3,,,1.9422829959574903,2.194037826613806,0.25175483065631576
clr_total_mg_l_k,ME-B1-2,,,2.05677657822707,2.2014486559243047,0.14467207769723478
clr_total_mg_l_k,ME-c2-3,,,1.9275445280779724,2.210062261959442,0.2825177338814695
clr_total_mg_l_k,ME-C3-1,,,2.087911842838505,2.210062261959442,0.12215041912093705
clr_total_mg_l_k,HK-1,,,3.0646976770525507,2.365005700826744,-0.6996919762258065
clr_total_mg_l_k,HK-2,,,3.347322596521796,2.364982032086407,-0.9823405644353893
clr_total_mg_l_k,HK-3,,,2.859299389217054,2.3654877939789345,-0.4938115952381197
clr_total_mg_l_k,HK-4,,,2.26784150933791,2.343492683780394,0.07565117444248415
clr_total_mg_l_k,HK-5,,,2.023666092428628,2.373493930103991,0.3498278376753632
clr_total_mg_l_k,MK-A6,,,2.575739609931759,2.3533147663330727,-0.2224248435986862
clr_total_mg_l_k,MK-KYBjA6,,,3.2605641989363985,2.3262432207282404,-0.9343209782081581
clr_total_mg_l_k,MK-UN8,,,2.297612000098636,2.3533147663330727,0.055702766234436485
clr_total_mg_l_k,MFP-A1,,,1.5731555564733897,1.183415619729872,-0.3897399367435177
clr_total_mg_l_k,MFP-A2,,,1.6498030645450197,1.183415619729872,-0.4663874448151477
clr_total_mg_l_k,MFP-AAA,,,1.795516898858997,1.4878192652818263,-0.3076976335771706
clr_total_mg_l_k,MFP-d,,,1.5492491521303782,1.1810501896891166,-0.3681989624412616
clr_total_mg_l_k,MS-11,,,3.150476514904841,1.3010369187298831,-1.8494395961749577
clr_total_mg_l_k,MS-12,,,3.666558161793823,1.3010369187298831,-2.36552124306394
clr_total_mg_l_k,MS-5,,,3.3114169749500637,1.3010369187298831,-2.0103800562201806
clr_total_mg_l_k,MS-7,,,2.925360669343592,1.3010369187298831,-1.624323750613709
clr_total_mg_l_k,ON-10,,,3.2056804196068804,1.5292976616352534,-1.676382757971627
clr_total_mg_l_k,OR-4,,,0.3805013470300817,1.2724554072058962,0.8919540601758145
clr_total_mg_l_k,OR-8,,,1.7496545913132993,1.3589660537026875,-0.39068853761061173
clr_total_mg_l_k,AV1-1,,,-0.6734518032627603,2.1269682105879903,2.8004200138507507
clr_total_mg_l_k,AV1-8,,,0.0432182206479847,2.091492095471876,2.048273874823891
clr_total_mg_l_k,AV2-1,,,-0.3408033103887904,2.1019960239956585,2.442799334384449
clr_total_mg_l_k,AV3-1,,,-0.9117497173624644,2.0110091696210133,2.9227588869834777
clr_total_mg_l_k,AV3-7,,,0.5400774447756487,1.9952489919633054,1.4551715471876567
clr_total_mg_l_k,BP1-1,,,1.2730180732454093,2.084684119900819,0.8116660466554095
clr_total_mg_l_k,BP1-8,,,2.667403701056781,1.931696688244008,-0.7357070128127727
clr_total_mg_l_k,BP2-1,,,-0.1715665493515499,2.0541736398772046,2.2257401892287545
clr_total_mg_l_k,BP3-1,,,-1.8388132776956485,2.082464660066892,3.9212779377625404
clr_total_mg_l_k,BP3-8,,,3.0939106925986257,1.9770215943163147,-1.116889098282311
clr_total_mg_l_k,HV1-8,,,1.883364607320708,1.8937194508744568,0.010354843553748827
clr_total_mg_l_k,HV2-5,,,0.9040795671191412,1.6503554020488083,0.7462758349296671
clr_total_mg_l_k,HV3-1,,,-0.9737282692824848,1.9313665627009,2.905094831983385
clr_total_mg_l_k,HV3-9,,,0.9872656946080942,1.823382170055686,0.8361164754475918
clr_total_mg_l_k,KR-1,,,0.8720922429624447,2.4114148003797826,1.539322557417338
clr_total_mg_l_k,KR-2,,,-1.902637271901483,2.4380924057342526,4.340729677635736
clr_total_mg_l_k,KR-4,,,0.6984676122077533,2.290672503847435,1.5922048916396818
clr_total_mg_l_k,MF1-1,,,2.0196575502469876,2.6084528763990322,0.5887953261520447
clr_total_mg_l_k,MF1-6,,,2.376437019411692,2.632641229360267,0.25620420994857485
clr_total_mg_l_k,MF2-1,,,2.3032750581008528,2.6377004576260403,0.33442539952518757
clr_total_mg_l_k,MF3-1,,,2.4914679725590543,2.6358163229521994,0.1443483503931451
clr_total_mg_l_k,MFX-2,,,2.4946295855578864,2.6213253769006193,0.1266957913427329
clr_total_mg_l_k,MSP1-1,,,2.183009827442959,2.0763270000017218,-0.10668282744123703
clr_total_mg_l_k,MSP1-4,,,2.34782472963266,1.7898919611361346,-0.5579327684965256
clr_total_mg_l_k,MSP2-1,,,2.884659652800976,2.019874606898804,-0.8647850459021722
clr_total_mg_l_k,MSP3-1,,,2.6598735344179385,2.0343993304691597,-0.6254742039487788
clr_total_mg_l_k,MSP3-4,,,2.250143131842038,1.858621445124665,-0.3915216867173732
clr_total_mg_l_k,MW2-1,,,1.938701654831631,2.6363888921530827,0.6976872373214518
clr_total_mg_l_k,NP1-1,,,2.220042307747035,2.5976680784308646,0.37762577068382974
clr_total_mg_l_k,NP2-1,,,2.887100869596786,2.582221211714124,-0.3048796578826618
clr_total_mg_l_k,NP3-1,,,1.7543963774287723,2.5856029354957033,0.831206558066931
clr_total_mg_l_k,NP3-4,,,2.1210397963161745,2.5863229921922395,0.46528319587606504
clr_total_mg_l_k,NP4-5,,,2.366075863771604,2.39771094584809,0.03163508207648613
clr_total_mg_l_k,RM1-1,,,0.4216456170398057,1.5488613031514,1.1272156861115943
clr_total_mg_l_k,RM1-8,,,0.0380984440644587,1.5746073587458091,1.5365089146813504
clr_total_mg_l_k,RM2-1,,,1.1112106802289832,1.5589493966734915,0.44773871644450836
clr_total_mg_l_k,RM3-1,,,0.0113630393091774,1.5591704971490972,1.5478074578399197
clr_total_mg_l_k,RM3-8,,,-0.7394074255635288,1.5981182202053732,2.3375256457689018
clr_total_mg_l_k,SH1-1,,,-0.2838774738039609,2.056661504311738,2.340538978115699
clr_total_mg_l_k,SH1-6,,,0.1315206442507461,1.9658871030226974,1.8343664587719513
clr_total_mg_l_k,SH2-1,,,-0.68386934587086,2.063082258016996,2.746951603887856
clr_total_mg_l_k,SH3-2,,,-1.1253136051429706,2.05999426772558,3.1853078728685507
clr_total_mg_l_k,SH3-8,,,-0.3364112558860626,1.9877078556009866,2.3241191114870494
clr_total_mg_l_k,TGV1-1,,,-1.071570071166617,2.391155542098766,3.4627256132653828
clr_total_mg_l_k,TGV1-8,,,1.9734352076944637,1.6463263299143482,-0.32710887778011544
clr_total_mg_l_k,TGV2-1,,,1.301371772118418,1.8234697612546509,0.522097989136233
clr_total_mg_l_k,TGV3-1,,,-0.5610976313765561,1.5946603318982606,2.1557579632748167
clr_total_mg_l_k,TGV3-9,,,0.928042779748492,1.5356329409739073,0.6075901612254153
clr_total_mg_l_k,TN1-1,,,-1.755612455568266,1.8726417151371115,3.6282541707053775
clr_total_mg_l_k,TN1-8,,,0.3188544472463603,1.9362971900570503,1.61744274281069
clr_total_mg_l_k,TN2-1,,,0.7810372566189194,1.8072439840240744,1.026206727405155
clr_total_mg_l_k,TN3-1,,,0.0627789089817896,1.8659348905230946,1.803155981541305
clr_total_mg_l_k,TN3-5,,,0.8818131560712863,2.0559081786844113,1.174095022613125
clr_total_mg_l_k,CB-CMBjA1,,,2.0813972882309844,1.2014455935112551,-0.8799516947197292
clr_total_mg_l_k,CB-iH5,,,1.8564807703975243,1.391325092169328,-0.46515567822819626
clr_total_mg_l_k,VV-0,,,2.771684236927559,1.5084951481359001,-1.2631890887916588
clr_total_mg_l_k,VV-d,,,3.158876456429858,1.5084951481359001,-1.650381308293958
clr_total_mg_l_k,VV-J,,,3.581607104014882,1.5084951481359001,-2.073111955878982
clr_total_mg_l_k,VV-L,,,2.966446045770388,1.5084951481359001,-1.4579508976344877
clr_total_mg_l_k,WV-BA 1,,,2.953979387282781,0.5094605747251183,-2.4445188125576625
clr_total_mg_l_k,WV-UNN 1,,,4.029319386462211,1.802437112883835,-2.2268822735783758
clr_total_mg_l_k,WV-UNN 3,,,2.5443742529140594,1.802437112883835,-0.7419371400302244
clr_total_mg_l_k,WV-UNN-2,,,2.5847452829827855,1.802437112883835,-0.7823081700989505
clr_total_mg_l_k,WV-ZS 2,,,2.1037191732135967,0.47208692073907005,-1.6316322524745266
clr_total_mg_l_mg2,BS-607,,,1.082004475335655,0.27348109035351975,-0.8085233849821353
clr_total_mg_l_mg2,BS-610,,,-0.2712103355384128,0.2917438011271923,0.562954136665605
clr_total_mg_l_mg2,BS-618,,,0.1608178790372789,0.2745726809813901,0.1137548019441112
clr_total_mg_l_mg2,BPS-1,,,0.8219684806629894,0.5254417253375635,-0.29652675532542594
clr_total_mg_l_mg2,BPS-18,,,0.6286893888482101,0.4337574937774209,-0.19493189507078923
clr_total_mg_l_mg2,BPS-22,,,0.4548328888895154,0.4448219663634334,-0.010010922526081989
clr_total_mg_l_mg2,BPS-25,,,1.0106795773595731,0.44624822246766754,-0.5644313548919055
clr_total_mg_l_mg2,BPS-5,,,0.5650852753537734,0.44592640985390064,-0.11915886549987276
clr_total_mg_l_mg2,CK-20B,,,-0.4319832339743277,0.21087598227832063,0.6428592162526483
clr_total_mg_l_mg2,CK1-100B,,,-0.7195915311881458,0.1847859704431025,0.9043775016312483
clr_total_mg_l_mg2,CK2-100A,,,-0.2668981271614772,0.1847855656136657,0.45168369277514286
clr_total_mg_l_mg2,CK2-100B,,,0.2472866349054321,0.1884362661842795,-0.058850368721152596
clr_total_mg_l_mg2,CM-2 1,,,-1.0226968911661252,1.1669477258190262,2.1896446169851513
clr_total_mg_l_mg2,CM-4,,,-0.5411715325086148,1.2664645266254446,1.8076360591340594
clr_total_mg_l_mg2,CM-PA 3-10,,,-0.9979987174648036,1.26611945746154,2.2641181749263435
clr_total_mg_l_mg2,CM-PA 30,,,-0.6017798290029426,1.2664645266254446,1.8682443556283872
clr_total_mg_l_mg2,CM2 (OM),,,-0.2383285190522044,1.166614748538199,1.4049432675904034
clr_total_mg_l_mg2,LC1-5,,,0.5806277882667676,0.07766579000704456,-0.5029619982597231
clr_total_mg_l_mg2,LGP (3-4),,,-0.7612328990513104,0.07304409600286071,0.8342769950541711
clr_total_mg_l_mg2,LGP (BA 1-3),,,-0.3079782797219514,0.07768833715712102,0.38566661687907244
clr_total_mg_l_mg2,CR-0819,,,-0.3832648755012329,-0.21562885501553003,0.16763602048570286
clr_total_mg_l_mg2,CR-0821,,,1.0264504126551408,-0.21562885501553003,-1.242079267670671
clr_total_mg_l_mg2,CR-0826,,,-0.692553358710474,-0.21562885501553003,0.47692450369494394
clr_total_mg_l_mg2,CR-0828,,,-0.0014956530537473,-0.21562885501553003,-0.21413320196178273
clr_total_mg_l_mg2,CR-0833,,,-1.0789270090095693,-0.21562885501553003,0.8632981539940392
clr_total_mg_l_mg2,CS-CR2,,,-0.5637086860464717,-0.20371863612564292,0.35999004992082884
clr_total_mg_l_mg2,CS-CR5,,,0.4457103089360661,-0.21881931452826736,-0.6645296234643334
clr_total_mg_l_mg2,CS-CR7,,,-0.8256615786172876,-0.21609765198297656,0.609563926634311
clr_total_mg_l_mg2,CS-CR9,,,-0.2561956802201544,-0.21609899290076431,0.04009668731939006
clr_total_mg_l_mg2,DS1(1-2),,,0.6669091969962588,0.6426973899238073,-0.02421180707245152
clr_total_mg_l_mg2,DS2(1-2),,,0.7315328857267778,0.3084738868487854,-0.42305899887799236
clr_total_mg_l_mg2,DA-1,,,0.4554056999264997,0.2043832044072696,-0.2510224955192301
clr_total_mg_l_mg2,DA-3,,,0.708139879898606,0.2043832044072696,-0.5037566754913365
clr_total_mg_l_mg2,DA-4,,,1.2984160789957562,0.2043832044072696,-1.0940328745884866
clr_total_mg_l_mg2,DA-5,,,1.9244477552707488,0.2043832044072696,-1.7200645508634793
clr_total_mg_l_mg2,DA-6,,,1.5303949188212431,0.2043832044072696,-1.3260117144139736
clr_total_mg_l_mg2,GE-A1-3,,,0.1469003995297642,-0.03524104768942439,-0.18214144721918857
clr_total_mg_l_mg2,GE-A2-2,,,0.3557581224983295,-0.03523957894504565,-0.39099770144337515
clr_total_mg_l_mg2,GE-B1-3,,,0.4197705109432748,-0.044334830388925585,-0.4641053413322004
clr_total_mg_l_mg2,GE-C2-3,,,0.4969359988526824,0.054895006009785634,-0.4420409928428968
clr_total_mg_l_mg2,GE-C3-2,,,0.4355788015843749,0.046732315127791114,-0.38884648645658376
clr_total_mg_l_mg2,HS-1,,,-0.414485347452326,-0.2726138882482574,0.14187145920406863
clr_total_mg_l_mg2,HS-2,,,-0.4325487284630565,-0.276890104573344,0.15565862388971247
clr_total_mg_l_mg2,HS-3,,,-0.7133644013674609,-0.2518541473464881,0.46151025402097284
clr_total_mg_l_mg2,HS-4,,,-0.585866437402941,-0.23841148051780944,0.3474549568851315
clr_total_mg_l_mg2,HS-7,,,0.6380999531004119,-0.039383691590569724,-0.6774836446909817
clr_total_mg_l_mg2,HC-BA1,,,0.5116561476045449,0.5464062577525106,0.034750110147965696
clr_total_mg_l_mg2,HC-BA2,,,0.1210705117242931,0.5469873543456834,0.42591684262139023
clr_total_mg_l_mg2,HC-Z5-1,,,0.4218637027539147,0.43368719933855693,0.011823496584642212
clr_total_mg_l_mg2,HC-ZS2,,,0.7849082949383508,0.501336967227006,-0.28357132771134475
clr_total_mg_l_mg2,HVY-4A,,,-0.1117143871900523,-0.007096680142710538,0.10461770704734177
clr_total_mg_l_mg2,HVY-5A,,,-0.3871901922230583,-0.007096680142710538,0.38009351208034775
clr_total_mg_l_mg2,HVY-9054A,,,-0.1210795658822394,0.2636776304734911,0.38475719635573047
clr_total_mg_l_mg2,HVY-9062A,,,-0.2277479799716708,0.22293999666366515,0.45068797663533594
clr_total_mg_l_mg2,HVY-9130A,,,-1.4462682180409363,0.23077776735086192,1.6770459853917983
clr_total_mg_l_mg2,HD-10,,,0.2425941791017676,0.2640858449848836,0.02149166588311599
clr_total_mg_l_mg2,HD-14,,,1.0429132553433158,0.28120172706674473,-0.7617115282765711
clr_total_mg_l_mg2,HD-6,,,-0.4481810988135798,0.34542170181606885,0.7936028006296487
clr_total_mg_l_mg2,HG-3,,,0.3595554421153797,0.5089311079950107,0.14937566587963103
clr_total_mg_l_mg2,HG-54,,,-0.9032919462385524,0.42961064783056824,1.3329025940691206
clr_total_mg_l_mg2,HG-6,,,0.3727372721479508,0.04966516326211001,-0.3230721088858408
clr_total_mg_l_mg2,HG-8,,,-1.1598280368817646,-0.2089049217257317,0.9509231151560329
clr_total_mg_l_mg2,HG-9,,,-0.9775409799566604,0.3306700427940148,1.3082110227506751
clr_total_mg_l_mg2,HM-2,,,0.1551255416918177,0.8323138259244849,0.6771882842326672
clr_total_mg_l_mg2,HM-3,,,-0.2097978984816537,0.8323048466575697,1.0421027451392233
clr_total_mg_l_mg2,HM-5,,,0.0038556096254896,0.8580019092564084,0.8541462996309188
clr_total_mg_l_mg2,HM-6,,,0.7115002627464496,0.8355191679851411,0.12401890523869152
clr_total_mg_l_mg2,LI-10,,,0.2098947635308818,0.0807697289054281,-0.1291250346254537
clr_total_mg_l_mg2,LI-11,,,0.4974517398509457,0.08260294454839125,-0.4148487953025545
clr_total_mg_l_mg2,LI-12,,,0.2239176825963238,0.08260294454839125,-0.14131473804793254
clr_total_mg_l_mg2,LI-13,,,0.0599760885909979,0.08260294454839125,0.022626855957393346
clr_total_mg_l_mg2,LI-14,,,0.371335516077474,0.08260294454839125,-0.28873257152908277
clr_total_mg_l_mg2,LI-15,,,0.2647041888885546,0.08260294454839125,-0.1821012443401634
clr_total_mg_l_mg2,LI-4,,,0.141521064956253,0.054109287250699196,-0.0874117777055538
clr_total_mg_l_mg2,LI-5,,,0.3164968452248697,0.054109287250699196,-0.2623875579741705
clr_total_mg_l_mg2,LI-6,,,0.1533370856159059,0.054109287250699196,-0.0992277983652067
clr_total_mg_l_mg2,LI-9,,,0.3991120347064016,0.0807697289054281,-0.3183423058009735
clr_total_mg_l_mg2,LGP-BA LV8,,,0.790630135397552,-0.06667243202700145,-0.8573025674245535
clr_total_mg_l_mg2,LV-14,,,1.4745936612886426,-0.0764199586677848,-1.5510136199564273
clr_total_mg_l_mg2,LV-18,,,1.1819834359183887,-0.0764199586677848,-1.2584033945861735
clr_total_mg_l_mg2,MD-BJA1,,,1.0925604027512632,0.629586752406817,-0.46297365034444615
clr_total_mg_l_mg2,MD-UN11,,,1.3284157016016571,0.4791231209616535,-0.8492925806400036
clr_total_mg_l_mg2,MD-UN6,,,1.38557969037479,0.635875361941773,-0.7497043284330169
clr_total_mg_l_mg2,ME-A1-1,,,-0.0090576836042637,0.16817580267660545,0.17723348628086916
clr_total_mg_l_mg2,ME-A2-3,,,-0.28215020627532,0.16817580267660545,0.4503260089519254
clr_total_mg_l_mg2,ME-B1-2,,,0.6308059922545552,0.17090284065356406,-0.45990315160099116
clr_total_mg_l_mg2,ME-c2-3,,,0.378025419662696,0.21013143365216855,-0.16789398601052744
clr_total_mg_l_mg2,ME-C3-1,,,-0.0947873394490486,0.21013143365216855,0.3049187731012172
clr_total_mg_l_mg2,HK-1,,,-0.6573075649471702,-0.21202744515544567,0.44528011979172455
clr_total_mg_l_mg2,HK-2,,,-1.112879046935039,-0.21197822269487376,0.9009008242401652
clr_total_mg_l_mg2,HK-3,,,-0.2374088016769389,-0.21302174807020058,0.024387053606738318
clr_total_mg_l_mg2,HK-4,,,-0.5193460123230238,-0.20674882664342398,0.3125971856795998
clr_total_mg_l_mg2,HK-5,,,-0.3277091647348499,-0.20759348271418657,0.12011568202066333
clr_total_mg_l_mg2,MK-A6,,,-0.0453464385675033,-0.17075019923951681,-0.12540376067201353
clr_total_mg_l_mg2,MK-KYBjA6,,,-0.1681424652257146,-0.252621205513552,-0.08447874028783739
clr_total_mg_l_mg2,MK-UN8,,,0.0390335420044252,-0.17075019923951681,-0.209783741243942
clr_total_mg_l_mg2,MFP-A1,,,0.8107181508709271,0.6054840613885449,-0.2052340894823822
clr_total_mg_l_mg2,MFP-A2,,,0.7772336214536535,0.6054840613885449,-0.17174956006510855
clr_total_mg_l_mg2,MFP-AAA,,,0.9411948934597512,0.4219948007048064,-0.5192000927549447
clr_total_mg_l_mg2,MFP-d,,,0.6165413385833345,0.6063971563752167,-0.010144182208117747
clr_total_mg_l_mg2,MS-11,,,-0.3975185722793137,0.4895324091148999,0.8870509813942136
clr_total_mg_l_mg2,MS-12,,,-0.4326106689163839,0.4895324091148999,0.9221430780312838
clr_total_mg_l_mg2,MS-5,,,-0.1062065999350565,0.4895324091148999,0.5957390090499565
clr_total_mg_l_mg2,MS-7,,,-0.4280114290364686,0.4895324091148999,0.9175438381513685
clr_total_mg_l_mg2,ON-10,,,0.3132363905378437,0.26935085565808553,-0.04388553487975816
clr_total_mg_l_mg2,OR-4,,,0.7205788683550178,0.4239694354316071,-0.29660943292341074
clr_total_mg_l_mg2,OR-8,,,1.0886084432857477,0.380945087535325,-0.7076633557504226
clr_total_mg_l_mg2,AV1-1,,,1.700122982111127,0.09241423072134956,-1.6077087513897774
clr_total_mg_l_mg2,AV1-8,,,2.2426774357856205,0.10602891847878658,-2.136648517306834
clr_total_mg_l_mg2,AV2-1,,,1.286963760493923,0.10458034080294608,-1.182383419690977
clr_total_mg_l_mg2,AV3-1,,,1.8853041120634544,0.13369782046413328,-1.7516062915993211
clr_total_mg_l_mg2,AV3-7,,,1.5162049927031591,0.13386573500983645,-1.3823392576933227
clr_total_mg_l_mg2,BP1-1,,,0.2166240049671755,0.10919643574275803,-0.10742756922441746
clr_total_mg_l_mg2,BP1-8,,,-1.2344111277788417,0.15803681111170442,1.392447938890546
clr_total_mg_l_mg2,BP2-1,,,1.335788590646569,0.1266986013984631,-1.209089989248106
clr_total_mg_l_mg2,BP3-1,,,1.0948549005705797,0.10902676749584866,-0.9858281330747309
clr_total_mg_l_mg2,BP3-8,,,0.5248774017878888,0.1495774085514863,-0.3752999932364025
clr_total_mg_l_mg2,HV1-8,,,0.2501872803476281,0.27263363661513024,0.022446356267502132
clr_total_mg_l_mg2,HV2-5,,,0.5497102473604847,0.27734742735850304,-0.27236282000198164
clr_total_mg_l_mg2,HV3-1,,,0.9589714184099778,0.17044231949870067,-0.7885290989112771
clr_total_mg_l_mg2,HV3-9,,,0.2690931464812087,0.27046402939780667,0.001370882916597982
clr_total_mg_l_mg2,KR-1,,,-0.4442230158884355,0.03835106411638738,0.4825740800048229
clr_total_mg_l_mg2,KR-2,,,1.248380626556763,0.015763968318343462,-1.2326166582384195
clr_total_mg_l_mg2,KR-4,,,-0.4034780128801143,0.06894360329190394,0.4724216161720183
clr_total_mg_l_mg2,MF1-1,,,0.0670628843229512,-0.26490400477352194,-0.33196688909647315
clr_total_mg_l_mg2,MF1-6,,,0.7576740850171246,-0.35668670995882384,-1.1143607949759484
clr_total_mg_l_mg2,MF2-1,,,0.0441520252145004,-0.3587681084912254,-0.4029201337057258
clr_total_mg_l_mg2,MF3-1,,,0.4982300533822792,-0.3554756998513384,-0.8537057532336176
clr_total_mg_l_mg2,MFX-2,,,0.4720975378511298,-0.3583377501504426,-0.8304352880015724
clr_total_mg_l_mg2,MSP1-1,,,-0.2617349711637443,-0.028346444730186743,0.23338852643355754
clr_total_mg_l_mg2,MSP1-4,,,0.1932230558516779,-0.0014285696374506764,-0.19465162548912857
clr_total_mg_l_mg2,MSP2-1,,,0.1432730314311745,-0.034185140200237996,-0.1774581716314125
clr_total_mg_l_mg2,MSP3-1,,,0.259359316429941,-0.09328818860573412,-0.3526475050356751
clr_total_mg_l_mg2,MSP3-4,,,0.3016199684961922,0.009511192873895138,-0.2921087756222971
clr_total_mg_l_mg2,MW2-1,,,0.020209743518751,-0.4077739940099366,-0.42798373752868757
clr_total_mg_l_mg2,NP1-1,,,-0.6067416226573389,-0.394487506967282,0.21225411569005687
clr_total_mg_l_mg2,NP2-1,,,-0.6726331638358822,-0.3172490549967165,0.3553841088391657
clr_total_mg_l_mg2,NP3-1,,,-0.3003001759874342,-0.35378055781689466,-0.053480381829460466
clr_total_mg_l_mg2,NP3-4,,,0.8305577490809559,-0.36545692149578074,-1.1960146705767367
clr_total_mg_l_mg2,NP4-5,,,-0.301651220346265,-0.1882254509840094,0.11342576936225562
clr_total_mg_l_mg2,RM1-1,,,0.7622104911951935,-0.07632969054934416,-0.8385401817445376
clr_total_mg_l_mg2,RM1-8,,,-1.6690266400228868,-0.095364995292056,1.573661644730831
clr_total_mg_l_mg2,RM2-1,,,2.044314044147323,-0.0691890124081455,-2.1135030565554684
clr_total_mg_l_mg2,RM3-1,,,0.444688857556109,-0.07295338592698726,-0.5176422434830963
clr_total_mg_l_mg2,RM3-8,,,1.10236596154364,-0.08661172925962939,-1.1889776908032694
clr_total_mg_l_mg2,SH1-1,,,2.3867553917226436,-0.09162937721670268,-2.478384768939346
clr_total_mg_l_mg2,SH1-6,,,1.5500658320233427,-0.13781823996730272,-1.6878840719906454
clr_total_mg_l_mg2,SH2-1,,,2.357226293084172,-0.09013063871157566,-2.4473569317957473
clr_total_mg_l_mg2,SH3-2,,,3.038670350059931,-0.08732331489803705,-3.125993664957968
clr_total_mg_l_mg2,SH3-8,,,2.4371666788467374,-0.14549307275250553,-2.582659751599243
clr_total_mg_l_mg2,TGV1-1,,,1.2218235282457135,0.21541400424181792,-1.0064095240038955
clr_total_mg_l_mg2,TGV1-8,,,0.7492827732403615,0.26209290088707665,-0.48718987235328487
clr_total_mg_l_mg2,TGV2-1,,,-0.1723610963100297,0.21805865384820133,0.39041975015823105
clr_total_mg_l_mg2,TGV3-1,,,2.4312192890246935,0.5153225577563272,-1.9158967312683663
clr_total_mg_l_mg2,TGV3-9,,,0.7905627146685528,0.3270322821757532,-0.46353043249279957
clr_total_mg_l_mg2,TN1-1,,,1.2611644009569547,0.2525343672357874,-1.0086300337211673
clr_total_mg_l_mg2,TN1-8,,,0.3029331666581534,0.24952873043857976,-0.05340443621957364
clr_total_mg_l_mg2,TN2-1,,,0.4393906408160664,0.27095379434514394,-0.16843684647092244
clr_total_mg_l_mg2,TN3-1,,,-0.7123688849187491,0.2675460041565084,0.9799148890752575
clr_total_mg_l_mg2,TN3-5,,,0.543563141204074,0.12362327143096757,-0.41993986977310643
clr_total_mg_l_mg2,CB-CMBjA1,,,-0.0223088754484828,0.46709044018946005,0.48939931563794287
clr_total_mg_l_mg2,CB-iH5,,,0.5075451813371727,0.2656593550175164,-0.24188582631965633
clr_total_mg_l_mg2,VV-0,,,0.2444342590847505,0.3555075890694145,0.11107332998466399
clr_total_mg_l_mg2,VV-d,,,-0.2496425415145409,0.3555075890694145,0.6051501305839554
clr_total_mg_l_mg2,VV-J,,,-0.6823837057011518,0.3555075890694145,1.0378912947705663
clr_total_mg_l_mg2,VV-L,,,-0.1160647581418325,0.3555075890694145,0.47157234721124697
clr_total_mg_l_mg2,WV-BA 1,,,-0.4619013312899349,0.6389179613428254,1.1008192926327602
clr_total_mg_l_mg2,WV-UNN 1,,,-0.8078711349148746,0.33730704379039966,1.1451781787052742
clr_total_mg_l_mg2,WV-UNN 3,,,-0.3097075035769049,0.33730704379039966,0.6470145473673046
clr_total_mg_l_mg2,WV-UNN-2,,,-0.2625818552308523,0.33730704379039966,0.599888899021252
clr_total_mg_l_mg2,WV-ZS 2,,,0.0865511460404793,0.5906907707547898,0.5041396247143105
clr_total_mg_l_na,BS-607,,,1.9110124229719412,2.093395732786406,0.1823833098144647
clr_total_mg_l_na,BS-610,,,2.390795927062391,2.1289721515261384,-0.2618237755362527
clr_total_mg_l_na,BS-618,,,1.7965730997887528,2.093395732786406,0.2968226329976531
clr_total_mg_l_na,BPS-1,,,2.5440659085215067,2.0812396092051477,-0.462826299316359
clr_total_mg_l_na,BPS-18,,,1.5936303346918246,2.456611328847382,0.8629809941555573
clr_total_mg_l_na,BPS-22,,,1.8193633683174992,2.5190199514421545,0.6996565831246553
clr_total_mg_l_na,BPS-25,,,2.6696457502818483,2.7029411610761036,0.03329541079425535
clr_total_mg_l_na,BPS-5,,,1.683575094521644,2.7029411610761036,1.0193660665544595
clr_total_mg_l_na,CK-20B,,,1.4818566561226567,3.191648995175958,1.7097923390533012
clr_total_mg_l_na,CK1-100B,,,0.869227094043219,3.2725382921557973,2.4033111981125783
clr_total_mg_l_na,CK2-100A,,,0.9409885764855952,3.2725382921557973,2.331549715670202
clr_total_mg_l_na,CK2-100B,,,1.5023511003890793,3.2725382921557964,1.7701871917667171
clr_total_mg_l_na,CM-2 1,,,3.04660795374666,2.992042469898628,-0.05456548384803206
clr_total_mg_l_na,CM-4,,,2.158745051296447,2.885388994270648,0.7266439429742011
clr_total_mg_l_na,CM-PA 3-10,,,3.0550725330642408,2.885388994270648,-0.16968353879359288
clr_total_mg_l_na,CM-PA 30,,,2.567521693056513,2.885388994270648,0.3178673012141351
clr_total_mg_l_na,CM2 (OM),,,1.9444268022924776,2.992042469898628,1.0476156676061505
clr_total_mg_l_na,LC1-5,,,2.8218571894855247,2.117107122965502,-0.7047500665200226
clr_total_mg_l_na,LGP (3-4),,,1.7191096168437523,2.1171071229655016,0.39799750612174933
clr_total_mg_l_na,LGP (BA 1-3),,,2.5192290402740527,2.117107122965502,-0.4021219173085506
clr_total_mg_l_na,CR-0819,,,1.316762838552052,2.2072062119830873,0.8904433734310353
clr_total_mg_l_na,CR-0821,,,1.0370003177679958,2.2072062119830873,1.1702058942150915
clr_total_mg_l_na,CR-0826,,,1.9142874279957969,2.2072062119830873,0.29291878398729043
clr_total_mg_l_na,CR-0828,,,1.4949004769586915,2.2072062119830873,0.7123057350243958
clr_total_mg_l_na,CR-0833,,,2.6148181554535954,2.2072062119830873,-0.4076119434705081
clr_total_mg_l_na,CS-CR2,,,3.1437392839401515,1.8914698077395786,-1.2522694762005728
clr_total_mg_l_na,CS-CR5,,,2.3073724356283387,1.8626661964834104,-0.44470623914492835
clr_total_mg_l_na,CS-CR7,,,2.8879104880870203,2.0155770461273055,-0.8723334419597149
clr_total_mg_l_na,CS-CR9,,,3.232854070852196,2.0155770461273055,-1.2172770247248903
clr_total_mg_l_na,DS1(1-2),,,1.6737397378460743,2.2311224707421067,0.5573827328960324
clr_total_mg_l_na,DS2(1-2),,,1.8263101173157583,2.199330181434843,0.3730200641190846
clr_total_mg_l_na,DA-1,,,1.845553386934892,1.9276848425889088,0.08213145565401692
clr_total_mg_l_na,DA-3,,,1.9770877944178784,1.9276848425889088,-0.04940295182896959
clr_total_mg_l_na,DA-4,,,1.7691864422479249,1.9276848425889088,0.15849840034098395
clr_total_mg_l_na,DA-5,,,2.758713111249471,1.9276848425889088,-0.8310282686605623
clr_total_mg_l_na,DA-6,,,1.656373572249251,1.9276848425889088,0.27131127033965785
clr_total_mg_l_na,GE-A1-3,,,3.6795480997628847,2.689902568814485,-0.9896455309483998
clr_total_mg_l_na,GE-A2-2,,,3.79547268636687,2.689902568814485,-1.1055701175523853
clr_total_mg_l_na,GE-B1-3,,,3.4367698151406065,2.689902568814485,-0.7468672463261217
clr_total_mg_l_na,GE-C2-3,,,3.8339892589091,2.6420643236611343,-1.1919249352479655
clr_total_mg_l_na,GE-C3-2,,,3.8360524071719215,2.642064323661134,-1.1939880835107877
clr_total_mg_l_na,HS-1,,,1.5815231506918237,1.9112677894113155,0.3297446387194918
clr_total_mg_l_na,HS-2,,,1.3745683964193185,1.953830009197756,0.5792616127784376
clr_total_mg_l_na,HS-3,,,0.9800301180613122,1.6754108688450138,0.6953807507837015
clr_total_mg_l_na,HS-4,,,1.1430624530326987,1.9112677894113155,0.7682053363786168
clr_total_mg_l_na,HS-7,,,2.015759255583422,2.0309461923462235,0.015186936762801473
clr_total_mg_l_na,HC-BA1,,,2.2427885520800976,2.3331853192648047,0.09039676718470702
clr_total_mg_l_na,HC-BA2,,,1.9207351604594616,2.3331853192648047,0.4124501588053431
clr_total_mg_l_na,HC-Z5-1,,,2.3847587827627104,2.254470478935747,-0.13028830382696333
clr_total_mg_l_na,HC-ZS2,,,1.231409278435942,2.278199735908845,1.0467904574729028
clr_total_mg_l_na,HVY-4A,,,3.692841047219896,2.471293067365838,-1.221547979854058
clr_total_mg_l_na,HVY-5A,,,3.7524803130813695,2.471293067365838,-1.2811872457155316
clr_total_mg_l_na,HVY-9054A,,,3.696693248213968,2.638835993825233,-1.0578572543887348
clr_total_mg_l_na,HVY-9062A,,,4.127744184703785,2.6468037025245104,-1.4809404821792742
clr_total_mg_l_na,HVY-9130A,,,4.174050799931861,2.670021850430259,-1.5040289495016017
clr_total_mg_l_na,HD-10,,,2.4909328232957093,1.7998997020124168,-0.6910331212832925
clr_total_mg_l_na,HD-14,,,1.7916213613157843,1.7998997020124172,0.008278340696632913
clr_total_mg_l_na,HD-6,,,3.1206210230906004,1.8078845530520833,-1.3127364700385171
clr_total_mg_l_na,HG-3,,,2.7310686795825347,1.811066092916861,-0.9200025866656738
clr_total_mg_l_na,HG-54,,,1.0917175337841414,1.8178169523460412,0.7260994185618999
clr_total_mg_l_na,HG-6,,,1.5239932943014822,2.8529279479156684,1.3289346536141862
clr_total_mg_l_na,HG-8,,,2.434876955891774,1.8226894038936206,-0.6121875519981537
clr_total_mg_l_na,HG-9,,,1.9313775255402676,1.8070018663299532,-0.12437565921031446
clr_total_mg_l_na,HM-2,,,0.6923244507126983,2.195164521898617,1.5028400711859184
clr_total_mg_l_na,HM-3,,,1.486986905120698,2.195164521898617,0.7081776167779188
clr_total_mg_l_na,HM-5,,,0.9043148762829644,2.2481070958491354,1.3437922195661711
clr_total_mg_l_na,HM-6,,,0.861631768822,2.1648911626225313,1.3032593938005315
clr_total_mg_l_na,LI-10,,,2.774665836092677,2.100868860210893,-0.6737969758817841
clr_total_mg_l_na,LI-11,,,2.458820852152222,2.264509564778727,-0.19431128737349512
clr_total_mg_l_na,LI-12,,,3.011417357707856,2.264509564778727,-0.7469077929291292
clr_total_mg_l_na,LI-13,,,3.0297260581564487,2.264509564778727,-0.7652164933777219
clr_total_mg_l_na,LI-14,,,2.306473568150876,2.264509564778727,-0.04196400337214934
clr_total_mg_l_na,LI-15,,,2.4329607588850592,2.264509564778727,-0.16845119410633247
clr_total_mg_l_na,LI-4,,,2.1694210192615397,2.029806192402005,-0.13961482685953452
clr_total_mg_l_na,LI-5,,,1.9334352004520987,2.029806192402005,0.0963709919499065
clr_total_mg_l_na,LI-6,,,2.006347715056367,2.029806192402005,0.02345847734563833
clr_total_mg_l_na,LI-9,,,3.03724876586769,2.100868860210893,-0.9363799056567972
clr_total_mg_l_na,LGP-BA LV8,,,3.24942415075673,3.0933296129304324,-0.15609453782629767
clr_total_mg_l_na,LV-14,,,1.9204620273533388,2.9658980852578933,1.0454360579045545
clr_total_mg_l_na,LV-18,,,2.228680715376458,2.9658980852578933,0.7372173698814355
clr_total_mg_l_na,MD-BJA1,,,2.617447671501957,2.850897842006932,0.23345017050497496
clr_total_mg_l_na,MD-UN11,,,2.266552990862277,2.9054852021236743,0.6389322112613973
clr_total_mg_l_na,MD-UN6,,,2.1966325469067973,2.850897842006932,0.6542652951001346
clr_total_mg_l_na,ME-A1-1,,,3.1211323594383233,2.808498954825257,-0.31263340461306655
clr_total_mg_l_na,ME-A2-3,,,3.561722128247373,2.808498954825257,-0.7532231734221164
clr_total_mg_l_na,ME-B1-2,,,3.462159411334029,2.808498954825257,-0.653660456508772
clr_total_mg_l_na,ME-c2-3,,,3.6193666619545466,2.808498954825257,-0.8108677071292898
clr_total_mg_l_na,ME-C3-1,,,3.7581531157900856,2.808498954825257,-0.9496541609648288
clr_total_mg_l_na,HK-1,,,1.0151051466483187,1.9951277203164959,0.9800225736681771
clr_total_mg_l_na,HK-2,,,0.8691461381103531,1.9951277203164959,1.1259815822061428
clr_total_mg_l_na,HK-3,,,1.9437407600791488,1.9951277203164959,0.051386960237347123
clr_total_mg_l_na,HK-4,,,2.195056518959858,1.9951277203164957,-0.19992879864336222
clr_total_mg_l_na,HK-5,,,1.8591915292597336,1.9951277203164957,0.13593619105676202
clr_total_mg_l_na,MK-A6,,,1.5635718583703644,1.9698410083948439,0.4062691500244795
clr_total_mg_l_na,MK-KYBjA6,,,1.4569162450207938,2.013034750647494,0.5561185056267004
clr_total_mg_l_na,MK-UN8,,,1.7869450561171736,1.9698410083948439,0.1828959522776703
clr_total_mg_l_na,MFP-A1,,,1.7091552842257771,1.8834874599688398,0.1743321757430627
clr_total_mg_l_na,MFP-A2,,,2.4900000136062346,1.8834874599688398,-0.6065125536373948
clr_total_mg_l_na,MFP-AAA,,,1.9678336825027716,1.7671120081053577,-0.20072167439741384
clr_total_mg_l_na,MFP-d,,,2.0025245125216258,1.8834874599688398,-0.11903705255278596
clr_total_mg_l_na,MS-11,,,1.5715642284139013,1.9193880038863256,0.34782377547242427
clr_total_mg_l_na,MS-12,,,1.281980483809478,1.9193880038863256,0.6374075200768476
clr_total_mg_l_na,MS-5,,,1.3608558950780685,1.9193880038863256,0.5585321088082571
clr_total_mg_l_na,MS-7,,,1.8310665495755665,1.9193880038863256,0.0883214543107591
clr_total_mg_l_na,ON-10,,,2.1346943734845905,2.785938494405391,0.6512441209208006
clr_total_mg_l_na,OR-4,,,1.7330083757687411,2.7889582954322782,1.0559499196635371
clr_total_mg_l_na,OR-8,,,2.2926592476897234,2.8617297571266205,0.5690705094368971
clr_total_mg_l_na,AV1-1,,,3.275346654569301,1.9292948939108103,-1.3460517606584905
clr_total_mg_l_na,AV1-8,,,2.8065491416856068,1.8808404413170945,-0.9257087003685123
clr_total_mg_l_na,AV2-1,,,1.3967944508679215,1.8808404413170945,0.48404599044917296
clr_total_mg_l_na,AV3-1,,,1.9743159470996092,1.9017423886564977,-0.07257355844311153
clr_total_mg_l_na,AV3-7,,,2.82258401034761,1.8808404413170945,-0.9417435690305154
clr_total_mg_l_na,BP1-1,,,4.0875625196022,1.8808404413170945,-2.206722078285105
clr_total_mg_l_na,BP1-8,,,3.5298639634275393,1.8808404413170945,-1.6490235221104448
clr_total_mg_l_na,BP2-1,,,2.622551491177556,1.880840441317094,-0.741711049860462
clr_total_mg_l_na,BP3-1,,,2.2538472844015685,1.8808404413170945,-0.37300684308447396
clr_total_mg_l_na,BP3-8,,,2.329658885744055,1.8808404413170945,-0.4488184444269607
clr_total_mg_l_na,HV1-8,,,3.534821585026115,1.8887743786281335,-1.6460472063979816
clr_total_mg_l_na,HV2-5,,,2.6723149508169337,1.9086081806082764,-0.7637067702086573
clr_total_mg_l_na,HV3-1,,,1.4938241013153135,1.9292948939108103,0.4354707925954968
clr_total_mg_l_na,HV3-9,,,2.4510402551354495,1.9238649820170877,-0.5271752731183619
clr_total_mg_l_na,KR-1,,,2.7004903957992723,1.8321761538461314,-0.8683142419531409
clr_total_mg_l_na,KR-2,,,2.1424975009365967,1.819315566926797,-0.32318193400979967
clr_total_mg_l_na,KR-4,,,2.298096060183798,1.7298971221169661,-0.568198938066832
clr_total_mg_l_na,MF1-1,,,2.5945739766850964,1.8759178661115468,-0.7186561105735496
clr_total_mg_l_na,MF1-6,,,2.981802110034416,1.8107094094715108,-1.171092700562905
clr_total_mg_l_na,MF2-1,,,2.9845426373440582,1.8107094094715106,-1.1738332278725476
clr_total_mg_l_na,MF3-1,,,1.5948650799133706,1.8107094094715106,0.21584432955814004
clr_total_mg_l_na,MFX-2,,,1.6674480287555065,1.8395130207276789,0.1720649919721724
clr_total_mg_l_na,MSP1-1,,,0.6384762553360626,1.8909848079541463,1.2525085526180837
clr_total_mg_l_na,MSP1-4,,,0.7829486452584711,2.1468194523402437,1.3638708070817727
clr_total_mg_l_na,MSP2-1,,,1.3850803212655671,1.8815818299827094,0.49650150871714227
clr_total_mg_l_na,MSP3-1,,,2.5654638499468643,1.9700403743587505,-0.5954234755881138
clr_total_mg_l_na,MSP3-4,,,0.7819486211400766,2.092278209282638,1.3103295881425616
clr_total_mg_l_na,MW2-1,,,1.8111598237912472,1.6723741470298843,-0.13878567676136289
clr_total_mg_l_na,NP1-1,,,1.6008056269862991,1.8666262159631928,0.26582058897689365
clr_total_mg_l_na,NP2-1,,,1.8486901870044568,1.9205621551620695,0.07187196815761276
clr_total_mg_l_na,NP3-1,,,1.405970372774446,1.693475785888798,0.2875054131143522
clr_total_mg_l_na,NP3-4,,,1.7693510849888143,1.887157894293439,0.11780680930462473
clr_total_mg_l_na,NP4-5,,,1.144210493769107,2.4181856941320965,1.2739752003629894
clr_total_mg_l_na,RM1-1,,,3.677706790396245,2.118883828820044,-1.558822961576201
clr_total_mg_l_na,RM1-8,,,2.9502323132250603,2.0676929619795374,-0.8825393512455229
clr_total_mg_l_na,RM2-1,,,6.180910937262525,2.118883828820044,-4.062027108442481
clr_total_mg_l_na,RM3-1,,,2.8677664619261893,2.118883828820044,-0.7488826331061453
clr_total_mg_l_na,RM3-8,,,1.9324344406033005,2.0676929619795374,0.13525852137623695
clr_total_mg_l_na,SH1-1,,,2.950514112932863,1.82787756322975,-1.1226365497031132
clr_total_mg_l_na,SH1-6,,,2.913482313377875,1.8484897503969424,-1.0649925629809325
clr_total_mg_l_na,SH2-1,,,2.295203674834612,1.8278775632297504,-0.4673261116048617
clr_total_mg_l_na,SH3-2,,,3.0935717800635487,1.8278775632297504,-1.2656942168337983
clr_total_mg_l_na,SH3-8,,,2.9930134234714973,1.8484897503969424,-1.144523673074555
clr_total_mg_l_na,TGV1-1,,,1.90782101588172,1.8464302009229534,-0.061390814958766526
clr_total_mg_l_na,TGV1-8,,,1.4997308076376474,1.9038881730990198,0.4041573654613724
clr_total_mg_l_na,TGV2-1,,,2.702885457643492,1.924356749850866,-0.7785287077926262
clr_total_mg_l_na,TGV3-1,,,1.785601763924408,2.146899539204586,0.36129777528017826
clr_total_mg_l_na,TGV3-9,,,2.9260217844349357,1.9243631512120103,-1.0016586332229254
clr_total_mg_l_na,TN1-1,,,2.415340561165875,1.895904309139165,-0.5194362520267102
clr_total_mg_l_na,TN1-8,,,2.842925945826297,1.9354730343970854,-0.9074529114292116
clr_total_mg_l_na,TN2-1,,,1.6813771784566225,1.888805797605034,0.2074286191484116
clr_total_mg_l_na,TN3-1,,,1.904181983349691,1.9135590142432466,0.009377030893555682
clr_total_mg_l_na,TN3-5,,,2.592609677029027,1.7661278604705135,-0.8264818165585135
clr_total_mg_l_na,CB-CMBjA1,,,1.4165279994593902,1.8280727046178895,0.4115447051584993
clr_total_mg_l_na,CB-iH5,,,1.9573529481793897,1.8974838363307895,-0.05986911184860011
clr_total_mg_l_na,VV-0,,,1.4344695555669051,2.4771814160349126,1.0427118604680075
clr_total_mg_l_na,VV-d,,,1.4388585780600147,2.4771814160349126,1.0383228379748979
clr_total_mg_l_na,VV-J,,,1.0803641971454134,2.4771814160349126,1.3968172188894992
clr_total_mg_l_na,VV-L,,,0.7229411807722623,2.4771814160349126,1.7542402352626503
clr_total_mg_l_na,WV-BA 1,,,1.8397458219761345,1.9391793333735226,0.0994335113973881
clr_total_mg_l_na,WV-UNN 1,,,1.69088918157296,2.239129710644117,0.548240529071157
clr_total_mg_l_na,WV-UNN 3,,,3.355207846105046,2.239129710644117,-1.116078135460929
clr_total_mg_l_na,WV-UNN-2,,,2.749740660583335,2.239129710644117,-0.5106109499392182
clr_total_mg_l_na,WV-ZS 2,,,2.6428287897203986,1.9703965357400897,-0.6724322539803089
clr_total_mg_l_sr2,BS-607,,,-4.774685670908207,-4.441834145059657,0.33285152584855027
clr_total_mg_l_sr2,BS-610,,,-6.182632174972858,-4.4331578400325204,1.7494743349403379
clr_total_mg_l_sr2,BS-618,,,-5.7661081469331315,-4.438473772337141,1.3276343745959904
clr_total_mg_l_sr2,BPS-1,,,-4.174203751405711,-4.046376956573854,0.127826794831857
clr_total_mg_l_sr2,BPS-18,,,-2.5582597570119767,-4.47907106300788,-1.9208113059959033
clr_total_mg_l_sr2,BPS-22,,,-2.649469000168956,-4.364583514382055,-1.715114514213099
clr_total_mg_l_sr2,BPS-25,,,-3.56262642730613,-4.21297328945857,-0.65034686215244
clr_total_mg_l_sr2,BPS-5,,,-3.013326027043991,-4.214044535850707,-1.200718508806716
clr_total_mg_l_sr2,CK-20B,,,-3.6335675617324674,-3.8040281016287714,-0.17046053989630394
clr_total_mg_l_sr2,CK1-100B,,,-4.005276025728457,-3.8549240514933714,0.15035197423508562
clr_total_mg_l_sr2,CK2-100A,,,-3.4064856766816267,-3.8549219446156235,-0.4484362679339968
clr_total_mg_l_sr2,CK2-100B,,,-2.8682468384611797,-3.8507419479150076,-0.9824951094538279
clr_total_mg_l_sr2,CM-2 1,,,-2.95164027590449,-3.9539324027860934,-1.0022921268816032
clr_total_mg_l_sr2,CM-4,,,-2.7227084858529804,-3.7620393837043227,-1.0393308978513423
clr_total_mg_l_sr2,CM-PA 3-10,,,-2.9307319356735064,-3.7666213233696797,-0.8358893876961733
clr_total_mg_l_sr2,CM-PA 30,,,-2.628172149592963,-3.7620393837043227,-1.1338672341113596
clr_total_mg_l_sr2,CM2 (OM),,,-2.5625751088274296,-3.9527035619912967,-1.3901284531638671
clr_total_mg_l_sr2,LC1-5,,,-3.755354907905707,-5.0648222031814125,-1.3094672952757054
clr_total_mg_l_sr2,LGP (3-4),,,-5.565253943784567,-5.079857023940032,0.48539691984453537
clr_total_mg_l_sr2,LGP (BA 1-3),,,-4.615041875922378,-5.064748479728669,-0.4497066038062911
clr_total_mg_l_sr2,CR-0819,,,-5.696330098683825,-5.363152540836998,0.33317755784682745
clr_total_mg_l_sr2,CR-0821,,,-5.766404036757667,-5.363152540836998,0.403251495920669
clr_total_mg_l_sr2,CR-0826,,,-6.11804422998138,-5.363152540836998,0.7548916891443822
clr_total_mg_l_sr2,CR-0828,,,-6.345340219817581,-5.363152540836998,0.9821876789805835
clr_total_mg_l_sr2,CR-0833,,,-5.871169354550213,-5.363152540836998,0.5080168137132155
clr_total_mg_l_sr2,CS-CR2,,,-6.0328689373035544,-5.377360490007024,0.6555084472965307
clr_total_mg_l_sr2,CS-CR5,,,-5.771732477636064,-5.666559648997476,0.10517282863858846
clr_total_mg_l_sr2,CS-CR7,,,-5.40947864013481,-5.625956352750254,-0.21647771261544424
clr_total_mg_l_sr2,CS-CR9,,,-5.8814158323732535,-5.626045850754032,0.2553699816192214
clr_total_mg_l_sr2,DS1(1-2),,,-3.2118756118143157,-4.338664738604785,-1.1267891267904693
clr_total_mg_l_sr2,DS2(1-2),,,-3.08521290638661,-4.974647537094198,-1.8894346307075875
clr_total_mg_l_sr2,DA-1,,,-4.735022704610352,-4.045790379147179,0.6892323254631734
clr_total_mg_l_sr2,DA-3,,,-3.268152213821618,-4.045790379147179,-0.7776381653255608
clr_total_mg_l_sr2,DA-4,,,-3.0606805420036833,-4.045790379147179,-0.9851098371434954
clr_total_mg_l_sr2,DA-5,,,-3.147559300087716,-4.045790379147179,-0.898231079059463
clr_total_mg_l_sr2,DA-6,,,-3.2124859027268107,-4.045790379147179,-0.8333044764203681
clr_total_mg_l_sr2,GE-A1-3,,,-3.4822290501783977,-3.964285082642554,-0.4820560324641563
clr_total_mg_l_sr2,GE-A2-2,,,-3.400060814290716,-3.964239955672545,-0.5641791413818291
clr_total_mg_l_sr2,GE-B1-3,,,-3.3702297145704523,-3.989049237244291,-0.6188195226738387
clr_total_mg_l_sr2,GE-C2-3,,,-3.3520288706083265,-3.840329034647236,-0.4883001640389093
clr_total_mg_l_sr2,GE-C3-2,,,-3.2610827929716164,-3.848456711467425,-0.5873739184958087
clr_total_mg_l_sr2,HS-1,,,-3.570697435885223,-4.106325130040069,-0.5356276941548463
clr_total_mg_l_sr2,HS-2,,,-3.76475323863826,-4.038997705389764,-0.2742444667515036
clr_total_mg_l_sr2,HS-3,,,-3.345907049961526,-4.361797002302055,-1.0158899523405287
clr_total_mg_l_sr2,HS-4,,,-3.689812295597165,-4.132437276703956,-0.44262498110679127
clr_total_mg_l_sr2,HS-7,,,-3.5920461502807504,-4.271971041023212,-0.6799248907424618
clr_total_mg_l_sr2,HC-BA1,,,-4.4451094365789805,-6.030694321540578,-1.5855848849615972
clr_total_mg_l_sr2,HC-BA2,,,-5.40835857578713,-6.004405982466947,-0.5960474066798174
clr_total_mg_l_sr2,HC-Z5-1,,,-5.469780509071857,-5.911958927712839,-0.4421784186409825
clr_total_mg_l_sr2,HC-ZS2,,,-3.5971183397355304,-5.814381570229996,-2.2172632304944653
clr_total_mg_l_sr2,HVY-4A,,,-4.548010651797991,-3.6899346959509476,0.8580759558470437
clr_total_mg_l_sr2,HVY-5A,,,-4.766086933888012,-3.6899346959509476,1.0761522379370643
clr_total_mg_l_sr2,HVY-9054A,,,-4.170573561938989,-3.6882341029742918,0.482339458964697
clr_total_mg_l_sr2,HVY-9062A,,,-4.611439893964613,-3.5626355791457405,1.0488043148188728
clr_total_mg_l_sr2,HVY-9130A,,,-5.060667422277673,-3.7061171356670886,1.3545502866105843
clr_total_mg_l_sr2,HD-10,,,-4.344072535321764,-4.244885428075348,0.09918710724641677
clr_total_mg_l_sr2,HD-14,,,-3.8372501432848742,-4.2298918895554385,-0.39264174627056425
clr_total_mg_l_sr2,HD-6,,,-4.947990769143845,-4.188273441504279,0.7597173276395663
clr_total_mg_l_sr2,HG-3,,,-4.745177175359991,-4.001295167740201,0.7438820076197903
clr_total_mg_l_sr2,HG-54,,,-5.603772312030969,-4.092364166971765,1.511408145059204
clr_total_mg_l_sr2,HG-6,,,-4.4421534448222095,-3.9164657344158234,0.5256877104063862
clr_total_mg_l_sr2,HG-8,,,-5.26247140191856,-4.231279932456702,1.0311914694618585
clr_total_mg_l_sr2,HG-9,,,-5.093864448897537,-4.2805615875631915,0.8133028613343454
clr_total_mg_l_sr2,HM-2,,,-4.128461020168811,-3.7405188279570796,0.38794219221173165
clr_total_mg_l_sr2,HM-3,,,-3.878743137694773,-3.7405357736319833,0.13820736406278966
clr_total_mg_l_sr2,HM-5,,,-4.3321270865469845,-3.7640469790099558,0.5680801075370288
clr_total_mg_l_sr2,HM-6,,,-4.327614502671675,-3.7926557743852594,0.5349587282864152
clr_total_mg_l_sr2,LI-10,,,-4.604609778497233,-4.998782951595944,-0.3941731730987108
clr_total_mg_l_sr2,LI-11,,,-4.590144595381439,-5.004270533592044,-0.4141259382106055
clr_total_mg_l_sr2,LI-12,,,-4.478832831730632,-5.004270533592044,-0.5254377018614127
clr_total_mg_l_sr2,LI-13,,,-5.425857651628098,-5.004270533592044,0.42158711803605353
clr_total_mg_l_sr2,LI-14,,,-4.378415898721725,-5.004270533592044,-0.6258546348703193
clr_total_mg_l_sr2,LI-15,,,-2.983481465233474,-5.004270533592044,-2.0207890683585705
clr_total_mg_l_sr2,LI-4,,,-4.745061580470024,-4.963297720451684,-0.21823613998166014
clr_total_mg_l_sr2,LI-5,,,-4.3938520217083,-4.963297720451684,-0.569445698743384
clr_total_mg_l_sr2,LI-6,,,-4.83026953609243,-4.963297720451684,-0.13302818435925357
clr_total_mg_l_sr2,LI-9,,,-4.422781134792976,-4.998782951595944,-0.5760018168029672
clr_total_mg_l_sr2,LGP-BA LV8,,,-4.550859403015693,-3.8453305901940835,0.7055288128216093
clr_total_mg_l_sr2,LV-14,,,-3.205636424578553,-3.836652532682343,-0.6310161081037902
clr_total_mg_l_sr2,LV-18,,,-3.567589072001363,-3.836652532682343,-0.2690634606809801
clr_total_mg_l_sr2,MD-BJA1,,,-3.258631602262672,-3.0710283939334437,0.18760320832922828
clr_total_mg_l_sr2,MD-UN11,,,-2.8251698487493297,-3.1257350330878606,-0.30056518433853086
clr_total_mg_l_sr2,MD-UN6,,,-3.2205068598264406,-3.078471332316425,0.14203552751001558
clr_total_mg_l_sr2,ME-A1-1,,,-3.579731715571904,-3.773735174685233,-0.1940034591133286
clr_total_mg_l_sr2,ME-A2-3,,,-4.139364975208471,-3.773735174685233,0.3656298005232381
clr_total_mg_l_sr2,ME-B1-2,,,-3.031768973972646,-3.759685219114918,-0.7279162451422718
clr_total_mg_l_sr2,ME-c2-3,,,-3.810583843962177,-3.7018670982803026,0.10871674568187428
clr_total_mg_l_sr2,ME-C3-1,,,-4.051035238615052,-3.7018670982803026,0.3491681403347493
clr_total_mg_l_sr2,HK-1,,,-4.346187019061107,-4.114849098418782,0.23133792064232495
clr_total_mg_l_sr2,HK-2,,,-4.811708831902143,-4.11494543579387,0.6967633961082731
clr_total_mg_l_sr2,HK-3,,,-4.226392848241213,-4.112900970783589,0.11349187745762368
clr_total_mg_l_sr2,HK-4,,,-4.333388609390966,-4.129655734588312,0.20373287480265478
clr_total_mg_l_sr2,HK-5,,,-4.701367549738215,-4.121995549190123,0.5793720005480925
clr_total_mg_l_sr2,MK-A6,,,-2.8415893517051742,-4.201313321105041,-1.3597239693998668
clr_total_mg_l_sr2,MK-KYBjA6,,,-3.061433933225214,-4.003464112322618,-0.9420301790974039
clr_total_mg_l_sr2,MK-UN8,,,-2.6955617837961414,-4.201313321105041,-1.5057515373088997
clr_total_mg_l_sr2,MFP-A1,,,-2.729869495035366,-4.037897986996254,-1.3080284919608878
clr_total_mg_l_sr2,MFP-A2,,,-2.8008505210165,-4.037897986996254,-1.237047465979754
clr_total_mg_l_sr2,MFP-AAA,,,-2.9840733387184155,-4.279041432441289,-1.2949680937228738
clr_total_mg_l_sr2,MFP-d,,,-3.196050330672808,-4.0369743018945465,-0.8409239712217387
clr_total_mg_l_sr2,MS-11,,,-5.082731465940942,-3.863851900300087,1.2188795656408549
clr_total_mg_l_sr2,MS-12,,,-5.512979301027315,-3.863851900300087,1.6491274007272279
clr_total_mg_l_sr2,MS-5,,,-5.03534885978013,-3.863851900300087,1.1714969594800428
clr_total_mg_l_sr2,MS-7,,,-5.473914861970183,-3.863851900300087,1.610062961670096
clr_total_mg_l_sr2,ON-10,,,-3.8011441984446774,-3.454313721278396,0.34683047716628135
clr_total_mg_l_sr2,OR-4,,,-2.7621010810599467,-3.606138531106697,-0.8440374500467502
clr_total_mg_l_sr2,OR-8,,,-3.2343548501386516,-3.4532185942466875,-0.21886374410803588
clr_total_mg_l_sr2,AV1-1,,,-4.314810612230124,-4.859247785182951,-0.5444371729528275
clr_total_mg_l_sr2,AV1-8,,,-6.758757167539125,-4.811246565550944,1.9475106019881805
clr_total_mg_l_sr2,AV2-1,,,-2.993135171212745,-4.808682527458033,-1.815547356245288
clr_total_mg_l_sr2,AV3-1,,,-5.9192053585413404,-4.781693719962714,1.1375116385786264
clr_total_mg_l_sr2,AV3-7,,,-7.269869641701141,-4.781683031299002,2.4881866104021393
clr_total_mg_l_sr2,BP1-1,,,-9.194532506439126,-4.805810130812604,4.3887223756265215
clr_total_mg_l_sr2,BP1-8,,,-7.695879304132559,-4.745368760259828,2.9505105438727313
clr_total_mg_l_sr2,BP2-1,,,-8.829101225320859,-4.780394140314452,4.048707085006407
clr_total_mg_l_sr2,BP3-1,,,-3.390213975039285,-4.807641825618649,-1.4174278505793643
clr_total_mg_l_sr2,BP3-8,,,-7.55922251440271,-4.748477548864856,2.810744965537854
clr_total_mg_l_sr2,HV1-8,,,-7.192110149017816,-4.558065277595535,2.6340448714222813
clr_total_mg_l_sr2,HV2-5,,,-8.637361497676343,-4.4024074548247105,4.234954042851633
clr_total_mg_l_sr2,HV3-1,,,-3.0311015657425338,-4.73282827842667,-1.701726712684136
clr_total_mg_l_sr2,HV3-9,,,-6.887473430563715,-4.589925544968551,2.297547885595164
clr_total_mg_l_sr2,KR-1,,,-3.031428113225061,-5.048363493476143,-2.016935380251082
clr_total_mg_l_sr2,KR-2,,,-1.3600480453214914,-5.102777996280633,-3.7427299509591414
clr_total_mg_l_sr2,KR-4,,,-7.715030342869719,-4.83804242432776,2.8769879185419587
clr_total_mg_l_sr2,MF1-1,,,-5.176446245730091,-3.8440367760133185,1.3324094697167723
clr_total_mg_l_sr2,MF1-6,,,-4.6278398265610665,-4.010554949694984,0.6172848768660826
clr_total_mg_l_sr2,MF2-1,,,-4.261989911934508,-4.031231539890746,0.23075837204376182
clr_total_mg_l_sr2,MF3-1,,,-3.937041095810415,-4.014546046208674,-0.07750495039825944
clr_total_mg_l_sr2,MFX-2,,,-4.741629760396287,-4.0631497042977935,0.6784800560984934
clr_total_mg_l_sr2,MSP1-1,,,-4.662337991410562,-4.511227636186017,0.15111035522454497
clr_total_mg_l_sr2,MSP1-4,,,-4.141886659034452,-4.59403751539558,-0.4521508563611274
clr_total_mg_l_sr2,MSP2-1,,,-4.62741159303449,-4.3852766257909295,0.24213496724356087
clr_total_mg_l_sr2,MSP3-1,,,-4.790496690819596,-4.514572708732689,0.2759239820869075
clr_total_mg_l_sr2,MSP3-4,,,-4.266397951860606,-4.542066703363535,-0.2756687515029288
clr_total_mg_l_sr2,MW2-1,,,-4.614519244710885,-4.050231766740041,0.5642874779708436
clr_total_mg_l_sr2,NP1-1,,,-5.2395269756784035,-4.023392381190997,1.2161345944874062
clr_total_mg_l_sr2,NP2-1,,,-4.778027562244568,-3.8251532043814254,0.9528743578631427
clr_total_mg_l_sr2,NP3-1,,,-4.794538801268244,-3.907970957504962,0.8865678437632818
clr_total_mg_l_sr2,NP3-4,,,-4.176069523617761,-3.9733062640059225,0.20276325961183828
clr_total_mg_l_sr2,NP4-5,,,-4.033350671643129,-4.182879259492046,-0.1495285878489172
clr_total_mg_l_sr2,RM1-1,,,-2.445545964204842,-4.31321599734741,-1.8676700331425677
clr_total_mg_l_sr2,RM1-8,,,-6.515834959961353,-4.293365042189353,2.222469917772
clr_total_mg_l_sr2,RM2-1,,,-1.919104990117037,-4.3278739205639365,-2.4087689304468993
clr_total_mg_l_sr2,RM3-1,,,-3.427798156056675,-4.324619612868629,-0.8968214568119541
clr_total_mg_l_sr2,RM3-8,,,-2.860723039714423,-4.318986425398555,-1.4582633856841323
clr_total_mg_l_sr2,SH1-1,,,-0.995319071396838,-4.577268299267764,-3.5819492278709255
clr_total_mg_l_sr2,SH1-6,,,-2.8723640299509263,-4.473867538948965,-1.6015035089980385
clr_total_mg_l_sr2,SH2-1,,,-1.9677404877876876,-4.585684234329731,-2.6179437465420436
clr_total_mg_l_sr2,SH3-2,,,-2.2199852397108697,-4.585566845699953,-2.365581605989083
clr_total_mg_l_sr2,SH3-8,,,-1.333447868152018,-4.499670759332217,-3.1662228911801984
clr_total_mg_l_sr2,TGV1-1,,,-2.6450409778719357,-4.558320752497551,-1.913279774625615
clr_total_mg_l_sr2,TGV1-8,,,-4.657248177947908,-4.387763392859702,0.2694847850882063
clr_total_mg_l_sr2,TGV2-1,,,-5.1008217822172695,-4.596191010330524,0.5046307718867453
clr_total_mg_l_sr2,TGV3-1,,,-0.1824191438981497,-4.202823511649628,-4.020404367751478
clr_total_mg_l_sr2,TGV3-9,,,-3.988066340855648,-4.155472358012046,-0.16740601715639825
clr_total_mg_l_sr2,TN1-1,,,-2.7779512051874784,-4.610406725258987,-1.832455520071509
clr_total_mg_l_sr2,TN1-8,,,-4.200757850380084,-4.365505199875165,-0.16474734949508107
clr_total_mg_l_sr2,TN2-1,,,-3.692255708568706,-4.521431153716138,-0.829175445147432
clr_total_mg_l_sr2,TN3-1,,,-5.2330964539106954,-4.51688533555755,0.7162111183531454
clr_total_mg_l_sr2,TN3-5,,,-4.452937641957277,-4.214670375527917,0.23826726642935991
clr_total_mg_l_sr2,CB-CMBjA1,,,-4.386943767410495,-4.180920010491422,0.20602375691907238
clr_total_mg_l_sr2,CB-iH5,,,-4.022039017694324,-4.526581599702941,-0.5045425820086171
clr_total_mg_l_sr2,VV-0,,,-4.505701697153526,-5.825266261089943,-1.3195645639364164
clr_total_mg_l_sr2,VV-d,,,-5.237804979758739,-5.825266261089943,-0.5874612813312039
clr_total_mg_l_sr2,VV-J,,,-5.595038591437204,-5.825266261089943,-0.23022766965273878
clr_total_mg_l_sr2,VV-L,,,-4.7585307288736205,-5.825266261089943,-1.0667355322163221
clr_total_mg_l_sr2,WV-BA 1,,,-5.537075146523762,-4.079698179431138,1.4573769670926238
clr_total_mg_l_sr2,WV-UNN 1,,,-5.827356044288113,-5.512567096028147,0.31478894825996573
clr_total_mg_l_sr2,WV-UNN 3,,,-5.196290149003182,-5.512567096028147,-0.31627694702496534
clr_total_mg_l_sr2,WV-UNN-2,,,-6.368118858598683,-5.512567096028147,0.8555517625705358
clr_total_mg_l_sr2,WV-ZS 2,,,-5.871465466999963,-4.1062687753861535,1.7651966916138093
digest_mg_kg_al3082,BS-607,,,8273.55,13007.493286689954,4733.943286689955
digest_mg_kg_al3082,BS-610,,,6731.46,12778.718047181123,6047.2580471811225
digest_mg_kg_al3082,BS-618,,,5595.19,12982.203043289514,7387.013043289514
digest_mg_kg_al3082,BPS-1,,,8969.12,12412.531769326544,3443.4117693265434
digest_mg_kg_al3082,BPS-18,,,7966.14,10752.621295738067,2786.4812957380664
digest_mg_kg_al3082,BPS-22,,,7729.92,10910.13193867897,3180.211938678969
digest_mg_kg_al3082,BPS-25,,,9883.47,11152.867269040835,1269.3972690408355
digest_mg_kg_al3082,BPS-5,,,8557.34,11153.987181537736,2596.6471815377354
digest_mg_kg_al3082,CK-20B,,,17390.0,12708.929914204546,-4681.070085795454
digest_mg_kg_al3082,CK1-100B,,,10886.45,13169.349479506285,2282.8994795062845
digest_mg_kg_al3082,CK2-100A,,,17359.44,13169.355891927844,-4190.084108072155
digest_mg_kg_al3082,CK2-100B,,,11152.3,13175.245125321297,2022.9451253212974
digest_mg_kg_al3082,CM-2 1,,,15189.24,13706.376686086489,-1482.8633139135109
digest_mg_kg_al3082,CM-4,,,11132.26,13755.479101242765,2623.2191012427647
digest_mg_kg_al3082,CM-PA 3-10,,,19728.37,13751.029256509895,-5977.340743490104
digest_mg_kg_al3082,CM-PA 30,,,14569.14,13755.479101242765,-813.6608987572345
digest_mg_kg_al3082,CM2 (OM),,,14078.16,13706.162891372118,-371.99710862788197
digest_mg_kg_al3082,LC1-5,,,13996.02,12321.58863614718,-1674.4313638528201
digest_mg_kg_al3082,LGP (3-4),,,13670.63,12424.858243488652,-1245.7717565113471
digest_mg_kg_al3082,LGP (BA 1-3),,,13477.82,12321.066513808642,-1156.7534861913573
digest_mg_kg_al3082,CR-0819,,,14730.0,16032.771435164119,1302.7714351641189
digest_mg_kg_al3082,CR-0821,,,13163.67,16032.771435164119,2869.101435164119
digest_mg_kg_al3082,CR-0826,,,16381.05,16032.771435164119,-348.2785648358804
digest_mg_kg_al3082,CR-0828,,,14305.84,16032.771435164119,1726.9314351641187
digest_mg_kg_al3082,CR-0833,,,13935.74,16032.771435164119,2097.031435164119
digest_mg_kg_al3082,CS-CR2,,,21262.53,11241.923515310937,-10020.606484689062
digest_mg_kg_al3082,CS-CR5,,,21492.99,12585.675195533888,-8907.314804466114
digest_mg_kg_al3082,CS-CR7,,,15010.04,12606.855631903747,-2403.184368096254
digest_mg_kg_al3082,CS-CR9,,,25558.88,12607.356968179425,-12951.523031820576
digest_mg_kg_al3082,DS1(1-2),,,12359.44,14122.661391070847,1763.221391070847
digest_mg_kg_al3082,DS2(1-2),,,10711.42,8703.95309277509,-2007.4669072249108
digest_mg_kg_al3082,DA-1,,,11837.35,5860.031595891427,-5977.318404108573
digest_mg_kg_al3082,DA-3,,,10522.09,5860.031595891427,-4662.058404108573
digest_mg_kg_al3082,DA-4,,,13835.34,5860.031595891427,-7975.308404108573
digest_mg_kg_al3082,DA-5,,,13108.65,5860.031595891427,-7248.618404108573
digest_mg_kg_al3082,DA-6,,,10886.45,5860.031595891427,-5026.418404108574
digest_mg_kg_al3082,GE-A1-3,,,9648.89,13938.546155540305,4289.656155540306
digest_mg_kg_al3082,GE-A2-2,,,12439.76,13938.534462824906,1498.7744628249056
digest_mg_kg_al3082,GE-B1-3,,,11603.59,14030.989165341294,2427.399165341294
digest_mg_kg_al3082,GE-C2-3,,,10401.61,13787.244863814254,3385.6348638142535
digest_mg_kg_al3082,GE-C3-2,,,11700.0,13712.84003821311,2012.8400382131094
digest_mg_kg_al3082,HS-1,,,18613.86,12584.505246366814,-6029.354753633186
digest_mg_kg_al3082,HS-2,,,20040.0,13841.208914989247,-6198.791085010753
digest_mg_kg_al3082,HS-3,,,20330.0,8635.510715500974,-11694.489284499026
digest_mg_kg_al3082,HS-4,,,17755.51,12309.153636532075,-5446.356363467923
digest_mg_kg_al3082,HS-7,,,27475.05,10437.360453058875,-17037.689546941125
digest_mg_kg_al3082,HC-BA1,,,6630.22,11220.346904172908,4590.126904172907
digest_mg_kg_al3082,HC-BA2,,,4774.9,11212.850050525738,6437.950050525738
digest_mg_kg_al3082,HC-Z5-1,,,4947.69,10885.396991719843,5937.706991719843
digest_mg_kg_al3082,HC-ZS2,,,6885.91,10913.208571005956,4027.2985710059565
digest_mg_kg_al3082,HVY-4A,,,12425.45,11270.349744721116,-1155.100255278885
digest_mg_kg_al3082,HVY-5A,,,21696.79,11270.349744721116,-10426.440255278885
digest_mg_kg_al3082,HVY-9054A,,,19405.24,11467.195835766142,-7938.044164233859
digest_mg_kg_al3082,HVY-9062A,,,14900.2,12045.620886469747,-2854.5791135302534
digest_mg_kg_al3082,HVY-9130A,,,18376.75,11349.797840587851,-7026.952159412149
digest_mg_kg_al3082,HD-10,,,7581.67,6830.197783426047,-751.4722165739531
digest_mg_kg_al3082,HD-14,,,11962.15,6912.146306697935,-5050.003693302065
digest_mg_kg_al3082,HD-6,,,4399.0,7072.007691612502,2673.0076916125017
digest_mg_kg_al3082,HG-3,,,6006.93,7676.380668306985,1669.4506683069849
digest_mg_kg_al3082,HG-54,,,4382.0,6740.9679352827925,2358.9679352827925
digest_mg_kg_al3082,HG-6,,,6548.39,13844.992538417675,7296.602538417675
digest_mg_kg_al3082,HG-8,,,5514.0,9693.42967272994,4179.429672729941
digest_mg_kg_al3082,HG-9,,,3942.66,6277.679423252957,2335.0194232529575
digest_mg_kg_al3082,HM-2,,,6133.2,10515.11011605367,4381.910116053669
digest_mg_kg_al3082,HM-3,,,6152.0,10515.122398719062,4363.122398719062
digest_mg_kg_al3082,HM-5,,,11539.24,10514.801862138454,-1024.4381378615453
digest_mg_kg_al3082,HM-6,,,9650.3,10593.474745149446,943.1747451494466
digest_mg_kg_al3082,LI-10,,,5918.0,13273.457031050026,7355.457031050026
digest_mg_kg_al3082,LI-11,,,4803.21,13891.646090626282,9088.436090626281
digest_mg_kg_al3082,LI-12,,,4450.2,13891.646090626282,9441.446090626283
digest_mg_kg_al3082,LI-13,,,3927.15,13891.646090626282,9964.496090626282
digest_mg_kg_al3082,LI-14,,,6747.0,13891.646090626282,7144.646090626282
digest_mg_kg_al3082,LI-15,,,5828.31,13891.646090626282,8063.3360906262815
digest_mg_kg_al3082,LI-4,,,7633.27,13198.478105209862,5565.208105209862
digest_mg_kg_al3082,LI-5,,,6116.0,13198.478105209862,7082.478105209862
digest_mg_kg_al3082,LI-6,,,5413.83,13198.478105209862,7784.6481052098625
digest_mg_kg_al3082,LI-9,,,825.25,13273.457031050026,12448.207031050026
digest_mg_kg_al3082,LGP-BA LV8,,,13359.84,13618.0052786377,258.1652786376999
digest_mg_kg_al3082,LV-14,,,9476.1,13171.749813069453,3695.6498130694526
digest_mg_kg_al3082,LV-18,,,11197.6,13171.749813069453,1974.1498130694526
digest_mg_kg_al3082,MD-BJA1,,,16570.0,14227.21433941942,-2342.785660580579
digest_mg_kg_al3082,MD-UN11,,,15408.37,14021.96804232065,-1386.4019576793507
digest_mg_kg_al3082,MD-UN6,,,16245.02,14237.016084967867,-2008.0039150321336
digest_mg_kg_al3082,ME-A1-1,,,8135.08,12650.574913722958,4515.494913722958
digest_mg_kg_al3082,ME-A2-3,,,10560.0,12650.574913722958,2090.5749137229577
digest_mg_kg_al3082,ME-B1-2,,,12850.0,12617.737208991577,-232.26279100842294
digest_mg_kg_al3082,ME-c2-3,,,18966.2,12414.381357723674,-6551.8186422763265
digest_mg_kg_al3082,ME-C3-1,,,13897.8,12414.381357723674,-1483.418642276325
digest_mg_kg_al3082,HK-1,,,4445.11,14084.751466785661,9639.641466785662
digest_mg_kg_al3082,HK-2,,,5574.3,14083.748981370116,8509.448981370115
digest_mg_kg_al3082,HK-3,,,4679.28,14105.020939057955,9425.740939057956
digest_mg_kg_al3082,HK-4,,,3037.77,14064.529118362963,11026.759118362963
digest_mg_kg_al3082,HK-5,,,5995.02,13924.755814799122,7929.735814799122
digest_mg_kg_al3082,MK-A6,,,29688.13,13367.816469452568,-16320.313530547433
digest_mg_kg_al3082,MK-KYBjA6,,,31057.88,15575.257574723211,-15482.62242527679
digest_mg_kg_al3082,MK-UN8,,,30744.05,13367.816469452568,-17376.233530547433
digest_mg_kg_al3082,MFP-A1,,,6258.48,8267.230972575253,2008.7509725752534
digest_mg_kg_al3082,MFP-A2,,,6929.86,8267.230972575253,1337.3709725752533
digest_mg_kg_al3082,MFP-AAA,,,5572.0,7691.373057935732,2119.3730579357316
digest_mg_kg_al3082,MFP-d,,,5801.4,8272.824170087284,2471.4241700872844
digest_mg_kg_al3082,MS-11,,,2161.03,9366.714376168673,7205.684376168672
digest_mg_kg_al3082,MS-12,,,2500.0,9366.714376168673,6866.714376168673
digest_mg_kg_al3082,MS-5,,,2479.0,9366.714376168673,6887.714376168673
digest_mg_kg_al3082,MS-7,,,2383.23,9366.714376168673,6983.484376168673
digest_mg_kg_al3082,ON-10,,,7138.1,11555.633410284428,4417.533410284428
digest_mg_kg_al3082,OR-4,,,10170.34,11117.533836285433,947.1938362854326
digest_mg_kg_al3082,OR-8,,,5525.84,11120.71947499972,5594.87947499972
digest_mg_kg_al3082,AV1-1,,,14096.39,4966.082852858195,-9130.307147141804
digest_mg_kg_al3082,AV1-8,,,20239.52,5371.853162897421,-14867.66683710258
digest_mg_kg_al3082,AV2-1,,,17176.94,5291.627805632685,-11885.312194367314
digest_mg_kg_al3082,AV3-1,,,17235.53,5068.409246497527,-12167.120753502471
digest_mg_kg_al3082,AV3-7,,,15099.8,5487.630841025947,-9612.169158974051
digest_mg_kg_al3082,BP1-1,,,12107.36,5326.182219679795,-6781.177780320206
digest_mg_kg_al3082,BP1-8,,,16090.0,5571.924789610582,-10518.07521038942
digest_mg_kg_al3082,BP2-1,,,8608.78,5472.161059297962,-3136.6189407020383
digest_mg_kg_al3082,BP3-1,,,13947.9,5378.974502348885,-8568.925497651115
digest_mg_kg_al3082,BP3-8,,,16354.58,5571.259682169388,-10783.320317830612
digest_mg_kg_al3082,HV1-8,,,14051.9,6216.290745475446,-7835.609254524554
digest_mg_kg_al3082,HV2-5,,,16782.87,6129.272412824996,-10653.597587175003
digest_mg_kg_al3082,HV3-1,,,18001.99,5439.684907730378,-12562.305092269624
digest_mg_kg_al3082,HV3-9,,,13240.0,6401.735853443855,-6838.264146556145
digest_mg_kg_al3082,KR-1,,,19480.0,5118.66925702867,-14361.330742971331
digest_mg_kg_al3082,KR-2,,,15270.54,5070.563347597528,-10199.976652402473
digest_mg_kg_al3082,KR-4,,,19520.0,6024.782911662137,-13495.217088337864
digest_mg_kg_al3082,MF1-1,,,8364.27,14975.199237089244,6610.9292370892435
digest_mg_kg_al3082,MF1-6,,,8164.67,14162.422313352447,5997.752313352446
digest_mg_kg_al3082,MF2-1,,,7638.28,13984.236797247575,6345.956797247575
digest_mg_kg_al3082,MF3-1,,,10159.68,14182.998357331975,4023.3183573319748
digest_mg_kg_al3082,MFX-2,,,13336.65,13986.86225028824,650.2122502882412
digest_mg_kg_al3082,MSP1-1,,,4399.4,6975.609627061852,2576.209627061852
digest_mg_kg_al3082,MSP1-4,,,4450.1,8111.783487434956,3661.683487434956
digest_mg_kg_al3082,MSP2-1,,,4885.46,7782.111489340173,2896.6514893401727
digest_mg_kg_al3082,MSP3-1,,,2794.41,7555.77963607303,4761.36963607303
digest_mg_kg_al3082,MSP3-4,,,3546.91,7832.267598426361,4285.357598426361
digest_mg_kg_al3082,MW2-1,,,9628.26,14110.994793498769,4482.734793498768
digest_mg_kg_al3082,NP1-1,,,6348.3,14951.843152680261,8603.54315268026
digest_mg_kg_al3082,NP2-1,,,6538.08,13756.078817905178,7217.998817905178
digest_mg_kg_al3082,NP3-1,,,5867.27,14917.260311402553,9049.990311402553
digest_mg_kg_al3082,NP3-4,,,4149.4,14951.57146397917,10802.17146397917
digest_mg_kg_al3082,NP4-5,,,578.56,12101.738375412804,11523.178375412805
digest_mg_kg_al3082,RM1-1,,,14651.39,7997.598919661315,-6653.791080338684
digest_mg_kg_al3082,RM1-8,,,13013.97,7730.55627027663,-5283.413729723369
digest_mg_kg_al3082,RM2-1,,,10399.2,7928.343410593081,-2470.8565894069197
digest_mg_kg_al3082,RM3-1,,,14148.3,7947.699073469589,-6200.60092653041
digest_mg_kg_al3082,RM3-8,,,17107.36,7596.126984410537,-9511.233015589463
digest_mg_kg_al3082,SH1-1,,,10130.78,6504.223771726314,-3626.5562282736864
digest_mg_kg_al3082,SH1-6,,,10428.29,7141.940201564285,-3286.3497984357155
digest_mg_kg_al3082,SH2-1,,,12151.39,6459.424405001409,-5691.965594998591
digest_mg_kg_al3082,SH3-2,,,12249.0,6449.340413355246,-5799.659586644754
digest_mg_kg_al3082,SH3-8,,,10268.39,7021.484380113466,-3246.9056198865337
digest_mg_kg_al3082,TGV1-1,,,20863.45,5380.043396366555,-15483.406603633446
digest_mg_kg_al3082,TGV1-8,,,9551.59,6270.7673293404,-3280.8226706596006
digest_mg_kg_al3082,TGV2-1,,,10672.69,5897.533252313594,-4775.156747686407
digest_mg_kg_al3082,TGV3-1,,,7233.47,8340.050540907374,1106.5805409073737
digest_mg_kg_al3082,TGV3-9,,,9697.6,6671.792507331017,-3025.8074926689833
digest_mg_kg_al3082,TN1-1,,,28618.29,6381.481880082242,-22236.808119917758
digest_mg_kg_al3082,TN1-8,,,21750.0,8457.150178309015,-13292.849821690985
digest_mg_kg_al3082,TN2-1,,,24698.8,6530.985511485368,-18167.814488514632
digest_mg_kg_al3082,TN3-1,,,23740.0,7355.553120078678,-16384.44687992132
digest_mg_kg_al3082,TN3-5,,,26255.02,11194.10255872626,-15060.917441273741
digest_mg_kg_al3082,CB-CMBjA1,,,10962.3,9984.500952574655,-977.7990474253438
digest_mg_kg_al3082,CB-iH5,,,13662.67,11632.329637934741,-2030.340362065259
digest_mg_kg_al3082,VV-0,,,750.69,10455.344092721216,9704.654092721215
digest_mg_kg_al3082,VV-d,,,985.89,10455.344092721216,9469.454092721217
digest_mg_kg_al3082,VV-J,,,1395.79,10455.344092721216,9059.554092721217
digest_mg_kg_al3082,VV-L,,,1316.27,10455.344092721216,9139.074092721215
digest_mg_kg_al3082,WV-BA 1,,,3115.46,14036.183041958113,10920.723041958114
digest_mg_kg_al3082,WV-UNN 1,,,6765.0,7375.686173783566,610.6861737835661
digest_mg_kg_al3082,WV-UNN 3,,,5012.05,7375.686173783566,2363.636173783566
digest_mg_kg_al3082,WV-UNN-2,,,6931.55,7375.686173783566,444.13617378356594
digest_mg_kg_al3082,WV-ZS 2,,,3001.0,14579.823932309637,11578.823932309637
digest_mg_kg_as1890,BS-607,,,2.5,4.693,2.1929999999999996
digest_mg_kg_as1890,BS-610,,,2.5,4.562,2.0620000000000003
digest_mg_kg_as1890,BS-618,,,2.5,4.6930000000000005,2.1930000000000005
digest_mg_kg_as1890,BPS-1,,,2.5,2.9219999999999997,0.4219999999999997
digest_mg_kg_as1890,BPS-18,,,9.76,4.068,-5.692
digest_mg_kg_as1890,BPS-22,,,2.5,4.199,1.6989999999999998
digest_mg_kg_as1890,BPS-25,,,2.5,3.938,1.4380000000000002
digest_mg_kg_as1890,BPS-5,,,2.5,3.938,1.4380000000000002
digest_mg_kg_as1890,CK-20B,,,2.5,2.7895000000000003,0.2895000000000003
digest_mg_kg_as1890,CK1-100B,,,2.5,2.7895000000000003,0.2895000000000003
digest_mg_kg_as1890,CK2-100A,,,2.5,2.7895000000000003,0.2895000000000003
digest_mg_kg_as1890,CK2-100B,,,2.5,2.7895000000000003,0.2895000000000003
digest_mg_kg_as1890,CM-2 1,,,2.5,3.1895,0.6894999999999998
digest_mg_kg_as1890,CM-4,,,2.5,3.1895,0.6894999999999998
digest_mg_kg_as1890,CM-PA 3-10,,,2.5,3.1895,0.6894999999999998
digest_mg_kg_as1890,CM-PA 30,,,2.5,3.1895,0.6894999999999998
digest_mg_kg_as1890,CM2 (OM),,,2.5,3.1895,0.6894999999999998
digest_mg_kg_as1890,LC1-5,,,2.5,4.980500000000001,2.480500000000001
digest_mg_kg_as1890,LGP (3-4),,,11.81,4.980500000000001,-6.8294999999999995
digest_mg_kg_as1890,LGP (BA 1-3),,,6.65,4.980500000000001,-1.6694999999999993
digest_mg_kg_as1890,CR-0819,,,5.9,4.0725,-1.8275000000000006
digest_mg_kg_as1890,CR-0821,,,5.39,4.0725,-1.3175
digest_mg_kg_as1890,CR-0826,,,7.26,4.0725,-3.1875
digest_mg_kg_as1890,CR-0828,,,6.44,4.0725,-2.3675000000000006
digest_mg_kg_as1890,CR-0833,,,2.5,4.0725,1.5724999999999998
digest_mg_kg_as1890,CS-CR2,,,2.5,4.245,1.745
digest_mg_kg_as1890,CS-CR5,,,10.32,4.245,-6.075
digest_mg_kg_as1890,CS-CR7,,,6.22,4.245,-1.9749999999999996
digest_mg_kg_as1890,CS-CR9,,,2.5,4.245,1.745
digest_mg_kg_as1890,DS1(1-2),,,2.5,4.306,1.806
digest_mg_kg_as1890,DS2(1-2),,,2.5,4.271,1.771
digest_mg_kg_as1890,DA-1,,,2.5,3.626,1.126
digest_mg_kg_as1890,DA-3,,,6.12,3.626,-2.494
digest_mg_kg_as1890,DA-4,,,2.5,3.626,1.126
digest_mg_kg_as1890,DA-5,,,2.5,3.626,1.126
digest_mg_kg_as1890,DA-6,,,2.5,3.626,1.126
digest_mg_kg_as1890,GE-A1-3,,,2.5,2.6585,0.15850000000000009
digest_mg_kg_as1890,GE-A2-2,,,5.12,2.6585,-2.4615
digest_mg_kg_as1890,GE-B1-3,,,2.5,2.6585,0.15850000000000009
digest_mg_kg_as1890,GE-C2-3,,,2.5,2.5,0.0
digest_mg_kg_as1890,GE-C3-2,,,2.5,2.5,0.0
digest_mg_kg_as1890,HS-1,,,2.5,3.7595,1.2595
digest_mg_kg_as1890,HS-2,,,2.5,3.7595,1.2595
digest_mg_kg_as1890,HS-3,,,2.5,4.321000000000001,1.8210000000000006
digest_mg_kg_as1890,HS-4,,,2.5,3.7595,1.2595
digest_mg_kg_as1890,HS-7,,,2.5,3.7595,1.2595
digest_mg_kg_as1890,HC-BA1,,,2.5,3.9405,1.4405000000000001
digest_mg_kg_as1890,HC-BA2,,,2.5,3.9405,1.4405000000000001
digest_mg_kg_as1890,HC-Z5-1,,,2.5,3.5214999999999996,1.0214999999999996
digest_mg_kg_as1890,HC-ZS2,,,2.5,3.5215000000000005,1.0215000000000005
digest_mg_kg_as1890,HVY-4A,,,2.5,3.003,0.5030000000000001
digest_mg_kg_as1890,HVY-5A,,,2.5,3.003,0.5030000000000001
digest_mg_kg_as1890,HVY-9054A,,,2.5,3.3510000000000004,0.8510000000000004
digest_mg_kg_as1890,HVY-9062A,,,2.5,2.7895000000000003,0.2895000000000003
digest_mg_kg_as1890,HVY-9130A,,,2.5,3.351,0.851
digest_mg_kg_as1890,HD-10,,,2.5,3.1149999999999998,0.6149999999999998
digest_mg_kg_as1890,HD-14,,,2.5,3.1149999999999998,0.6149999999999998
digest_mg_kg_as1890,HD-6,,,2.5,3.1149999999999998,0.6149999999999998
digest_mg_kg_as1890,HG-3,,,2.5,4.004,1.5039999999999996
digest_mg_kg_as1890,HG-54,,,2.5,3.6765,1.1764999999999999
digest_mg_kg_as1890,HG-6,,,2.5,2.5,0.0
digest_mg_kg_as1890,HG-8,,,2.5,3.9375,1.4375
digest_mg_kg_as1890,HG-9,,,2.5,3.901,1.4009999999999998
digest_mg_kg_as1890,HM-2,,,2.5,4.092499999999999,1.5924999999999994
digest_mg_kg_as1890,HM-3,,,2.5,4.092499999999999,1.5924999999999994
digest_mg_kg_as1890,HM-5,,,2.5,3.9625,1.4625
digest_mg_kg_as1890,HM-6,,,2.5,4.092499999999999,1.5924999999999994
digest_mg_kg_as1890,LI-10,,,2.5,5.0920000000000005,2.5920000000000005
digest_mg_kg_as1890,LI-11,,,2.5,4.6579999999999995,2.1579999999999995
digest_mg_kg_as1890,LI-12,,,2.5,4.6579999999999995,2.1579999999999995
digest_mg_kg_as1890,LI-13,,,2.5,4.6579999999999995,2.1579999999999995
digest_mg_kg_as1890,LI-14,,,2.5,4.6579999999999995,2.1579999999999995
digest_mg_kg_as1890,LI-15,,,2.5,4.6579999999999995,2.1579999999999995
digest_mg_kg_as1890,LI-4,,,2.5,5.6535,3.1535
digest_mg_kg_as1890,LI-5,,,2.5,5.6535,3.1535
digest_mg_kg_as1890,LI-6,,,2.5,5.6535,3.1535
digest_mg_kg_as1890,LI-9,,,2.5,5.0920000000000005,2.5920000000000005
digest_mg_kg_as1890,LGP-BA LV8,,,5.67,2.6310000000000002,-3.0389999999999997
digest_mg_kg_as1890,LV-14,,,2.5,3.1925,0.6924999999999999
digest_mg_kg_as1890,LV-18,,,2.5,3.1925,0.6924999999999999
digest_mg_kg_as1890,MD-BJA1,,,2.5,3.1895,0.6894999999999998
digest_mg_kg_as1890,MD-UN11,,,2.5,3.1895,0.6894999999999998
digest_mg_kg_as1890,MD-UN6,,,2.5,3.1895,0.6894999999999998
digest_mg_kg_as1890,ME-A1-1,,,2.5,2.7895000000000003,0.2895000000000003
digest_mg_kg_as1890,ME-A2-3,,,2.5,2.7895000000000003,0.2895000000000003
digest_mg_kg_as1890,ME-B1-2,,,2.5,2.7895000000000003,0.2895000000000003
digest_mg_kg_as1890,ME-c2-3,,,2.5,2.7895000000000003,0.2895000000000003
digest_mg_kg_as1890,ME-C3-1,,,2.5,2.7895000000000003,0.2895000000000003
digest_mg_kg_as1890,HK-1,,,2.5,3.7700000000000005,1.2700000000000005
digest_mg_kg_as1890,HK-2,,,9.94,3.7700000000000005,-6.169999999999999
digest_mg_kg_as1890,HK-3,,,2.5,3.7700000000000005,1.2700000000000005
digest_mg_kg_as1890,HK-4,,,2.5,3.7700000000000005,1.2700000000000005
digest_mg_kg_as1890,HK-5,,,6.08,3.7700000000000005,-2.3099999999999996
digest_mg_kg_as1890,MK-A6,,,2.5,3.2085,0.7084999999999999
digest_mg_kg_as1890,MK-KYBjA6,,,2.5,3.2085,0.7084999999999999
digest_mg_kg_as1890,MK-UN8,,,2.5,3.2085,0.7084999999999999
digest_mg_kg_as1890,MFP-A1,,,2.5,3.1149999999999998,0.6149999999999998
digest_mg_kg_as1890,MFP-A2,,,2.5,3.1149999999999998,0.6149999999999998
digest_mg_kg_as1890,MFP-AAA,,,2.5,3.115,0.6150000000000002
digest_mg_kg_as1890,MFP-d,,,2.5,3.1149999999999998,0.6149999999999998
digest_mg_kg_as1890,MS-11,,,2.5,3.0164999999999997,0.5164999999999997
digest_mg_kg_as1890,MS-12,,,2.5,3.0164999999999997,0.5164999999999997
digest_mg_kg_as1890,MS-5,,,2.5,3.0164999999999997,0.5164999999999997
digest_mg_kg_as1890,MS-7,,,2.5,3.0164999999999997,0.5164999999999997
digest_mg_kg_as1890,ON-10,,,2.5,3.4130000000000003,0.9130000000000003
digest_mg_kg_as1890,OR-4,,,2.5,4.015000000000001,1.5150000000000006
digest_mg_kg_as1890,OR-8,,,2.5,3.4130000000000003,0.9130000000000003
digest_mg_kg_as1890,AV1-1,,,2.5,3.124,0.6240000000000001
digest_mg_kg_as1890,AV1-8,,,2.5,3.124,0.6240000000000001
digest_mg_kg_as1890,AV2-1,,,2.5,3.124,0.6240000000000001
digest_mg_kg_as1890,AV3-1,,,2.5,3.1239999999999997,0.6239999999999997
digest_mg_kg_as1890,AV3-7,,,2.5,3.124,0.6240000000000001
digest_mg_kg_as1890,BP1-1,,,2.5,3.124,0.6240000000000001
digest_mg_kg_as1890,BP1-8,,,2.5,3.1239999999999997,0.6239999999999997
digest_mg_kg_as1890,BP2-1,,,2.5,3.124,0.6240000000000001
digest_mg_kg_as1890,BP3-1,,,2.5,3.124,0.6240000000000001
digest_mg_kg_as1890,BP3-8,,,2.5,3.124,0.6240000000000001
digest_mg_kg_as1890,HV1-8,,,2.5,3.124,0.6240000000000001
digest_mg_kg_as1890,HV2-5,,,14.54,3.1239999999999997,-11.416
digest_mg_kg_as1890,HV3-1,,,5.67,3.1239999999999997,-2.5460000000000003
digest_mg_kg_as1890,HV3-9,,,2.5,3.1239999999999997,0.6239999999999997
digest_mg_kg_as1890,KR-1,,,2.5,2.761,0.2610000000000001
digest_mg_kg_as1890,KR-2,,,2.5,3.5935,1.0935000000000001
digest_mg_kg_as1890,KR-4,,,2.5,3.5935,1.0935000000000001
digest_mg_kg_as1890,MF1-1,,,2.5,3.0509999999999997,0.5509999999999997
digest_mg_kg_as1890,MF1-6,,,2.5,3.0509999999999997,0.5509999999999997
digest_mg_kg_as1890,MF2-1,,,2.5,3.0509999999999997,0.5509999999999997
digest_mg_kg_as1890,MF3-1,,,2.5,3.0509999999999997,0.5509999999999997
digest_mg_kg_as1890,MFX-2,,,2.5,3.0509999999999997,0.5509999999999997
digest_mg_kg_as1890,MSP1-1,,,2.5,3.053,0.5529999999999999
digest_mg_kg_as1890,MSP1-4,,,11.18,3.116,-8.064
digest_mg_kg_as1890,MSP2-1,,,2.5,3.053,0.5529999999999999
digest_mg_kg_as1890,MSP3-1,,,2.5,3.053,0.5529999999999999
digest_mg_kg_as1890,MSP3-4,,,2.5,3.116,0.6160000000000001
digest_mg_kg_as1890,MW2-1,,,2.5,3.0509999999999997,0.5509999999999997
digest_mg_kg_as1890,NP1-1,,,6.59,3.0509999999999997,-3.539
digest_mg_kg_as1890,NP2-1,,,5.11,3.1819999999999995,-1.9280000000000008
digest_mg_kg_as1890,NP3-1,,,6.99,3.0509999999999997,-3.9390000000000005
digest_mg_kg_as1890,NP3-4,,,5.48,3.0509999999999997,-2.4290000000000007
digest_mg_kg_as1890,NP4-5,,,13.73,2.6585,-11.0715
digest_mg_kg_as1890,RM1-1,,,2.5,2.761,0.2610000000000001
digest_mg_kg_as1890,RM1-8,,,2.5,3.1239999999999997,0.6239999999999997
digest_mg_kg_as1890,RM2-1,,,2.5,2.761,0.2610000000000001
digest_mg_kg_as1890,RM3-1,,,6.31,2.761,-3.5489999999999995
digest_mg_kg_as1890,RM3-8,,,2.5,3.1239999999999997,0.6239999999999997
digest_mg_kg_as1890,SH1-1,,,5.23,2.761,-2.4690000000000003
digest_mg_kg_as1890,SH1-6,,,5.18,2.761,-2.4189999999999996
digest_mg_kg_as1890,SH2-1,,,7.07,2.761,-4.309
digest_mg_kg_as1890,SH3-2,,,2.5,2.761,0.2610000000000001
digest_mg_kg_as1890,SH3-8,,,2.5,2.761,0.2610000000000001
digest_mg_kg_as1890,TGV1-1,,,2.5,2.631,0.13099999999999978
digest_mg_kg_as1890,TGV1-8,,,2.5,3.124,0.6240000000000001
digest_mg_kg_as1890,TGV2-1,,,5.02,3.124,-1.8959999999999995
digest_mg_kg_as1890,TGV3-1,,,2.5,2.8110000000000004,0.3110000000000004
digest_mg_kg_as1890,TGV3-9,,,10.88,3.1239999999999997,-7.756000000000001
digest_mg_kg_as1890,TN1-1,,,2.5,3.124,0.6240000000000001
digest_mg_kg_as1890,TN1-8,,,5.7,2.993,-2.7070000000000003
digest_mg_kg_as1890,TN2-1,,,5.12,3.124,-1.996
digest_mg_kg_as1890,TN3-1,,,2.5,3.124,0.6240000000000001
digest_mg_kg_as1890,TN3-5,,,5.12,2.863,-2.257
digest_mg_kg_as1890,CB-CMBjA1,,,19.15,2.8595,-16.290499999999998
digest_mg_kg_as1890,CB-iH5,,,2.5,2.762,0.262
digest_mg_kg_as1890,VV-0,,,2.5,3.5165000000000006,1.0165000000000006
digest_mg_kg_as1890,VV-d,,,2.5,3.5165000000000006,1.0165000000000006
digest_mg_kg_as1890,VV-J,,,2.5,3.5165000000000006,1.0165000000000006
digest_mg_kg_as1890,VV-L,,,5.12,3.5165000000000006,-1.6034999999999995
digest_mg_kg_as1890,WV-BA 1,,,2.5,4.2385,1.7385000000000002
digest_mg_kg_as1890,WV-UNN 1,,,5.1,3.3590000000000004,-1.7409999999999992
digest_mg_kg_as1890,WV-UNN 3,,,2.5,3.3590000000000004,0.8590000000000004
digest_mg_kg_as1890,WV-UNN-2,,,2.5,3.3590000000000004,0.8590000000000004
digest_mg_kg_as1890,WV-ZS 2,,,2.5,3.1774999999999998,0.6774999999999998
digest_mg_kg_b_2496,BS-607,,,0.5,20.307000000000002,19.807000000000002
digest_mg_kg_b_2496,BS-610,,,0.5,15.557999999999998,15.057999999999998
digest_mg_kg_b_2496,BS-618,,,0.5,20.307000000000002,19.807000000000002
digest_mg_kg_b_2496,BPS-1,,,0.5,2.065,1.565
digest_mg_kg_b_2496,BPS-18,,,92.53,9.9,-82.63
digest_mg_kg_b_2496,BPS-22,,,13.55,10.909,-2.641
digest_mg_kg_b_2496,BPS-25,,,6.97,8.8065,1.8365
digest_mg_kg_b_2496,BPS-5,,,2.11,8.8065,6.6965
digest_mg_kg_b_2496,CK-20B,,,0.5,1.509,1.009
digest_mg_kg_b_2496,CK1-100B,,,0.5,1.509,1.009
digest_mg_kg_b_2496,CK2-100A,,,0.5,1.509,1.009
digest_mg_kg_b_2496,CK2-100B,,,20.74,1.509,-19.230999999999998
digest_mg_kg_b_2496,CM-2 1,,,0.5,2.5685000000000002,2.0685000000000002
digest_mg_kg_b_2496,CM-4,,,0.5,2.5685000000000002,2.0685000000000002
digest_mg_kg_b_2496,CM-PA 3-10,,,0.5,2.5685000000000002,2.0685000000000002
digest_mg_kg_b_2496,CM-PA 30,,,0.5,2.5685000000000002,2.0685000000000002
digest_mg_kg_b_2496,CM2 (OM),,,0.5,2.5685000000000002,2.0685000000000002
digest_mg_kg_b_2496,LC1-5,,,0.5,13.592000000000002,13.092000000000002
digest_mg_kg_b_2496,LGP (3-4),,,75.3,13.592000000000002,-61.708
digest_mg_kg_b_2496,LGP (BA 1-3),,,0.5,13.592000000000002,13.092000000000002
digest_mg_kg_b_2496,CR-0819,,,0.5,13.9005,13.4005
digest_mg_kg_b_2496,CR-0821,,,0.5,13.9005,13.4005
digest_mg_kg_b_2496,CR-0826,,,0.5,13.9005,13.4005
digest_mg_kg_b_2496,CR-0828,,,0.5,13.9005,13.4005
digest_mg_kg_b_2496,CR-0833,,,0.5,13.9005,13.4005
digest_mg_kg_b_2496,CS-CR2,,,0.5,8.1435,7.6434999999999995
digest_mg_kg_b_2496,CS-CR5,,,96.79,8.1435,-88.6465
digest_mg_kg_b_2496,CS-CR7,,,14.76,8.1435,-6.6165
digest_mg_kg_b_2496,CS-CR9,,,5.09,8.1435,3.0534999999999997
digest_mg_kg_b_2496,DS1(1-2),,,5.32,15.6735,10.3535
digest_mg_kg_b_2496,DS2(1-2),,,0.5,19.0985,18.5985
digest_mg_kg_b_2496,DA-1,,,0.5,8.1435,7.6434999999999995
digest_mg_kg_b_2496,DA-3,,,92.37,8.1435,-84.2265
digest_mg_kg_b_2496,DA-4,,,14.56,8.1435,-6.416500000000001
digest_mg_kg_b_2496,DA-5,,,2.11,8.1435,6.0335
digest_mg_kg_b_2496,DA-6,,,0.5,8.1435,7.6434999999999995
digest_mg_kg_b_2496,GE-A1-3,,,0.5,1.512,1.012
digest_mg_kg_b_2496,GE-A2-2,,,20.68,1.512,-19.168
digest_mg_kg_b_2496,GE-B1-3,,,0.5,1.512,1.012
digest_mg_kg_b_2496,GE-C2-3,,,0.5,1.512,1.012
digest_mg_kg_b_2496,GE-C3-2,,,0.5,1.512,1.012
digest_mg_kg_b_2496,HS-1,,,0.5,6.128,5.628
digest_mg_kg_b_2496,HS-2,,,0.5,6.128,5.628
digest_mg_kg_b_2496,HS-3,,,0.5,10.084,9.584
digest_mg_kg_b_2496,HS-4,,,60.92,6.127999999999999,-54.792
digest_mg_kg_b_2496,HS-7,,,5.09,6.128,1.0380000000000003
digest_mg_kg_b_2496,HC-BA1,,,0.5,14.519,14.019
digest_mg_kg_b_2496,HC-BA2,,,0.5,14.519,14.019
digest_mg_kg_b_2496,HC-Z5-1,,,0.5,9.8235,9.3235
digest_mg_kg_b_2496,HC-ZS2,,,0.5,9.823500000000001,9.323500000000001
digest_mg_kg_b_2496,HVY-4A,,,0.5,7.306,6.806
digest_mg_kg_b_2496,HVY-5A,,,0.5,7.306,6.806
digest_mg_kg_b_2496,HVY-9054A,,,0.5,6.238499999999999,5.738499999999999
digest_mg_kg_b_2496,HVY-9062A,,,0.5,2.521,2.021
digest_mg_kg_b_2496,HVY-9130A,,,0.5,6.238499999999999,5.738499999999999
digest_mg_kg_b_2496,HD-10,,,0.5,9.803,9.303
digest_mg_kg_b_2496,HD-14,,,0.5,9.803,9.303
digest_mg_kg_b_2496,HD-6,,,0.5,9.803,9.303
digest_mg_kg_b_2496,HG-3,,,0.5,13.520499999999998,13.020499999999998
digest_mg_kg_b_2496,HG-54,,,0.5,13.520499999999998,13.020499999999998
digest_mg_kg_b_2496,HG-6,,,0.5,1.512,1.012
digest_mg_kg_b_2496,HG-8,,,0.5,9.307999999999998,8.807999999999998
digest_mg_kg_b_2496,HG-9,,,0.5,13.520499999999998,13.020499999999998
digest_mg_kg_b_2496,HM-2,,,3.38,5.881500000000001,2.501500000000001
digest_mg_kg_b_2496,HM-3,,,0.5,5.881500000000001,5.381500000000001
digest_mg_kg_b_2496,HM-5,,,0.5,5.881500000000001,5.381500000000001
digest_mg_kg_b_2496,HM-6,,,0.5,5.881500000000001,5.381500000000001
digest_mg_kg_b_2496,LI-10,,,0.5,13.614499999999998,13.114499999999998
digest_mg_kg_b_2496,LI-11,,,0.5,9.997,9.497
digest_mg_kg_b_2496,LI-12,,,0.5,9.997,9.497
digest_mg_kg_b_2496,LI-13,,,0.5,9.997,9.497
digest_mg_kg_b_2496,LI-14,,,0.5,9.997,9.497
digest_mg_kg_b_2496,LI-15,,,0.5,9.997,9.497
digest_mg_kg_b_2496,LI-4,,,0.5,17.332,16.832
digest_mg_kg_b_2496,LI-5,,,0.5,17.332,16.832
digest_mg_kg_b_2496,LI-6,,,0.5,17.332,16.832
digest_mg_kg_b_2496,LI-9,,,0.5,13.614499999999998,13.114499999999998
digest_mg_kg_b_2496,LGP-BA LV8,,,0.5,2.521,2.021
digest_mg_kg_b_2496,LV-14,,,0.5,6.2385,5.7385
digest_mg_kg_b_2496,LV-18,,,0.5,6.2385,5.7385
digest_mg_kg_b_2496,MD-BJA1,,,1.3,2.3645000000000005,1.0645000000000004
digest_mg_kg_b_2496,MD-UN11,,,0.5,1.8474999999999997,1.3474999999999997
digest_mg_kg_b_2496,MD-UN6,,,3.78,2.3645000000000005,-1.4154999999999993
digest_mg_kg_b_2496,ME-A1-1,,,0.5,2.521,2.021
digest_mg_kg_b_2496,ME-A2-3,,,0.5,2.521,2.021
digest_mg_kg_b_2496,ME-B1-2,,,0.5,2.521,2.021
digest_mg_kg_b_2496,ME-c2-3,,,0.5,2.521,2.021
digest_mg_kg_b_2496,ME-C3-1,,,0.5,2.521,2.021
digest_mg_kg_b_2496,HK-1,,,0.5,7.468000000000001,6.968000000000001
digest_mg_kg_b_2496,HK-2,,,74.3,7.468000000000001,-66.832
digest_mg_kg_b_2496,HK-3,,,19.22,7.468000000000001,-11.751999999999999
digest_mg_kg_b_2496,HK-4,,,3.68,7.468000000000001,3.7880000000000007
digest_mg_kg_b_2496,HK-5,,,1.89,7.468000000000001,5.578000000000001
digest_mg_kg_b_2496,MK-A6,,,0.5,3.7505,3.2505
digest_mg_kg_b_2496,MK-KYBjA6,,,0.5,4.7625,4.2625
digest_mg_kg_b_2496,MK-UN8,,,15.97,3.7505,-12.2195
digest_mg_kg_b_2496,MFP-A1,,,0.5,9.61,9.11
digest_mg_kg_b_2496,MFP-A2,,,0.5,9.61,9.11
digest_mg_kg_b_2496,MFP-AAA,,,0.5,9.802999999999999,9.302999999999999
digest_mg_kg_b_2496,MFP-d,,,0.5,9.61,9.11
digest_mg_kg_b_2496,MS-11,,,0.5,9.2065,8.7065
digest_mg_kg_b_2496,MS-12,,,0.5,9.2065,8.7065
digest_mg_kg_b_2496,MS-5,,,0.5,9.2065,8.7065
digest_mg_kg_b_2496,MS-7,,,0.5,9.2065,8.7065
digest_mg_kg_b_2496,ON-10,,,0.5,12.874500000000001,12.374500000000001
digest_mg_kg_b_2496,OR-4,,,0.5,16.3705,15.8705
digest_mg_kg_b_2496,OR-8,,,0.5,12.874500000000001,12.374500000000001
digest_mg_kg_b_2496,AV1-1,,,10.84,10.9615,0.12149999999999928
digest_mg_kg_b_2496,AV1-8,,,0.5,11.148,10.648
digest_mg_kg_b_2496,AV2-1,,,0.5,11.148,10.648
digest_mg_kg_b_2496,AV3-1,,,0.5,11.895500000000002,11.395500000000002
digest_mg_kg_b_2496,AV3-7,,,0.5,11.148,10.648
digest_mg_kg_b_2496,BP1-1,,,0.5,11.148,10.648
digest_mg_kg_b_2496,BP1-8,,,0.5,11.148,10.648
digest_mg_kg_b_2496,BP2-1,,,0.5,11.148,10.648
digest_mg_kg_b_2496,BP3-1,,,0.5,11.148,10.648
digest_mg_kg_b_2496,BP3-8,,,0.5,11.148,10.648
digest_mg_kg_b_2496,HV1-8,,,0.5,10.744000000000002,10.244000000000002
digest_mg_kg_b_2496,HV2-5,,,70.42,10.907,-59.513000000000005
digest_mg_kg_b_2496,HV3-1,,,11.73,10.961500000000001,-0.7684999999999995
digest_mg_kg_b_2496,HV3-9,,,0.5,11.067499999999999,10.567499999999999
digest_mg_kg_b_2496,KR-1,,,0.5,6.6225,6.1225
digest_mg_kg_b_2496,KR-2,,,0.5,6.3815,5.8815
digest_mg_kg_b_2496,KR-4,,,0.5,6.3815,5.8815
digest_mg_kg_b_2496,MF1-1,,,0.5,10.3905,9.8905
digest_mg_kg_b_2496,MF1-6,,,0.5,9.378499999999999,8.878499999999999
digest_mg_kg_b_2496,MF2-1,,,0.5,9.378499999999999,8.878499999999999
digest_mg_kg_b_2496,MF3-1,,,0.5,9.378499999999999,8.878499999999999
digest_mg_kg_b_2496,MFX-2,,,0.5,9.378499999999999,8.878499999999999
digest_mg_kg_b_2496,MSP1-1,,,0.5,12.747,12.247
digest_mg_kg_b_2496,MSP1-4,,,72.85,5.877000000000001,-66.973
digest_mg_kg_b_2496,MSP2-1,,,6.67,13.683000000000003,7.0130000000000035
digest_mg_kg_b_2496,MSP3-1,,,0.5,13.682999999999998,13.182999999999998
digest_mg_kg_b_2496,MSP3-4,,,0.5,5.877000000000001,5.377000000000001
digest_mg_kg_b_2496,MW2-1,,,0.5,10.3905,9.8905
digest_mg_kg_b_2496,NP1-1,,,0.5,9.378499999999999,8.878499999999999
digest_mg_kg_b_2496,NP2-1,,,0.5,10.626000000000001,10.126000000000001
digest_mg_kg_b_2496,NP3-1,,,0.5,10.3905,9.8905
digest_mg_kg_b_2496,NP3-4,,,0.5,10.3905,9.8905
digest_mg_kg_b_2496,NP4-5,,,74.85,1.7414999999999998,-73.10849999999999
digest_mg_kg_b_2496,RM1-1,,,12.35,5.343500000000001,-7.006499999999999
digest_mg_kg_b_2496,RM1-8,,,0.5,9.905000000000001,9.405000000000001
digest_mg_kg_b_2496,RM2-1,,,2.69,5.343500000000001,2.6535000000000006
digest_mg_kg_b_2496,RM3-1,,,11.82,5.343500000000001,-6.4765
digest_mg_kg_b_2496,RM3-8,,,2.09,9.905000000000001,7.815000000000001
digest_mg_kg_b_2496,SH1-1,,,0.5,5.4475,4.9475
digest_mg_kg_b_2496,SH1-6,,,0.5,5.393,4.893
digest_mg_kg_b_2496,SH2-1,,,0.5,5.4475,4.9475
digest_mg_kg_b_2496,SH3-2,,,0.5,5.4475,4.9475
digest_mg_kg_b_2496,SH3-8,,,0.5,5.393,4.893
digest_mg_kg_b_2496,TGV1-1,,,0.5,5.544500000000001,5.044500000000001
digest_mg_kg_b_2496,TGV1-8,,,0.5,10.907,10.407
digest_mg_kg_b_2496,TGV2-1,,,0.5,10.907,10.407
digest_mg_kg_b_2496,TGV3-1,,,2.81,6.118,3.3080000000000003
digest_mg_kg_b_2496,TGV3-9,,,94.41,10.907,-83.503
digest_mg_kg_b_2496,TN1-1,,,22.37,11.148000000000001,-11.222
digest_mg_kg_b_2496,TN1-8,,,2.8,6.6285,3.8285
digest_mg_kg_b_2496,TN2-1,,,0.5,11.148,10.648
digest_mg_kg_b_2496,TN3-1,,,0.5,11.432,10.932
digest_mg_kg_b_2496,TN3-5,,,0.5,9.703999999999999,9.203999999999999
digest_mg_kg_b_2496,CB-CMBjA1,,,0.5,6.497,5.997
digest_mg_kg_b_2496,CB-iH5,,,0.5,6.601999999999999,6.101999999999999
digest_mg_kg_b_2496,VV-0,,,0.5,5.0745000000000005,4.5745000000000005
digest_mg_kg_b_2496,VV-d,,,0.5,5.0745000000000005,4.5745000000000005
digest_mg_kg_b_2496,VV-J,,,0.5,5.0745000000000005,4.5745000000000005
digest_mg_kg_b_2496,VV-L,,,95.48,5.0745000000000005,-90.4055
digest_mg_kg_b_2496,WV-BA 1,,,19.18,6.327500000000001,-12.8525
digest_mg_kg_b_2496,WV-UNN 1,,,0.5,9.262,8.762
digest_mg_kg_b_2496,WV-UNN 3,,,0.5,9.262,8.762
digest_mg_kg_b_2496,WV-UNN-2,,,0.5,9.262,8.762
digest_mg_kg_b_2496,WV-ZS 2,,,1.59,7.421000000000001,5.831000000000001
digest_mg_kg_ba4554,BS-607,,,10.72,25.481499999999997,14.761499999999996
digest_mg_kg_ba4554,BS-610,,,6.51,25.4815,18.9715
digest_mg_kg_ba4554,BS-618,,,7.31,25.481499999999997,18.171499999999998
digest_mg_kg_ba4554,BPS-1,,,14.94,34.958000000000006,20.018000000000008
digest_mg_kg_ba4554,BPS-18,,,12.95,27.603,14.653000000000002
digest_mg_kg_ba4554,BPS-22,,,12.05,29.3025,17.252499999999998
digest_mg_kg_ba4554,BPS-25,,,13.94,41.6935,27.753500000000003
digest_mg_kg_ba4554,BPS-5,,,11.07,41.6935,30.6235
digest_mg_kg_ba4554,CK-20B,,,82.5,60.26649999999999,-22.233500000000006
digest_mg_kg_ba4554,CK1-100B,,,65.34,64.4205,-0.9194999999999993
digest_mg_kg_ba4554,CK2-100A,,,84.24,64.4205,-19.81949999999999
digest_mg_kg_ba4554,CK2-100B,,,60.62,64.42049999999999,3.8004999999999924
digest_mg_kg_ba4554,CM-2 1,,,133.47,30.7785,-102.69149999999999
digest_mg_kg_ba4554,CM-4,,,100.1,30.805,-69.29499999999999
digest_mg_kg_ba4554,CM-PA 3-10,,,125.35,30.805,-94.54499999999999
digest_mg_kg_ba4554,CM-PA 30,,,130.66,30.805,-99.85499999999999
digest_mg_kg_ba4554,CM2 (OM),,,135.07,30.7785,-104.29149999999998
digest_mg_kg_ba4554,LC1-5,,,34.0,24.034999999999997,-9.965000000000003
digest_mg_kg_ba4554,LGP (3-4),,,44.15,24.035,-20.115
digest_mg_kg_ba4554,LGP (BA 1-3),,,51.31,24.034999999999997,-27.275000000000006
digest_mg_kg_ba4554,CR-0819,,,20.4,30.1,9.700000000000003
digest_mg_kg_ba4554,CR-0821,,,15.27,30.1,14.830000000000002
digest_mg_kg_ba4554,CR-0826,,,18.35,30.1,11.75
digest_mg_kg_ba4554,CR-0828,,,14.49,30.1,15.610000000000001
digest_mg_kg_ba4554,CR-0833,,,18.07,30.1,12.030000000000001
digest_mg_kg_ba4554,CS-CR2,,,54.51,23.556500000000003,-30.953499999999995
digest_mg_kg_ba4554,CS-CR5,,,46.59,19.773500000000002,-26.8165
digest_mg_kg_ba4554,CS-CR7,,,44.68,22.3825,-22.2975
digest_mg_kg_ba4554,CS-CR9,,,64.77,22.3825,-42.387499999999996
digest_mg_kg_ba4554,DS1(1-2),,,22.09,29.915,7.824999999999999
digest_mg_kg_ba4554,DS2(1-2),,,26.05,12.7995,-13.2505
digest_mg_kg_ba4554,DA-1,,,23.09,28.124000000000002,5.0340000000000025
digest_mg_kg_ba4554,DA-3,,,12.05,28.124000000000002,16.074
digest_mg_kg_ba4554,DA-4,,,12.05,28.124000000000002,16.074
digest_mg_kg_ba4554,DA-5,,,11.07,28.124000000000002,17.054000000000002
digest_mg_kg_ba4554,DA-6,,,52.79,28.124000000000002,-24.665999999999997
digest_mg_kg_ba4554,GE-A1-3,,,57.75,57.557,-0.19299999999999784
digest_mg_kg_ba4554,GE-A2-2,,,88.15,57.557,-30.593000000000004
digest_mg_kg_ba4554,GE-B1-3,,,86.75,57.557,-29.192999999999998
digest_mg_kg_ba4554,GE-C2-3,,,104.02,57.02550000000001,-46.99449999999999
digest_mg_kg_ba4554,GE-C3-2,,,105.4,57.02550000000001,-48.3745
digest_mg_kg_ba4554,HS-1,,,83.96,37.4785,-46.4815
digest_mg_kg_ba4554,HS-2,,,83.5,35.410000000000004,-48.089999999999996
digest_mg_kg_ba4554,HS-3,,,92.2,35.889,-56.311
digest_mg_kg_ba4554,HS-4,,,76.45,37.47850000000001,-38.97149999999999
digest_mg_kg_ba4554,HS-7,,,124.75,42.76699999999999,-81.983
digest_mg_kg_ba4554,HC-BA1,,,3.18,16.621000000000002,13.441000000000003
digest_mg_kg_ba4554,HC-BA2,,,3.19,16.621000000000002,13.431000000000003
digest_mg_kg_ba4554,HC-Z5-1,,,2.82,17.108,14.288
digest_mg_kg_ba4554,HC-ZS2,,,3.47,16.805500000000002,13.335500000000001
digest_mg_kg_ba4554,HVY-4A,,,53.58,61.8895,8.3095
digest_mg_kg_ba4554,HVY-5A,,,95.18,61.8895,-33.29050000000001
digest_mg_kg_ba4554,HVY-9054A,,,82.56,59.053999999999995,-23.506000000000007
digest_mg_kg_ba4554,HVY-9062A,,,61.28,61.30300000000001,0.023000000000010346
digest_mg_kg_ba4554,HVY-9130A,,,74.55,57.22450000000001,-17.325499999999984
digest_mg_kg_ba4554,HD-10,,,9.56,26.708499999999997,17.1485
digest_mg_kg_ba4554,HD-14,,,19.32,26.708499999999997,7.388499999999997
digest_mg_kg_ba4554,HD-6,,,6.9,27.915,21.015
digest_mg_kg_ba4554,HG-3,,,9.7,25.323,15.623000000000001
digest_mg_kg_ba4554,HG-54,,,6.3,27.5865,21.2865
digest_mg_kg_ba4554,HG-6,,,8.47,66.42949999999999,57.95949999999999
digest_mg_kg_ba4554,HG-8,,,8.7,52.524,43.824
digest_mg_kg_ba4554,HG-9,,,7.55,26.016,18.465999999999998
digest_mg_kg_ba4554,HM-2,,,15.41,26.2195,10.8095
digest_mg_kg_ba4554,HM-3,,,15.2,26.2195,11.0195
digest_mg_kg_ba4554,HM-5,,,24.65,26.863999999999997,2.2139999999999986
digest_mg_kg_ba4554,HM-6,,,20.54,26.889,6.349
digest_mg_kg_ba4554,LI-10,,,7.6,31.59650000000001,23.99650000000001
digest_mg_kg_ba4554,LI-11,,,8.33,30.804999999999996,22.474999999999994
digest_mg_kg_ba4554,LI-12,,,6.37,30.804999999999996,24.434999999999995
digest_mg_kg_ba4554,LI-13,,,6.69,30.804999999999996,24.114999999999995
digest_mg_kg_ba4554,LI-14,,,11.4,30.804999999999996,19.404999999999994
digest_mg_kg_ba4554,LI-15,,,8.43,30.804999999999996,22.374999999999996
digest_mg_kg_ba4554,LI-4,,,26.55,31.694,5.143999999999998
digest_mg_kg_ba4554,LI-5,,,18.0,31.694,13.693999999999999
digest_mg_kg_ba4554,LI-6,,,16.43,31.694,15.264
digest_mg_kg_ba4554,LI-9,,,1.11,31.59650000000001,30.48650000000001
digest_mg_kg_ba4554,LGP-BA LV8,,,24.55,72.0265,47.4765
digest_mg_kg_ba4554,LV-14,,,12.45,70.049,57.599000000000004
digest_mg_kg_ba4554,LV-18,,,11.38,70.049,58.669000000000004
digest_mg_kg_ba4554,MD-BJA1,,,25.9,56.92900000000001,31.02900000000001
digest_mg_kg_ba4554,MD-UN11,,,46.41,57.40350000000001,10.993500000000012
digest_mg_kg_ba4554,MD-UN6,,,39.54,56.92900000000001,17.38900000000001
digest_mg_kg_ba4554,ME-A1-1,,,40.63,59.23950000000001,18.609500000000004
digest_mg_kg_ba4554,ME-A2-3,,,51.2,59.23950000000001,8.039500000000004
digest_mg_kg_ba4554,ME-B1-2,,,58.2,59.23950000000001,1.0395000000000039
digest_mg_kg_ba4554,ME-c2-3,,,106.76,59.2395,-47.520500000000006
digest_mg_kg_ba4554,ME-C3-1,,,73.35,59.2395,-14.110499999999995
digest_mg_kg_ba4554,HK-1,,,18.46,50.95450000000001,32.49450000000001
digest_mg_kg_ba4554,HK-2,,,23.19,50.95450000000001,27.76450000000001
digest_mg_kg_ba4554,HK-3,,,22.21,50.95450000000001,28.74450000000001
digest_mg_kg_ba4554,HK-4,,,8.35,50.9545,42.6045
digest_mg_kg_ba4554,HK-5,,,26.89,50.95450000000001,24.06450000000001
digest_mg_kg_ba4554,MK-A6,,,44.16,51.77200000000001,7.612000000000016
digest_mg_kg_ba4554,MK-KYBjA6,,,48.7,53.284000000000006,4.584000000000003
digest_mg_kg_ba4554,MK-UN8,,,75.69,51.77200000000001,-23.917999999999985
digest_mg_kg_ba4554,MFP-A1,,,45.21,14.5425,-30.6675
digest_mg_kg_ba4554,MFP-A2,,,53.71,14.5425,-39.167500000000004
digest_mg_kg_ba4554,MFP-AAA,,,36.8,15.610500000000002,-21.189499999999995
digest_mg_kg_ba4554,MFP-d,,,42.81,14.5425,-28.267500000000002
digest_mg_kg_ba4554,MS-11,,,7.85,31.045000000000005,23.195000000000007
digest_mg_kg_ba4554,MS-12,,,8.05,31.045000000000005,22.995000000000005
digest_mg_kg_ba4554,MS-5,,,8.1,31.045000000000005,22.945000000000007
digest_mg_kg_ba4554,MS-7,,,7.98,31.045000000000005,23.065000000000005
digest_mg_kg_ba4554,ON-10,,,12.1,59.928,47.827999999999996
digest_mg_kg_ba4554,OR-4,,,13.03,53.207499999999996,40.177499999999995
digest_mg_kg_ba4554,OR-8,,,13.92,54.931999999999995,41.01199999999999
digest_mg_kg_ba4554,AV1-1,,,19.78,7.056,-12.724
digest_mg_kg_ba4554,AV1-8,,,22.95,7.6625,-15.2875
digest_mg_kg_ba4554,AV2-1,,,28.93,7.6625,-21.2675
digest_mg_kg_ba4554,AV3-1,,,17.56,6.780499999999999,-10.779499999999999
digest_mg_kg_ba4554,AV3-7,,,21.76,7.6625,-14.097500000000002
digest_mg_kg_ba4554,BP1-1,,,20.18,7.6625,-12.5175
digest_mg_kg_ba4554,BP1-8,,,28.4,7.6625,-20.737499999999997
digest_mg_kg_ba4554,BP2-1,,,20.46,7.6625,-12.797500000000001
digest_mg_kg_ba4554,BP3-1,,,26.65,7.662500000000001,-18.987499999999997
digest_mg_kg_ba4554,BP3-8,,,26.69,7.6625,-19.027500000000003
digest_mg_kg_ba4554,HV1-8,,,28.04,8.998999999999999,-19.041
digest_mg_kg_ba4554,HV2-5,,,26.79,7.539999999999999,-19.25
digest_mg_kg_ba4554,HV3-1,,,32.01,7.055999999999999,-24.954
digest_mg_kg_ba4554,HV3-9,,,27.4,7.855999999999999,-19.544
digest_mg_kg_ba4554,KR-1,,,76.9,8.1035,-68.79650000000001
digest_mg_kg_ba4554,KR-2,,,37.88,8.264,-29.616000000000003
digest_mg_kg_ba4554,KR-4,,,23.2,10.0435,-13.1565
digest_mg_kg_ba4554,MF1-1,,,32.83,55.25600000000001,22.42600000000001
digest_mg_kg_ba4554,MF1-6,,,41.22,44.06949999999999,2.849499999999992
digest_mg_kg_ba4554,MF2-1,,,34.77,44.06949999999999,9.299499999999988
digest_mg_kg_ba4554,MF3-1,,,54.19,44.06949999999999,-10.120500000000007
digest_mg_kg_ba4554,MFX-2,,,60.06,47.85249999999999,-12.20750000000001
digest_mg_kg_ba4554,MSP1-1,,,30.38,17.7925,-12.587499999999999
digest_mg_kg_ba4554,MSP1-4,,,22.46,23.1515,0.6914999999999978
digest_mg_kg_ba4554,MSP2-1,,,25.0,22.825499999999998,-2.174500000000002
digest_mg_kg_ba4554,MSP3-1,,,12.08,21.375999999999998,9.295999999999998
digest_mg_kg_ba4554,MSP3-4,,,17.07,22.671499999999998,5.601499999999998
digest_mg_kg_ba4554,MW2-1,,,45.29,49.26049999999999,3.970499999999994
digest_mg_kg_ba4554,NP1-1,,,18.36,45.759499999999996,27.399499999999996
digest_mg_kg_ba4554,NP2-1,,,45.59,62.4055,16.8155
digest_mg_kg_ba4554,NP3-1,,,21.36,50.818,29.458
digest_mg_kg_ba4554,NP3-4,,,24.6,48.4755,23.875499999999995
digest_mg_kg_ba4554,NP4-5,,,14.03,53.92249999999999,39.89249999999999
digest_mg_kg_ba4554,RM1-1,,,29.08,38.17649999999999,9.096499999999992
digest_mg_kg_ba4554,RM1-8,,,23.95,37.529,13.579000000000004
digest_mg_kg_ba4554,RM2-1,,,21.66,38.1765,16.516499999999997
digest_mg_kg_ba4554,RM3-1,,,23.35,38.1765,14.826499999999996
digest_mg_kg_ba4554,RM3-8,,,37.97,37.528999999999996,-0.4410000000000025
digest_mg_kg_ba4554,SH1-1,,,37.73,30.780999999999995,-6.949000000000002
digest_mg_kg_ba4554,SH1-6,,,43.13,36.5505,-6.579500000000003
digest_mg_kg_ba4554,SH2-1,,,41.83,30.781,-11.049
digest_mg_kg_ba4554,SH3-2,,,38.86,30.781,-8.079
digest_mg_kg_ba4554,SH3-8,,,41.05,36.5505,-4.499499999999998
digest_mg_kg_ba4554,TGV1-1,,,42.07,16.737999999999996,-25.332000000000004
digest_mg_kg_ba4554,TGV1-8,,,23.61,7.162999999999999,-16.447
digest_mg_kg_ba4554,TGV2-1,,,26.81,7.305,-19.505
digest_mg_kg_ba4554,TGV3-1,,,21.94,21.23,-0.7100000000000009
digest_mg_kg_ba4554,TGV3-9,,,22.36,8.196,-14.164
digest_mg_kg_ba4554,TN1-1,,,30.12,8.250499999999999,-21.869500000000002
digest_mg_kg_ba4554,TN1-8,,,52.8,19.3635,-33.436499999999995
digest_mg_kg_ba4554,TN2-1,,,63.96,8.2685,-55.691500000000005
digest_mg_kg_ba4554,TN3-1,,,89.2,14.685500000000001,-74.5145
digest_mg_kg_ba4554,TN3-5,,,80.52,33.15400000000001,-47.365999999999985
digest_mg_kg_ba4554,CB-CMBjA1,,,25.3,23.9605,-1.339500000000001
digest_mg_kg_ba4554,CB-iH5,,,43.31,25.5235,-17.786500000000004
digest_mg_kg_ba4554,VV-0,,,0.5,17.351000000000003,16.851000000000003
digest_mg_kg_ba4554,VV-d,,,1.01,17.351000000000003,16.341
digest_mg_kg_ba4554,VV-J,,,0.5,17.351000000000003,16.851000000000003
digest_mg_kg_ba4554,VV-L,,,0.5,17.351000000000003,16.851000000000003
digest_mg_kg_ba4554,WV-BA 1,,,1.0,32.539500000000004,31.539500000000004
digest_mg_kg_ba4554,WV-UNN 1,,,1.0,15.531000000000002,14.531000000000002
digest_mg_kg_ba4554,WV-UNN 3,,,0.5,15.531000000000002,15.031000000000002
digest_mg_kg_ba4554,WV-UNN-2,,,13.89,15.531000000000002,1.6410000000000018
digest_mg_kg_ba4554,WV-ZS 2,,,9.96,30.84850000000001,20.888500000000008
digest_mg_kg_be3130,BS-607,,,0.5,1.28,0.78
digest_mg_kg_be3130,BS-610,,,0.3,1.1,0.8
digest_mg_kg_be3130,BS-618,,,0.3,1.28,0.98
digest_mg_kg_be3130,BPS-1,,,0.5,0.43999999999999995,-0.06000000000000005
digest_mg_kg_be3130,BPS-18,,,0.5,0.8,0.30000000000000004
digest_mg_kg_be3130,BPS-22,,,0.5,1.8920000000000001,1.3920000000000001
digest_mg_kg_be3130,BPS-25,,,0.5,1.7920000000000003,1.2920000000000003
digest_mg_kg_be3130,BPS-5,,,0.5,1.7920000000000003,1.2920000000000003
digest_mg_kg_be3130,CK-20B,,,0.3,0.06,-0.24
digest_mg_kg_be3130,CK1-100B,,,0.2,0.27,0.07
digest_mg_kg_be3130,CK2-100A,,,0.4,0.27,-0.13
digest_mg_kg_be3130,CK2-100B,,,0.3,0.18,-0.12
digest_mg_kg_be3130,CM-2 1,,,1.39,0.7799999999999999,-0.61
digest_mg_kg_be3130,CM-4,,,0.9,0.7799999999999999,-0.1200000000000001
digest_mg_kg_be3130,CM-PA 3-10,,,1.31,0.7799999999999999,-0.5300000000000001
digest_mg_kg_be3130,CM-PA 30,,,1.3,0.7799999999999999,-0.5200000000000001
digest_mg_kg_be3130,CM2 (OM),,,1.2,0.7799999999999999,-0.42000000000000004
digest_mg_kg_be3130,LC1-5,,,1.19,2.242,1.052
digest_mg_kg_be3130,LGP (3-4),,,2.48,2.8259999999999996,0.34599999999999964
digest_mg_kg_be3130,LGP (BA 1-3),,,1.81,2.242,0.43199999999999994
digest_mg_kg_be3130,CR-0819,,,2.8,2.382,-0.4179999999999997
digest_mg_kg_be3130,CR-0821,,,2.2,2.382,0.18199999999999994
digest_mg_kg_be3130,CR-0826,,,2.72,2.382,-0.3380000000000001
digest_mg_kg_be3130,CR-0828,,,2.41,2.382,-0.028000000000000025
digest_mg_kg_be3130,CR-0833,,,2.11,2.382,0.27200000000000024
digest_mg_kg_be3130,CS-CR2,,,2.0,2.4480000000000004,0.4480000000000004
digest_mg_kg_be3130,CS-CR5,,,4.71,2.4480000000000004,-2.2619999999999996
digest_mg_kg_be3130,CS-CR7,,,1.51,2.4480000000000004,0.9380000000000004
digest_mg_kg_be3130,CS-CR9,,,3.39,2.4480000000000004,-0.9419999999999997
digest_mg_kg_be3130,DS1(1-2),,,0.5,0.52,0.020000000000000018
digest_mg_kg_be3130,DS2(1-2),,,1.0,0.62,-0.38
digest_mg_kg_be3130,DA-1,,,0.5,0.4,-0.09999999999999998
digest_mg_kg_be3130,DA-3,,,1.1,0.4,-0.7000000000000001
digest_mg_kg_be3130,DA-4,,,0.6,0.4,-0.19999999999999996
digest_mg_kg_be3130,DA-5,,,0.6,0.4,-0.19999999999999996
digest_mg_kg_be3130,DA-6,,,0.3,0.4,0.10000000000000003
digest_mg_kg_be3130,GE-A1-3,,,0.05,0.3,0.25
digest_mg_kg_be3130,GE-A2-2,,,0.6,0.3,-0.3
digest_mg_kg_be3130,GE-B1-3,,,0.1,0.27999999999999997,0.17999999999999997
digest_mg_kg_be3130,GE-C2-3,,,0.1,0.05,-0.05
digest_mg_kg_be3130,GE-C3-2,,,0.05,0.05,0.0
digest_mg_kg_be3130,HS-1,,,0.3,0.842,0.542
digest_mg_kg_be3130,HS-2,,,0.6,0.8220000000000001,0.2220000000000001
digest_mg_kg_be3130,HS-3,,,0.4,0.5599999999999999,0.15999999999999992
digest_mg_kg_be3130,HS-4,,,0.7,0.842,0.14200000000000002
digest_mg_kg_be3130,HS-7,,,0.4,0.26,-0.14
digest_mg_kg_be3130,HC-BA1,,,0.1,0.7979999999999999,0.698
digest_mg_kg_be3130,HC-BA2,,,0.05,0.758,0.708
digest_mg_kg_be3130,HC-Z5-1,,,0.1,0.64,0.54
digest_mg_kg_be3130,HC-ZS2,,,0.05,0.6599999999999999,0.6099999999999999
digest_mg_kg_be3130,HVY-4A,,,0.4,0.18,-0.22000000000000003
digest_mg_kg_be3130,HVY-5A,,,0.2,0.18,-0.020000000000000018
digest_mg_kg_be3130,HVY-9054A,,,0.3,0.09999999999999999,-0.2
digest_mg_kg_be3130,HVY-9062A,,,0.2,0.27,0.07
digest_mg_kg_be3130,HVY-9130A,,,0.2,0.15000000000000002,-0.04999999999999999
digest_mg_kg_be3130,HD-10,,,0.6,0.42000000000000004,-0.17999999999999994
digest_mg_kg_be3130,HD-14,,,0.7,0.42000000000000004,-0.2799999999999999
digest_mg_kg_be3130,HD-6,,,0.3,0.4000000000000001,0.10000000000000009
digest_mg_kg_be3130,HG-3,,,0.3,0.5999999999999999,0.2999999999999999
digest_mg_kg_be3130,HG-54,,,0.3,0.5800000000000001,0.2800000000000001
digest_mg_kg_be3130,HG-6,,,0.3,0.25,-0.04999999999999999
digest_mg_kg_be3130,HG-8,,,0.2,0.5599999999999999,0.35999999999999993
digest_mg_kg_be3130,HG-9,,,0.1,0.38,0.28
digest_mg_kg_be3130,HM-2,,,0.3,0.6220000000000001,0.3220000000000001
digest_mg_kg_be3130,HM-3,,,0.2,0.6220000000000001,0.4220000000000001
digest_mg_kg_be3130,HM-5,,,0.4,0.6220000000000001,0.2220000000000001
digest_mg_kg_be3130,HM-6,,,0.2,0.6220000000000001,0.4220000000000001
digest_mg_kg_be3130,LI-10,,,0.05,1.216,1.166
digest_mg_kg_be3130,LI-11,,,0.05,1.216,1.166
digest_mg_kg_be3130,LI-12,,,0.05,1.216,1.166
digest_mg_kg_be3130,LI-13,,,0.05,1.216,1.166
digest_mg_kg_be3130,LI-14,,,0.05,1.216,1.166
digest_mg_kg_be3130,LI-15,,,0.05,1.216,1.166
digest_mg_kg_be3130,LI-4,,,0.05,1.216,1.166
digest_mg_kg_be3130,LI-5,,,0.05,1.216,1.166
digest_mg_kg_be3130,LI-6,,,0.05,1.216,1.166
digest_mg_kg_be3130,LI-9,,,0.01,1.216,1.206
digest_mg_kg_be3130,LGP-BA LV8,,,0.7,0.28,-0.41999999999999993
digest_mg_kg_be3130,LV-14,,,0.1,0.26,0.16
digest_mg_kg_be3130,LV-18,,,0.5,0.26,-0.24
digest_mg_kg_be3130,MD-BJA1,,,0.4,1.22,0.82
digest_mg_kg_be3130,MD-UN11,,,0.8,1.22,0.41999999999999993
digest_mg_kg_be3130,MD-UN6,,,0.5,1.22,0.72
digest_mg_kg_be3130,ME-A1-1,,,0.05,0.21000000000000002,0.16000000000000003
digest_mg_kg_be3130,ME-A2-3,,,0.05,0.21000000000000002,0.16000000000000003
digest_mg_kg_be3130,ME-B1-2,,,0.05,0.21000000000000002,0.16000000000000003
digest_mg_kg_be3130,ME-c2-3,,,0.05,0.21000000000000002,0.16000000000000003
digest_mg_kg_be3130,ME-C3-1,,,0.05,0.21000000000000002,0.16000000000000003
digest_mg_kg_be3130,HK-1,,,0.1,0.44000000000000006,0.3400000000000001
digest_mg_kg_be3130,HK-2,,,1.61,0.44000000000000006,-1.17
digest_mg_kg_be3130,HK-3,,,0.7,0.44000000000000006,-0.2599999999999999
digest_mg_kg_be3130,HK-4,,,0.2,0.43999999999999995,0.23999999999999994
digest_mg_kg_be3130,HK-5,,,0.3,0.44000000000000006,0.14000000000000007
digest_mg_kg_be3130,MK-A6,,,1.51,0.45999999999999996,-1.05
digest_mg_kg_be3130,MK-KYBjA6,,,1.5,0.43999999999999995,-1.06
digest_mg_kg_be3130,MK-UN8,,,1.79,0.45999999999999996,-1.33
digest_mg_kg_be3130,MFP-A1,,,0.2,0.62,0.42
digest_mg_kg_be3130,MFP-A2,,,0.4,0.62,0.21999999999999997
digest_mg_kg_be3130,MFP-AAA,,,0.3,0.62,0.32
digest_mg_kg_be3130,MFP-d,,,0.4,0.62,0.21999999999999997
digest_mg_kg_be3130,MS-11,,,0.2,0.38,0.18
digest_mg_kg_be3130,MS-12,,,0.1,0.38,0.28
digest_mg_kg_be3130,MS-5,,,0.1,0.38,0.28
digest_mg_kg_be3130,MS-7,,,0.1,0.38,0.28
digest_mg_kg_be3130,ON-10,,,0.5,0.41,-0.09000000000000002
digest_mg_kg_be3130,OR-4,,,0.5,0.41,-0.09000000000000002
digest_mg_kg_be3130,OR-8,,,5.96,0.41,-5.55
digest_mg_kg_be3130,AV1-1,,,0.6,0.41,-0.19
digest_mg_kg_be3130,AV1-8,,,0.7,1.222,0.522
digest_mg_kg_be3130,AV2-1,,,0.6,0.5,-0.09999999999999998
digest_mg_kg_be3130,AV3-1,,,0.5,0.41,-0.09000000000000002
digest_mg_kg_be3130,AV3-7,,,0.9,1.222,0.32199999999999995
digest_mg_kg_be3130,BP1-1,,,0.5,1.392,0.8919999999999999
digest_mg_kg_be3130,BP1-8,,,0.7,1.222,0.522
digest_mg_kg_be3130,BP2-1,,,0.4,1.222,0.822
digest_mg_kg_be3130,BP3-1,,,0.4,1.222,0.822
digest_mg_kg_be3130,BP3-8,,,0.5,1.142,0.6419999999999999
digest_mg_kg_be3130,HV1-8,,,0.4,0.24000000000000005,-0.15999999999999998
digest_mg_kg_be3130,HV2-5,,,1.79,0.32999999999999996,-1.46
digest_mg_kg_be3130,HV3-1,,,0.89,0.24,-0.65
digest_mg_kg_be3130,HV3-9,,,0.4,0.25000000000000006,-0.14999999999999997
digest_mg_kg_be3130,KR-1,,,1.6,0.6,-1.0
digest_mg_kg_be3130,KR-2,,,1.3,0.6,-0.7000000000000001
digest_mg_kg_be3130,KR-4,,,0.7,0.43999999999999995,-0.26
digest_mg_kg_be3130,MF1-1,,,0.3,0.62,0.32
digest_mg_kg_be3130,MF1-6,,,0.3,0.52,0.22000000000000003
digest_mg_kg_be3130,MF2-1,,,0.2,0.7,0.49999999999999994
digest_mg_kg_be3130,MF3-1,,,0.3,0.7,0.39999999999999997
digest_mg_kg_be3130,MFX-2,,,0.5,0.36,-0.14
digest_mg_kg_be3130,MSP1-1,,,0.1,0.4,0.30000000000000004
digest_mg_kg_be3130,MSP1-4,,,1.3,0.4,-0.9
digest_mg_kg_be3130,MSP2-1,,,0.2,0.4,0.2
digest_mg_kg_be3130,MSP3-1,,,0.2,0.4,0.2
digest_mg_kg_be3130,MSP3-4,,,0.1,0.4,0.30000000000000004
digest_mg_kg_be3130,MW2-1,,,0.2,0.36,0.15999999999999998
digest_mg_kg_be3130,NP1-1,,,0.4,0.6799999999999999,0.2799999999999999
digest_mg_kg_be3130,NP2-1,,,0.5,0.62,0.12
digest_mg_kg_be3130,NP3-1,,,0.3,0.62,0.32
digest_mg_kg_be3130,NP3-4,,,0.2,0.6599999999999999,0.4599999999999999
digest_mg_kg_be3130,NP4-5,,,1.2,0.28,-0.9199999999999999
digest_mg_kg_be3130,RM1-1,,,0.8,0.24,-0.56
digest_mg_kg_be3130,RM1-8,,,0.7,0.25,-0.44999999999999996
digest_mg_kg_be3130,RM2-1,,,0.4,0.24,-0.16000000000000003
digest_mg_kg_be3130,RM3-1,,,0.8,0.24,-0.56
digest_mg_kg_be3130,RM3-8,,,0.8,0.16,-0.64
digest_mg_kg_be3130,SH1-1,,,1.11,1.392,0.2819999999999998
digest_mg_kg_be3130,SH1-6,,,0.5,0.5,0.0
digest_mg_kg_be3130,SH2-1,,,0.8,0.5,-0.30000000000000004
digest_mg_kg_be3130,SH3-2,,,1.0,0.41,-0.5900000000000001
digest_mg_kg_be3130,SH3-8,,,0.5,0.5,0.0
digest_mg_kg_be3130,TGV1-1,,,0.8,0.19999999999999998,-0.6000000000000001
digest_mg_kg_be3130,TGV1-8,,,0.4,0.6,0.19999999999999996
digest_mg_kg_be3130,TGV2-1,,,0.5,0.5,0.0
digest_mg_kg_be3130,TGV3-1,,,0.3,0.4,0.10000000000000003
digest_mg_kg_be3130,TGV3-9,,,1.6,0.6,-1.0
digest_mg_kg_be3130,TN1-1,,,1.19,0.52,-0.6699999999999999
digest_mg_kg_be3130,TN1-8,,,1.0,0.42000000000000004,-0.58
digest_mg_kg_be3130,TN2-1,,,1.31,0.42000000000000004,-0.89
digest_mg_kg_be3130,TN3-1,,,1.3,0.52,-0.78
digest_mg_kg_be3130,TN3-5,,,1.41,0.54,-0.8699999999999999
digest_mg_kg_be3130,CB-CMBjA1,,,0.3,0.36,0.06
digest_mg_kg_be3130,CB-iH5,,,0.2,0.5399999999999999,0.3399999999999999
digest_mg_kg_be3130,VV-0,,,0.5,1.432,0.9319999999999999
digest_mg_kg_be3130,VV-d,,,0.5,1.432,0.9319999999999999
digest_mg_kg_be3130,VV-J,,,0.5,1.432,0.9319999999999999
digest_mg_kg_be3130,VV-L,,,0.5,1.432,0.9319999999999999
digest_mg_kg_be3130,WV-BA 1,,,0.5,1.102,0.6020000000000001
digest_mg_kg_be3130,WV-UNN 1,,,0.5,0.52,0.020000000000000018
digest_mg_kg_be3130,WV-UNN 3,,,0.5,0.52,0.020000000000000018
digest_mg_kg_be3130,WV-UNN-2,,,4.96,0.52,-4.4399999999999995
digest_mg_kg_be3130,WV-ZS 2,,,1.0,1.1179999999999999,0.11799999999999988
digest_mg_kg_co2286,BS-607,,,10.32,9.268666666666666,-1.051333333333334
digest_mg_kg_co2286,BS-610,,,8.32,9.122666666666667,0.8026666666666671
digest_mg_kg_co2286,BS-618,,,7.01,9.268666666666666,2.2586666666666666
digest_mg_kg_co2286,BPS-1,,,5.58,7.163333333333332,1.5833333333333321
digest_mg_kg_co2286,BPS-18,,,6.57,9.491999999999997,2.921999999999997
digest_mg_kg_co2286,BPS-22,,,4.52,8.900666666666666,4.3806666666666665
digest_mg_kg_co2286,BPS-25,,,5.88,10.773333333333333,4.8933333333333335
digest_mg_kg_co2286,BPS-5,,,5.03,10.773333333333333,5.743333333333333
digest_mg_kg_co2286,CK-20B,,,14.7,17.009333333333334,2.309333333333335
digest_mg_kg_co2286,CK1-100B,,,11.45,18.237999999999996,6.787999999999997
digest_mg_kg_co2286,CK2-100A,,,14.66,18.237999999999996,3.577999999999996
digest_mg_kg_co2286,CK2-100B,,,10.92,15.332666666666665,4.412666666666665
digest_mg_kg_co2286,CM-2 1,,,11.06,8.755333333333335,-2.304666666666666
digest_mg_kg_co2286,CM-4,,,8.72,8.838000000000001,0.11800000000000033
digest_mg_kg_co2286,CM-PA 3-10,,,10.66,8.838000000000001,-1.8219999999999992
digest_mg_kg_co2286,CM-PA 30,,,10.72,8.838000000000001,-1.8819999999999997
digest_mg_kg_co2286,CM2 (OM),,,9.92,8.755333333333335,-1.1646666666666654
digest_mg_kg_co2286,LC1-5,,,10.14,6.7040000000000015,-3.435999999999999
digest_mg_kg_co2286,LGP (3-4),,,9.72,6.285333333333335,-3.434666666666666
digest_mg_kg_co2286,LGP (BA 1-3),,,10.48,6.7040000000000015,-3.775999999999999
digest_mg_kg_co2286,CR-0819,,,4.6,4.668,0.0680000000000005
digest_mg_kg_co2286,CR-0821,,,2.59,4.668,2.0780000000000003
digest_mg_kg_co2286,CR-0826,,,3.73,4.668,0.9380000000000002
digest_mg_kg_co2286,CR-0828,,,3.52,4.668,1.1480000000000001
digest_mg_kg_co2286,CR-0833,,,5.22,4.668,-0.5519999999999996
digest_mg_kg_co2286,CS-CR2,,,8.22,3.7646666666666664,-4.455333333333334
digest_mg_kg_co2286,CS-CR5,,,6.11,3.817333333333333,-2.2926666666666673
digest_mg_kg_co2286,CS-CR7,,,6.22,3.817333333333333,-2.4026666666666667
digest_mg_kg_co2286,CS-CR9,,,8.38,3.817333333333333,-4.562666666666668
digest_mg_kg_co2286,DS1(1-2),,,7.43,8.728666666666667,1.2986666666666675
digest_mg_kg_co2286,DS2(1-2),,,6.51,8.675333333333334,2.1653333333333347
digest_mg_kg_co2286,DA-1,,,7.73,4.191333333333334,-3.538666666666667
digest_mg_kg_co2286,DA-3,,,9.24,4.191333333333334,-5.048666666666667
digest_mg_kg_co2286,DA-4,,,9.84,4.191333333333334,-5.648666666666666
digest_mg_kg_co2286,DA-5,,,9.86,4.191333333333334,-5.668666666666666
digest_mg_kg_co2286,DA-6,,,6.77,4.191333333333334,-2.578666666666666
digest_mg_kg_co2286,GE-A1-3,,,13.98,18.25333333333333,4.27333333333333
digest_mg_kg_co2286,GE-A2-2,,,17.37,18.25333333333333,0.8833333333333293
digest_mg_kg_co2286,GE-B1-3,,,15.54,16.77933333333333,1.239333333333331
digest_mg_kg_co2286,GE-C2-3,,,12.85,18.13733333333333,5.287333333333331
digest_mg_kg_co2286,GE-C3-2,,,15.7,18.137333333333334,2.437333333333335
digest_mg_kg_co2286,HS-1,,,12.87,7.055333333333333,-5.814666666666667
digest_mg_kg_co2286,HS-2,,,12.0,6.963333333333333,-5.036666666666667
digest_mg_kg_co2286,HS-3,,,14.0,6.181333333333332,-7.818666666666668
digest_mg_kg_co2286,HS-4,,,12.53,7.0553333333333335,-5.474666666666666
digest_mg_kg_co2286,HS-7,,,26.95,6.059333333333333,-20.890666666666668
digest_mg_kg_co2286,HC-BA1,,,10.44,7.682,-2.757999999999999
digest_mg_kg_co2286,HC-BA2,,,7.27,8.224,0.9540000000000006
digest_mg_kg_co2286,HC-Z5-1,,,9.26,7.614000000000002,-1.6459999999999981
digest_mg_kg_co2286,HC-ZS2,,,11.21,7.614000000000001,-3.596
digest_mg_kg_co2286,HVY-4A,,,22.86,14.934666666666665,-7.9253333333333345
digest_mg_kg_co2286,HVY-5A,,,37.05,14.934666666666665,-22.115333333333332
digest_mg_kg_co2286,HVY-9054A,,,35.28,14.131999999999998,-21.148000000000003
digest_mg_kg_co2286,HVY-9062A,,,22.85,14.981333333333332,-7.86866666666667
digest_mg_kg_co2286,HVY-9130A,,,28.26,14.131999999999998,-14.128000000000004
digest_mg_kg_co2286,HD-10,,,4.28,5.45,1.17
digest_mg_kg_co2286,HD-14,,,5.28,5.45,0.16999999999999993
digest_mg_kg_co2286,HD-6,,,3.2,5.45,2.25
digest_mg_kg_co2286,HG-3,,,5.64,5.191333333333333,-0.448666666666667
digest_mg_kg_co2286,HG-54,,,3.8,5.298666666666667,1.4986666666666668
digest_mg_kg_co2286,HG-6,,,6.15,19.675333333333334,13.525333333333334
digest_mg_kg_co2286,HG-8,,,5.4,9.210666666666667,3.810666666666666
digest_mg_kg_co2286,HG-9,,,3.92,5.75,1.83
digest_mg_kg_co2286,HM-2,,,4.87,6.987333333333335,2.1173333333333346
digest_mg_kg_co2286,HM-3,,,5.1,6.987333333333335,1.887333333333335
digest_mg_kg_co2286,HM-5,,,7.75,6.987333333333335,-0.7626666666666653
digest_mg_kg_co2286,HM-6,,,7.52,6.987333333333335,-0.5326666666666648
digest_mg_kg_co2286,LI-10,,,6.9,7.702666666666665,0.8026666666666644
digest_mg_kg_co2286,LI-11,,,8.84,7.538666666666666,-1.301333333333334
digest_mg_kg_co2286,LI-12,,,8.86,7.538666666666666,-1.3213333333333335
digest_mg_kg_co2286,LI-13,,,8.08,7.538666666666666,-0.5413333333333341
digest_mg_kg_co2286,LI-14,,,10.3,7.538666666666666,-2.7613333333333347
digest_mg_kg_co2286,LI-15,,,9.54,7.538666666666666,-2.001333333333333
digest_mg_kg_co2286,LI-4,,,9.92,7.538666666666667,-2.381333333333333
digest_mg_kg_co2286,LI-5,,,8.7,7.538666666666667,-1.1613333333333324
digest_mg_kg_co2286,LI-6,,,8.62,7.538666666666667,-1.0813333333333324
digest_mg_kg_co2286,LI-9,,,0.85,7.702666666666665,6.852666666666665
digest_mg_kg_co2286,LGP-BA LV8,,,14.91,17.293333333333333,2.383333333333333
digest_mg_kg_co2286,LV-14,,,9.06,17.614666666666665,8.554666666666664
digest_mg_kg_co2286,LV-18,,,10.18,17.614666666666665,7.434666666666665
digest_mg_kg_co2286,MD-BJA1,,,5.8,9.571333333333333,3.7713333333333336
digest_mg_kg_co2286,MD-UN11,,,9.56,9.481333333333332,-0.07866666666666866
digest_mg_kg_co2286,MD-UN6,,,6.37,9.571333333333333,3.2013333333333334
digest_mg_kg_co2286,ME-A1-1,,,12.2,17.98,5.780000000000001
digest_mg_kg_co2286,ME-A2-3,,,15.7,17.98,2.280000000000001
digest_mg_kg_co2286,ME-B1-2,,,20.4,18.54733333333333,-1.8526666666666678
digest_mg_kg_co2286,ME-c2-3,,,23.16,17.98,-5.18
digest_mg_kg_co2286,ME-C3-1,,,19.94,17.98,-1.9600000000000009
digest_mg_kg_co2286,HK-1,,,3.29,9.302,6.012
digest_mg_kg_co2286,HK-2,,,4.72,9.302,4.582
digest_mg_kg_co2286,HK-3,,,3.78,9.302,5.522
digest_mg_kg_co2286,HK-4,,,2.09,9.252666666666666,7.1626666666666665
digest_mg_kg_co2286,HK-5,,,4.18,9.302,5.122
digest_mg_kg_co2286,MK-A6,,,15.39,9.302000000000001,-6.087999999999999
digest_mg_kg_co2286,MK-KYBjA6,,,16.57,9.252666666666666,-7.317333333333334
digest_mg_kg_co2286,MK-UN8,,,14.19,9.302000000000001,-4.887999999999998
digest_mg_kg_co2286,MFP-A1,,,5.89,5.935333333333333,0.04533333333333367
digest_mg_kg_co2286,MFP-A2,,,5.91,5.935333333333333,0.025333333333333208
digest_mg_kg_co2286,MFP-AAA,,,5.0,5.0,0.0
digest_mg_kg_co2286,MFP-d,,,4.69,5.935333333333333,1.245333333333333
digest_mg_kg_co2286,MS-11,,,1.19,6.104666666666668,4.914666666666667
digest_mg_kg_co2286,MS-12,,,1.61,6.104666666666668,4.494666666666667
digest_mg_kg_co2286,MS-5,,,1.6,6.104666666666668,4.504666666666667
digest_mg_kg_co2286,MS-7,,,1.1,6.104666666666668,5.004666666666667
digest_mg_kg_co2286,ON-10,,,4.74,13.569333333333331,8.82933333333333
digest_mg_kg_co2286,OR-4,,,6.31,12.049999999999995,5.739999999999996
digest_mg_kg_co2286,OR-8,,,5.27,13.194666666666667,7.924666666666667
digest_mg_kg_co2286,AV1-1,,,9.64,6.321333333333333,-3.318666666666668
digest_mg_kg_co2286,AV1-8,,,11.48,6.3213333333333335,-5.158666666666667
digest_mg_kg_co2286,AV2-1,,,11.33,6.3213333333333335,-5.008666666666667
digest_mg_kg_co2286,AV3-1,,,11.18,6.155333333333333,-5.024666666666667
digest_mg_kg_co2286,AV3-7,,,9.68,6.321333333333333,-3.358666666666667
digest_mg_kg_co2286,BP1-1,,,9.34,6.3213333333333335,-3.0186666666666664
digest_mg_kg_co2286,BP1-8,,,10.0,6.321333333333333,-3.6786666666666674
digest_mg_kg_co2286,BP2-1,,,10.58,6.355333333333334,-4.224666666666666
digest_mg_kg_co2286,BP3-1,,,9.12,6.3213333333333335,-2.7986666666666657
digest_mg_kg_co2286,BP3-8,,,10.46,6.3213333333333335,-4.138666666666667
digest_mg_kg_co2286,HV1-8,,,9.78,6.778666666666667,-3.0013333333333323
digest_mg_kg_co2286,HV2-5,,,9.76,5.909333333333334,-3.8506666666666653
digest_mg_kg_co2286,HV3-1,,,11.13,6.153999999999999,-4.976000000000002
digest_mg_kg_co2286,HV3-9,,,9.4,7.132666666666667,-2.267333333333333
digest_mg_kg_co2286,KR-1,,,10.0,6.438666666666667,-3.561333333333333
digest_mg_kg_co2286,KR-2,,,10.12,6.438666666666666,-3.681333333333333
digest_mg_kg_co2286,KR-4,,,10.2,5.502666666666667,-4.697333333333332
digest_mg_kg_co2286,MF1-1,,,5.89,10.591999999999997,4.701999999999997
digest_mg_kg_co2286,MF1-6,,,5.69,10.274000000000001,4.5840000000000005
digest_mg_kg_co2286,MF2-1,,,5.91,10.274000000000001,4.364000000000001
digest_mg_kg_co2286,MF3-1,,,7.49,10.274000000000001,2.7840000000000007
digest_mg_kg_co2286,MFX-2,,,7.27,10.274000000000001,3.0040000000000013
digest_mg_kg_co2286,MSP1-1,,,2.99,6.305333333333334,3.315333333333334
digest_mg_kg_co2286,MSP1-4,,,4.19,6.191333333333334,2.001333333333333
digest_mg_kg_co2286,MSP2-1,,,3.49,6.305333333333334,2.815333333333334
digest_mg_kg_co2286,MSP3-1,,,1.9,5.880000000000001,3.980000000000001
digest_mg_kg_co2286,MSP3-4,,,2.69,6.288666666666668,3.598666666666668
digest_mg_kg_co2286,MW2-1,,,7.52,11.382,3.862
digest_mg_kg_co2286,NP1-1,,,5.49,10.274000000000001,4.784000000000001
digest_mg_kg_co2286,NP2-1,,,5.41,11.062,5.651999999999999
digest_mg_kg_co2286,NP3-1,,,5.79,10.592000000000002,4.802000000000002
digest_mg_kg_co2286,NP3-4,,,3.98,10.274000000000001,6.2940000000000005
digest_mg_kg_co2286,NP4-5,,,0.5,14.266666666666667,13.766666666666667
digest_mg_kg_co2286,RM1-1,,,9.26,7.450666666666667,-1.809333333333333
digest_mg_kg_co2286,RM1-8,,,8.68,7.450666666666667,-1.229333333333333
digest_mg_kg_co2286,RM2-1,,,8.08,7.424,-0.6559999999999997
digest_mg_kg_co2286,RM3-1,,,10.52,7.424,-3.095999999999999
digest_mg_kg_co2286,RM3-8,,,9.84,7.450666666666667,-2.389333333333333
digest_mg_kg_co2286,SH1-1,,,8.15,6.438666666666665,-1.711333333333335
digest_mg_kg_co2286,SH1-6,,,9.26,6.438666666666666,-2.8213333333333335
digest_mg_kg_co2286,SH2-1,,,9.46,6.438666666666665,-3.0213333333333354
digest_mg_kg_co2286,SH3-2,,,9.04,6.1546666666666665,-2.8853333333333326
digest_mg_kg_co2286,SH3-8,,,8.85,7.424,-1.4259999999999993
digest_mg_kg_co2286,TGV1-1,,,10.24,5.281999999999999,-4.958000000000001
digest_mg_kg_co2286,TGV1-8,,,9.23,6.039333333333333,-3.190666666666667
digest_mg_kg_co2286,TGV2-1,,,9.24,6.0393333333333326,-3.2006666666666677
digest_mg_kg_co2286,TGV3-1,,,7.01,7.36,0.35000000000000053
digest_mg_kg_co2286,TGV3-9,,,9.08,7.375333333333333,-1.7046666666666672
digest_mg_kg_co2286,TN1-1,,,11.63,5.961333333333334,-5.668666666666667
digest_mg_kg_co2286,TN1-8,,,12.1,9.171333333333333,-2.9286666666666665
digest_mg_kg_co2286,TN2-1,,,12.25,6.507999999999999,-5.742000000000001
digest_mg_kg_co2286,TN3-1,,,12.1,7.087999999999998,-5.012000000000001
digest_mg_kg_co2286,TN3-5,,,11.95,9.282666666666668,-2.667333333333332
digest_mg_kg_co2286,CB-CMBjA1,,,8.63,5.936666666666667,-2.6933333333333334
digest_mg_kg_co2286,CB-iH5,,,10.38,6.186000000000001,-4.194
digest_mg_kg_co2286,VV-0,,,0.5,9.921333333333335,9.421333333333335
digest_mg_kg_co2286,VV-d,,,0.5,9.921333333333335,9.421333333333335
digest_mg_kg_co2286,VV-J,,,1.2,9.921333333333335,8.721333333333336
digest_mg_kg_co2286,VV-L,,,1.51,9.921333333333335,8.411333333333335
digest_mg_kg_co2286,WV-BA 1,,,4.42,9.092,4.672000000000001
digest_mg_kg_co2286,WV-UNN 1,,,12.0,7.669333333333335,-4.330666666666665
digest_mg_kg_co2286,WV-UNN 3,,,7.03,7.669333333333335,0.6393333333333349
digest_mg_kg_co2286,WV-UNN-2,,,10.42,7.669333333333335,-2.750666666666665
digest_mg_kg_co2286,WV-ZS 2,,,3.49,8.047999999999998,4.557999999999998
digest_mg_kg_cr2835,BS-607,,,14.83,14.593602591804968,-0.23639740819503174
digest_mg_kg_cr2835,BS-610,,,10.12,14.246867445880653,4.126867445880654
digest_mg_kg_cr2835,BS-618,,,10.32,14.572670187955751,4.252670187955751
digest_mg_kg_cr2835,BPS-1,,,9.36,14.714499156032641,5.354499156032642
digest_mg_kg_cr2835,BPS-18,,,13.94,14.718702900336382,0.7787029003363823
digest_mg_kg_cr2835,BPS-22,,,10.74,15.331366217379957,4.5913662173799565
digest_mg_kg_cr2835,BPS-25,,,10.76,19.10856469310597,8.348564693105969
digest_mg_kg_cr2835,BPS-5,,,7.34,19.114617214305845,11.774617214305845
digest_mg_kg_cr2835,CK-20B,,,57.8,32.80327360738321,-24.996726392616786
digest_mg_kg_cr2835,CK1-100B,,,43.73,34.64886134292145,-9.081138657078547
digest_mg_kg_cr2835,CK2-100A,,,60.14,34.64887604237001,-25.491123957629988
digest_mg_kg_cr2835,CK2-100B,,,42.99,34.61985737585934,-8.370142624140662
digest_mg_kg_cr2835,CM-2 1,,,25.8,15.34929288365495,-10.45070711634505
digest_mg_kg_cr2835,CM-4,,,19.64,15.339242296548575,-4.300757703451426
digest_mg_kg_cr2835,CM-PA 3-10,,,23.94,15.338033287370962,-8.60196671262904
digest_mg_kg_cr2835,CM-PA 30,,,23.25,15.339242296548575,-7.910757703451425
digest_mg_kg_cr2835,CM2 (OM),,,22.95,15.340616647539328,-7.6093833524606715
digest_mg_kg_cr2835,LC1-5,,,13.42,11.682618283237682,-1.737381716762318
digest_mg_kg_cr2835,LGP (3-4),,,15.28,11.646275850518997,-3.6337241494810026
digest_mg_kg_cr2835,LGP (BA 1-3),,,15.42,11.682770785056267,-3.737229214943733
digest_mg_kg_cr2835,CR-0819,,,7.9,10.573936412750431,2.6739364127504306
digest_mg_kg_cr2835,CR-0821,,,5.09,10.573936412750431,5.483936412750431
digest_mg_kg_cr2835,CR-0826,,,7.86,10.573936412750431,2.7139364127504306
digest_mg_kg_cr2835,CR-0828,,,7.44,10.573936412750431,3.1339364127504306
digest_mg_kg_cr2835,CR-0833,,,7.63,10.573936412750431,2.943936412750431
digest_mg_kg_cr2835,CS-CR2,,,10.12,9.589668374451005,-0.5303316255489943
digest_mg_kg_cr2835,CS-CR5,,,11.62,7.687457758213852,-3.9325422417861473
digest_mg_kg_cr2835,CS-CR7,,,6.53,8.601791282277942,2.0717912822779416
digest_mg_kg_cr2835,CS-CR9,,,10.48,8.601373677090402,-1.8786263229095983
digest_mg_kg_cr2835,DS1(1-2),,,16.16,16.534486183342697,0.3744861833426967
digest_mg_kg_cr2835,DS2(1-2),,,15.43,10.647093342640076,-4.7829066573599235
digest_mg_kg_cr2835,DA-1,,,15.66,9.384432764583508,-6.275567235416492
digest_mg_kg_cr2835,DA-3,,,12.25,9.384432764583508,-2.865567235416492
digest_mg_kg_cr2835,DA-4,,,16.77,9.384432764583508,-7.385567235416492
digest_mg_kg_cr2835,DA-5,,,18.91,9.384432764583508,-9.525567235416492
digest_mg_kg_cr2835,DA-6,,,14.74,9.384432764583508,-5.355567235416492
digest_mg_kg_cr2835,GE-A1-3,,,24.04,39.92400592726747,15.884005927267474
digest_mg_kg_cr2835,GE-A2-2,,,34.44,39.92445136382581,5.484451363825812
digest_mg_kg_cr2835,GE-B1-3,,,29.38,40.18263037231317,10.802630372313171
digest_mg_kg_cr2835,GE-C2-3,,,26.81,37.62352862320028,10.81352862320028
digest_mg_kg_cr2835,GE-C3-2,,,32.1,37.59223642140389,5.492236421403888
digest_mg_kg_cr2835,HS-1,,,41.58,23.72118296213684,-17.858817037863158
digest_mg_kg_cr2835,HS-2,,,34.8,25.81573405930196,-8.984265940698037
digest_mg_kg_cr2835,HS-3,,,47.7,17.767086146893412,-29.93291385310659
digest_mg_kg_cr2835,HS-4,,,46.09,22.893036304595256,-23.196963695404747
digest_mg_kg_cr2835,HS-7,,,52.99,18.023211956807636,-34.966788043192366
digest_mg_kg_cr2835,HC-BA1,,,7.75,12.427989589545795,4.6779895895457955
digest_mg_kg_cr2835,HC-BA2,,,6.08,12.439174685223126,6.359174685223126
digest_mg_kg_cr2835,HC-Z5-1,,,4.73,11.900725888312758,7.170725888312758
digest_mg_kg_cr2835,HC-ZS2,,,7.84,11.970944046000456,4.130944046000456
digest_mg_kg_cr2835,HVY-4A,,,38.67,31.355646055834058,-7.314353944165944
digest_mg_kg_cr2835,HVY-5A,,,63.45,31.355646055834058,-32.094353944165945
digest_mg_kg_cr2835,HVY-9054A,,,60.08,31.470266982887306,-28.609733017112692
digest_mg_kg_cr2835,HVY-9062A,,,38.02,33.34293756094429,-4.67706243905571
digest_mg_kg_cr2835,HVY-9130A,,,46.19,31.541382815115906,-14.648617184884092
digest_mg_kg_cr2835,HD-10,,,8.27,9.532240961839554,1.262240961839554
digest_mg_kg_cr2835,HD-14,,,12.05,9.658005335993373,-2.391994664006628
digest_mg_kg_cr2835,HD-6,,,7.7,9.897462607060879,2.1974626070608787
digest_mg_kg_cr2835,HG-3,,,9.01,10.312199424383842,1.3021994243838417
digest_mg_kg_cr2835,HG-54,,,5.7,9.478510467054566,3.7785104670545655
digest_mg_kg_cr2835,HG-6,,,7.16,38.83112135072931,31.67112135072931
digest_mg_kg_cr2835,HG-8,,,6.3,21.077154230486876,14.777154230486875
digest_mg_kg_cr2835,HG-9,,,2.82,8.530504120800614,5.710504120800614
digest_mg_kg_cr2835,HM-2,,,10.34,14.078637958970905,3.738637958970905
digest_mg_kg_cr2835,HM-3,,,8.1,14.078639932520543,5.978639932520544
digest_mg_kg_cr2835,HM-5,,,13.28,14.05515478678837,0.7751547867883701
digest_mg_kg_cr2835,HM-6,,,13.63,14.139519640618857,0.5095196406188567
digest_mg_kg_cr2835,LI-10,,,11.2,12.950255780912546,1.7502557809125463
digest_mg_kg_cr2835,LI-11,,,9.14,13.412988910132194,4.272988910132193
digest_mg_kg_cr2835,LI-12,,,7.87,13.412988910132194,5.542988910132194
digest_mg_kg_cr2835,LI-13,,,8.88,13.412988910132194,4.532988910132193
digest_mg_kg_cr2835,LI-14,,,12.7,13.412988910132194,0.7129889101321947
digest_mg_kg_cr2835,LI-15,,,9.74,13.412988910132194,3.6729889101321938
digest_mg_kg_cr2835,LI-4,,,12.02,12.926356444351185,0.9063564443511858
digest_mg_kg_cr2835,LI-5,,,10.6,12.926356444351185,2.3263564443511857
digest_mg_kg_cr2835,LI-6,,,8.22,12.926356444351185,4.706356444351185
digest_mg_kg_cr2835,LI-9,,,1.55,12.950255780912546,11.400255780912545
digest_mg_kg_cr2835,LGP-BA LV8,,,34.69,39.373215548364776,4.683215548364778
digest_mg_kg_cr2835,LV-14,,,22.61,37.82462767456055,15.214627674560553
digest_mg_kg_cr2835,LV-18,,,32.83,37.82462767456055,4.9946276745605545
digest_mg_kg_cr2835,MD-BJA1,,,15.0,18.02767228330325,3.02767228330325
digest_mg_kg_cr2835,MD-UN11,,,28.49,18.010926815822675,-10.479073184177324
digest_mg_kg_cr2835,MD-UN6,,,14.24,18.004353852289775,3.7643538522897746
digest_mg_kg_cr2835,ME-A1-1,,,20.46,35.843796404175436,15.383796404175435
digest_mg_kg_cr2835,ME-A2-3,,,27.8,35.843796404175436,8.043796404175435
digest_mg_kg_cr2835,ME-B1-2,,,35.0,35.80276310500843,0.802763105008431
digest_mg_kg_cr2835,ME-c2-3,,,49.3,35.015463131960786,-14.284536868039211
digest_mg_kg_cr2835,ME-C3-1,,,33.47,35.015463131960786,1.545463131960787
digest_mg_kg_cr2835,HK-1,,,9.48,28.526885353855846,19.046885353855846
digest_mg_kg_cr2835,HK-2,,,16.16,28.524432221985407,12.364432221985407
digest_mg_kg_cr2835,HK-3,,,14.54,28.57645776905206,14.03645776905206
digest_mg_kg_cr2835,HK-4,,,4.57,27.933466213088675,23.363466213088675
digest_mg_kg_cr2835,HK-5,,,11.75,28.51828017940591,16.76828017940591
digest_mg_kg_cr2835,MK-A6,,,49.7,26.889971164648397,-22.810028835351606
digest_mg_kg_cr2835,MK-KYBjA6,,,57.88,31.019436081910595,-26.860563918089408
digest_mg_kg_cr2835,MK-UN8,,,57.64,26.889971164648397,-30.750028835351603
digest_mg_kg_cr2835,MFP-A1,,,11.58,10.665333303187609,-0.9146666968123913
digest_mg_kg_cr2835,MFP-A2,,,14.83,10.665333303187609,-4.164666696812391
digest_mg_kg_cr2835,MFP-AAA,,,10.1,9.761380144184646,-0.33861985581535414
digest_mg_kg_cr2835,MFP-d,,,11.08,10.67282961811005,-0.4071703818899497
digest_mg_kg_cr2835,MS-11,,,0.5,13.308991302953954,12.808991302953954
digest_mg_kg_cr2835,MS-12,,,3.22,13.308991302953954,10.088991302953954
digest_mg_kg_cr2835,MS-5,,,3.0,13.308991302953954,10.308991302953954
digest_mg_kg_cr2835,MS-7,,,2.3,13.308991302953954,11.008991302953955
digest_mg_kg_cr2835,ON-10,,,9.58,29.046393291850688,19.466393291850686
digest_mg_kg_cr2835,OR-4,,,12.22,24.151310343890092,11.931310343890091
digest_mg_kg_cr2835,OR-8,,,11.23,25.406181629913252,14.176181629913252
digest_mg_kg_cr2835,AV1-1,,,15.56,6.5619069311120395,-8.998093068887961
digest_mg_kg_cr2835,AV1-8,,,17.66,7.02119819911186,-10.638801800888139
digest_mg_kg_cr2835,AV2-1,,,16.9,6.93099153402032,-9.969008465979678
digest_mg_kg_cr2835,AV3-1,,,17.56,6.675218513917272,-10.884781486082726
digest_mg_kg_cr2835,AV3-7,,,13.57,7.145953610662065,-6.424046389337935
digest_mg_kg_cr2835,BP1-1,,,12.62,6.953660547021876,-5.666339452978123
digest_mg_kg_cr2835,BP1-8,,,16.6,7.220919617018633,-9.379080382981368
digest_mg_kg_cr2835,BP2-1,,,14.57,7.151634428481761,-7.4183655715182395
digest_mg_kg_cr2835,BP3-1,,,13.43,7.02010466785248,-6.40989533214752
digest_mg_kg_cr2835,BP3-8,,,14.44,7.2399378170886965,-7.200062182911303
digest_mg_kg_cr2835,HV1-8,,,18.86,8.537991339599234,-10.322008660400765
digest_mg_kg_cr2835,HV2-5,,,19.52,8.035947752314973,-11.484052247685026
digest_mg_kg_cr2835,HV3-1,,,25.25,7.26846092844869,-17.98153907155131
digest_mg_kg_cr2835,HV3-9,,,18.7,8.575379478576973,-10.124620521423026
digest_mg_kg_cr2835,KR-1,,,22.5,7.212684919544854,-15.287315080455146
digest_mg_kg_cr2835,KR-2,,,20.24,7.558462889314664,-12.681537110685333
digest_mg_kg_cr2835,KR-4,,,21.3,8.554777977035313,-12.745222022964688
digest_mg_kg_cr2835,MF1-1,,,10.58,32.22536574196753,21.64536574196753
digest_mg_kg_cr2835,MF1-6,,,10.38,28.020230726045384,17.64023072604538
digest_mg_kg_cr2835,MF2-1,,,10.12,27.660699539413347,17.540699539413346
digest_mg_kg_cr2835,MF3-1,,,11.18,28.10050318659189,16.92050318659189
digest_mg_kg_cr2835,MFX-2,,,14.84,28.41472739661072,13.574727396610719
digest_mg_kg_cr2835,MSP1-1,,,5.48,9.712574658622248,4.232574658622248
digest_mg_kg_cr2835,MSP1-4,,,8.68,9.07989667294412,0.39989667294412
digest_mg_kg_cr2835,MSP2-1,,,7.67,11.423445965535494,3.7534459655354944
digest_mg_kg_cr2835,MSP3-1,,,3.69,10.060322416495806,6.3703224164958066
digest_mg_kg_cr2835,MSP3-4,,,5.39,8.800064983084464,3.4100649830844647
digest_mg_kg_cr2835,MW2-1,,,12.53,30.383640330833664,17.853640330833663
digest_mg_kg_cr2835,NP1-1,,,9.88,30.621809960471268,20.741809960471265
digest_mg_kg_cr2835,NP2-1,,,9.72,33.73546890435496,24.01546890435496
digest_mg_kg_cr2835,NP3-1,,,8.58,32.7369479291228,24.1569479291228
digest_mg_kg_cr2835,NP3-4,,,7.87,31.425769040928163,23.555769040928162
digest_mg_kg_cr2835,NP4-5,,,2.4,30.80432467756368,28.404324677563682
digest_mg_kg_cr2835,RM1-1,,,14.94,11.363610245146093,-3.5763897548539063
digest_mg_kg_cr2835,RM1-8,,,15.87,11.337192381896873,-4.532807618103126
digest_mg_kg_cr2835,RM2-1,,,12.18,11.2414194773095,-0.9385805226904989
digest_mg_kg_cr2835,RM3-1,,,14.03,11.276979427542154,-2.753020572457846
digest_mg_kg_cr2835,RM3-8,,,15.61,11.112121123993052,-4.497878876006947
digest_mg_kg_cr2835,SH1-1,,,12.78,9.265251188644115,-3.5147488113558847
digest_mg_kg_cr2835,SH1-6,,,12.35,9.975547811876481,-2.3744521881235183
digest_mg_kg_cr2835,SH2-1,,,16.63,9.200605378124104,-7.429394621875895
digest_mg_kg_cr2835,SH3-2,,,14.66,9.187422287889488,-5.472577712110512
digest_mg_kg_cr2835,SH3-8,,,11.73,9.809771545406083,-1.9202284545939179
digest_mg_kg_cr2835,TGV1-1,,,20.38,8.314720903534749,-12.06527909646525
digest_mg_kg_cr2835,TGV1-8,,,13.59,8.409582757401495,-5.180417242598505
digest_mg_kg_cr2835,TGV2-1,,,16.06,7.844199327729856,-8.215800672270142
digest_mg_kg_cr2835,TGV3-1,,,13.73,12.014470335326939,-1.7155296646730616
digest_mg_kg_cr2835,TGV3-9,,,17.47,9.070100371659477,-8.399899628340522
digest_mg_kg_cr2835,TN1-1,,,24.55,8.711683298743525,-15.838316701256476
digest_mg_kg_cr2835,TN1-8,,,19.6,13.040397396625997,-6.559602603374005
digest_mg_kg_cr2835,TN2-1,,,27.71,8.900842303770604,-18.8091576962294
digest_mg_kg_cr2835,TN3-1,,,21.6,10.821362085744074,-10.778637914255928
digest_mg_kg_cr2835,TN3-5,,,25.9,19.891036618470487,-6.008963381529512
digest_mg_kg_cr2835,CB-CMBjA1,,,24.6,12.075057033183239,-12.524942966816763
digest_mg_kg_cr2835,CB-iH5,,,24.55,13.51598717517464,-11.03401282482536
digest_mg_kg_cr2835,VV-0,,,1.29,11.310823285831534,10.020823285831533
digest_mg_kg_cr2835,VV-d,,,1.01,11.310823285831534,10.300823285831534
digest_mg_kg_cr2835,VV-J,,,2.4,11.310823285831534,8.910823285831533
digest_mg_kg_cr2835,VV-L,,,5.52,11.310823285831534,5.790823285831534
digest_mg_kg_cr2835,WV-BA 1,,,2.51,16.609171208932622,14.099171208932622
digest_mg_kg_cr2835,WV-UNN 1,,,7.6,8.481356384762977,0.8813563847629773
digest_mg_kg_cr2835,WV-UNN 3,,,5.72,8.481356384762977,2.761356384762977
digest_mg_kg_cr2835,WV-UNN-2,,,7.34,8.481356384762977,1.141356384762977
digest_mg_kg_cr2835,WV-ZS 2,,,4.58,16.30937262418642,11.72937262418642
digest_mg_kg_cu3247,BS-607,,,55.11,13.700999999999999,-41.409
digest_mg_kg_cu3247,BS-610,,,43.69,13.700999999999999,-29.988999999999997
digest_mg_kg_cu3247,BS-618,,,27.25,13.701000000000002,-13.548999999999998
digest_mg_kg_cu3247,BPS-1,,,6.97,8.845,1.8750000000000009
digest_mg_kg_cu3247,BPS-18,,,11.95,18.4175,6.467500000000001
digest_mg_kg_cu3247,BPS-22,,,2.71,16.3805,13.6705
digest_mg_kg_cu3247,BPS-25,,,16.73,14.077000000000002,-2.6529999999999987
digest_mg_kg_cu3247,BPS-5,,,21.83,14.077000000000002,-7.752999999999997
digest_mg_kg_cu3247,CK-20B,,,17.2,9.607500000000002,-7.592499999999998
digest_mg_kg_cu3247,CK1-100B,,,7.27,10.114,2.844000000000001
digest_mg_kg_cu3247,CK2-100A,,,21.79,10.114,-11.675999999999998
digest_mg_kg_cu3247,CK2-100B,,,11.82,10.113999999999999,-1.7060000000000013
digest_mg_kg_cu3247,CM-2 1,,,14.94,25.752000000000002,10.812000000000003
digest_mg_kg_cu3247,CM-4,,,14.13,26.175000000000004,12.045000000000003
digest_mg_kg_cu3247,CM-PA 3-10,,,14.99,26.175,11.185
digest_mg_kg_cu3247,CM-PA 30,,,14.13,26.175000000000004,12.045000000000003
digest_mg_kg_cu3247,CM2 (OM),,,12.93,25.752000000000002,12.822000000000003
digest_mg_kg_cu3247,LC1-5,,,5.47,4.336,-1.1339999999999995
digest_mg_kg_cu3247,LGP (3-4),,,0.5,4.336,3.8360000000000003
digest_mg_kg_cu3247,LGP (BA 1-3),,,10.79,4.336,-6.453999999999999
digest_mg_kg_cu3247,CR-0819,,,0.5,2.734,2.234
digest_mg_kg_cu3247,CR-0821,,,0.5,2.734,2.234
digest_mg_kg_cu3247,CR-0826,,,0.5,2.734,2.234
digest_mg_kg_cu3247,CR-0828,,,0.5,2.734,2.234
digest_mg_kg_cu3247,CR-0833,,,0.5,2.734,2.234
digest_mg_kg_cu3247,CS-CR2,,,0.5,2.3739999999999997,1.8739999999999997
digest_mg_kg_cu3247,CS-CR5,,,1.6,2.059,0.4590000000000001
digest_mg_kg_cu3247,CS-CR7,,,0.5,2.679,2.179
digest_mg_kg_cu3247,CS-CR9,,,0.5,2.679,2.179
digest_mg_kg_cu3247,DS1(1-2),,,8.43,18.4705,10.040500000000002
digest_mg_kg_cu3247,DS2(1-2),,,8.52,20.162000000000003,11.642000000000003
digest_mg_kg_cu3247,DA-1,,,26.2,2.0149999999999997,-24.185
digest_mg_kg_cu3247,DA-3,,,46.49,2.0149999999999997,-44.475
digest_mg_kg_cu3247,DA-4,,,43.78,2.0149999999999997,-41.765
digest_mg_kg_cu3247,DA-5,,,40.64,2.0149999999999997,-38.625
digest_mg_kg_cu3247,DA-6,,,25.0,2.0149999999999997,-22.985
digest_mg_kg_cu3247,GE-A1-3,,,4.43,11.651500000000002,7.2215000000000025
digest_mg_kg_cu3247,GE-A2-2,,,5.92,11.651500000000002,5.731500000000002
digest_mg_kg_cu3247,GE-B1-3,,,5.58,11.651499999999999,6.071499999999999
digest_mg_kg_cu3247,GE-C2-3,,,8.33,11.884999999999998,3.554999999999998
digest_mg_kg_cu3247,GE-C3-2,,,7.4,11.884999999999998,4.484999999999998
digest_mg_kg_cu3247,HS-1,,,25.45,7.658500000000001,-17.7915
digest_mg_kg_cu3247,HS-2,,,26.5,7.2909999999999995,-19.209
digest_mg_kg_cu3247,HS-3,,,22.4,7.554999999999998,-14.845
digest_mg_kg_cu3247,HS-4,,,12.63,7.658500000000001,-4.9715
digest_mg_kg_cu3247,HS-7,,,43.01,7.545500000000001,-35.464499999999994
digest_mg_kg_cu3247,HC-BA1,,,39.86,26.3795,-13.4805
digest_mg_kg_cu3247,HC-BA2,,,21.91,26.3795,4.4695
digest_mg_kg_cu3247,HC-Z5-1,,,33.3,24.2635,-9.036499999999997
digest_mg_kg_cu3247,HC-ZS2,,,41.87,26.1815,-15.688499999999998
digest_mg_kg_cu3247,HVY-4A,,,10.14,9.2325,-0.9075000000000006
digest_mg_kg_cu3247,HVY-5A,,,14.46,9.2325,-5.227500000000001
digest_mg_kg_cu3247,HVY-9054A,,,12.9,8.927999999999999,-3.9720000000000013
digest_mg_kg_cu3247,HVY-9062A,,,11.08,10.214500000000001,-0.865499999999999
digest_mg_kg_cu3247,HVY-9130A,,,11.82,8.928,-2.8919999999999995
digest_mg_kg_cu3247,HD-10,,,2.99,10.238000000000001,7.248000000000001
digest_mg_kg_cu3247,HD-14,,,5.78,10.238,4.457999999999999
digest_mg_kg_cu3247,HD-6,,,6.6,10.5625,3.9625000000000004
digest_mg_kg_cu3247,HG-3,,,2.08,10.3045,8.2245
digest_mg_kg_cu3247,HG-54,,,3.0,10.632000000000001,7.6320000000000014
digest_mg_kg_cu3247,HG-6,,,3.53,11.3285,7.798500000000001
digest_mg_kg_cu3247,HG-8,,,0.5,11.7805,11.2805
digest_mg_kg_cu3247,HG-9,,,2.41,12.8335,10.4235
digest_mg_kg_cu3247,HM-2,,,1.19,12.051000000000002,10.861000000000002
digest_mg_kg_cu3247,HM-3,,,0.5,12.051000000000002,11.551000000000002
digest_mg_kg_cu3247,HM-5,,,1.51,11.907500000000002,10.397500000000003
digest_mg_kg_cu3247,HM-6,,,0.5,12.823999999999998,12.323999999999998
digest_mg_kg_cu3247,LI-10,,,11.5,3.3059999999999996,-8.194
digest_mg_kg_cu3247,LI-11,,,13.05,3.9995,-9.050500000000001
digest_mg_kg_cu3247,LI-12,,,6.87,3.9995,-2.8705000000000003
digest_mg_kg_cu3247,LI-13,,,7.78,3.9995,-3.7805000000000004
digest_mg_kg_cu3247,LI-14,,,11.1,3.9995,-7.1005
digest_mg_kg_cu3247,LI-15,,,12.65,3.9995,-8.650500000000001
digest_mg_kg_cu3247,LI-4,,,12.63,3.306,-9.324000000000002
digest_mg_kg_cu3247,LI-5,,,13.7,3.306,-10.393999999999998
digest_mg_kg_cu3247,LI-6,,,13.33,3.306,-10.024000000000001
digest_mg_kg_cu3247,LI-9,,,1.55,3.3059999999999996,1.7559999999999996
digest_mg_kg_cu3247,LGP-BA LV8,,,2.09,10.293,8.203
digest_mg_kg_cu3247,LV-14,,,18.53,9.811,-8.719000000000001
digest_mg_kg_cu3247,LV-18,,,11.48,9.811,-1.6690000000000005
digest_mg_kg_cu3247,MD-BJA1,,,29.6,16.604000000000003,-12.995999999999999
digest_mg_kg_cu3247,MD-UN11,,,27.29,16.7375,-10.552499999999998
digest_mg_kg_cu3247,MD-UN6,,,40.84,16.604000000000003,-24.236
digest_mg_kg_cu3247,ME-A1-1,,,5.85,9.843,3.9930000000000003
digest_mg_kg_cu3247,ME-A2-3,,,6.0,9.843,3.843
digest_mg_kg_cu3247,ME-B1-2,,,11.7,9.843,-1.8569999999999993
digest_mg_kg_cu3247,ME-c2-3,,,15.21,9.843,-5.367000000000001
digest_mg_kg_cu3247,ME-C3-1,,,13.43,9.843,-3.5869999999999997
digest_mg_kg_cu3247,HK-1,,,1.3,12.3385,11.038499999999999
digest_mg_kg_cu3247,HK-2,,,7.13,12.3385,5.2085
digest_mg_kg_cu3247,HK-3,,,5.48,12.3385,6.858499999999999
digest_mg_kg_cu3247,HK-4,,,2.88,12.3385,9.4585
digest_mg_kg_cu3247,HK-5,,,5.28,12.3385,7.0584999999999996
digest_mg_kg_cu3247,MK-A6,,,10.66,12.3385,1.6784999999999997
digest_mg_kg_cu3247,MK-KYBjA6,,,3.69,12.904500000000002,9.214500000000003
digest_mg_kg_cu3247,MK-UN8,,,11.11,12.3385,1.2285000000000004
digest_mg_kg_cu3247,MFP-A1,,,0.5,11.2765,10.7765
digest_mg_kg_cu3247,MFP-A2,,,0.5,11.2765,10.7765
digest_mg_kg_cu3247,MFP-AAA,,,0.5,11.2765,10.7765
digest_mg_kg_cu3247,MFP-d,,,0.5,11.2765,10.7765
digest_mg_kg_cu3247,MS-11,,,2.88,13.005,10.125
digest_mg_kg_cu3247,MS-12,,,3.72,13.005,9.285
digest_mg_kg_cu3247,MS-5,,,1.4,13.005,11.605
digest_mg_kg_cu3247,MS-7,,,3.59,13.005,9.415000000000001
digest_mg_kg_cu3247,ON-10,,,4.33,10.935500000000001,6.605500000000001
digest_mg_kg_cu3247,OR-4,,,16.93,10.7975,-6.1325
digest_mg_kg_cu3247,OR-8,,,6.76,10.231,3.471
digest_mg_kg_cu3247,AV1-1,,,34.34,20.8065,-13.533500000000004
digest_mg_kg_cu3247,AV1-8,,,42.81,21.203,-21.607000000000003
digest_mg_kg_cu3247,AV2-1,,,40.46,21.203,-19.257
digest_mg_kg_cu3247,AV3-1,,,44.81,18.923,-25.887000000000004
digest_mg_kg_cu3247,AV3-7,,,11.28,21.203000000000003,9.923000000000004
digest_mg_kg_cu3247,BP1-1,,,42.94,21.203,-21.737
digest_mg_kg_cu3247,BP1-8,,,32.0,21.203,-10.797
digest_mg_kg_cu3247,BP2-1,,,49.1,21.203,-27.897000000000002
digest_mg_kg_cu3247,BP3-1,,,38.88,21.203,-17.677000000000003
digest_mg_kg_cu3247,BP3-8,,,36.95,21.203,-15.747000000000003
digest_mg_kg_cu3247,HV1-8,,,23.35,19.648499999999995,-3.7015000000000065
digest_mg_kg_cu3247,HV2-5,,,22.41,20.6035,-1.8064999999999998
digest_mg_kg_cu3247,HV3-1,,,28.23,20.806499999999996,-7.423500000000004
digest_mg_kg_cu3247,HV3-9,,,25.4,20.46,-4.939999999999998
digest_mg_kg_cu3247,KR-1,,,7.5,19.679,12.178999999999998
digest_mg_kg_cu3247,KR-2,,,8.62,20.6265,12.0065
digest_mg_kg_cu3247,KR-4,,,25.4,14.773,-10.626999999999999
digest_mg_kg_cu3247,MF1-1,,,6.99,11.645,4.654999999999999
digest_mg_kg_cu3247,MF1-6,,,4.19,10.197500000000002,6.007500000000001
digest_mg_kg_cu3247,MF2-1,,,6.51,10.197500000000002,3.6875000000000018
digest_mg_kg_cu3247,MF3-1,,,8.18,10.1975,2.0175
digest_mg_kg_cu3247,MFX-2,,,9.66,10.512500000000001,0.8525000000000009
digest_mg_kg_cu3247,MSP1-1,,,0.5,12.010000000000002,11.510000000000002
digest_mg_kg_cu3247,MSP1-4,,,0.5,10.4735,9.9735
digest_mg_kg_cu3247,MSP2-1,,,0.5,13.271,12.771
digest_mg_kg_cu3247,MSP3-1,,,0.5,11.971,11.471
digest_mg_kg_cu3247,MSP3-4,,,0.5,10.625,10.125
digest_mg_kg_cu3247,MW2-1,,,0.5,11.443999999999999,10.943999999999999
digest_mg_kg_cu3247,NP1-1,,,17.17,10.907999999999998,-6.262000000000004
digest_mg_kg_cu3247,NP2-1,,,3.11,11.883,8.773
digest_mg_kg_cu3247,NP3-1,,,30.84,11.9585,-18.8815
digest_mg_kg_cu3247,NP3-4,,,0.5,11.349,10.849
digest_mg_kg_cu3247,NP4-5,,,0.5,12.0805,11.5805
digest_mg_kg_cu3247,RM1-1,,,25.9,18.243500000000004,-7.656499999999994
digest_mg_kg_cu3247,RM1-8,,,23.95,17.360999999999997,-6.589000000000002
digest_mg_kg_cu3247,RM2-1,,,33.63,18.2435,-15.386500000000002
digest_mg_kg_cu3247,RM3-1,,,28.36,18.2435,-10.116499999999998
digest_mg_kg_cu3247,RM3-8,,,10.34,17.360999999999997,7.020999999999997
digest_mg_kg_cu3247,SH1-1,,,0.5,14.408499999999998,13.908499999999998
digest_mg_kg_cu3247,SH1-6,,,6.77,15.133,8.363
digest_mg_kg_cu3247,SH2-1,,,0.5,14.408499999999998,13.908499999999998
digest_mg_kg_cu3247,SH3-2,,,0.5,14.408499999999998,13.908499999999998
digest_mg_kg_cu3247,SH3-8,,,9.84,15.133000000000001,5.293000000000001
digest_mg_kg_cu3247,TGV1-1,,,13.65,9.3595,-4.2905
digest_mg_kg_cu3247,TGV1-8,,,6.45,20.997999999999998,14.547999999999998
digest_mg_kg_cu3247,TGV2-1,,,1.61,21.130000000000003,19.520000000000003
digest_mg_kg_cu3247,TGV3-1,,,0.5,22.3495,21.8495
digest_mg_kg_cu3247,TGV3-9,,,12.48,18.424,5.943999999999999
digest_mg_kg_cu3247,TN1-1,,,16.8,19.558500000000002,2.7585000000000015
digest_mg_kg_cu3247,TN1-8,,,10.5,19.262000000000004,8.762000000000004
digest_mg_kg_cu3247,TN2-1,,,18.17,19.886500000000005,1.7165000000000035
digest_mg_kg_cu3247,TN3-1,,,18.9,18.9735,0.07350000000000279
digest_mg_kg_cu3247,TN3-5,,,14.56,17.022,2.461999999999998
digest_mg_kg_cu3247,CB-CMBjA1,,,27.38,7.5485,-19.8315
digest_mg_kg_cu3247,CB-iH5,,,23.05,10.727,-12.323
digest_mg_kg_cu3247,VV-0,,,0.5,32.583000000000006,32.083000000000006
digest_mg_kg_cu3247,VV-d,,,0.5,32.583000000000006,32.083000000000006
digest_mg_kg_cu3247,VV-J,,,0.5,32.583000000000006,32.083000000000006
digest_mg_kg_cu3247,VV-L,,,0.5,32.583000000000006,32.083000000000006
digest_mg_kg_cu3247,WV-BA 1,,,6.02,16.425,10.405000000000001
digest_mg_kg_cu3247,WV-UNN 1,,,36.7,25.012,-11.688000000000002
digest_mg_kg_cu3247,WV-UNN 3,,,18.37,25.012,6.6419999999999995
digest_mg_kg_cu3247,WV-UNN-2,,,33.83,25.012,-8.817999999999998
digest_mg_kg_cu3247,WV-ZS 2,,,0.5,16.966500000000003,16.466500000000003
digest_mg_kg_fe2599,BS-607,,,18857.72,14249.191,-4608.529
digest_mg_kg_fe2599,BS-610,,,16182.36,14219.3845,-1962.9755000000005
digest_mg_kg_fe2599,BS-618,,,12394.79,14249.191000000003,1854.4010000000017
digest_mg_kg_fe2599,BPS-1,,,8985.06,14068.0865,5083.0265
digest_mg_kg_fe2599,BPS-18,,,10896.41,15884.999999999996,4988.5899999999965
digest_mg_kg_fe2599,BPS-22,,,8136.55,16033.434,7896.883999999999
digest_mg_kg_fe2599,BPS-25,,,10368.53,17405.5605,7037.030499999999
digest_mg_kg_fe2599,BPS-5,,,8636.82,17405.5605,8768.7405
digest_mg_kg_fe2599,CK-20B,,,30250.0,22561.650999999998,-7688.349000000002
digest_mg_kg_fe2599,CK1-100B,,,24950.2,24127.543500000003,-822.6564999999973
digest_mg_kg_fe2599,CK2-100A,,,31034.14,24127.543500000003,-6906.596499999996
digest_mg_kg_fe2599,CK2-100B,,,22995.99,24127.5435,1131.5534999999982
digest_mg_kg_fe2599,CM-2 1,,,24392.43,16902.163,-7490.267
digest_mg_kg_fe2599,CM-4,,,17715.43,16911.4215,-804.0084999999999
digest_mg_kg_fe2599,CM-PA 3-10,,,23360.16,16911.4215,-6448.7384999999995
digest_mg_kg_fe2599,CM-PA 30,,,23727.45,16911.4215,-6816.0285
digest_mg_kg_fe2599,CM2 (OM),,,22064.13,16902.163,-5161.967000000001
digest_mg_kg_fe2599,LC1-5,,,25566.6,14858.9905,-10707.609499999999
digest_mg_kg_fe2599,LGP (3-4),,,23839.29,14858.9905,-8980.299500000001
digest_mg_kg_fe2599,LGP (BA 1-3),,,27530.24,14858.9905,-12671.249500000002
digest_mg_kg_fe2599,CR-0819,,,16470.0,13822.8665,-2647.1335
digest_mg_kg_fe2599,CR-0821,,,11427.15,13822.8665,2395.7165000000005
digest_mg_kg_fe2599,CR-0826,,,15594.76,13822.8665,-1771.8935000000001
digest_mg_kg_fe2599,CR-0828,,,12545.27,13822.8665,1277.5964999999997
digest_mg_kg_fe2599,CR-0833,,,14949.8,13822.8665,-1126.9334999999992
digest_mg_kg_fe2599,CS-CR2,,,21773.55,13242.457999999999,-8531.092
digest_mg_kg_fe2599,CS-CR5,,,17094.19,11700.969500000001,-5393.220499999998
digest_mg_kg_fe2599,CS-CR7,,,13805.22,13130.6585,-674.5614999999998
digest_mg_kg_fe2599,CS-CR9,,,22405.19,13130.6585,-9274.5315
digest_mg_kg_fe2599,DS1(1-2),,,13975.9,16498.013499999997,2522.1134999999977
digest_mg_kg_fe2599,DS2(1-2),,,13336.67,12778.885,-557.7849999999999
digest_mg_kg_fe2599,DA-1,,,13142.57,10330.189999999999,-2812.380000000001
digest_mg_kg_fe2599,DA-3,,,14538.15,10330.189999999999,-4207.960000000001
digest_mg_kg_fe2599,DA-4,,,17088.35,10330.189999999999,-6758.16
digest_mg_kg_fe2599,DA-5,,,16408.45,10330.189999999999,-6078.260000000002
digest_mg_kg_fe2599,DA-6,,,12948.21,10330.189999999999,-2618.0200000000004
digest_mg_kg_fe2599,GE-A1-3,,,18038.23,24861.183500000003,6822.953500000003
digest_mg_kg_fe2599,GE-A2-2,,,23202.81,24861.183500000003,1658.3735000000015
digest_mg_kg_fe2599,GE-B1-3,,,21374.5,24861.1835,3486.683499999999
digest_mg_kg_fe2599,GE-C2-3,,,19206.83,24088.3205,4881.4905
digest_mg_kg_fe2599,GE-C3-2,,,22090.0,24088.320499999998,1998.320499999998
digest_mg_kg_fe2599,HS-1,,,22643.56,16696.256,-5947.304
digest_mg_kg_fe2599,HS-2,,,20550.0,15772.456499999997,-4777.543500000003
digest_mg_kg_fe2599,HS-3,,,24380.0,14833.161000000002,-9546.838999999998
digest_mg_kg_fe2599,HS-4,,,24078.16,16696.256,-7381.903999999999
digest_mg_kg_fe2599,HS-7,,,29810.38,16094.9025,-13715.4775
digest_mg_kg_fe2599,HC-BA1,,,15149.11,14782.568999999998,-366.5410000000029
digest_mg_kg_fe2599,HC-BA2,,,10527.89,14782.568999999998,4254.678999999998
digest_mg_kg_fe2599,HC-Z5-1,,,13068.41,14414.538,1346.1280000000006
digest_mg_kg_fe2599,HC-ZS2,,,15634.92,14690.919499999998,-944.0005000000019
digest_mg_kg_fe2599,HVY-4A,,,25347.91,19675.313000000002,-5672.596999999998
digest_mg_kg_fe2599,HVY-5A,,,40672.69,19675.313000000002,-20997.377
digest_mg_kg_fe2599,HVY-9054A,,,38346.77,21033.347,-17313.422999999995
digest_mg_kg_fe2599,HVY-9062A,,,26836.33,21871.3665,-4964.963500000002
digest_mg_kg_fe2599,HVY-9130A,,,32505.01,20694.2185,-11810.7915
digest_mg_kg_fe2599,HD-10,,,10348.61,11563.949499999999,1215.3394999999982
digest_mg_kg_fe2599,HD-14,,,13814.74,11563.949499999999,-2250.790500000001
digest_mg_kg_fe2599,HD-6,,,7517.0,11702.722,4185.722
digest_mg_kg_fe2599,HG-3,,,11980.2,11117.547499999999,-862.652500000002
digest_mg_kg_fe2599,HG-54,,,6913.0,11410.838499999998,4497.838499999998
digest_mg_kg_fe2599,HG-6,,,12651.21,24913.491,12262.281000000003
digest_mg_kg_fe2599,HG-8,,,9500.0,18203.8295,8703.8295
digest_mg_kg_fe2599,HG-9,,,7041.25,11864.3505,4823.1005000000005
digest_mg_kg_fe2599,HM-2,,,12216.7,14012.6745,1795.9744999999984
digest_mg_kg_fe2599,HM-3,,,12840.0,14012.6745,1172.6744999999992
digest_mg_kg_fe2599,HM-5,,,19185.11,13950.7025,-5234.407500000001
digest_mg_kg_fe2599,HM-6,,,17394.79,14222.556000000002,-3172.2339999999986
digest_mg_kg_fe2599,LI-10,,,10470.0,17460.4985,6990.4985000000015
digest_mg_kg_fe2599,LI-11,,,10431.73,17772.010999999995,7340.280999999995
digest_mg_kg_fe2599,LI-12,,,9932.27,17772.010999999995,7839.7409999999945
digest_mg_kg_fe2599,LI-13,,,9227.54,17772.010999999995,8544.470999999994
digest_mg_kg_fe2599,LI-14,,,11770.0,17772.010999999995,6002.010999999995
digest_mg_kg_fe2599,LI-15,,,10913.65,17772.010999999995,6858.360999999995
digest_mg_kg_fe2599,LI-4,,,13787.58,17183.615500000004,3396.0355000000036
digest_mg_kg_fe2599,LI-5,,,11390.0,17183.615500000004,5793.6155000000035
digest_mg_kg_fe2599,LI-6,,,10821.64,17183.615500000004,6361.975500000004
digest_mg_kg_fe2599,LI-9,,,1366.27,17460.4985,16094.228500000001
digest_mg_kg_fe2599,LGP-BA LV8,,,26103.38,24944.067,-1159.313000000002
digest_mg_kg_fe2599,LV-14,,,19342.63,23711.2655,4368.6355
digest_mg_kg_fe2599,LV-18,,,23073.85,23711.2655,637.4155000000028
digest_mg_kg_fe2599,MD-BJA1,,,9424.0,18922.118,9498.117999999999
digest_mg_kg_fe2599,MD-UN11,,,18217.13,18733.2455,516.1154999999999
digest_mg_kg_fe2599,MD-UN6,,,9990.04,18922.118,8932.077999999998
digest_mg_kg_fe2599,ME-A1-1,,,15181.45,23901.172,8719.721999999998
digest_mg_kg_fe2599,ME-A2-3,,,19140.0,23901.172,4761.171999999999
digest_mg_kg_fe2599,ME-B1-2,,,23250.0,23901.172,651.1719999999987
digest_mg_kg_fe2599,ME-c2-3,,,29542.74,23901.172,-5641.568000000003
digest_mg_kg_fe2599,ME-C3-1,,,22264.53,23901.172,1636.6419999999998
digest_mg_kg_fe2599,HK-1,,,8619.76,17458.7785,8839.0185
digest_mg_kg_fe2599,HK-2,,,9505.02,17458.7785,7953.7585
digest_mg_kg_fe2599,HK-3,,,8911.35,17458.7785,8547.4285
digest_mg_kg_fe2599,HK-4,,,6917.5,17458.7785,10541.2785
digest_mg_kg_fe2599,HK-5,,,11513.94,17458.7785,5944.8385
digest_mg_kg_fe2599,MK-A6,,,31257.55,17911.833999999995,-13345.716000000004
digest_mg_kg_fe2599,MK-KYBjA6,,,34421.16,18573.984,-15847.176000000003
digest_mg_kg_fe2599,MK-UN8,,,30605.16,17911.833999999995,-12693.326000000005
digest_mg_kg_fe2599,MFP-A1,,,10738.52,9472.225999999999,-1266.2940000000017
digest_mg_kg_fe2599,MFP-A2,,,11773.55,9472.225999999999,-2301.3240000000005
digest_mg_kg_fe2599,MFP-AAA,,,9951.0,9698.628499999999,-252.3715000000011
digest_mg_kg_fe2599,MFP-d,,,10578.84,9472.225999999999,-1106.6140000000014
digest_mg_kg_fe2599,MS-11,,,2750.5,13099.548999999999,10349.048999999999
digest_mg_kg_fe2599,MS-12,,,3511.07,13099.548999999999,9588.479
digest_mg_kg_fe2599,MS-5,,,3677.0,13099.548999999999,9422.548999999999
digest_mg_kg_fe2599,MS-7,,,3099.8,13099.548999999999,9999.749
digest_mg_kg_fe2599,ON-10,,,9354.84,20128.286,10773.446
digest_mg_kg_fe2599,OR-4,,,11162.32,18220.3645,7058.0445
digest_mg_kg_fe2599,OR-8,,,10646.12,18734.989999999998,8088.869999999997
digest_mg_kg_fe2599,AV1-1,,,18172.69,10303.418,-7869.271999999999
digest_mg_kg_fe2599,AV1-8,,,21816.37,10738.219,-11078.151
digest_mg_kg_fe2599,AV2-1,,,20805.17,10738.219,-10066.951
digest_mg_kg_fe2599,AV3-1,,,20309.38,9806.047000000002,-10503.332999999999
digest_mg_kg_fe2599,AV3-7,,,16716.57,10738.219,-5978.351000000001
digest_mg_kg_fe2599,BP1-1,,,16848.91,10738.219,-6110.691000000001
digest_mg_kg_fe2599,BP1-8,,,20620.0,10738.219,-9881.781
digest_mg_kg_fe2599,BP2-1,,,23463.07,10738.219000000001,-12724.850999999999
digest_mg_kg_fe2599,BP3-1,,,17855.71,10738.219000000001,-7117.490999999998
digest_mg_kg_fe2599,BP3-8,,,20059.76,10738.219000000001,-9321.540999999997
digest_mg_kg_fe2599,HV1-8,,,16197.6,10734.754500000001,-5462.845499999999
digest_mg_kg_fe2599,HV2-5,,,16543.82,10510.106499999998,-6033.713500000002
digest_mg_kg_fe2599,HV3-1,,,19671.97,10303.418000000001,-9368.552
digest_mg_kg_fe2599,HV3-9,,,16020.0,10755.630999999998,-5264.369000000002
digest_mg_kg_fe2599,KR-1,,,23390.0,10928.185500000001,-12461.814499999999
digest_mg_kg_fe2599,KR-2,,,22555.11,11120.2635,-11434.846500000001
digest_mg_kg_fe2599,KR-4,,,21180.0,11026.768,-10153.232
digest_mg_kg_fe2599,MF1-1,,,12275.45,19371.228500000005,7095.778500000004
digest_mg_kg_fe2599,MF1-6,,,11247.5,16963.730499999998,5716.230499999998
digest_mg_kg_fe2599,MF2-1,,,13867.74,16963.730499999998,3095.990499999998
digest_mg_kg_fe2599,MF3-1,,,14680.64,16963.730499999998,2283.0904999999984
digest_mg_kg_fe2599,MFX-2,,,15956.18,18505.219,2549.0390000000007
digest_mg_kg_fe2599,MSP1-1,,,9752.99,10236.528999999999,483.53899999999885
digest_mg_kg_fe2599,MSP1-4,,,10608.78,12457.291,1848.5109999999986
digest_mg_kg_fe2599,MSP2-1,,,11235.06,12121.2265,886.1665000000012
digest_mg_kg_fe2599,MSP3-1,,,6229.54,12182.404,5952.8640000000005
digest_mg_kg_fe2599,MSP3-4,,,8611.78,12342.361499999999,3730.5814999999984
digest_mg_kg_fe2599,MW2-1,,,16282.57,19545.587999999996,3263.0179999999964
digest_mg_kg_fe2599,NP1-1,,,13832.34,18642.829999999998,4810.489999999998
digest_mg_kg_fe2599,NP2-1,,,13827.66,20239.335,6411.674999999999
digest_mg_kg_fe2599,NP3-1,,,13612.77,19860.499499999998,6247.729499999998
digest_mg_kg_fe2599,NP3-4,,,13266.93,19446.979499999998,6180.049499999997
digest_mg_kg_fe2599,NP4-5,,,691.88,22660.773999999998,21968.893999999997
digest_mg_kg_fe2599,RM1-1,,,17001.99,12974.795500000002,-4027.1944999999996
digest_mg_kg_fe2599,RM1-8,,,16257.49,13048.416000000001,-3209.0739999999987
digest_mg_kg_fe2599,RM2-1,,,15000.0,12974.7955,-2025.2044999999998
digest_mg_kg_fe2599,RM3-1,,,17134.27,12974.7955,-4159.4745
digest_mg_kg_fe2599,RM3-8,,,17167.0,13048.416000000001,-4118.583999999999
digest_mg_kg_fe2599,SH1-1,,,14517.1,12839.727499999999,-1677.3725000000013
digest_mg_kg_fe2599,SH1-6,,,15029.88,13743.741499999998,-1286.138500000001
digest_mg_kg_fe2599,SH2-1,,,17350.6,12839.727499999999,-4510.8724999999995
digest_mg_kg_fe2599,SH3-2,,,18995.98,12839.7275,-6156.252499999999
digest_mg_kg_fe2599,SH3-8,,,13121.27,13743.7415,622.4714999999997
digest_mg_kg_fe2599,TGV1-1,,,20602.41,8182.0295,-12420.3805
digest_mg_kg_fe2599,TGV1-8,,,14781.75,10507.166000000001,-4274.583999999999
digest_mg_kg_fe2599,TGV2-1,,,14538.15,10488.677,-4049.473
digest_mg_kg_fe2599,TGV3-1,,,10230.46,12913.3625,2682.9025
digest_mg_kg_fe2599,TGV3-9,,,15169.66,10162.4215,-5007.2384999999995
digest_mg_kg_fe2599,TN1-1,,,24065.61,10430.016500000002,-13635.593499999999
digest_mg_kg_fe2599,TN1-8,,,24300.0,12093.346,-12206.654
digest_mg_kg_fe2599,TN2-1,,,25742.97,10534.051500000001,-15208.9185
digest_mg_kg_fe2599,TN3-1,,,24910.0,11004.714500000002,-13905.285499999998
digest_mg_kg_fe2599,TN3-5,,,26937.75,14131.782500000001,-12805.967499999999
digest_mg_kg_fe2599,CB-CMBjA1,,,17817.46,13458.655000000002,-4358.804999999997
digest_mg_kg_fe2599,CB-iH5,,,18602.79,14219.4505,-4383.3395
digest_mg_kg_fe2599,VV-0,,,979.17,17181.769500000002,16202.599500000002
digest_mg_kg_fe2599,VV-d,,,1320.56,17181.769500000002,15861.209500000003
digest_mg_kg_fe2599,VV-J,,,1889.78,17181.769500000002,15291.989500000001
digest_mg_kg_fe2599,VV-L,,,1575.3,17181.769500000002,15606.469500000003
digest_mg_kg_fe2599,WV-BA 1,,,6234.94,16718.968499999995,10484.028499999997
digest_mg_kg_fe2599,WV-UNN 1,,,16170.0,14046.1015,-2123.8984999999993
digest_mg_kg_fe2599,WV-UNN 3,,,10732.93,14046.1015,3313.1715000000004
digest_mg_kg_fe2599,WV-UNN-2,,,14930.56,14046.1015,-884.4584999999988
digest_mg_kg_fe2599,WV-ZS 2,,,5279.88,16690.2405,11410.360499999999
digest_mg_kg_k_7664,BS-607,,,266.13,1583.7338090334235,1317.6038090334237
digest_mg_kg_k_7664,BS-610,,,371.74,1547.4970573732824,1175.7570573732824
digest_mg_kg_k_7664,BS-618,,,208.82,1580.613956354096,1371.793956354096
digest_mg_kg_k_7664,BPS-1,,,841.83,1913.5135391077054,1071.6835391077052
digest_mg_kg_k_7664,BPS-18,,,1118.53,1388.1597606476646,269.6297606476646
digest_mg_kg_k_7664,BPS-22,,,1014.06,1456.6791162287386,442.6191162287387
digest_mg_kg_k_7664,BPS-25,,,797.31,1862.6084983376695,1065.2984983376696
digest_mg_kg_k_7664,BPS-5,,,790.54,1863.2029512479387,1072.6629512479387
digest_mg_kg_k_7664,CK-20B,,,13900.0,3419.9224199965383,-10480.07758000346
digest_mg_kg_k_7664,CK1-100B,,,10986.06,3471.2049955608704,-7514.855004439129
digest_mg_kg_k_7664,CK2-100A,,,13865.46,3471.217008807154,-10394.242991192845
digest_mg_kg_k_7664,CK2-100B,,,10731.46,3493.840104269492,-7237.619895730508
digest_mg_kg_k_7664,CM-2 1,,,2945.22,1389.2817475420638,-1555.938252457936
digest_mg_kg_k_7664,CM-4,,,2001.0,1385.8740521805298,-615.1259478194702
digest_mg_kg_k_7664,CM-PA 3-10,,,2683.1,1385.7393219069388,-1297.360678093061
digest_mg_kg_k_7664,CM-PA 30,,,2715.43,1385.8740521805298,-1329.55594781947
digest_mg_kg_k_7664,CM2 (OM),,,2390.78,1388.9525939353252,-1001.827406064675
digest_mg_kg_k_7664,LC1-5,,,2344.93,2924.590195255428,579.6601952554283
digest_mg_kg_k_7664,LGP (3-4),,,2787.7,2967.376591793412,179.67659179341217
digest_mg_kg_k_7664,LGP (BA 1-3),,,2581.65,2924.381296455295,342.7312964552948
digest_mg_kg_k_7664,CR-0819,,,4133.0,4268.244183939156,135.24418393915585
digest_mg_kg_k_7664,CR-0821,,,3558.88,4268.244183939156,709.3641839391557
digest_mg_kg_k_7664,CR-0826,,,4887.1,4268.244183939156,-618.8558160608445
digest_mg_kg_k_7664,CR-0828,,,4333.0,4268.244183939156,-64.75581606084415
digest_mg_kg_k_7664,CR-0833,,,4878.51,4268.244183939156,-610.2658160608444
digest_mg_kg_k_7664,CS-CR2,,,4525.05,3257.241157882123,-1267.8088421178772
digest_mg_kg_k_7664,CS-CR5,,,5510.02,3741.2985910359066,-1768.7214089640938
digest_mg_kg_k_7664,CS-CR7,,,4097.39,3700.0217528773514,-397.3682471226489
digest_mg_kg_k_7664,CS-CR9,,,7534.93,3700.1975957673158,-3834.7324042326845
digest_mg_kg_k_7664,DS1(1-2),,,2016.06,1610.1037781414423,-405.9562218585577
digest_mg_kg_k_7664,DS2(1-2),,,1993.99,784.5343039741904,-1209.4556960258096
digest_mg_kg_k_7664,DA-1,,,1156.63,1776.4062398649237,619.7762398649236
digest_mg_kg_k_7664,DA-3,,,717.37,1776.4062398649237,1059.0362398649236
digest_mg_kg_k_7664,DA-4,,,1454.82,1776.4062398649237,321.58623986492375
digest_mg_kg_k_7664,DA-5,,,1518.11,1776.4062398649237,258.2962398649238
digest_mg_kg_k_7664,DA-6,,,1387.45,1776.4062398649237,388.95623986492365
digest_mg_kg_k_7664,GE-A1-3,,,2470.82,5555.421152130637,3084.601152130637
digest_mg_kg_k_7664,GE-A2-2,,,3327.31,5555.744730524682,2228.4347305246824
digest_mg_kg_k_7664,GE-B1-3,,,3478.09,5496.813306526277,2018.7233065262772
digest_mg_kg_k_7664,GE-C2-3,,,4182.73,5029.598139294893,846.8681392948938
digest_mg_kg_k_7664,GE-C3-2,,,4043.0,5019.619006586488,976.6190065864876
digest_mg_kg_k_7664,HS-1,,,10544.55,5371.590938229369,-5172.95906177063
digest_mg_kg_k_7664,HS-2,,,11490.0,5806.353567688254,-5683.646432311746
digest_mg_kg_k_7664,HS-3,,,11860.0,4006.32475129071,-7853.67524870929
digest_mg_kg_k_7664,HS-4,,,11422.85,5138.798028033085,-6284.0519719669155
digest_mg_kg_k_7664,HS-7,,,10678.64,3727.4085323761374,-6951.231467623862
digest_mg_kg_k_7664,HC-BA1,,,438.87,855.072210007585,416.202210007585
digest_mg_kg_k_7664,HC-BA2,,,311.75,856.1003871395762,544.3503871395762
digest_mg_kg_k_7664,HC-Z5-1,,,485.31,903.1292002979712,417.81920029797124
digest_mg_kg_k_7664,HC-ZS2,,,515.28,879.5237470874504,364.2437470874504
digest_mg_kg_k_7664,HVY-4A,,,3047.71,5323.35031900849,2275.64031900849
digest_mg_kg_k_7664,HVY-5A,,,4240.96,5323.35031900849,1082.3903190084902
digest_mg_kg_k_7664,HVY-9054A,,,4011.09,4564.842884091534,553.7528840915338
digest_mg_kg_k_7664,HVY-9062A,,,3247.5,4919.735707538969,1672.235707538969
digest_mg_kg_k_7664,HVY-9130A,,,4001.0,4469.75298966868,468.75298966868013
digest_mg_kg_k_7664,HD-10,,,1871.51,1418.9221187920248,-452.5878812079752
digest_mg_kg_k_7664,HD-14,,,3846.61,1416.050859129148,-2430.5591408708524
digest_mg_kg_k_7664,HD-6,,,1280.0,1501.7454356029198,221.74543560291977
digest_mg_kg_k_7664,HG-3,,,761.39,1831.122076745523,1069.732076745523
digest_mg_kg_k_7664,HG-54,,,439.2,1821.6008891960792,1382.400889196079
digest_mg_kg_k_7664,HG-6,,,694.56,5102.416996451291,4407.856996451292
digest_mg_kg_k_7664,HG-8,,,606.3,4225.043090006655,3618.7430900066547
digest_mg_kg_k_7664,HG-9,,,676.56,1762.3562944933929,1085.796294493393
digest_mg_kg_k_7664,HM-2,,,1852.88,1208.2308392023585,-644.6491607976416
digest_mg_kg_k_7664,HM-3,,,2394.0,1208.2298582042554,-1185.7701417957446
digest_mg_kg_k_7664,HM-5,,,4744.47,1206.313800242108,-3538.156199757892
digest_mg_kg_k_7664,HM-6,,,2917.84,1212.0975720019667,-1705.7424279980335
digest_mg_kg_k_7664,LI-10,,,365.9,3197.3686588811524,2831.4686588811524
digest_mg_kg_k_7664,LI-11,,,112.35,3315.3056225963837,3202.955622596384
digest_mg_kg_k_7664,LI-12,,,169.02,3315.3056225963837,3146.2856225963837
digest_mg_kg_k_7664,LI-13,,,130.34,3315.3056225963837,3184.9656225963836
digest_mg_kg_k_7664,LI-14,,,124.9,3315.3056225963837,3190.4056225963836
digest_mg_kg_k_7664,LI-15,,,102.21,3315.3056225963837,3213.0956225963837
digest_mg_kg_k_7664,LI-4,,,238.48,3153.119308845988,2914.639308845988
digest_mg_kg_k_7664,LI-5,,,177.4,3153.119308845988,2975.719308845988
digest_mg_kg_k_7664,LI-6,,,145.49,3153.119308845988,3007.629308845988
digest_mg_kg_k_7664,LI-9,,,42.64,3197.3686588811524,3154.7286588811526
digest_mg_kg_k_7664,LGP-BA LV8,,,1842.94,5575.105356992928,3732.165356992928
digest_mg_kg_k_7664,LV-14,,,1116.53,5367.679026785987,4251.149026785987
digest_mg_kg_k_7664,LV-18,,,1237.52,5367.679026785987,4130.1590267859865
digest_mg_kg_k_7664,MD-BJA1,,,969.4,1811.3954072037811,841.9954072037812
digest_mg_kg_k_7664,MD-UN11,,,1896.41,1867.9385095105927,-28.471490489407415
digest_mg_kg_k_7664,MD-UN6,,,1340.64,1805.2419609423607,464.6019609423606
digest_mg_kg_k_7664,ME-A1-1,,,1917.34,4758.916079437785,2841.5760794377848
digest_mg_kg_k_7664,ME-A2-3,,,2503.0,4758.916079437785,2255.916079437785
digest_mg_kg_k_7664,ME-B1-2,,,2507.0,4826.077305753436,2319.077305753436
digest_mg_kg_k_7664,ME-c2-3,,,7209.74,4761.692076117201,-2448.0479238827984
digest_mg_kg_k_7664,ME-C3-1,,,4147.29,4761.692076117201,614.4020761172014
digest_mg_kg_k_7664,HK-1,,,2673.65,6645.998352969604,3972.3483529696036
digest_mg_kg_k_7664,HK-2,,,3644.58,6645.075645817075,3000.4956458170755
digest_mg_kg_k_7664,HK-3,,,3715.14,6664.642891353451,2949.502891353451
digest_mg_kg_k_7664,HK-4,,,1901.59,6570.839468810839,4669.249468810839
digest_mg_kg_k_7664,HK-5,,,4941.24,6546.975230081965,1605.7352300819648
digest_mg_kg_k_7664,MK-A6,,,11317.91,5998.125358770721,-5319.784641229279
digest_mg_kg_k_7664,MK-KYBjA6,,,12634.73,7917.082630424212,-4717.647369575788
digest_mg_kg_k_7664,MK-UN8,,,12351.19,5998.125358770721,-6353.06464122928
digest_mg_kg_k_7664,MFP-A1,,,1994.01,1244.3811079659442,-749.6288920340558
digest_mg_kg_k_7664,MFP-A2,,,2176.35,1244.3811079659442,-931.9688920340557
digest_mg_kg_k_7664,MFP-AAA,,,1599.0,1280.6492483592688,-318.35075164073123
digest_mg_kg_k_7664,MFP-d,,,2092.81,1244.3955720014499,-848.4144279985501
digest_mg_kg_k_7664,MS-11,,,679.92,2127.3920080911407,1447.4720080911407
digest_mg_kg_k_7664,MS-12,,,588.13,2127.3920080911407,1539.2620080911406
digest_mg_kg_k_7664,MS-5,,,522.5,2127.3920080911407,1604.8920080911407
digest_mg_kg_k_7664,MS-7,,,580.54,2127.3920080911407,1546.8520080911408
digest_mg_kg_k_7664,ON-10,,,750.71,4182.738156742884,3432.0281567428838
digest_mg_kg_k_7664,OR-4,,,959.62,3073.7406456104763,2114.1206456104765
digest_mg_kg_k_7664,OR-8,,,651.89,3238.045847526415,2586.155847526415
digest_mg_kg_k_7664,AV1-1,,,785.24,438.72175919164874,-346.51824080835127
digest_mg_kg_k_7664,AV1-8,,,1286.43,494.6425781311277,-791.7874218688723
digest_mg_kg_k_7664,AV2-1,,,1116.3,486.9724106021044,-629.3275893978955
digest_mg_kg_k_7664,AV3-1,,,1006.99,457.1676428412135,-549.8223571587865
digest_mg_kg_k_7664,AV3-7,,,1624.75,518.8042389483795,-1105.9457610516206
digest_mg_kg_k_7664,BP1-1,,,820.97,491.7886600268202,-329.18133997317983
digest_mg_kg_k_7664,BP1-8,,,1169.0,530.4173764217031,-638.5826235782969
digest_mg_kg_k_7664,BP2-1,,,643.21,503.116951537914,-140.09304846208602
digest_mg_kg_k_7664,BP3-1,,,1309.62,496.55510711938155,-813.0648928806183
digest_mg_kg_k_7664,BP3-8,,,1161.35,520.6934889016931,-640.6565110983069
digest_mg_kg_k_7664,HV1-8,,,1056.89,673.8357154090186,-383.0542845909815
digest_mg_kg_k_7664,HV2-5,,,1107.57,585.9775888658969,-521.592411134103
digest_mg_kg_k_7664,HV3-1,,,2231.61,488.24721859141306,-1743.3627814085871
digest_mg_kg_k_7664,HV3-9,,,994.3,637.1740513832003,-357.12594861679963
digest_mg_kg_k_7664,KR-1,,,1343.0,588.7182710880969,-754.2817289119031
digest_mg_kg_k_7664,KR-2,,,1878.76,550.9002517794172,-1327.8597482205828
digest_mg_kg_k_7664,KR-4,,,1257.0,1038.338066904744,-218.66193309525602
digest_mg_kg_k_7664,MF1-1,,,1793.41,7483.860886586387,5690.450886586387
digest_mg_kg_k_7664,MF1-6,,,1665.67,6635.119479283581,4969.449479283581
digest_mg_kg_k_7664,MF2-1,,,1779.56,6526.310682584823,4746.750682584823
digest_mg_kg_k_7664,MF3-1,,,2497.01,6647.262762154187,4150.252762154187
digest_mg_kg_k_7664,MFX-2,,,2341.63,6220.952423600913,3879.3224236009128
digest_mg_kg_k_7664,MSP1-1,,,2241.04,1639.802981237137,-601.237018762863
digest_mg_kg_k_7664,MSP1-4,,,1929.14,1627.249775293279,-301.890224706721
digest_mg_kg_k_7664,MSP2-1,,,1992.03,2140.9923306825076,148.96233068250763
digest_mg_kg_k_7664,MSP3-1,,,1189.62,1796.8249661754696,607.2049661754697
digest_mg_kg_k_7664,MSP3-4,,,1530.94,1522.891330824954,-8.048669175046143
digest_mg_kg_k_7664,MW2-1,,,2800.6,6802.6020120748935,4002.0020120748936
digest_mg_kg_k_7664,NP1-1,,,1327.35,6928.020104235637,5600.670104235636
digest_mg_kg_k_7664,NP2-1,,,1711.42,7612.787535322632,5901.367535322632
digest_mg_kg_k_7664,NP3-1,,,1401.2,7692.311958217353,6291.111958217353
digest_mg_kg_k_7664,NP3-4,,,1424.3,7100.275421119935,5675.975421119935
digest_mg_kg_k_7664,NP4-5,,,213.23,4639.478686618683,4426.248686618684
digest_mg_kg_k_7664,RM1-1,,,1644.42,1038.1089315816055,-606.3110684183946
digest_mg_kg_k_7664,RM1-8,,,1206.59,1046.8080022540853,-159.78199774591462
digest_mg_kg_k_7664,RM2-1,,,1201.6,1022.4900309402719,-179.10996905972797
digest_mg_kg_k_7664,RM3-1,,,1491.98,1027.2998902648314,-464.68010973516857
digest_mg_kg_k_7664,RM3-8,,,1826.04,1019.8156236378738,-806.2243763621261
digest_mg_kg_k_7664,SH1-1,,,1708.25,1194.9217267882764,-513.3282732117236
digest_mg_kg_k_7664,SH1-6,,,1431.27,1263.7929194966096,-167.47708050339043
digest_mg_kg_k_7664,SH2-1,,,1784.86,1181.7872733777115,-603.0727266222884
digest_mg_kg_k_7664,SH3-2,,,1898.59,1183.880185257768,-714.7098147422319
digest_mg_kg_k_7664,SH3-8,,,1488.07,1192.9999974803738,-295.0700025196261
digest_mg_kg_k_7664,TGV1-1,,,3011.04,946.696395947824,-2064.343604052176
digest_mg_kg_k_7664,TGV1-8,,,998.02,612.1116748054852,-385.90832519451476
digest_mg_kg_k_7664,TGV2-1,,,1080.32,545.9789936605141,-534.3410063394858
digest_mg_kg_k_7664,TGV3-1,,,1256.51,1191.8709599851265,-64.63904001487344
digest_mg_kg_k_7664,TGV3-9,,,902.69,661.9729925145649,-240.71700748543515
digest_mg_kg_k_7664,TN1-1,,,3821.07,609.3895705375911,-3211.680429462409
digest_mg_kg_k_7664,TN1-8,,,2908.0,1646.726643340431,-1261.273356659569
digest_mg_kg_k_7664,TN2-1,,,3236.95,623.0210555193969,-2613.9289444806027
digest_mg_kg_k_7664,TN3-1,,,3381.0,1110.7377578025214,-2270.2622421974784
digest_mg_kg_k_7664,TN3-5,,,3760.04,3893.901241361638,133.8612413616379
digest_mg_kg_k_7664,CB-CMBjA1,,,831.25,1605.0830582128842,773.8330582128842
digest_mg_kg_k_7664,CB-iH5,,,2579.84,1685.8264792413956,-894.0135207586045
digest_mg_kg_k_7664,VV-0,,,102.28,783.2553467976295,680.9753467976295
digest_mg_kg_k_7664,VV-d,,,131.45,783.2553467976295,651.8053467976295
digest_mg_kg_k_7664,VV-J,,,134.37,783.2553467976295,648.8853467976295
digest_mg_kg_k_7664,VV-L,,,168.47,783.2553467976295,614.7853467976295
digest_mg_kg_k_7664,WV-BA 1,,,259.84,1510.738150351847,1250.898150351847
digest_mg_kg_k_7664,WV-UNN 1,,,486.8,603.0733613070564,116.2733613070564
digest_mg_kg_k_7664,WV-UNN 3,,,359.24,603.0733613070564,243.8333613070564
digest_mg_kg_k_7664,WV-UNN-2,,,452.68,603.0733613070564,150.3933613070564
digest_mg_kg_k_7664,WV-ZS 2,,,268.63,1580.888702085555,1312.258702085555
digest_mg_kg_mn2576,BS-607,,,208.02,359.69095387755436,151.67095387755435
digest_mg_kg_mn2576,BS-610,,,151.4,350.1672067486376,198.76720674863762
digest_mg_kg_mn2576,BS-618,,,131.46,358.1325737776049,226.67257377760487
digest_mg_kg_mn2576,BPS-1,,,104.08,340.376765671737,236.29676567173703
digest_mg_kg_mn2576,BPS-18,,,119.32,256.1151677814117,136.7951677814117
digest_mg_kg_mn2576,BPS-22,,,96.08,262.2096722316874,166.12967223168744
digest_mg_kg_mn2576,BPS-25,,,120.82,272.0985604625096,151.27856046250963
digest_mg_kg_mn2576,BPS-5,,,88.53,272.11346808011194,183.58346808011194
digest_mg_kg_mn2576,CK-20B,,,482.5,342.21127958872665,-140.28872041127335
digest_mg_kg_mn2576,CK1-100B,,,368.73,364.5845097133862,-4.1454902866138355
digest_mg_kg_mn2576,CK2-100A,,,490.66,364.5845160449658,-126.0754839550342
digest_mg_kg_mn2576,CK2-100B,,,370.44,362.82304018356706,-7.616959816432939
digest_mg_kg_mn2576,CM-2 1,,,475.4,254.29802552306214,-221.10197447693784
digest_mg_kg_mn2576,CM-4,,,411.42,251.89446440460404,-159.52553559539598
digest_mg_kg_mn2576,CM-PA 3-10,,,467.71,252.07328523662392,-215.63671476337606
digest_mg_kg_mn2576,CM-PA 30,,,469.34,251.89446440460404,-217.44553559539594
digest_mg_kg_mn2576,CM2 (OM),,,508.72,254.16627979348033,-254.5537202065197
digest_mg_kg_mn2576,LC1-5,,,531.71,400.60939372401424,-131.1006062759858
digest_mg_kg_mn2576,LGP (3-4),,,459.52,403.41858771372256,-56.10141228627742
digest_mg_kg_mn2576,LGP (BA 1-3),,,502.62,400.59533410109344,-102.02466589890656
digest_mg_kg_mn2576,CR-0819,,,579.7,477.0069168073447,-102.69308319265537
digest_mg_kg_mn2576,CR-0821,,,398.4,477.0069168073447,78.6069168073447
digest_mg_kg_mn2576,CR-0826,,,524.4,477.0069168073447,-47.3930831926553
digest_mg_kg_mn2576,CR-0828,,,459.15,477.0069168073447,17.856916807344703
digest_mg_kg_mn2576,CR-0833,,,471.99,477.0069168073447,5.016916807344671
digest_mg_kg_mn2576,CS-CR2,,,561.32,391.3465206390905,-169.97347936090955
digest_mg_kg_mn2576,CS-CR5,,,582.97,431.2388787202469,-151.73112127975315
digest_mg_kg_mn2576,CS-CR7,,,471.49,429.77139950989636,-41.718600490103654
digest_mg_kg_mn2576,CS-CR9,,,725.75,429.7864675442919,-295.9635324557081
digest_mg_kg_mn2576,DS1(1-2),,,225.8,355.6623947084627,129.86239470846272
digest_mg_kg_mn2576,DS2(1-2),,,210.02,176.45912750496137,-33.56087249503864
digest_mg_kg_mn2576,DA-1,,,134.64,278.95080805186456,144.31080805186457
digest_mg_kg_mn2576,DA-3,,,141.16,278.95080805186456,137.79080805186456
digest_mg_kg_mn2576,DA-4,,,168.27,278.95080805186456,110.68080805186455
digest_mg_kg_mn2576,DA-5,,,185.21,278.95080805186456,93.74080805186455
digest_mg_kg_mn2576,DA-6,,,161.25,278.95080805186456,117.70080805186456
digest_mg_kg_mn2576,GE-A1-3,,,247.99,384.47356325154203,136.48356325154202
digest_mg_kg_mn2576,GE-A2-2,,,381.53,384.47482977416666,2.944829774166692
digest_mg_kg_mn2576,GE-B1-3,,,348.21,387.6390029130161,39.42900291301612
digest_mg_kg_mn2576,GE-C2-3,,,290.26,356.18858295267137,65.92858295267138
digest_mg_kg_mn2576,GE-C3-2,,,341.9,357.5891933166224,15.689193316622436
digest_mg_kg_mn2576,HS-1,,,401.09,347.77772505206383,-53.312274947936146
digest_mg_kg_mn2576,HS-2,,,306.8,353.97311521264334,47.173115212643324
digest_mg_kg_mn2576,HS-3,,,407.2,459.1335701450588,51.93357014505881
digest_mg_kg_mn2576,HS-4,,,419.84,357.81344588116673,-62.026554118833246
digest_mg_kg_mn2576,HS-7,,,206.49,434.69823372225187,228.20823372225186
digest_mg_kg_mn2576,HC-BA1,,,123.16,201.7186705798844,78.55867057988439
digest_mg_kg_mn2576,HC-BA2,,,96.31,201.13588748257013,104.82588748257012
digest_mg_kg_mn2576,HC-Z5-1,,,106.24,215.9882532477284,109.74825324772841
digest_mg_kg_mn2576,HC-ZS2,,,129.27,202.34668634735766,73.07668634735765
digest_mg_kg_mn2576,HVY-4A,,,384.69,321.9020915440866,-62.787908455913396
digest_mg_kg_mn2576,HVY-5A,,,617.67,321.9020915440866,-295.76790845591336
digest_mg_kg_mn2576,HVY-9054A,,,559.07,334.9412188704561,-224.12878112954394
digest_mg_kg_mn2576,HVY-9062A,,,387.43,337.90272738816196,-49.52727261183804
digest_mg_kg_mn2576,HVY-9130A,,,482.77,333.8910683197015,-148.87893168029848
digest_mg_kg_mn2576,HD-10,,,212.35,206.58666647170244,-5.763333528297551
digest_mg_kg_mn2576,HD-14,,,290.54,206.24642540191823,-84.29357459808179
digest_mg_kg_mn2576,HD-6,,,166.1,206.3619769584632,40.26197695846321
digest_mg_kg_mn2576,HG-3,,,277.43,275.7196994897208,-1.7103005102791826
digest_mg_kg_mn2576,HG-54,,,184.7,213.42548641177902,28.72548641177903
digest_mg_kg_mn2576,HG-6,,,280.54,383.717885117379,103.17788511737899
digest_mg_kg_mn2576,HG-8,,,214.5,423.03675911633036,208.53675911633036
digest_mg_kg_mn2576,HG-9,,,212.78,225.8315957428382,13.051595742838202
digest_mg_kg_mn2576,HM-2,,,267.3,260.6202816582275,-6.679718341772514
digest_mg_kg_mn2576,HM-3,,,312.4,260.6198671653299,-51.7801328346701
digest_mg_kg_mn2576,HM-5,,,533.7,259.61950719584996,-274.0804928041501
digest_mg_kg_mn2576,HM-6,,,409.82,261.7049085330321,-148.1150914669679
digest_mg_kg_mn2576,LI-10,,,176.4,431.00466713682766,254.60466713682766
digest_mg_kg_mn2576,LI-11,,,193.67,433.2703820959938,239.6003820959938
digest_mg_kg_mn2576,LI-12,,,191.14,433.2703820959938,242.1303820959938
digest_mg_kg_mn2576,LI-13,,,161.08,433.2703820959938,272.19038209599375
digest_mg_kg_mn2576,LI-14,,,228.8,433.2703820959938,204.47038209599378
digest_mg_kg_mn2576,LI-15,,,200.2,433.2703820959938,233.0703820959938
digest_mg_kg_mn2576,LI-4,,,268.14,432.8732796055024,164.7332796055024
digest_mg_kg_mn2576,LI-5,,,208.7,432.8732796055024,224.1732796055024
digest_mg_kg_mn2576,LI-6,,,221.64,432.8732796055024,211.2332796055024
digest_mg_kg_mn2576,LI-9,,,24.4,431.00466713682766,406.6046671368277
digest_mg_kg_mn2576,LGP-BA LV8,,,394.04,384.032570308985,-10.007429691015034
digest_mg_kg_mn2576,LV-14,,,323.71,376.35196562632467,52.64196562632469
digest_mg_kg_mn2576,LV-18,,,374.15,376.35196562632467,2.201965626324693
digest_mg_kg_mn2576,MD-BJA1,,,148.2,368.99632153092074,220.79632153092075
digest_mg_kg_mn2576,MD-UN11,,,292.93,369.7591589399044,76.8291589399044
digest_mg_kg_mn2576,MD-UN6,,,156.57,368.5536663986984,211.9836663986984
digest_mg_kg_mn2576,ME-A1-1,,,215.73,365.3424301904209,149.6124301904209
digest_mg_kg_mn2576,ME-A2-3,,,279.0,365.3424301904209,86.34243019042088
digest_mg_kg_mn2576,ME-B1-2,,,331.7,363.88816869252355,32.18816869252356
digest_mg_kg_mn2576,ME-c2-3,,,373.26,358.0230679332865,-15.236932066713507
digest_mg_kg_mn2576,ME-C3-1,,,357.82,358.0230679332865,0.20306793328649064
digest_mg_kg_mn2576,HK-1,,,183.03,421.8875171226058,238.8575171226058
digest_mg_kg_mn2576,HK-2,,,216.87,421.8942721735497,205.02427217354972
digest_mg_kg_mn2576,HK-3,,,197.31,421.7505053470341,224.4405053470341
digest_mg_kg_mn2576,HK-4,,,170.78,421.45503278664796,250.67503278664796
digest_mg_kg_mn2576,HK-5,,,253.09,424.7408801262943,171.6508801262943
digest_mg_kg_mn2576,MK-A6,,,408.55,430.662299018077,22.11229901807701
digest_mg_kg_mn2576,MK-KYBjA6,,,421.26,407.01945960298804,-14.240540397011955
digest_mg_kg_mn2576,MK-UN8,,,543.06,430.662299018077,-112.39770098192292
digest_mg_kg_mn2576,MFP-A1,,,174.45,163.76264076114037,-10.687359238859614
digest_mg_kg_mn2576,MFP-A2,,,191.78,163.76264076114037,-28.017359238859626
digest_mg_kg_mn2576,MFP-AAA,,,166.2,166.9205666017235,0.7205666017235046
digest_mg_kg_mn2576,MFP-d,,,187.43,163.75189731421537,-23.678102685784637
digest_mg_kg_mn2576,MS-11,,,46.82,270.14811232687344,223.32811232687345
digest_mg_kg_mn2576,MS-12,,,55.43,270.14811232687344,214.71811232687344
digest_mg_kg_mn2576,MS-5,,,63.5,270.14811232687344,206.64811232687344
digest_mg_kg_mn2576,MS-7,,,51.9,270.14811232687344,218.24811232687344
digest_mg_kg_mn2576,ON-10,,,101.51,281.1987964864849,179.68879648648493
digest_mg_kg_mn2576,OR-4,,,105.31,251.27673475902776,145.96673475902776
digest_mg_kg_mn2576,OR-8,,,95.13,261.1922542111498,166.06225421114982
digest_mg_kg_mn2576,AV1-1,,,257.23,89.43734936220329,-167.79265063779673
digest_mg_kg_mn2576,AV1-8,,,270.66,96.38639849989863,-174.2736015001014
digest_mg_kg_mn2576,AV2-1,,,261.83,95.14549001242136,-166.68450998757862
digest_mg_kg_mn2576,AV3-1,,,247.5,89.56782367061254,-157.93217632938746
digest_mg_kg_mn2576,AV3-7,,,684.03,98.97813845250792,-585.0518615474921
digest_mg_kg_mn2576,BP1-1,,,201.99,95.75446395490891,-106.2355360450911
digest_mg_kg_mn2576,BP1-8,,,304.1,100.39211014098453,-203.7078898590155
digest_mg_kg_mn2576,BP2-1,,,189.02,98.01409885593007,-91.00590114406994
digest_mg_kg_mn2576,BP3-1,,,213.63,96.5295100590902,-117.1004899409098
digest_mg_kg_mn2576,BP3-8,,,257.27,99.83087112221507,-157.43912887778492
digest_mg_kg_mn2576,HV1-8,,,211.48,114.67901974978443,-96.80098025021556
digest_mg_kg_mn2576,HV2-5,,,247.41,102.00093355256405,-145.40906644743595
digest_mg_kg_mn2576,HV3-1,,,254.87,96.35350136572887,-158.51649863427113
digest_mg_kg_mn2576,HV3-9,,,206.4,112.89819645974866,-93.50180354025134
digest_mg_kg_mn2576,KR-1,,,832.2,114.18041487290822,-718.0195851270919
digest_mg_kg_mn2576,KR-2,,,498.2,114.85870966840483,-383.34129033159513
digest_mg_kg_mn2576,KR-4,,,335.9,159.6896813871509,-176.21031861284908
digest_mg_kg_mn2576,MF1-1,,,231.34,309.5304391813086,78.19043918130862
digest_mg_kg_mn2576,MF1-6,,,186.03,297.2220218084627,111.19202180846273
digest_mg_kg_mn2576,MF2-1,,,185.27,293.68889539471917,108.41889539471916
digest_mg_kg_mn2576,MF3-1,,,234.03,295.45252845758637,61.42252845758637
digest_mg_kg_mn2576,MFX-2,,,249.5,303.2872957588857,53.787295758885705
digest_mg_kg_mn2576,MSP1-1,,,257.47,185.72698309282117,-71.74301690717886
digest_mg_kg_mn2576,MSP1-4,,,254.99,230.78352359371905,-24.206476406280956
digest_mg_kg_mn2576,MSP2-1,,,277.89,211.59560006334044,-66.29439993665954
digest_mg_kg_mn2576,MSP3-1,,,164.27,218.7237056697452,54.453705669745176
digest_mg_kg_mn2576,MSP3-4,,,204.99,227.3638839153108,22.373883915310785
digest_mg_kg_mn2576,MW2-1,,,277.25,313.9386041061561,36.688604106156106
digest_mg_kg_mn2576,NP1-1,,,813.37,314.59628917623564,-498.77371082376436
digest_mg_kg_mn2576,NP2-1,,,2173.35,320.37194526852926,-1852.9780547314706
digest_mg_kg_mn2576,NP3-1,,,734.43,315.719158620868,-418.710841379132
digest_mg_kg_mn2576,NP3-4,,,500.2,315.734762967772,-184.465237032228
digest_mg_kg_mn2576,NP4-5,,,181.56,330.7566401513755,149.1966401513755
digest_mg_kg_mn2576,RM1-1,,,245.12,192.62619679402664,-52.493803205973364
digest_mg_kg_mn2576,RM1-8,,,256.49,192.4665250543451,-64.0234749456549
digest_mg_kg_mn2576,RM2-1,,,194.81,189.8229733173405,-4.98702668265949
digest_mg_kg_mn2576,RM3-1,,,236.57,190.76603378158495,-45.80396621841504
digest_mg_kg_mn2576,RM3-8,,,291.85,187.83468935776557,-104.01531064223445
digest_mg_kg_mn2576,SH1-1,,,289.34,198.84114010840483,-90.49885989159515
digest_mg_kg_mn2576,SH1-6,,,349.9,212.49537188819593,-137.40462811180404
digest_mg_kg_mn2576,SH2-1,,,315.04,196.9014759079233,-118.13852409207672
digest_mg_kg_mn2576,SH3-2,,,338.76,196.8850867221065,-141.87491327789348
digest_mg_kg_mn2576,SH3-8,,,269.98,204.3438686876004,-65.63613131239961
digest_mg_kg_mn2576,TGV1-1,,,369.68,119.86464353187878,-249.81535646812122
digest_mg_kg_mn2576,TGV1-8,,,306.65,105.62070980730749,-201.02929019269249
digest_mg_kg_mn2576,TGV2-1,,,319.58,101.7353260893125,-217.8446739106875
digest_mg_kg_mn2576,TGV3-1,,,154.01,158.66049314456376,4.650493144563768
digest_mg_kg_mn2576,TGV3-9,,,241.22,105.30715822698504,-135.91284177301497
digest_mg_kg_mn2576,TN1-1,,,626.54,113.55308746997575,-512.9869125300243
digest_mg_kg_mn2576,TN1-8,,,970.0,135.16295187830383,-834.8370481216962
digest_mg_kg_mn2576,TN2-1,,,724.9,114.50928245977317,-610.3907175402268
digest_mg_kg_mn2576,TN3-1,,,1010.0,113.62149005584057,-896.3785099441594
digest_mg_kg_mn2576,TN3-5,,,995.28,183.3114488540435,-811.9685511459564
digest_mg_kg_mn2576,CB-CMBjA1,,,236.01,303.2280168551929,67.2180168551929
digest_mg_kg_mn2576,CB-iH5,,,322.75,316.2153852745429,-6.534614725457118
digest_mg_kg_mn2576,VV-0,,,14.58,191.43999260582933,176.85999260582932
digest_mg_kg_mn2576,VV-d,,,23.79,191.43999260582933,167.64999260582934
digest_mg_kg_mn2576,VV-J,,,41.38,191.43999260582933,150.05999260582934
digest_mg_kg_mn2576,VV-L,,,20.48,191.43999260582933,170.95999260582934
digest_mg_kg_mn2576,WV-BA 1,,,54.12,376.02545727284456,321.90545727284456
digest_mg_kg_mn2576,WV-UNN 1,,,123.2,146.0846295861633,22.884629586163285
digest_mg_kg_mn2576,WV-UNN 3,,,76.71,146.0846295861633,69.3746295861633
digest_mg_kg_mn2576,WV-UNN-2,,,105.16,146.0846295861633,40.92462958616329
digest_mg_kg_mn2576,WV-ZS 2,,,48.31,392.33074873839166,344.02074873839166
digest_mg_kg_ni2316,BS-607,,,15.23,13.298,-1.9320000000000004
digest_mg_kg_ni2316,BS-610,,,9.22,13.595333333333334,4.375333333333334
digest_mg_kg_ni2316,BS-618,,,9.12,13.298,4.178000000000001
digest_mg_kg_ni2316,BPS-1,,,9.06,10.680666666666667,1.6206666666666667
digest_mg_kg_ni2316,BPS-18,,,11.35,17.192666666666664,5.8426666666666645
digest_mg_kg_ni2316,BPS-22,,,8.43,12.98,4.550000000000001
digest_mg_kg_ni2316,BPS-25,,,10.76,26.668666666666663,15.908666666666663
digest_mg_kg_ni2316,BPS-5,,,10.06,26.668666666666663,16.608666666666664
digest_mg_kg_ni2316,CK-20B,,,22.2,65.04666666666668,42.84666666666668
digest_mg_kg_ni2316,CK1-100B,,,17.73,72.44999999999999,54.719999999999985
digest_mg_kg_ni2316,CK2-100A,,,22.99,72.44999999999999,49.459999999999994
digest_mg_kg_ni2316,CK2-100B,,,17.54,55.172000000000004,37.632000000000005
digest_mg_kg_ni2316,CM-2 1,,,15.54,13.733333333333338,-1.8066666666666613
digest_mg_kg_ni2316,CM-4,,,11.92,13.744000000000003,1.8240000000000034
digest_mg_kg_ni2316,CM-PA 3-10,,,14.59,13.744000000000003,-0.8459999999999965
digest_mg_kg_ni2316,CM-PA 30,,,14.73,13.744000000000003,-0.9859999999999971
digest_mg_kg_ni2316,CM2 (OM),,,14.43,13.733333333333338,-0.6966666666666619
digest_mg_kg_ni2316,LC1-5,,,17.2,7.298666666666667,-9.901333333333334
digest_mg_kg_ni2316,LGP (3-4),,,11.71,7.008,-4.702000000000001
digest_mg_kg_ni2316,LGP (BA 1-3),,,17.14,7.298666666666667,-9.841333333333335
digest_mg_kg_ni2316,CR-0819,,,0.5,2.262,1.762
digest_mg_kg_ni2316,CR-0821,,,0.5,2.262,1.762
digest_mg_kg_ni2316,CR-0826,,,0.5,2.262,1.762
digest_mg_kg_ni2316,CR-0828,,,0.5,2.262,1.762
digest_mg_kg_ni2316,CR-0833,,,2.11,2.262,0.15200000000000014
digest_mg_kg_ni2316,CS-CR2,,,2.4,1.756,-0.6439999999999999
digest_mg_kg_ni2316,CS-CR5,,,2.1,1.8093333333333335,-0.29066666666666663
digest_mg_kg_ni2316,CS-CR7,,,2.61,1.8093333333333335,-0.8006666666666664
digest_mg_kg_ni2316,CS-CR9,,,2.0,1.8093333333333335,-0.19066666666666654
digest_mg_kg_ni2316,DS1(1-2),,,10.94,14.751333333333333,3.8113333333333337
digest_mg_kg_ni2316,DS2(1-2),,,9.12,12.650666666666668,3.5306666666666686
digest_mg_kg_ni2316,DA-1,,,11.45,2.8473333333333333,-8.602666666666666
digest_mg_kg_ni2316,DA-3,,,12.55,2.8473333333333333,-9.702666666666667
digest_mg_kg_ni2316,DA-4,,,15.36,2.8473333333333333,-12.512666666666666
digest_mg_kg_ni2316,DA-5,,,14.89,2.8473333333333333,-12.042666666666667
digest_mg_kg_ni2316,DA-6,,,10.76,2.8473333333333333,-7.9126666666666665
digest_mg_kg_ni2316,GE-A1-3,,,46.98,69.10400000000001,22.124000000000017
digest_mg_kg_ni2316,GE-A2-2,,,60.14,69.10400000000001,8.964000000000013
digest_mg_kg_ni2316,GE-B1-3,,,49.5,60.94333333333335,11.44333333333335
digest_mg_kg_ni2316,GE-C2-3,,,35.04,70.17466666666665,35.134666666666654
digest_mg_kg_ni2316,GE-C3-2,,,49.3,70.17466666666668,20.874666666666684
digest_mg_kg_ni2316,HS-1,,,18.22,9.599333333333332,-8.620666666666667
digest_mg_kg_ni2316,HS-2,,,18.3,9.368,-8.932
digest_mg_kg_ni2316,HS-3,,,21.8,7.101333333333334,-14.698666666666668
digest_mg_kg_ni2316,HS-4,,,19.24,9.599333333333332,-9.640666666666666
digest_mg_kg_ni2316,HS-7,,,49.5,6.716666666666668,-42.78333333333333
digest_mg_kg_ni2316,HC-BA1,,,11.63,11.072666666666667,-0.5573333333333341
digest_mg_kg_ni2316,HC-BA2,,,8.76,12.029333333333334,3.269333333333334
digest_mg_kg_ni2316,HC-Z5-1,,,9.15,10.562666666666667,1.4126666666666665
digest_mg_kg_ni2316,HC-ZS2,,,13.49,10.562666666666669,-2.9273333333333316
digest_mg_kg_ni2316,HVY-4A,,,119.38,48.272666666666666,-71.10733333333333
digest_mg_kg_ni2316,HVY-5A,,,170.18,48.272666666666666,-121.90733333333334
digest_mg_kg_ni2316,HVY-9054A,,,171.17,43.40133333333334,-127.76866666666665
digest_mg_kg_ni2316,HVY-9062A,,,100.4,48.29933333333334,-52.10066666666667
digest_mg_kg_ni2316,HVY-9130A,,,126.85,43.40133333333333,-83.44866666666667
digest_mg_kg_ni2316,HD-10,,,2.59,5.962666666666667,3.3726666666666674
digest_mg_kg_ni2316,HD-14,,,2.79,5.962666666666667,3.172666666666667
digest_mg_kg_ni2316,HD-6,,,1.9,5.962666666666667,4.062666666666667
digest_mg_kg_ni2316,HG-3,,,4.55,5.7653333333333325,1.2153333333333327
digest_mg_kg_ni2316,HG-54,,,2.7,5.665333333333333,2.9653333333333327
digest_mg_kg_ni2316,HG-6,,,4.44,76.73400000000001,72.29400000000001
digest_mg_kg_ni2316,HG-8,,,3.7,19.938,16.238
digest_mg_kg_ni2316,HG-9,,,1.21,6.335999999999999,5.1259999999999994
digest_mg_kg_ni2316,HM-2,,,1.79,11.749999999999998,9.959999999999997
digest_mg_kg_ni2316,HM-3,,,2.1,11.749999999999998,9.649999999999999
digest_mg_kg_ni2316,HM-5,,,3.02,11.749999999999998,8.729999999999999
digest_mg_kg_ni2316,HM-6,,,2.91,11.749999999999998,8.839999999999998
digest_mg_kg_ni2316,LI-10,,,8.1,10.165333333333335,2.065333333333335
digest_mg_kg_ni2316,LI-11,,,5.02,9.494666666666667,4.474666666666668
digest_mg_kg_ni2316,LI-12,,,4.48,9.494666666666667,5.014666666666667
digest_mg_kg_ni2316,LI-13,,,5.09,9.494666666666667,4.404666666666667
digest_mg_kg_ni2316,LI-14,,,6.4,9.494666666666667,3.094666666666667
digest_mg_kg_ni2316,LI-15,,,5.22,9.494666666666667,4.2746666666666675
digest_mg_kg_ni2316,LI-4,,,6.91,9.494666666666667,2.584666666666667
digest_mg_kg_ni2316,LI-5,,,5.9,9.494666666666667,3.594666666666667
digest_mg_kg_ni2316,LI-6,,,6.71,9.494666666666667,2.7846666666666673
digest_mg_kg_ni2316,LI-9,,,0.95,10.165333333333335,9.215333333333335
digest_mg_kg_ni2316,LGP-BA LV8,,,32.7,62.98866666666667,30.288666666666664
digest_mg_kg_ni2316,LV-14,,,24.5,64.41933333333333,39.91933333333333
digest_mg_kg_ni2316,LV-18,,,25.95,64.41933333333333,38.469333333333324
digest_mg_kg_ni2316,MD-BJA1,,,15.5,13.658,-1.8420000000000005
digest_mg_kg_ni2316,MD-UN11,,,18.23,13.240000000000002,-4.989999999999998
digest_mg_kg_ni2316,MD-UN6,,,15.84,13.658,-2.1820000000000004
digest_mg_kg_ni2316,ME-A1-1,,,52.62,66.58733333333335,13.96733333333335
digest_mg_kg_ni2316,ME-A2-3,,,70.3,66.58733333333335,-3.7126666666666495
digest_mg_kg_ni2316,ME-B1-2,,,99.0,67.824,-31.176000000000002
digest_mg_kg_ni2316,ME-c2-3,,,93.74,66.58733333333333,-27.15266666666666
digest_mg_kg_ni2316,ME-C3-1,,,82.97,66.58733333333333,-16.382666666666665
digest_mg_kg_ni2316,HK-1,,,3.09,12.287333333333333,9.197333333333333
digest_mg_kg_ni2316,HK-2,,,5.12,12.287333333333333,7.167333333333333
digest_mg_kg_ni2316,HK-3,,,4.08,12.287333333333333,8.207333333333333
digest_mg_kg_ni2316,HK-4,,,0.5,12.258666666666667,11.758666666666667
digest_mg_kg_ni2316,HK-5,,,3.29,12.287333333333333,8.997333333333334
digest_mg_kg_ni2316,MK-A6,,,28.47,12.287333333333333,-16.182666666666666
digest_mg_kg_ni2316,MK-KYBjA6,,,31.14,12.258666666666667,-18.881333333333334
digest_mg_kg_ni2316,MK-UN8,,,26.79,12.287333333333333,-14.502666666666666
digest_mg_kg_ni2316,MFP-A1,,,5.29,7.1146666666666665,1.8246666666666664
digest_mg_kg_ni2316,MFP-A2,,,5.71,7.1146666666666665,1.4046666666666665
digest_mg_kg_ni2316,MFP-AAA,,,4.4,6.130666666666667,1.730666666666667
digest_mg_kg_ni2316,MFP-d,,,3.59,7.1146666666666665,3.5246666666666666
digest_mg_kg_ni2316,MS-11,,,1.39,7.229333333333333,5.839333333333333
digest_mg_kg_ni2316,MS-12,,,1.71,7.229333333333333,5.519333333333333
digest_mg_kg_ni2316,MS-5,,,2.1,7.229333333333333,5.129333333333333
digest_mg_kg_ni2316,MS-7,,,1.5,7.229333333333333,5.729333333333333
digest_mg_kg_ni2316,ON-10,,,7.96,46.82600000000001,38.86600000000001
digest_mg_kg_ni2316,OR-4,,,13.03,40.714666666666666,27.684666666666665
digest_mg_kg_ni2316,OR-8,,,8.05,46.397333333333336,38.34733333333334
digest_mg_kg_ni2316,AV1-1,,,15.66,8.029333333333332,-7.630666666666668
digest_mg_kg_ni2316,AV1-8,,,17.27,8.029333333333334,-9.240666666666666
digest_mg_kg_ni2316,AV2-1,,,16.0,8.029333333333334,-7.970666666666666
digest_mg_kg_ni2316,AV3-1,,,17.86,7.35,-10.51
digest_mg_kg_ni2316,AV3-7,,,11.28,8.029333333333334,-3.2506666666666657
digest_mg_kg_ni2316,BP1-1,,,14.21,8.029333333333334,-6.180666666666667
digest_mg_kg_ni2316,BP1-8,,,15.5,8.029333333333334,-7.470666666666666
digest_mg_kg_ni2316,BP2-1,,,14.37,8.138,-6.231999999999999
digest_mg_kg_ni2316,BP3-1,,,14.83,8.029333333333334,-6.800666666666666
digest_mg_kg_ni2316,BP3-8,,,15.94,8.029333333333334,-7.910666666666666
digest_mg_kg_ni2316,HV1-8,,,19.96,8.342,-11.618
digest_mg_kg_ni2316,HV2-5,,,20.22,7.800666666666666,-12.419333333333332
digest_mg_kg_ni2316,HV3-1,,,28.33,7.8420000000000005,-20.488
digest_mg_kg_ni2316,HV3-9,,,19.8,8.81,-10.99
digest_mg_kg_ni2316,KR-1,,,22.4,7.608666666666668,-14.79133333333333
digest_mg_kg_ni2316,KR-2,,,21.04,7.608666666666667,-13.431333333333331
digest_mg_kg_ni2316,KR-4,,,18.2,6.298666666666667,-11.901333333333334
digest_mg_kg_ni2316,MF1-1,,,7.09,16.718666666666664,9.628666666666664
digest_mg_kg_ni2316,MF1-6,,,6.89,15.845333333333333,8.955333333333332
digest_mg_kg_ni2316,MF2-1,,,6.31,15.845333333333333,9.535333333333334
digest_mg_kg_ni2316,MF3-1,,,8.78,15.845333333333333,7.065333333333333
digest_mg_kg_ni2316,MFX-2,,,10.56,15.845333333333334,5.285333333333334
digest_mg_kg_ni2316,MSP1-1,,,1.2,7.239333333333334,6.039333333333333
digest_mg_kg_ni2316,MSP1-4,,,2.69,6.3226666666666675,3.6326666666666676
digest_mg_kg_ni2316,MSP2-1,,,1.79,7.239333333333334,5.449333333333334
digest_mg_kg_ni2316,MSP3-1,,,0.5,6.252666666666667,5.752666666666667
digest_mg_kg_ni2316,MSP3-4,,,1.8,6.379333333333334,4.579333333333334
digest_mg_kg_ni2316,MW2-1,,,4.21,24.742000000000004,20.532000000000004
digest_mg_kg_ni2316,NP1-1,,,3.09,15.845333333333333,12.755333333333333
digest_mg_kg_ni2316,NP2-1,,,4.01,17.01,13.000000000000002
digest_mg_kg_ni2316,NP3-1,,,3.79,16.718666666666664,12.928666666666665
digest_mg_kg_ni2316,NP3-4,,,2.09,15.845333333333333,13.755333333333333
digest_mg_kg_ni2316,NP4-5,,,0.5,45.68933333333333,45.18933333333333
digest_mg_kg_ni2316,RM1-1,,,13.05,9.16,-3.8900000000000006
digest_mg_kg_ni2316,RM1-8,,,13.27,9.16,-4.109999999999999
digest_mg_kg_ni2316,RM2-1,,,11.08,9.096666666666668,-1.9833333333333325
digest_mg_kg_ni2316,RM3-1,,,13.83,9.096666666666668,-4.7333333333333325
digest_mg_kg_ni2316,RM3-8,,,14.91,9.16,-5.75
digest_mg_kg_ni2316,SH1-1,,,10.26,6.040000000000001,-4.219999999999999
digest_mg_kg_ni2316,SH1-6,,,12.05,6.04,-6.010000000000001
digest_mg_kg_ni2316,SH2-1,,,13.15,6.039999999999998,-7.110000000000002
digest_mg_kg_ni2316,SH3-2,,,13.86,6.150666666666667,-7.7093333333333325
digest_mg_kg_ni2316,SH3-8,,,11.93,9.096666666666666,-2.833333333333334
digest_mg_kg_ni2316,TGV1-1,,,18.67,6.5086666666666675,-12.161333333333335
digest_mg_kg_ni2316,TGV1-8,,,15.28,8.09,-7.1899999999999995
digest_mg_kg_ni2316,TGV2-1,,,14.76,8.09,-6.67
digest_mg_kg_ni2316,TGV3-1,,,12.42,9.678666666666667,-2.7413333333333334
digest_mg_kg_ni2316,TGV3-9,,,15.77,10.408666666666667,-5.361333333333333
digest_mg_kg_ni2316,TN1-1,,,16.8,8.014666666666667,-8.785333333333334
digest_mg_kg_ni2316,TN1-8,,,14.4,13.808,-0.5920000000000005
digest_mg_kg_ni2316,TN2-1,,,17.77,9.175333333333333,-8.594666666666667
digest_mg_kg_ni2316,TN3-1,,,15.8,10.503333333333334,-5.296666666666667
digest_mg_kg_ni2316,TN3-5,,,15.76,15.094,-0.6660000000000004
digest_mg_kg_ni2316,CB-CMBjA1,,,19.25,8.420666666666666,-10.829333333333334
digest_mg_kg_ni2316,CB-iH5,,,16.47,8.663333333333332,-7.806666666666667
digest_mg_kg_ni2316,VV-0,,,0.5,13.266,12.766
digest_mg_kg_ni2316,VV-d,,,1.31,13.266,11.956
digest_mg_kg_ni2316,VV-J,,,2.1,13.266,11.166
digest_mg_kg_ni2316,VV-L,,,1.31,13.266,11.956
digest_mg_kg_ni2316,WV-BA 1,,,4.32,15.899333333333335,11.579333333333334
digest_mg_kg_ni2316,WV-UNN 1,,,12.8,10.737333333333334,-2.062666666666667
digest_mg_kg_ni2316,WV-UNN 3,,,7.73,10.737333333333334,3.0073333333333334
digest_mg_kg_ni2316,WV-UNN-2,,,12.0,10.737333333333334,-1.2626666666666662
digest_mg_kg_ni2316,WV-ZS 2,,,4.68,13.812666666666667,9.132666666666667
digest_mg_kg_si2516,BS-607,,,118.84,412.35809133188405,293.5180913318841
digest_mg_kg_si2516,BS-610,,,191.48,403.2004369030632,211.7204369030632
digest_mg_kg_si2516,BS-618,,,135.27,410.94586386920554,275.6758638692055
digest_mg_kg_si2516,BPS-1,,,123.31,395.4684224709489,272.1584224709489
digest_mg_kg_si2516,BPS-18,,,126.69,273.08435411493355,146.39435411493355
digest_mg_kg_si2516,BPS-22,,,122.19,272.94766763368114,150.75766763368114
digest_mg_kg_si2516,BPS-25,,,123.9,250.80552463474936,126.90552463474936
digest_mg_kg_si2516,BPS-5,,,111.67,250.79997344026108,139.1299734402611
digest_mg_kg_si2516,CK-20B,,,305.6,208.03595480547497,-97.56404519452505
digest_mg_kg_si2516,CK1-100B,,,201.29,224.00831743909217,22.718317439092175
digest_mg_kg_si2516,CK2-100A,,,340.36,224.00827528780079,-116.35172471219923
digest_mg_kg_si2516,CK2-100B,,,248.8,223.7396105368545,-25.060389463145498
digest_mg_kg_si2516,CM-2 1,,,1208.17,475.23541661896076,-732.9345833810394
digest_mg_kg_si2516,CM-4,,,835.27,472.92594345201667,-362.3440565479833
digest_mg_kg_si2516,CM-PA 3-10,,,35.71,473.07446174282956,437.3644617428296
digest_mg_kg_si2516,CM-PA 30,,,1046.09,472.92594345201667,-573.1640565479833
digest_mg_kg_si2516,CM2 (OM),,,883.87,475.04340837241165,-408.82659162758836
digest_mg_kg_si2516,LC1-5,,,277.63,223.21853122587478,-54.41146877412521
digest_mg_kg_si2516,LGP (3-4),,,204.96,222.98328227702243,18.023282277022417
digest_mg_kg_si2516,LGP (BA 1-3),,,243.95,223.21975815140726,-20.730241848592726
digest_mg_kg_si2516,CR-0819,,,230.2,214.67586825379152,-15.524131746208468
digest_mg_kg_si2516,CR-0821,,,196.11,214.67586825379152,18.565868253791507
digest_mg_kg_si2516,CR-0826,,,265.93,214.67586825379152,-51.254131746208486
digest_mg_kg_si2516,CR-0828,,,213.38,214.67586825379152,1.2958682537915251
digest_mg_kg_si2516,CR-0833,,,201.41,214.67586825379152,13.265868253791524
digest_mg_kg_si2516,CS-CR2,,,181.86,224.01228573987495,42.15228573987494
digest_mg_kg_si2516,CS-CR5,,,232.36,219.49086814600096,-12.86913185399905
digest_mg_kg_si2516,CS-CR7,,,192.07,221.9950567206408,29.92505672064081
digest_mg_kg_si2516,CS-CR9,,,217.66,221.99485183048327,4.334851830483274
digest_mg_kg_si2516,DS1(1-2),,,242.57,388.76804412403743,146.19804412403744
digest_mg_kg_si2516,DS2(1-2),,,263.73,229.77895557316631,-33.951044426833704
digest_mg_kg_si2516,DA-1,,,105.42,190.49325146918622,85.07325146918622
digest_mg_kg_si2516,DA-3,,,116.67,190.49325146918622,73.82325146918622
digest_mg_kg_si2516,DA-4,,,172.99,190.49325146918622,17.50325146918621
digest_mg_kg_si2516,DA-5,,,199.3,190.49325146918622,-8.806748530813792
digest_mg_kg_si2516,DA-6,,,176.59,190.49325146918622,13.903251469186216
digest_mg_kg_si2516,GE-A1-3,,,126.96,250.16317371478758,123.20317371478758
digest_mg_kg_si2516,GE-A2-2,,,201.41,250.16665840708993,48.75665840708993
digest_mg_kg_si2516,GE-B1-3,,,171.12,253.98482169398923,82.86482169398923
digest_mg_kg_si2516,GE-C2-3,,,165.96,225.1233295410803,59.16332954108029
digest_mg_kg_si2516,GE-C3-2,,,172.9,228.6409286952888,55.7409286952888
digest_mg_kg_si2516,HS-1,,,168.51,233.25826373958802,64.74826373958803
digest_mg_kg_si2516,HS-2,,,185.9,234.82303431220097,48.92303431220097
digest_mg_kg_si2516,HS-3,,,212.4,254.3877115104881,41.98771151048808
digest_mg_kg_si2516,HS-4,,,181.56,240.10417800254302,58.54417800254302
digest_mg_kg_si2516,HS-7,,,163.87,270.48894891218,106.61894891217997
digest_mg_kg_si2516,HC-BA1,,,156.86,361.99541358268306,205.13541358268304
digest_mg_kg_si2516,HC-BA2,,,163.15,362.3669273986693,199.2169273986693
digest_mg_kg_si2516,HC-Z5-1,,,161.07,345.6174250808949,184.54742508089493
digest_mg_kg_si2516,HC-ZS2,,,169.15,352.4711259758286,183.3211259758286
digest_mg_kg_si2516,HVY-4A,,,334.59,197.1888180905216,-137.40118190947837
digest_mg_kg_si2516,HVY-5A,,,517.47,197.1888180905216,-320.2811819094784
digest_mg_kg_si2516,HVY-9054A,,,379.13,212.14242803603415,-166.98757196396585
digest_mg_kg_si2516,HVY-9062A,,,189.22,198.20843610501177,8.988436105011772
digest_mg_kg_si2516,HVY-9130A,,,302.91,207.73446703303424,-95.17553296696579
digest_mg_kg_si2516,HD-10,,,333.37,181.84912223335797,-151.52087776664203
digest_mg_kg_si2516,HD-14,,,344.92,181.42768132529895,-163.49231867470107
digest_mg_kg_si2516,HD-6,,,151.2,191.9589752091399,40.75897520913992
digest_mg_kg_si2516,HG-3,,,152.67,201.31764101079963,48.647641010799646
digest_mg_kg_si2516,HG-54,,,112.8,216.03802258720634,103.23802258720634
digest_mg_kg_si2516,HG-6,,,219.05,271.3641104654452,52.3141104654452
digest_mg_kg_si2516,HG-8,,,182.7,269.43216860384933,86.73216860384935
digest_mg_kg_si2516,HG-9,,,139.44,222.42741813924542,82.98741813924542
digest_mg_kg_si2516,HM-2,,,188.57,318.71866467346683,130.14866467346684
digest_mg_kg_si2516,HM-3,,,163.7,318.71792320247846,155.01792320247847
digest_mg_kg_si2516,HM-5,,,281.69,318.8730448655858,37.18304486558583
digest_mg_kg_si2516,HM-6,,,231.16,317.854323098645,86.69432309864501
digest_mg_kg_si2516,LI-10,,,157.0,239.1452055224028,82.14520552240279
digest_mg_kg_si2516,LI-11,,,291.47,249.97783474421604,-41.49216525578399
digest_mg_kg_si2516,LI-12,,,276.29,249.97783474421604,-26.31216525578398
digest_mg_kg_si2516,LI-13,,,281.04,249.97783474421604,-31.06216525578398
digest_mg_kg_si2516,LI-14,,,514.1,249.97783474421604,-264.122165255784
digest_mg_kg_si2516,LI-15,,,342.37,249.97783474421604,-92.39216525578396
digest_mg_kg_si2516,LI-4,,,325.05,238.9544131586306,-86.09558684136942
digest_mg_kg_si2516,LI-5,,,230.2,238.9544131586306,8.754413158630598
digest_mg_kg_si2516,LI-6,,,259.72,238.9544131586306,-20.76558684136944
digest_mg_kg_si2516,LI-9,,,17.81,239.1452055224028,221.3352055224028
digest_mg_kg_si2516,LGP-BA LV8,,,231.81,243.35439155862093,11.54439155862093
digest_mg_kg_si2516,LV-14,,,155.08,238.67077675858576,83.59077675858575
digest_mg_kg_si2516,LV-18,,,275.45,238.67077675858576,-36.77922324141423
digest_mg_kg_si2516,MD-BJA1,,,212.2,569.5854839755648,357.3854839755648
digest_mg_kg_si2516,MD-UN11,,,536.95,586.7961598203298,49.84615982032972
digest_mg_kg_si2516,MD-UN6,,,317.13,567.2519419498765,250.1219419498765
digest_mg_kg_si2516,ME-A1-1,,,151.41,232.89435638064768,81.48435638064768
digest_mg_kg_si2516,ME-A2-3,,,189.5,232.89435638064768,43.39435638064768
digest_mg_kg_si2516,ME-B1-2,,,247.9,231.35534597696204,-16.544654023037964
digest_mg_kg_si2516,ME-c2-3,,,185.59,224.44851831568997,38.85851831568996
digest_mg_kg_si2516,ME-C3-1,,,170.84,224.44851831568997,53.60851831568996
digest_mg_kg_si2516,HK-1,,,206.99,244.1076530529534,37.117653052953386
digest_mg_kg_si2516,HK-2,,,172.79,244.12261560548285,71.33261560548286
digest_mg_kg_si2516,HK-3,,,141.04,243.80521703248425,102.76521703248426
digest_mg_kg_si2516,HK-4,,,138.97,245.7413515439927,106.7713515439927
digest_mg_kg_si2516,HK-5,,,138.05,245.2071419415823,107.1571419415823
digest_mg_kg_si2516,MK-A6,,,262.27,254.78503625465595,-7.484963745344032
digest_mg_kg_si2516,MK-KYBjA6,,,266.47,229.52712562719805,-36.94287437280198
digest_mg_kg_si2516,MK-UN8,,,325.89,254.78503625465595,-71.10496374534404
digest_mg_kg_si2516,MFP-A1,,,158.18,184.18930685756766,26.00930685756765
digest_mg_kg_si2516,MFP-A2,,,158.42,184.18930685756766,25.76930685756767
digest_mg_kg_si2516,MFP-AAA,,,131.4,186.49711330048027,55.09711330048026
digest_mg_kg_si2516,MFP-d,,,153.19,184.1467929488054,30.9567929488054
digest_mg_kg_si2516,MS-11,,,216.7,220.85932241158423,4.159322411584242
digest_mg_kg_si2516,MS-12,,,229.58,220.85932241158423,-8.720677588415782
digest_mg_kg_si2516,MS-5,,,208.0,220.85932241158423,12.85932241158423
digest_mg_kg_si2516,MS-7,,,266.67,220.85932241158423,-45.810677588415786
digest_mg_kg_si2516,ON-10,,,128.43,181.18861041382814,52.75861041382814
digest_mg_kg_si2516,OR-4,,,121.94,188.3753151004566,66.43531510045659
digest_mg_kg_si2516,OR-8,,,104.47,178.09150876449814,73.62150876449815
digest_mg_kg_si2516,AV1-1,,,254.52,181.56543848208466,-72.95456151791535
digest_mg_kg_si2516,AV1-8,,,564.17,177.6057898249245,-386.56421017507546
digest_mg_kg_si2516,AV2-1,,,668.29,178.8095907582097,-489.48040924179026
digest_mg_kg_si2516,AV3-1,,,485.13,180.4913069610062,-304.6386930389938
digest_mg_kg_si2516,AV3-7,,,47.9,177.3223184949259,129.4223184949259
digest_mg_kg_si2516,BP1-1,,,450.2,178.4274691022046,-271.7725308977954
digest_mg_kg_si2516,BP1-8,,,694.6,176.64302998019937,-517.9569700198007
digest_mg_kg_si2516,BP2-1,,,233.73,176.51046325821028,-57.21953674178971
digest_mg_kg_si2516,BP3-1,,,336.47,177.63891505038396,-158.83108494961607
digest_mg_kg_si2516,BP3-8,,,656.37,175.85783146641006,-480.51216853358994
digest_mg_kg_si2516,HV1-8,,,332.83,172.87915837457317,-159.95084162542682
digest_mg_kg_si2516,HV2-5,,,470.62,164.7679530883352,-305.85204691166484
digest_mg_kg_si2516,HV3-1,,,513.22,176.77770846032067,-336.44229153967933
digest_mg_kg_si2516,HV3-9,,,260.4,172.9807919942812,-87.41920800571879
digest_mg_kg_si2516,KR-1,,,0.0,187.6605717635135,187.6605717635135
digest_mg_kg_si2516,KR-2,,,375.95,185.394906246006,-190.555093753994
digest_mg_kg_si2516,KR-4,,,524.5,189.87361927925437,-334.6263807207456
digest_mg_kg_si2516,MF1-1,,,395.11,197.62674704046282,-197.4832529595372
digest_mg_kg_si2516,MF1-6,,,370.66,194.47834555216886,-176.18165444783116
digest_mg_kg_si2516,MF2-1,,,358.52,193.43136616864408,-165.0886338313559
digest_mg_kg_si2516,MF3-1,,,387.82,193.67186142599508,-194.14813857400492
digest_mg_kg_si2516,MFX-2,,,555.68,201.88486360601948,-353.79513639398044
digest_mg_kg_si2516,MSP1-1,,,206.18,183.84476162538533,-22.335238374614676
digest_mg_kg_si2516,MSP1-4,,,203.09,175.70817442922504,-27.381825570774964
digest_mg_kg_si2516,MSP2-1,,,206.57,177.2086139612046,-29.361386038795388
digest_mg_kg_si2516,MSP3-1,,,192.61,174.84214129898842,-17.76785870101159
digest_mg_kg_si2516,MSP3-4,,,187.62,176.46172213847987,-11.158277861520133
digest_mg_kg_si2516,MW2-1,,,321.24,204.2076057006269,-117.0323942993731
digest_mg_kg_si2516,NP1-1,,,220.86,205.39249929264923,-15.46750070735078
digest_mg_kg_si2516,NP2-1,,,258.62,197.10373120041464,-61.51626879958536
digest_mg_kg_si2516,NP3-1,,,184.03,205.88710188790193,21.857101887901933
digest_mg_kg_si2516,NP3-4,,,209.26,208.6255010900999,-0.6344989099000884
digest_mg_kg_si2516,NP4-5,,,192.59,216.69762094655792,24.107620946557915
digest_mg_kg_si2516,RM1-1,,,642.03,364.6928387783941,-277.33716122160587
digest_mg_kg_si2516,RM1-8,,,604.39,361.64509784719934,-242.74490215280065
digest_mg_kg_si2516,RM2-1,,,341.32,360.35197862194,19.031978621940027
digest_mg_kg_si2516,RM3-1,,,527.66,361.6199586083244,-166.04004139167557
digest_mg_kg_si2516,RM3-8,,,479.32,354.3888080828802,-124.9311919171198
digest_mg_kg_si2516,SH1-1,,,458.55,329.23612083888645,-129.31387916111356
digest_mg_kg_si2516,SH1-6,,,255.18,317.97297314303205,62.79297314303204
digest_mg_kg_si2516,SH2-1,,,564.14,327.55912041717596,-236.58087958282402
digest_mg_kg_si2516,SH3-2,,,967.07,327.0873858559435,-639.9826141440565
digest_mg_kg_si2516,SH3-8,,,325.75,316.88595587515607,-8.864044124843929
digest_mg_kg_si2516,TGV1-1,,,470.38,189.34871932415214,-281.0312806758478
digest_mg_kg_si2516,TGV1-8,,,239.09,164.28826392335043,-74.80173607664958
digest_mg_kg_si2516,TGV2-1,,,388.76,169.33000190485996,-219.42999809514004
digest_mg_kg_si2516,TGV3-1,,,263.53,156.10519052910502,-107.42480947089496
digest_mg_kg_si2516,TGV3-9,,,202.0,155.5735447353231,-46.42645526467689
digest_mg_kg_si2516,TN1-1,,,847.42,169.6180565643866,-677.8019434356133
digest_mg_kg_si2516,TN1-8,,,952.3,165.68327655526133,-786.6167234447387
digest_mg_kg_si2516,TN2-1,,,555.12,168.88730377095266,-386.23269622904735
digest_mg_kg_si2516,TN3-1,,,1077.0,174.98163131065022,-902.0183686893498
digest_mg_kg_si2516,TN3-5,,,995.68,181.35010618201414,-814.3298938179857
digest_mg_kg_si2516,CB-CMBjA1,,,143.15,348.0558195106903,204.9058195106903
digest_mg_kg_si2516,CB-iH5,,,167.27,330.340910983151,163.07091098315098
digest_mg_kg_si2516,VV-0,,,228.47,288.97718306649784,60.507183066497845
digest_mg_kg_si2516,VV-d,,,272.28,288.97718306649784,16.69718306649787
digest_mg_kg_si2516,VV-J,,,224.95,288.97718306649784,64.02718306649786
digest_mg_kg_si2516,VV-L,,,231.22,288.97718306649784,57.757183066497845
digest_mg_kg_si2516,WV-BA 1,,,187.55,455.1129667536924,267.56296675369236
digest_mg_kg_si2516,WV-UNN 1,,,130.5,307.78453277203425,177.28453277203425
digest_mg_kg_si2516,WV-UNN 3,,,153.61,307.78453277203425,154.17453277203424
digest_mg_kg_si2516,WV-UNN-2,,,133.53,307.78453277203425,174.25453277203425
digest_mg_kg_si2516,WV-ZS 2,,,261.16,462.2009625169344,201.04096251693437
digest_mg_kg_ti3349,BS-607,,,151.1,219.41426796334457,68.31426796334458
digest_mg_kg_ti3349,BS-610,,,210.12,221.5242558466964,11.404255846696401
digest_mg_kg_ti3349,BS-618,,,146.69,219.33181592127485,72.64181592127485
digest_mg_kg_ti3349,BPS-1,,,285.66,261.3831798713791,-24.276820128620898
digest_mg_kg_ti3349,BPS-18,,,332.77,411.34499610728,78.57499610728001
digest_mg_kg_ti3349,BPS-22,,,254.52,241.67288363119764,-12.847116368802375
digest_mg_kg_ti3349,BPS-25,,,245.72,611.9580873652226,366.23808736522255
digest_mg_kg_ti3349,BPS-5,,,231.69,612.4936721516749,380.8036721516749
digest_mg_kg_ti3349,CK-20B,,,1115.0,1611.3044169662899,496.30441696628986
digest_mg_kg_ti3349,CK1-100B,,,1340.64,1737.4470718604873,396.8070718604872
digest_mg_kg_ti3349,CK2-100A,,,1039.16,1737.4484092653383,698.2884092653383
digest_mg_kg_ti3349,CK2-100B,,,1290.58,1468.1268036842207,177.54680368422078
digest_mg_kg_ti3349,CM-2 1,,,72.81,210.2883412059926,137.4783412059926
digest_mg_kg_ti3349,CM-4,,,165.43,220.59800208312694,55.168002083126936
digest_mg_kg_ti3349,CM-PA 3-10,,,68.21,220.63119435337586,152.42119435337588
digest_mg_kg_ti3349,CM-PA 30,,,73.35,220.59800208312694,147.24800208312695
digest_mg_kg_ti3349,CM2 (OM),,,97.7,210.5020421921988,112.80204219219878
digest_mg_kg_ti3349,LC1-5,,,1146.12,938.6587305092352,-207.46126949076472
digest_mg_kg_ti3349,LGP (3-4),,,1012.9,864.9812542409827,-147.91874575901727
digest_mg_kg_ti3349,LGP (BA 1-3),,,1138.1,938.6552582254449,-199.44474177455504
digest_mg_kg_ti3349,CR-0819,,,896.0,1135.299097774716,239.29909777471607
digest_mg_kg_ti3349,CR-0821,,,533.63,1135.299097774716,601.6690977747161
digest_mg_kg_ti3349,CR-0826,,,845.56,1135.299097774716,289.73909777471613
digest_mg_kg_ti3349,CR-0828,,,661.67,1135.299097774716,473.6290977747161
digest_mg_kg_ti3349,CR-0833,,,1114.46,1135.299097774716,20.839097774716038
digest_mg_kg_ti3349,CS-CR2,,,2007.01,677.8433664910972,-1329.1666335089028
digest_mg_kg_ti3349,CS-CR5,,,1036.07,752.8561270873166,-283.2138729126833
digest_mg_kg_ti3349,CS-CR7,,,1087.35,745.916832306196,-341.43316769380385
digest_mg_kg_ti3349,CS-CR9,,,1784.43,745.9359801890569,-1038.4940198109432
digest_mg_kg_ti3349,DS1(1-2),,,506.73,232.5534087939345,-274.1765912060655
digest_mg_kg_ti3349,DS2(1-2),,,355.41,209.40995819512347,-146.00004180487656
digest_mg_kg_ti3349,DA-1,,,87.75,645.8832244244674,558.1332244244674
digest_mg_kg_ti3349,DA-3,,,144.48,645.8832244244674,501.40322442446734
digest_mg_kg_ti3349,DA-4,,,163.25,645.8832244244674,482.63322442446736
digest_mg_kg_ti3349,DA-5,,,101.31,645.8832244244674,544.5732244244673
digest_mg_kg_ti3349,DA-6,,,108.76,645.8832244244674,537.1232244244674
digest_mg_kg_ti3349,GE-A1-3,,,1384.31,1659.42121008535,275.11121008534997
digest_mg_kg_ti3349,GE-A2-2,,,2132.53,1659.3879174091119,-473.1420825908883
digest_mg_kg_ti3349,GE-B1-3,,,1821.71,1603.2730891559404,-218.43691084405964
digest_mg_kg_ti3349,GE-C2-3,,,1706.83,1724.124527737718,17.294527737718
digest_mg_kg_ti3349,GE-C3-2,,,2109.0,1706.7452843812082,-402.2547156187918
digest_mg_kg_ti3349,HS-1,,,1152.48,640.1536602024073,-512.3263397975927
digest_mg_kg_ti3349,HS-2,,,1109.0,674.6572225186254,-434.3427774813746
digest_mg_kg_ti3349,HS-3,,,1458.0,540.7440780573213,-917.2559219426787
digest_mg_kg_ti3349,HS-4,,,1459.92,624.0754323037366,-835.8445676962634
digest_mg_kg_ti3349,HS-7,,,1228.54,449.0893607029295,-779.4506392970704
digest_mg_kg_ti3349,HC-BA1,,,100.99,216.74837905406952,115.75837905406952
digest_mg_kg_ti3349,HC-BA2,,,85.06,228.8163100988721,143.7563100988721
digest_mg_kg_ti3349,HC-Z5-1,,,73.44,206.35591148742807,132.91591148742808
digest_mg_kg_ti3349,HC-ZS2,,,74.5,195.62168833641704,121.12168833641704
digest_mg_kg_ti3349,HVY-4A,,,1794.23,1555.4943507766864,-238.73564922331366
digest_mg_kg_ti3349,HVY-5A,,,3311.24,1555.4943507766864,-1755.7456492233134
digest_mg_kg_ti3349,HVY-9054A,,,3101.81,1253.4944359259828,-1848.3155640740172
digest_mg_kg_ti3349,HVY-9062A,,,2014.97,1579.4795519491145,-435.49044805088556
digest_mg_kg_ti3349,HVY-9130A,,,2832.67,1228.393475813676,-1604.276524186324
digest_mg_kg_ti3349,HD-10,,,821.41,354.297743720789,-467.11225627921095
digest_mg_kg_ti3349,HD-14,,,969.02,354.0621967492631,-614.9578032507369
digest_mg_kg_ti3349,HD-6,,,460.3,353.31121043540486,-106.98878956459515
digest_mg_kg_ti3349,HG-3,,,642.87,394.48477281045166,-248.38522718954835
digest_mg_kg_ti3349,HG-54,,,373.2,391.65888932557954,18.45888932557955
digest_mg_kg_ti3349,HG-6,,,565.63,1902.4185735078631,1336.788573507863
digest_mg_kg_ti3349,HG-8,,,569.8,651.8790178500233,82.07901785002332
digest_mg_kg_ti3349,HG-9,,,452.82,379.1500683713233,-73.6699316286767
digest_mg_kg_ti3349,HM-2,,,617.5,176.67790366089238,-440.8220963391076
digest_mg_kg_ti3349,HM-3,,,620.8,176.67856132109435,-444.12143867890563
digest_mg_kg_ti3349,HM-5,,,970.22,176.54212904958044,-793.6778709504196
digest_mg_kg_ti3349,HM-6,,,1052.1,176.5293378561174,-875.5706621438825
digest_mg_kg_ti3349,LI-10,,,856.4,935.2735361999702,78.8735361999702
digest_mg_kg_ti3349,LI-11,,,1272.09,981.5072938646755,-290.58270613532443
digest_mg_kg_ti3349,LI-12,,,1173.31,981.5072938646755,-191.80270613532446
digest_mg_kg_ti3349,LI-13,,,1082.83,981.5072938646755,-101.32270613532444
digest_mg_kg_ti3349,LI-14,,,1613.0,981.5072938646755,-631.4927061353245
digest_mg_kg_ti3349,LI-15,,,1477.91,981.5072938646755,-496.4027061353246
digest_mg_kg_ti3349,LI-4,,,1455.91,984.1033967976174,-471.8066032023827
digest_mg_kg_ti3349,LI-5,,,1308.0,984.1033967976174,-323.8966032023826
digest_mg_kg_ti3349,LI-6,,,1212.42,984.1033967976174,-228.31660320238268
digest_mg_kg_ti3349,LI-9,,,97.05,935.2735361999702,838.2235361999702
digest_mg_kg_ti3349,LGP-BA LV8,,,1024.85,1595.159313123826,570.3093131238261
digest_mg_kg_ti3349,LV-14,,,165.94,1710.076306768733,1544.136306768733
digest_mg_kg_ti3349,LV-18,,,167.66,1710.076306768733,1542.416306768733
digest_mg_kg_ti3349,MD-BJA1,,,123.5,175.54519025462423,52.04519025462423
digest_mg_kg_ti3349,MD-UN11,,,124.3,165.67020916272747,41.37020916272748
digest_mg_kg_ti3349,MD-UN6,,,96.12,176.37080510511467,80.25080510511467
digest_mg_kg_ti3349,ME-A1-1,,,1090.73,1817.2238785984268,726.4938785984268
digest_mg_kg_ti3349,ME-A2-3,,,1142.0,1817.2238785984268,675.2238785984268
digest_mg_kg_ti3349,ME-B1-2,,,1426.0,1823.476279301211,397.476279301211
digest_mg_kg_ti3349,ME-c2-3,,,3234.59,1812.9418532457441,-1421.648146754256
digest_mg_kg_ti3349,ME-C3-1,,,1344.69,1812.9418532457441,468.2518532457441
digest_mg_kg_ti3349,HK-1,,,401.5,903.1147886178974,501.6147886178974
digest_mg_kg_ti3349,HK-2,,,518.78,903.0460574188377,384.2660574188377
digest_mg_kg_ti3349,HK-3,,,468.73,904.5015918590129,435.7715918590129
digest_mg_kg_ti3349,HK-4,,,215.31,881.0445188986761,665.734518898676
digest_mg_kg_ti3349,HK-5,,,669.62,900.478379036393,230.858379036393
digest_mg_kg_ti3349,MK-A6,,,1034.21,847.8298323934183,-186.38016760658172
digest_mg_kg_ti3349,MK-KYBjA6,,,1208.58,952.6589353921408,-255.92106460785908
digest_mg_kg_ti3349,MK-UN8,,,1192.46,847.8298323934183,-344.6301676065817
digest_mg_kg_ti3349,MFP-A1,,,793.81,296.37842851500335,-497.4315714849966
digest_mg_kg_ti3349,MFP-A2,,,984.87,296.37842851500335,-688.4915714849967
digest_mg_kg_ti3349,MFP-AAA,,,807.6,240.68060756147827,-566.9193924385218
digest_mg_kg_ti3349,MFP-d,,,885.13,296.0536239598793,-589.0763760401207
digest_mg_kg_ti3349,MS-11,,,29.82,434.50892484913373,404.68892484913374
digest_mg_kg_ti3349,MS-12,,,61.87,434.50892484913373,372.63892484913373
digest_mg_kg_ti3349,MS-5,,,30.6,434.50892484913373,403.9089248491337
digest_mg_kg_ti3349,MS-7,,,37.92,434.50892484913373,396.5889248491337
digest_mg_kg_ti3349,ON-10,,,347.88,1244.7257992102996,896.8457992102996
digest_mg_kg_ti3349,OR-4,,,302.61,921.08635833535,618.47635833535
digest_mg_kg_ti3349,OR-8,,,282.6,1135.0077128712203,852.4077128712203
digest_mg_kg_ti3349,AV1-1,,,267.57,90.69979520197059,-176.87020479802942
digest_mg_kg_ti3349,AV1-8,,,416.17,95.08744727668352,-321.0825527233165
digest_mg_kg_ti3349,AV2-1,,,333.6,93.1407356402404,-240.45926435975963
digest_mg_kg_ti3349,AV3-1,,,336.93,86.4886016849424,-250.4413983150576
digest_mg_kg_ti3349,AV3-7,,,406.99,98.75881257658642,-308.2311874234136
digest_mg_kg_ti3349,BP1-1,,,310.64,93.87223347196343,-216.76776652803656
digest_mg_kg_ti3349,BP1-8,,,277.7,101.4085080124673,-176.2914919875327
digest_mg_kg_ti3349,BP2-1,,,514.47,97.1238630585845,-417.3461369414155
digest_mg_kg_ti3349,BP3-1,,,246.49,95.22183961152972,-151.26816038847028
digest_mg_kg_ti3349,BP3-8,,,297.11,101.32124868618196,-195.78875131381807
digest_mg_kg_ti3349,HV1-8,,,203.29,132.412305869441,-70.87769413055898
digest_mg_kg_ti3349,HV2-5,,,232.87,138.09709169907245,-94.77290830092755
digest_mg_kg_ti3349,HV3-1,,,191.65,95.44417673707358,-96.20582326292643
digest_mg_kg_ti3349,HV3-9,,,169.5,150.81340790861296,-18.68659209138704
digest_mg_kg_ti3349,KR-1,,,359.5,70.61672451906861,-288.8832754809314
digest_mg_kg_ti3349,KR-2,,,281.86,71.8995438527772,-209.96045614722283
digest_mg_kg_ti3349,KR-4,,,133.4,329.34602211077873,195.94602211077873
digest_mg_kg_ti3349,MF1-1,,,368.16,953.8167701444104,585.6567701444103
digest_mg_kg_ti3349,MF1-6,,,292.22,894.2288396108604,602.0088396108604
digest_mg_kg_ti3349,MF2-1,,,418.24,893.1843030651108,474.94430306511083
digest_mg_kg_ti3349,MF3-1,,,427.74,898.7909502443885,471.05095024438845
digest_mg_kg_ti3349,MFX-2,,,446.02,882.123711759071,436.1037117590711
digest_mg_kg_ti3349,MSP1-1,,,370.92,493.6401247045215,122.72012470452148
digest_mg_kg_ti3349,MSP1-4,,,363.97,521.0313213002572,157.0613213002572
digest_mg_kg_ti3349,MSP2-1,,,399.8,492.0664903911526,92.26649039115262
digest_mg_kg_ti3349,MSP3-1,,,224.75,457.8805492425946,233.1305492425946
digest_mg_kg_ti3349,MSP3-4,,,258.88,515.2279423618687,256.3479423618687
digest_mg_kg_ti3349,MW2-1,,,871.54,996.3840124601583,124.8440124601583
digest_mg_kg_ti3349,NP1-1,,,255.49,897.7052416394973,642.2152416394973
digest_mg_kg_ti3349,NP2-1,,,337.88,988.0562309629439,650.1762309629439
digest_mg_kg_ti3349,NP3-1,,,318.26,938.4160347942395,620.1560347942395
digest_mg_kg_ti3349,NP3-4,,,232.27,898.5455002512845,666.2755002512845
digest_mg_kg_ti3349,NP4-5,,,43.29,1094.8312603591337,1051.5412603591337
digest_mg_kg_ti3349,RM1-1,,,388.05,70.94926498729092,-317.1007350127091
digest_mg_kg_ti3349,RM1-8,,,267.27,71.19138559065387,-196.07861440934613
digest_mg_kg_ti3349,RM2-1,,,282.04,70.4395731266714,-211.60042687332862
digest_mg_kg_ti3349,RM3-1,,,325.25,70.5666228617747,-254.6833771382253
digest_mg_kg_ti3349,RM3-8,,,302.88,70.74025674521971,-232.13974325478029
digest_mg_kg_ti3349,SH1-1,,,115.49,242.41289097528727,126.92289097528727
digest_mg_kg_ti3349,SH1-6,,,67.13,232.58193164326707,165.45193164326707
digest_mg_kg_ti3349,SH2-1,,,195.72,240.00898882131034,44.28898882131034
digest_mg_kg_ti3349,SH3-2,,,144.58,189.39151583127693,44.81151583127692
digest_mg_kg_ti3349,SH3-8,,,60.93,67.90759937131212,6.977599371312117
digest_mg_kg_ti3349,TGV1-1,,,138.35,389.25769586403186,250.90769586403187
digest_mg_kg_ti3349,TGV1-8,,,204.66,156.0374789233953,-48.6225210766047
digest_mg_kg_ti3349,TGV2-1,,,348.09,131.40125806378154,-216.68874193621843
digest_mg_kg_ti3349,TGV3-1,,,206.31,435.1532055412958,228.8432055412958
digest_mg_kg_ti3349,TGV3-9,,,200.9,223.4199120309565,22.519912030956505
digest_mg_kg_ti3349,TN1-1,,,212.33,171.20229770209193,-41.12770229790809
digest_mg_kg_ti3349,TN1-8,,,289.3,357.96386487615695,68.66386487615694
digest_mg_kg_ti3349,TN2-1,,,310.24,200.6553386076534,-109.58466139234662
digest_mg_kg_ti3349,TN3-1,,,164.3,229.80346075615256,65.50346075615255
digest_mg_kg_ti3349,TN3-5,,,186.65,537.7905115618131,351.1405115618131
digest_mg_kg_ti3349,CB-CMBjA1,,,155.16,347.661384229763,192.50138422976298
digest_mg_kg_ti3349,CB-iH5,,,753.29,307.14604761298466,-446.1439523870153
digest_mg_kg_ti3349,VV-0,,,19.94,191.3056389289504,171.3656389289504
digest_mg_kg_ti3349,VV-d,,,16.53,191.3056389289504,174.7756389289504
digest_mg_kg_ti3349,VV-J,,,34.17,191.3056389289504,157.1356389289504
digest_mg_kg_ti3349,VV-L,,,22.09,191.3056389289504,169.2156389289504
digest_mg_kg_ti3349,WV-BA 1,,,58.23,196.56815338877138,138.3381533887714
digest_mg_kg_ti3349,WV-UNN 1,,,85.5,155.09039363373662,69.59039363373662
digest_mg_kg_ti3349,WV-UNN 3,,,72.59,155.09039363373662,82.50039363373662
digest_mg_kg_ti3349,WV-UNN-2,,,76.79,155.09039363373662,78.30039363373662
digest_mg_kg_ti3349,WV-ZS 2,,,100.6,187.35209389578446,86.75209389578447
digest_mg_kg_v_2924,BS-607,,,50.6,23.457481812115745,-27.142518187884257
digest_mg_kg_v_2924,BS-610,,,51.1,23.009585432186608,-28.090414567813394
digest_mg_kg_v_2924,BS-618,,,33.57,23.43170680712579,-10.138293192874212
digest_mg_kg_v_2924,BPS-1,,,16.14,21.72555172302104,5.585551723021041
digest_mg_kg_v_2924,BPS-18,,,26.69,31.384741760147133,4.6947417601471315
digest_mg_kg_v_2924,BPS-22,,,13.65,31.11830846678727,17.46830846678727
digest_mg_kg_v_2924,BPS-25,,,14.64,36.9965000476499,22.356500047649902
digest_mg_kg_v_2924,BPS-5,,,18.31,37.01207796269232,18.702077962692318
digest_mg_kg_v_2924,CK-20B,,,50.5,46.64352179117999,-3.8564782088200076
digest_mg_kg_v_2924,CK1-100B,,,40.14,48.86684331841215,8.72684331841215
digest_mg_kg_v_2924,CK2-100A,,,52.81,48.86685918311249,-3.9431408168875137
digest_mg_kg_v_2924,CK2-100B,,,36.47,48.68850373846951,12.218503738469508
digest_mg_kg_v_2924,CM-2 1,,,26.79,38.873945576578755,12.083945576578756
digest_mg_kg_v_2924,CM-4,,,23.85,39.2201388479826,15.370138847982595
digest_mg_kg_v_2924,CM-PA 3-10,,,24.25,39.25357295174761,15.003572951747607
digest_mg_kg_v_2924,CM-PA 30,,,22.04,39.2201388479826,17.180138847982597
digest_mg_kg_v_2924,CM2 (OM),,,24.75,38.89835870867045,14.14835870867045
digest_mg_kg_v_2924,LC1-5,,,24.85,13.919760786717385,-10.930239213282617
digest_mg_kg_v_2924,LGP (3-4),,,19.25,13.78643194319821,-5.46356805680179
digest_mg_kg_v_2924,LGP (BA 1-3),,,24.19,13.920425149460625,-10.269574850539376
digest_mg_kg_v_2924,CR-0819,,,4.2,17.57181027378916,13.371810273789162
digest_mg_kg_v_2924,CR-0821,,,4.19,17.57181027378916,13.38181027378916
digest_mg_kg_v_2924,CR-0826,,,1.51,17.57181027378916,16.06181027378916
digest_mg_kg_v_2924,CR-0828,,,3.52,17.57181027378916,14.051810273789162
digest_mg_kg_v_2924,CR-0833,,,5.42,17.57181027378916,12.151810273789161
digest_mg_kg_v_2924,CS-CR2,,,15.13,11.90424636758332,-3.22575363241668
digest_mg_kg_v_2924,CS-CR5,,,14.23,6.986753082064714,-7.243246917935286
digest_mg_kg_v_2924,CS-CR7,,,10.44,8.468059804158347,-1.9719401958416523
digest_mg_kg_v_2924,CS-CR9,,,22.26,8.46673746757334,-13.793262532426661
digest_mg_kg_v_2924,DS1(1-2),,,23.19,29.6253146924811,6.4353146924811
digest_mg_kg_v_2924,DS2(1-2),,,18.84,22.81668995632659,3.9766899563265916
digest_mg_kg_v_2924,DA-1,,,21.08,14.489961815754976,-6.590038184245023
digest_mg_kg_v_2924,DA-3,,,42.57,14.489961815754976,-28.080038184245026
digest_mg_kg_v_2924,DA-4,,,41.77,14.489961815754976,-27.28003818424503
digest_mg_kg_v_2924,DA-5,,,25.05,14.489961815754976,-10.560038184245025
digest_mg_kg_v_2924,DA-6,,,25.3,14.489961815754976,-10.810038184245025
digest_mg_kg_v_2924,GE-A1-3,,,46.08,50.1287554325495,4.048755432549498
digest_mg_kg_v_2924,GE-A2-2,,,51.2,50.12801109328093,-1.0719889067190707
digest_mg_kg_v_2924,GE-B1-3,,,47.71,50.88264892403422,3.1726489240342204
digest_mg_kg_v_2924,GE-C2-3,,,41.57,53.02401810799007,11.454018107990066
digest_mg_kg_v_2924,GE-C3-2,,,47.7,52.567196524008665,4.867196524008662
digest_mg_kg_v_2924,HS-1,,,42.77,22.26344022127326,-20.506559778726743
digest_mg_kg_v_2924,HS-2,,,38.4,23.113074081859292,-15.286925918140707
digest_mg_kg_v_2924,HS-3,,,47.6,20.080883986874923,-27.51911601312508
digest_mg_kg_v_2924,HS-4,,,48.5,22.594978077966893,-25.905021922033107
digest_mg_kg_v_2924,HS-7,,,95.71,22.641391583082395,-73.0686084169176
digest_mg_kg_v_2924,HC-BA1,,,32.01,38.4660278452809,6.4560278452809
digest_mg_kg_v_2924,HC-BA2,,,22.01,38.055404248319654,16.045404248319652
digest_mg_kg_v_2924,HC-Z5-1,,,25.96,33.24521453567252,7.285214535672516
digest_mg_kg_v_2924,HC-ZS2,,,26.69,33.50312152195785,6.81312152195785
digest_mg_kg_v_2924,HVY-4A,,,54.47,40.83414342643316,-13.63585657356684
digest_mg_kg_v_2924,HVY-5A,,,94.48,40.83414342643316,-53.645856573566846
digest_mg_kg_v_2924,HVY-9054A,,,82.76,38.56683829091028,-44.19316170908972
digest_mg_kg_v_2924,HVY-9062A,,,62.87,43.30926450346321,-19.560735496536786
digest_mg_kg_v_2924,HVY-9130A,,,77.96,37.719765372190615,-40.24023462780938
digest_mg_kg_v_2924,HD-10,,,13.45,18.58364458122608,5.133644581226079
digest_mg_kg_v_2924,HD-14,,,15.14,18.8113219330638,3.671321933063801
digest_mg_kg_v_2924,HD-6,,,10.2,18.828267218672888,8.628267218672889
digest_mg_kg_v_2924,HG-3,,,23.66,16.67080180484761,-6.98919819515239
digest_mg_kg_v_2924,HG-54,,,14.5,15.973920265315762,1.473920265315762
digest_mg_kg_v_2924,HG-6,,,23.89,50.12757900328688,26.237579003286882
digest_mg_kg_v_2924,HG-8,,,18.0,28.102408933645005,10.102408933645005
digest_mg_kg_v_2924,HG-9,,,13.58,15.38321702041547,1.8032170204154703
digest_mg_kg_v_2924,HM-2,,,18.69,19.85878537767445,1.1687853776744497
digest_mg_kg_v_2924,HM-3,,,18.9,19.858792643117216,0.9587926431172171
digest_mg_kg_v_2924,HM-5,,,31.59,19.91312422403207,-11.676875775967929
digest_mg_kg_v_2924,HM-6,,,29.46,20.205258507792628,-9.254741492207373
digest_mg_kg_v_2924,LI-10,,,25.5,14.21574132949825,-11.28425867050175
digest_mg_kg_v_2924,LI-11,,,28.01,14.541350746430394,-13.468649253569607
digest_mg_kg_v_2924,LI-12,,,26.99,14.541350746430394,-12.448649253569604
digest_mg_kg_v_2924,LI-13,,,24.95,14.541350746430394,-10.408649253569605
digest_mg_kg_v_2924,LI-14,,,35.3,14.541350746430394,-20.7586492535696
digest_mg_kg_v_2924,LI-15,,,30.92,14.541350746430394,-16.378649253569606
digest_mg_kg_v_2924,LI-4,,,34.27,14.141388549200357,-20.128611450799646
digest_mg_kg_v_2924,LI-5,,,31.0,14.141388549200357,-16.858611450799643
digest_mg_kg_v_2924,LI-6,,,28.46,14.141388549200357,-14.318611450799644
digest_mg_kg_v_2924,LI-9,,,3.07,14.21574132949825,11.14574132949825
digest_mg_kg_v_2924,LGP-BA LV8,,,20.08,53.4679984226398,33.387998422639804
digest_mg_kg_v_2924,LV-14,,,9.66,51.6346393823456,41.9746393823456
digest_mg_kg_v_2924,LV-18,,,7.68,51.6346393823456,43.9546393823456
digest_mg_kg_v_2924,MD-BJA1,,,19.5,28.848411877114163,9.348411877114163
digest_mg_kg_v_2924,MD-UN11,,,30.08,29.17397786232113,-0.9060221376788675
digest_mg_kg_v_2924,MD-UN6,,,18.43,28.901899852403233,10.471899852403233
digest_mg_kg_v_2924,ME-A1-1,,,31.25,47.90184537536963,16.651845375369632
digest_mg_kg_v_2924,ME-A2-3,,,43.3,47.90184537536963,4.601845375369635
digest_mg_kg_v_2924,ME-B1-2,,,52.0,47.6759001890361,-4.324099810963901
digest_mg_kg_v_2924,ME-c2-3,,,80.32,47.25649686073993,-33.063503139260064
digest_mg_kg_v_2924,ME-C3-1,,,53.31,47.25649686073993,-6.053503139260073
digest_mg_kg_v_2924,HK-1,,,4.29,36.20627742188609,31.916277421886093
digest_mg_kg_v_2924,HK-2,,,10.24,36.20500121450452,25.965001214504518
digest_mg_kg_v_2924,HK-3,,,10.06,36.23205717037916,26.172057170379155
digest_mg_kg_v_2924,HK-4,,,4.08,35.818879437307,31.738879437307
digest_mg_kg_v_2924,HK-5,,,9.76,36.24101690075041,26.48101690075041
digest_mg_kg_v_2924,MK-A6,,,41.35,35.454503876405404,-5.895496123594597
digest_mg_kg_v_2924,MK-KYBjA6,,,43.21,37.493816526865174,-5.716183473134826
digest_mg_kg_v_2924,MK-UN8,,,60.42,35.454503876405404,-24.965496123594598
digest_mg_kg_v_2924,MFP-A1,,,16.27,20.553491737396353,4.2834917373963535
digest_mg_kg_v_2924,MFP-A2,,,14.43,20.553491737396353,6.123491737396353
digest_mg_kg_v_2924,MFP-AAA,,,11.4,19.333334163989104,7.9333341639891035
digest_mg_kg_v_2924,MFP-d,,,10.88,20.568886035338565,9.688886035338564
digest_mg_kg_v_2924,MS-11,,,5.96,20.430344052311217,14.470344052311216
digest_mg_kg_v_2924,MS-12,,,5.94,20.430344052311217,14.490344052311215
digest_mg_kg_v_2924,MS-5,,,8.9,20.430344052311217,11.530344052311216
digest_mg_kg_v_2924,MS-7,,,4.29,20.430344052311217,16.140344052311217
digest_mg_kg_v_2924,ON-10,,,30.75,40.90429544147187,10.154295441471866
digest_mg_kg_v_2924,OR-4,,,33.67,35.58405863523258,1.9140586352325784
digest_mg_kg_v_2924,OR-8,,,57.85,37.562506847790324,-20.287493152209677
digest_mg_kg_v_2924,AV1-1,,,31.12,18.750772571969563,-12.369227428030438
digest_mg_kg_v_2924,AV1-8,,,52.1,19.748929754327524,-32.351070245672474
digest_mg_kg_v_2924,AV2-1,,,46.62,19.46767280855559,-27.152327191444407
digest_mg_kg_v_2924,AV3-1,,,47.9,18.280777027024545,-29.619222972975454
digest_mg_kg_v_2924,AV3-7,,,25.15,20.08186658233863,-5.068133417661368
digest_mg_kg_v_2924,BP1-1,,,55.47,19.575179813306576,-35.89482018669342
digest_mg_kg_v_2924,BP1-8,,,38.1,20.318597122901878,-17.781402877098124
digest_mg_kg_v_2924,BP2-1,,,157.39,20.13693592244292,-137.25306407755707
digest_mg_kg_v_2924,BP3-1,,,40.68,19.755118489961276,-20.924881510038723
digest_mg_kg_v_2924,BP3-8,,,35.36,20.369115931787302,-14.990884068212697
digest_mg_kg_v_2924,HV1-8,,,42.91,21.55334632566671,-21.356653674333288
digest_mg_kg_v_2924,HV2-5,,,31.47,22.45589303016927,-9.014106969830728
digest_mg_kg_v_2924,HV3-1,,,29.32,20.193137314253313,-9.126862685746687
digest_mg_kg_v_2924,HV3-9,,,34.8,21.78942164316114,-13.010578356838856
digest_mg_kg_v_2924,KR-1,,,12.7,20.452678440676248,7.752678440676249
digest_mg_kg_v_2924,KR-2,,,11.82,20.468154137183983,8.648154137183983
digest_mg_kg_v_2924,KR-4,,,29.8,19.241887937596307,-10.558112062403694
digest_mg_kg_v_2924,MF1-1,,,20.96,36.42622586232154,15.466225862321537
digest_mg_kg_v_2924,MF1-6,,,18.06,31.01943911180656,12.95943911180656
digest_mg_kg_v_2924,MF2-1,,,28.16,31.133540692168992,2.973540692168992
digest_mg_kg_v_2924,MF3-1,,,28.44,31.44322625433461,3.00322625433461
digest_mg_kg_v_2924,MFX-2,,,28.49,33.56239894142219,5.07239894142219
digest_mg_kg_v_2924,MSP1-1,,,11.75,17.563520707062196,5.813520707062196
digest_mg_kg_v_2924,MSP1-4,,,14.67,16.952900265610666,2.2829002656106656
digest_mg_kg_v_2924,MSP2-1,,,13.75,19.20075977420056,5.450759774200559
digest_mg_kg_v_2924,MSP3-1,,,6.79,18.1449689230641,11.3549689230641
digest_mg_kg_v_2924,MSP3-4,,,8.48,17.212342370598122,8.732342370598122
digest_mg_kg_v_2924,MW2-1,,,25.65,34.504772365495505,8.854772365495506
digest_mg_kg_v_2924,NP1-1,,,13.57,33.615243705995056,20.045243705995055
digest_mg_kg_v_2924,NP2-1,,,11.72,37.79575247748092,26.07575247748092
digest_mg_kg_v_2924,NP3-1,,,13.17,35.07111387535938,21.90111387535938
digest_mg_kg_v_2924,NP3-4,,,10.56,34.74745894157237,24.187458941572366
digest_mg_kg_v_2924,NP4-5,,,4.01,39.50666316249678,35.49666316249678
digest_mg_kg_v_2924,RM1-1,,,42.63,19.376829813817256,-23.253170186182746
digest_mg_kg_v_2924,RM1-8,,,28.94,19.74538045302248,-9.19461954697752
digest_mg_kg_v_2924,RM2-1,,,48.7,19.308175162423048,-29.391824837576955
digest_mg_kg_v_2924,RM3-1,,,52.91,19.338032864501013,-33.57196713549898
digest_mg_kg_v_2924,RM3-8,,,34.89,19.64762145035876,-15.242378549641241
digest_mg_kg_v_2924,SH1-1,,,16.7,19.322315943349864,2.6223159433498644
digest_mg_kg_v_2924,SH1-6,,,20.32,19.850123550217997,-0.46987644978200294
digest_mg_kg_v_2924,SH2-1,,,22.31,19.23643175630385,-3.0735682436961476
digest_mg_kg_v_2924,SH3-2,,,25.6,19.20457180092201,-6.39542819907799
digest_mg_kg_v_2924,SH3-8,,,29.72,19.60194627986126,-10.11805372013874
digest_mg_kg_v_2924,TGV1-1,,,29.92,15.877139854718134,-14.042860145281868
digest_mg_kg_v_2924,TGV1-8,,,16.37,21.639030288036423,5.269030288036422
digest_mg_kg_v_2924,TGV2-1,,,20.68,20.796486168976195,0.1164861689761949
digest_mg_kg_v_2924,TGV3-1,,,11.02,24.581493134451833,13.561493134451833
digest_mg_kg_v_2924,TGV3-9,,,32.73,23.381260130810816,-9.348739869189181
digest_mg_kg_v_2924,TN1-1,,,34.29,22.792832416562167,-11.497167583437832
digest_mg_kg_v_2924,TN1-8,,,32.9,27.608095119992278,-5.291904880007721
digest_mg_kg_v_2924,TN2-1,,,36.04,22.85135672687523,-13.188643273124768
digest_mg_kg_v_2924,TN3-1,,,34.6,24.83962806813826,-9.76037193186174
digest_mg_kg_v_2924,TN3-5,,,34.24,30.436595175833837,-3.803404824166165
digest_mg_kg_v_2924,CB-CMBjA1,,,25.79,19.461439007986893,-6.328560992013106
digest_mg_kg_v_2924,CB-iH5,,,32.53,22.006720815129302,-10.523279184870699
digest_mg_kg_v_2924,VV-0,,,0.5,35.436013983204184,34.936013983204184
digest_mg_kg_v_2924,VV-d,,,3.13,35.436013983204184,32.30601398320418
digest_mg_kg_v_2924,VV-J,,,3.91,35.436013983204184,31.526013983204184
digest_mg_kg_v_2924,VV-L,,,7.53,35.436013983204184,27.906013983204183
digest_mg_kg_v_2924,WV-BA 1,,,13.76,24.046037102060893,10.286037102060893
digest_mg_kg_v_2924,WV-UNN 1,,,24.3,25.256382724609445,0.9563827246094441
digest_mg_kg_v_2924,WV-UNN 3,,,17.87,25.256382724609445,7.386382724609444
digest_mg_kg_v_2924,WV-UNN-2,,,25.6,25.256382724609445,-0.34361727539055664
digest_mg_kg_v_2924,WV-ZS 2,,,10.76,24.074557218883935,13.314557218883936
digest_mg_kg_zn2138,BS-607,,,22.75,39.990099740834786,17.240099740834786
digest_mg_kg_zn2138,BS-610,,,20.14,39.098525394384254,18.958525394384253
digest_mg_kg_zn2138,BS-618,,,13.43,39.859543391337105,26.429543391337106
digest_mg_kg_zn2138,BPS-1,,,11.95,41.92567505736213,29.97567505736213
digest_mg_kg_zn2138,BPS-18,,,17.43,32.529073165702435,15.099073165702436
digest_mg_kg_zn2138,BPS-22,,,13.45,32.96021568546719,19.51021568546719
digest_mg_kg_zn2138,BPS-25,,,15.34,34.49222362404468,19.152223624044677
digest_mg_kg_zn2138,BPS-5,,,11.37,34.49812476073021,23.12812476073021
digest_mg_kg_zn2138,CK-20B,,,78.9,41.46214536873033,-37.43785463126967
digest_mg_kg_zn2138,CK1-100B,,,64.84,42.305752431529186,-22.534247568470818
digest_mg_kg_zn2138,CK2-100A,,,81.22,42.30576194631639,-38.91423805368361
digest_mg_kg_zn2138,CK2-100B,,,61.62,42.614686189081716,-19.00531381091828
digest_mg_kg_zn2138,CM-2 1,,,71.22,36.48162391318607,-34.73837608681393
digest_mg_kg_zn2138,CM-4,,,49.4,36.22388707068385,-13.176112929316147
digest_mg_kg_zn2138,CM-PA 3-10,,,68.21,36.24675808171661,-31.963241918283387
digest_mg_kg_zn2138,CM-PA 30,,,67.23,36.22388707068385,-31.006112929316153
digest_mg_kg_zn2138,CM2 (OM),,,61.52,36.45745459948835,-25.062545400511652
digest_mg_kg_zn2138,LC1-5,,,53.88,57.01388495249532,3.1338849524953147
digest_mg_kg_zn2138,LGP (3-4),,,60.02,57.532775456771404,-2.4872245432285993
digest_mg_kg_zn2138,LGP (BA 1-3),,,63.0,57.011382365961815,-5.988617634038185
digest_mg_kg_zn2138,CR-0819,,,131.3,59.188424619116375,-72.11157538088364
digest_mg_kg_zn2138,CR-0821,,,75.85,59.188424619116375,-16.66157538088362
digest_mg_kg_zn2138,CR-0826,,,80.75,59.188424619116375,-21.561575380883625
digest_mg_kg_zn2138,CR-0828,,,80.28,59.188424619116375,-21.091575380883626
digest_mg_kg_zn2138,CR-0833,,,47.09,59.188424619116375,12.098424619116372
digest_mg_kg_zn2138,CS-CR2,,,53.11,60.429327459861454,7.319327459861455
digest_mg_kg_zn2138,CS-CR5,,,109.42,70.87298522612477,-38.54701477387523
digest_mg_kg_zn2138,CS-CR7,,,41.77,69.90120721460664,28.13120721460664
digest_mg_kg_zn2138,CS-CR9,,,74.55,69.90473926395165,-4.645260736048343
digest_mg_kg_zn2138,DS1(1-2),,,29.52,41.356455516531256,11.836455516531256
digest_mg_kg_zn2138,DS2(1-2),,,29.16,23.726886574859634,-5.433113425140366
digest_mg_kg_zn2138,DA-1,,,19.08,35.45637056701589,16.37637056701589
digest_mg_kg_zn2138,DA-3,,,19.38,35.45637056701589,16.07637056701589
digest_mg_kg_zn2138,DA-4,,,21.79,35.45637056701589,13.666370567015889
digest_mg_kg_zn2138,DA-5,,,24.45,35.45637056701589,11.006370567015889
digest_mg_kg_zn2138,DA-6,,,15.74,35.45637056701589,19.716370567015886
digest_mg_kg_zn2138,GE-A1-3,,,31.29,50.22347126505854,18.933471265058543
digest_mg_kg_zn2138,GE-A2-2,,,35.24,50.224620919774175,14.984620919774173
digest_mg_kg_zn2138,GE-B1-3,,,33.76,50.01918456577651,16.259184565776515
digest_mg_kg_zn2138,GE-C2-3,,,34.64,46.849663835552725,12.209663835552725
digest_mg_kg_zn2138,GE-C3-2,,,36.9,46.78158747807806,9.88158747807806
digest_mg_kg_zn2138,HS-1,,,55.35,61.61132646096929,6.261326460969286
digest_mg_kg_zn2138,HS-2,,,50.8,65.23201094132588,14.432010941325885
digest_mg_kg_zn2138,HS-3,,,62.7,74.07233570106511,11.372335701065111
digest_mg_kg_zn2138,HS-4,,,61.42,62.84816683497886,1.4281668349788603
digest_mg_kg_zn2138,HS-7,,,61.28,73.12666002136459,11.846660021364585
digest_mg_kg_zn2138,HC-BA1,,,17.4,27.959160793253666,10.559160793253668
digest_mg_kg_zn2138,HC-BA2,,,47.41,27.89152809592981,-19.518471904070186
digest_mg_kg_zn2138,HC-Z5-1,,,14.29,27.79599625231497,13.505996252314972
digest_mg_kg_zn2138,HC-ZS2,,,18.35,26.96025437014204,8.610254370142037
digest_mg_kg_zn2138,HVY-4A,,,36.68,43.35088905332466,6.670889053324657
digest_mg_kg_zn2138,HVY-5A,,,53.51,43.35088905332466,-10.15911094667534
digest_mg_kg_zn2138,HVY-9054A,,,53.13,45.46288520276226,-7.667114797237744
digest_mg_kg_zn2138,HVY-9062A,,,40.12,44.411514968854085,4.291514968854088
digest_mg_kg_zn2138,HVY-9130A,,,48.0,45.480746270020646,-2.5192537299793543
digest_mg_kg_zn2138,HD-10,,,36.95,25.75390408390245,-11.196095916097551
digest_mg_kg_zn2138,HD-14,,,50.9,25.76196502604954,-25.138034973950457
digest_mg_kg_zn2138,HD-6,,,28.0,25.710493939943344,-2.289506060056656
digest_mg_kg_zn2138,HG-3,,,30.99,35.42509514151815,4.4350951415181505
digest_mg_kg_zn2138,HG-54,,,24.4,28.34468008144238,3.9446800814423817
digest_mg_kg_zn2138,HG-6,,,33.47,48.21392031097894,14.743920310978943
digest_mg_kg_zn2138,HG-8,,,25.7,59.98830673964584,34.28830673964585
digest_mg_kg_zn2138,HG-9,,,21.53,31.629240630233763,10.099240630233762
digest_mg_kg_zn2138,HM-2,,,31.01,34.97217911949554,3.9621791194955414
digest_mg_kg_zn2138,HM-3,,,36.0,34.97212283668226,-1.02787716331774
digest_mg_kg_zn2138,HM-5,,,55.94,34.78250034994317,-21.157499650056828
digest_mg_kg_zn2138,HM-6,,,48.5,35.26471429489563,-13.235285705104367
digest_mg_kg_zn2138,LI-10,,,48.3,58.7727473158194,10.472747315819404
digest_mg_kg_zn2138,LI-11,,,15.56,60.94856931206232,45.388569312062316
digest_mg_kg_zn2138,LI-12,,,13.25,60.94856931206232,47.69856931206232
digest_mg_kg_zn2138,LI-13,,,14.27,60.94856931206232,46.67856931206232
digest_mg_kg_zn2138,LI-14,,,18.2,60.94856931206232,42.748569312062315
digest_mg_kg_zn2138,LI-15,,,16.67,60.94856931206232,44.27856931206232
digest_mg_kg_zn2138,LI-4,,,41.78,58.64446641189376,16.86446641189376
digest_mg_kg_zn2138,LI-5,,,30.4,58.64446641189376,28.24446641189376
digest_mg_kg_zn2138,LI-6,,,28.16,58.64446641189376,30.48446641189376
digest_mg_kg_zn2138,LI-9,,,5.66,58.7727473158194,53.112747315819405
digest_mg_kg_zn2138,LGP-BA LV8,,,65.21,47.83131807362018,-17.378681926379812
digest_mg_kg_zn2138,LV-14,,,47.41,46.65518325683638,-0.7548167431636159
digest_mg_kg_zn2138,LV-18,,,50.1,46.65518325683638,-3.4448167431636207
digest_mg_kg_zn2138,MD-BJA1,,,18.4,49.726648992102994,31.326648992102996
digest_mg_kg_zn2138,MD-UN11,,,42.33,49.78687499031893,7.45687499031893
digest_mg_kg_zn2138,MD-UN6,,,29.58,49.64039898411865,20.06039898411865
digest_mg_kg_zn2138,ME-A1-1,,,27.62,44.70286288786504,17.082862887865037
digest_mg_kg_zn2138,ME-A2-3,,,35.2,44.70286288786504,9.502862887865035
digest_mg_kg_zn2138,ME-B1-2,,,41.0,44.788638027431524,3.7886380274315243
digest_mg_kg_zn2138,ME-c2-3,,,59.24,43.708242651973435,-15.531757348026566
digest_mg_kg_zn2138,ME-C3-1,,,42.79,43.708242651973435,0.9182426519734364
digest_mg_kg_zn2138,HK-1,,,27.35,67.27355138210072,39.92355138210072
digest_mg_kg_zn2138,HK-2,,,32.93,67.27504440540528,34.34504440540528
digest_mg_kg_zn2138,HK-3,,,29.28,67.24317259742821,37.96317259742821
digest_mg_kg_zn2138,HK-4,,,24.35,67.49527975609388,43.14527975609388
digest_mg_kg_zn2138,HK-5,,,39.04,67.86499235261664,28.82499235261664
digest_mg_kg_zn2138,MK-A6,,,89.64,69.67232112680215,-19.967678873197855
digest_mg_kg_zn2138,MK-KYBjA6,,,96.31,65.72658855876314,-30.583411441236862
digest_mg_kg_zn2138,MK-UN8,,,81.94,69.67232112680215,-12.267678873197852
digest_mg_kg_zn2138,MFP-A1,,,30.54,21.875417260333272,-8.664582739666727
digest_mg_kg_zn2138,MFP-A2,,,32.57,21.875417260333272,-10.694582739666728
digest_mg_kg_zn2138,MFP-AAA,,,26.9,21.72251241809182,-5.177487581908178
digest_mg_kg_zn2138,MFP-d,,,30.74,21.872688754151525,-8.867311245848473
digest_mg_kg_zn2138,MS-11,,,5.86,40.372214486308046,34.512214486308046
digest_mg_kg_zn2138,MS-12,,,8.65,40.372214486308046,31.722214486308047
digest_mg_kg_zn2138,MS-5,,,7.1,40.372214486308046,33.272214486308044
digest_mg_kg_zn2138,MS-7,,,6.09,40.372214486308046,34.28221448630805
digest_mg_kg_zn2138,ON-10,,,12.4,37.27702124928609,24.877021249286095
digest_mg_kg_zn2138,OR-4,,,12.42,32.81437196778745,20.39437196778745
digest_mg_kg_zn2138,OR-8,,,12.43,33.40780947070851,20.977809470708507
digest_mg_kg_zn2138,AV1-1,,,35.74,13.635832531199256,-22.104167468800746
digest_mg_kg_zn2138,AV1-8,,,41.42,15.145863780193796,-26.274136219806206
digest_mg_kg_zn2138,AV2-1,,,38.17,14.913236703770389,-23.256763296229614
digest_mg_kg_zn2138,AV3-1,,,36.83,13.664133855359218,-23.16586614464078
digest_mg_kg_zn2138,AV3-7,,,49.0,14.931278065861886,-34.06872193413811
digest_mg_kg_zn2138,BP1-1,,,27.34,15.036145264241005,-12.303854735758994
digest_mg_kg_zn2138,BP1-8,,,41.9,15.404143790048623,-26.495856209951377
digest_mg_kg_zn2138,BP2-1,,,37.23,15.840565845330524,-21.389434154669473
digest_mg_kg_zn2138,BP3-1,,,29.26,15.195923552182862,-14.06407644781714
digest_mg_kg_zn2138,BP3-8,,,40.14,16.02172701188423,-24.11827298811577
digest_mg_kg_zn2138,HV1-8,,,30.44,16.827475317845618,-13.612524682154383
digest_mg_kg_zn2138,HV2-5,,,38.55,16.29707900087656,-22.252920999123436
digest_mg_kg_zn2138,HV3-1,,,45.73,14.814604984554062,-30.915395015445934
digest_mg_kg_zn2138,HV3-9,,,29.8,16.329328004680686,-13.470671995319314
digest_mg_kg_zn2138,KR-1,,,74.3,15.986790283839408,-58.313209716160586
digest_mg_kg_zn2138,KR-2,,,74.65,15.78586665055572,-58.86413334944429
digest_mg_kg_zn2138,KR-4,,,46.1,20.622296868867455,-25.477703131132547
digest_mg_kg_zn2138,MF1-1,,,22.75,51.02498207962272,28.274982079622717
digest_mg_kg_zn2138,MF1-6,,,22.75,48.45940748898421,25.709407488984212
digest_mg_kg_zn2138,MF2-1,,,25.35,47.85296350821829,22.502963508218286
digest_mg_kg_zn2138,MF3-1,,,31.34,48.32127301786575,16.98127301786575
digest_mg_kg_zn2138,MFX-2,,,34.26,47.25397318245836,12.993973182458362
digest_mg_kg_zn2138,MSP1-1,,,27.99,25.43061859456972,-2.5593814054302797
digest_mg_kg_zn2138,MSP1-4,,,29.54,31.335172005649007,1.7951720056490075
digest_mg_kg_zn2138,MSP2-1,,,32.47,29.17727472333282,-3.2927252766671806
digest_mg_kg_zn2138,MSP3-1,,,17.07,28.782168580302546,11.712168580302546
digest_mg_kg_zn2138,MSP3-4,,,24.65,30.768402661586723,6.118402661586725
digest_mg_kg_zn2138,MW2-1,,,35.57,49.31896009075342,13.748960090753421
digest_mg_kg_zn2138,NP1-1,,,215.57,49.962428568308404,-165.60757143169158
digest_mg_kg_zn2138,NP2-1,,,202.61,50.07498111613691,-152.5350188838631
digest_mg_kg_zn2138,NP3-1,,,223.15,52.21602371647561,-170.9339762835244
digest_mg_kg_zn2138,NP3-4,,,116.43,50.24933300586812,-66.18066699413188
digest_mg_kg_zn2138,NP4-5,,,12.12,46.329977909740144,34.20997790974015
digest_mg_kg_zn2138,RM1-1,,,35.56,28.04355588310685,-7.516444116893151
digest_mg_kg_zn2138,RM1-8,,,33.43,28.167654911328768,-5.262345088671232
digest_mg_kg_zn2138,RM2-1,,,23.55,27.69585663260972,4.145856632609718
digest_mg_kg_zn2138,RM3-1,,,30.96,27.839695913141252,-3.1203040868587486
digest_mg_kg_zn2138,RM3-8,,,37.87,27.59230258410367,-10.277697415896327
digest_mg_kg_zn2138,SH1-1,,,43.96,26.700906166015997,-17.259093833984004
digest_mg_kg_zn2138,SH1-6,,,42.33,28.999393767400566,-13.330606232599433
digest_mg_kg_zn2138,SH2-1,,,52.79,26.483651917332402,-26.306348082667597
digest_mg_kg_zn2138,SH3-2,,,60.24,26.425286622495364,-33.81471337750464
digest_mg_kg_zn2138,SH3-8,,,31.91,28.296790871085822,-3.6132091289141783
digest_mg_kg_zn2138,TGV1-1,,,57.23,15.980850545666648,-41.24914945433335
digest_mg_kg_zn2138,TGV1-8,,,36.71,15.405520147717105,-21.304479852282896
digest_mg_kg_zn2138,TGV2-1,,,37.95,14.865042279458795,-23.084957720541208
digest_mg_kg_zn2138,TGV3-1,,,32.16,22.09460188390937,-10.065398116090627
digest_mg_kg_zn2138,TGV3-9,,,32.04,15.184163585206267,-16.855836414793732
digest_mg_kg_zn2138,TN1-1,,,77.34,15.949223510225773,-61.39077648977423
digest_mg_kg_zn2138,TN1-8,,,81.1,20.827088524426312,-60.27291147557368
digest_mg_kg_zn2138,TN2-1,,,86.85,16.16277904516967,-70.68722095483032
digest_mg_kg_zn2138,TN3-1,,,90.4,16.125960531270206,-74.2740394687298
digest_mg_kg_zn2138,TN3-5,,,104.22,28.68329087973374,-75.53670912026627
digest_mg_kg_zn2138,CB-CMBjA1,,,26.29,36.864888616009054,10.574888616009055
digest_mg_kg_zn2138,CB-iH5,,,40.52,37.12681858165158,-3.3931814183484263
digest_mg_kg_zn2138,VV-0,,,0.25,28.22895172670252,27.97895172670252
digest_mg_kg_zn2138,VV-d,,,0.25,28.22895172670252,27.97895172670252
digest_mg_kg_zn2138,VV-J,,,0.8,28.22895172670252,27.42895172670252
digest_mg_kg_zn2138,VV-L,,,0.25,28.22895172670252,27.97895172670252
digest_mg_kg_zn2138,WV-BA 1,,,4.52,45.94362715865761,41.42362715865761
digest_mg_kg_zn2138,WV-UNN 1,,,21.9,18.998418561114008,-2.901581438885991
digest_mg_kg_zn2138,WV-UNN 3,,,11.24,18.998418561114008,7.7584185611140075
digest_mg_kg_zn2138,WV-UNN-2,,,18.15,18.998418561114008,0.8484185611140092
digest_mg_kg_zn2138,WV-ZS 2,,,5.18,48.75804573513683,43.57804573513683
ec_us_cm,BS-607,,,38.1,2793.21,2755.11
ec_us_cm,BS-610,,,41.4,2789.7400000000002,2748.34
ec_us_cm,BS-618,,,37.2,2793.21,2756.01
ec_us_cm,BPS-1,,,205.1,3682.1299999999997,3477.0299999999997
ec_us_cm,BPS-18,,,5730.9,2363.419999999999,-3367.4800000000005
ec_us_cm,BPS-22,,,5831.4,2375.3149999999996,-3456.085
ec_us_cm,BPS-25,,,1620.8,1149.4599999999998,-471.34000000000015
ec_us_cm,BPS-5,,,3179.0,1149.4599999999998,-2029.5400000000002
ec_us_cm,CK-20B,,,15.3,1177.81,1162.51
ec_us_cm,CK1-100B,,,36.0,1199.28,1163.28
ec_us_cm,CK2-100A,,,272.2,1199.28,927.0799999999999
ec_us_cm,CK2-100B,,,369.2,1199.28,830.0799999999999
ec_us_cm,CM-2 1,,,183.8,7313.540000000001,7129.740000000001
ec_us_cm,CM-4,,,198.6,7522.735000000001,7324.135
ec_us_cm,CM-PA 3-10,,,139.6,7522.735000000001,7383.135
ec_us_cm,CM-PA 30,,,242.4,7522.735000000001,7280.335000000001
ec_us_cm,CM2 (OM),,,153.0,7313.540000000001,7160.540000000001
ec_us_cm,LC1-5,,,172.7,2937.935,2765.235
ec_us_cm,LGP (3-4),,,96.7,2937.935,2841.235
ec_us_cm,LGP (BA 1-3),,,143.1,2937.935,2794.835
ec_us_cm,CR-0819,,,1992.9,3830.75,1837.85
ec_us_cm,CR-0821,,,3383.5,3830.75,447.25
ec_us_cm,CR-0826,,,3573.3,3830.75,257.4499999999998
ec_us_cm,CR-0828,,,4156.1,3830.75,-325.35000000000036
ec_us_cm,CR-0833,,,2574.7,3830.75,1256.0500000000002
ec_us_cm,CS-CR2,,,5942.0,2511.625,-3430.375
ec_us_cm,CS-CR5,,,5358.7,3328.3549999999996,-2030.3450000000003
ec_us_cm,CS-CR7,,,10769.5,3335.7699999999995,-7433.7300000000005
ec_us_cm,CS-CR9,,,3433.2,3335.7699999999995,-97.43000000000029
ec_us_cm,DS1(1-2),,,5995.7,3444.435,-2551.265
ec_us_cm,DS2(1-2),,,6714.2,1398.8649999999998,-5315.335
ec_us_cm,DA-1,,,117.3,2072.2149999999997,1954.9149999999997
ec_us_cm,DA-3,,,161.5,2072.2149999999997,1910.7149999999997
ec_us_cm,DA-4,,,103.1,2072.2149999999997,1969.1149999999998
ec_us_cm,DA-5,,,103.3,2072.2149999999997,1968.9149999999997
ec_us_cm,DA-6,,,121.1,2072.2149999999997,1951.1149999999998
ec_us_cm,GE-A1-3,,,280.7,1177.02,896.3199999999999
ec_us_cm,GE-A2-2,,,229.2,1177.02,947.8199999999999
ec_us_cm,GE-B1-3,,,280.1,1177.02,896.92
ec_us_cm,GE-C2-3,,,298.7,1170.0799999999997,871.3799999999997
ec_us_cm,GE-C3-2,,,230.6,1170.0799999999997,939.4799999999997
ec_us_cm,HS-1,,,80.6,4003.3250000000007,3922.725000000001
ec_us_cm,HS-2,,,20.1,3833.4,3813.3
ec_us_cm,HS-3,,,12.3,2622.4299999999994,2610.129999999999
ec_us_cm,HS-4,,,10.7,4003.325,3992.625
ec_us_cm,HS-7,,,20.5,3636.875000000001,3616.375000000001
ec_us_cm,HC-BA1,,,1693.0,3488.245,1795.245
ec_us_cm,HC-BA2,,,32.8,3488.245,3455.4449999999997
ec_us_cm,HC-Z5-1,,,1694.7,3561.5049999999997,1866.8049999999996
ec_us_cm,HC-ZS2,,,3512.0,3794.28,282.2800000000002
ec_us_cm,HVY-4A,,,285.9,1934.2549999999999,1648.355
ec_us_cm,HVY-5A,,,610.8,1934.2549999999999,1323.455
ec_us_cm,HVY-9054A,,,225.0,642.5600000000001,417.56000000000006
ec_us_cm,HVY-9062A,,,403.4,645.8299999999998,242.42999999999984
ec_us_cm,HVY-9130A,,,10418.0,847.7150000000001,-9570.285
ec_us_cm,HD-10,,,2213.0,563.2149999999999,-1649.785
ec_us_cm,HD-14,,,11659.3,563.2149999999999,-11096.085
ec_us_cm,HD-6,,,16559.6,357.5,-16202.099999999999
ec_us_cm,HG-3,,,31.8,1826.2600000000002,1794.4600000000003
ec_us_cm,HG-54,,,403.1,1622.0850000000003,1218.9850000000001
ec_us_cm,HG-6,,,7247.5,803.4599999999998,-6444.04
ec_us_cm,HG-8,,,4173.9,1959.81,-2214.0899999999997
ec_us_cm,HG-9,,,4703.2,1603.4099999999999,-3099.79
ec_us_cm,HM-2,,,24.6,6183.655,6159.054999999999
ec_us_cm,HM-3,,,53.8,6183.655,6129.855
ec_us_cm,HM-5,,,48.2,6185.285,6137.085
ec_us_cm,HM-6,,,44.6,6184.15,6139.549999999999
ec_us_cm,LI-10,,,203.0,2179.345,1976.3449999999998
ec_us_cm,LI-11,,,67.5,3676.1050000000005,3608.6050000000005
ec_us_cm,LI-12,,,138.3,3676.1050000000005,3537.8050000000003
ec_us_cm,LI-13,,,69.4,3676.1050000000005,3606.7050000000004
ec_us_cm,LI-14,,,145.1,3676.1050000000005,3531.0050000000006
ec_us_cm,LI-15,,,63.4,3676.1050000000005,3612.7050000000004
ec_us_cm,LI-4,,,102.2,2163.935,2061.735
ec_us_cm,LI-5,,,103.9,2163.935,2060.035
ec_us_cm,LI-6,,,83.0,2163.935,2080.935
ec_us_cm,LI-9,,,277.1,2179.345,1902.245
ec_us_cm,LGP-BA LV8,,,707.6,1166.025,458.42500000000007
ec_us_cm,LV-14,,,286.1,1154.605,868.505
ec_us_cm,LV-18,,,351.8,1154.605,802.8050000000001
ec_us_cm,MD-BJA1,,,618.9,6597.040000000001,5978.140000000001
ec_us_cm,MD-UN11,,,2564.6,6680.2,4115.6
ec_us_cm,MD-UN6,,,296.1,6597.040000000001,6300.9400000000005
ec_us_cm,ME-A1-1,,,976.1,1164.9149999999995,188.8149999999995
ec_us_cm,ME-A2-3,,,300.6,1164.9149999999995,864.3149999999995
ec_us_cm,ME-B1-2,,,179.6,1164.9149999999997,985.3149999999997
ec_us_cm,ME-c2-3,,,383.7,1164.9149999999997,781.2149999999997
ec_us_cm,ME-C3-1,,,277.9,1164.9149999999997,887.0149999999998
ec_us_cm,HK-1,,,13825.6,663.3149999999999,-13162.285
ec_us_cm,HK-2,,,13255.9,663.3149999999999,-12592.585
ec_us_cm,HK-3,,,125.1,663.3149999999999,538.2149999999999
ec_us_cm,HK-4,,,88.8,663.3149999999999,574.515
ec_us_cm,HK-5,,,142.8,663.315,520.5150000000001
ec_us_cm,MK-A6,,,5421.7,664.275,-4757.425
ec_us_cm,MK-KYBjA6,,,19415.9,678.9,-18737.0
ec_us_cm,MK-UN8,,,19185.9,664.275,-18521.625
ec_us_cm,MFP-A1,,,206.9,2194.8049999999994,1987.9049999999993
ec_us_cm,MFP-A2,,,145.8,2194.8049999999994,2049.004999999999
ec_us_cm,MFP-AAA,,,86.9,1837.1649999999997,1750.2649999999996
ec_us_cm,MFP-d,,,161.7,2194.8049999999994,2033.1049999999993
ec_us_cm,MS-11,,,36.0,1842.8649999999998,1806.8649999999998
ec_us_cm,MS-12,,,17.6,1842.8649999999998,1825.2649999999999
ec_us_cm,MS-5,,,30.8,1842.8649999999998,1812.0649999999998
ec_us_cm,MS-7,,,46.8,1842.8649999999998,1796.0649999999998
ec_us_cm,ON-10,,,181.4,1074.4450000000002,893.0450000000002
ec_us_cm,OR-4,,,5467.4,1442.945,-4024.455
ec_us_cm,OR-8,,,568.8,1400.2900000000002,831.4900000000002
ec_us_cm,AV1-1,,,16361.2,1566.66,-14794.54
ec_us_cm,AV1-8,,,6726.0,1829.1,-4896.9
ec_us_cm,AV2-1,,,4724.3,1829.0999999999997,-2895.2000000000007
ec_us_cm,AV3-1,,,4766.4,1567.06,-3199.3399999999997
ec_us_cm,AV3-7,,,860.2,1829.1,968.8999999999999
ec_us_cm,BP1-1,,,11330.6,1829.1,-9501.5
ec_us_cm,BP1-8,,,540.4,1829.1,1288.6999999999998
ec_us_cm,BP2-1,,,3270.1,1829.1,-1441.0
ec_us_cm,BP3-1,,,11460.2,1829.1,-9631.1
ec_us_cm,BP3-8,,,168.3,1829.0999999999997,1660.7999999999997
ec_us_cm,HV1-8,,,845.9,1603.7100000000003,757.8100000000003
ec_us_cm,HV2-5,,,1256.5,1829.265,572.7650000000001
ec_us_cm,HV3-1,,,7246.4,1566.6600000000003,-5679.74
ec_us_cm,HV3-9,,,220.2,1680.4050000000002,1460.2050000000002
ec_us_cm,KR-1,,,1092.1,719.65,-372.44999999999993
ec_us_cm,KR-2,,,15610.0,422.27,-15187.73
ec_us_cm,KR-4,,,259.3,431.33000000000004,172.03000000000003
ec_us_cm,MF1-1,,,59.6,5025.035000000001,4965.435
ec_us_cm,MF1-6,,,60.8,5356.840000000001,5296.040000000001
ec_us_cm,MF2-1,,,37.7,5356.840000000001,5319.140000000001
ec_us_cm,MF3-1,,,31.1,5356.840000000001,5325.740000000001
ec_us_cm,MFX-2,,,77.5,4540.110000000001,4462.610000000001
ec_us_cm,MSP1-1,,,76.7,2696.185,2619.485
ec_us_cm,MSP1-4,,,17.7,2859.88,2842.1800000000003
ec_us_cm,MSP2-1,,,23.0,3750.540000000001,3727.540000000001
ec_us_cm,MSP3-1,,,365.7,4046.6350000000007,3680.935000000001
ec_us_cm,MSP3-4,,,113.3,3093.5200000000004,2980.2200000000003
ec_us_cm,MW2-1,,,70.8,4437.155,4366.355
ec_us_cm,NP1-1,,,90.6,5279.495,5188.8949999999995
ec_us_cm,NP2-1,,,75.7,2644.275,2568.5750000000003
ec_us_cm,NP3-1,,,72.1,5027.51,4955.41
ec_us_cm,NP3-4,,,170.6,5277.8,5107.2
ec_us_cm,NP4-5,,,57.5,1334.41,1276.91
ec_us_cm,RM1-1,,,9627.0,947.765,-8679.235
ec_us_cm,RM1-8,,,674.5,1203.3650000000002,528.8650000000002
ec_us_cm,RM2-1,,,4176.3,947.765,-3228.5350000000003
ec_us_cm,RM3-1,,,4485.3,947.765,-3537.5350000000003
ec_us_cm,RM3-8,,,3827.4,1203.3649999999998,-2624.0350000000003
ec_us_cm,SH1-1,,,20285.0,454.46000000000004,-19830.54
ec_us_cm,SH1-6,,,4581.7,424.09499999999997,-4157.605
ec_us_cm,SH2-1,,,7882.5,454.46000000000004,-7428.04
ec_us_cm,SH3-2,,,23742.7,454.4599999999999,-23288.24
ec_us_cm,SH3-8,,,13652.0,424.0950000000001,-13227.905
ec_us_cm,TGV1-1,,,12663.7,1230.7799999999997,-11432.920000000002
ec_us_cm,TGV1-8,,,110.9,1538.3850000000002,1427.4850000000001
ec_us_cm,TGV2-1,,,777.8,1539.5700000000002,761.7700000000002
ec_us_cm,TGV3-1,,,6886.8,1217.3799999999999,-5669.42
ec_us_cm,TGV3-9,,,593.5,1579.86,986.3599999999999
ec_us_cm,TN1-1,,,24488.1,1754.7050000000004,-22733.394999999997
ec_us_cm,TN1-8,,,1571.3,1499.665,-71.63499999999999
ec_us_cm,TN2-1,,,1333.0,1754.6199999999997,421.61999999999966
ec_us_cm,TN3-1,,,1396.8,1706.7,309.9000000000001
ec_us_cm,TN3-5,,,838.1,2155.8900000000003,1317.7900000000004
ec_us_cm,CB-CMBjA1,,,48.1,3779.5,3731.4
ec_us_cm,CB-iH5,,,12.6,2498.4999999999995,2485.8999999999996
ec_us_cm,VV-0,,,38.9,3831.7599999999998,3792.8599999999997
ec_us_cm,VV-d,,,52.5,3831.7599999999998,3779.2599999999998
ec_us_cm,VV-J,,,46.8,3831.7599999999998,3784.9599999999996
ec_us_cm,VV-L,,,108.3,3831.7599999999998,3723.4599999999996
ec_us_cm,WV-BA 1,,,49.4,5125.045,5075.645
ec_us_cm,WV-UNN 1,,,53.0,3568.44,3515.44
ec_us_cm,WV-UNN 3,,,75.7,3568.44,3492.7400000000002
ec_us_cm,WV-UNN-2,,,85.6,3568.44,3482.84
ec_us_cm,WV-ZS 2,,,746.9,5954.56,5207.660000000001
log_total_mg_l_cl,BS-607,1.6094379124341005,5.250998451671146,5.000000000000001,190.7566346877616,185.7566346877616
log_total_mg_l_cl,BS-610,5.216890367852308,5.18753085326267,184.36000000000007,179.02596537158237,-5.334034628417697
log_total_mg_l_cl,BS-618,4.622125626637505,5.250998451671146,101.71000000000002,190.7566346877616,89.04663468776157
log_total_mg_l_cl,BPS-1,4.027670428954108,4.223067091468276,56.130000000000024,68.24246953324214,12.11246953324212
log_total_mg_l_cl,BPS-18,7.390490022581602,5.084192226318785,1620.5000000000002,161.44947191639977,-1459.0505280836005
log_total_mg_l_cl,BPS-22,7.391932979783754,4.696826987271284,1622.8399999999997,109.59886156412024,-1513.2411384358795
log_total_mg_l_cl,BPS-25,6.021144701209392,4.817326374154893,412.0499999999999,123.63409718291102,-288.41590281708886
log_total_mg_l_cl,BPS-5,7.15587237903022,4.817326374154893,1281.6099999999997,123.63409718291102,-1157.9759028170886
log_total_mg_l_cl,CK-20B,4.889521718343416,2.0729326535316597,132.88999999999996,7.948097990240977,-124.94190200975898
log_total_mg_l_cl,CK1-100B,3.8400972658565578,2.03923143329979,46.53000000000003,7.68470072356394,-38.84529927643609
log_total_mg_l_cl,CK2-100A,4.729862629945409,2.03923143329979,113.27999999999997,7.68470072356394,-105.59529927643604
log_total_mg_l_cl,CK2-100B,1.6094379124341005,2.03923143329979,5.000000000000001,7.68470072356394,2.684700723563939
log_total_mg_l_cl,CM-2 1,6.067615074681532,4.869963285121844,431.65000000000015,130.31613226770784,-301.33386773229233
log_total_mg_l_cl,CM-4,5.4107527958778245,4.869963285121844,223.79999999999993,130.31613226770784,-93.48386773229208
log_total_mg_l_cl,CM-PA 3-10,5.5580628203067945,4.869963285121844,259.3199999999999,130.31613226770784,-129.00386773229204
log_total_mg_l_cl,CM-PA 30,4.569024739351738,4.869963285121844,96.44999999999997,130.31613226770784,33.86613226770787
log_total_mg_l_cl,CM2 (OM),5.969218938160663,4.869963285121844,391.20000000000016,130.31613226770784,-260.8838677322923
log_total_mg_l_cl,LC1-5,1.6094379124341005,6.936130997025591,5.000000000000001,1028.7821438312133,1023.7821438312133
log_total_mg_l_cl,LGP (3-4),5.236016340350657,7.276646679566264,187.92,1446.130546214125,1258.2105462141249
log_total_mg_l_cl,LGP (BA 1-3),5.180771802692993,6.936130997025591,177.82000000000002,1028.7821438312133,850.9621438312132
log_total_mg_l_cl,CR-0819,5.16775299652692,6.429421085500055,175.51999999999995,619.8150242248369,444.2950242248369
log_total_mg_l_cl,CR-0821,5.2204639273431725,6.429421085500055,185.02,619.8150242248369,434.7950242248369
log_total_mg_l_cl,CR-0826,6.942745904068691,6.429421085500055,1035.6100000000004,619.8150242248369,-415.7949757751635
log_total_mg_l_cl,CR-0828,6.848769313834211,6.429421085500055,942.7200000000001,619.8150242248369,-322.9049757751633
log_total_mg_l_cl,CR-0833,6.762509829625396,6.429421085500055,864.8099999999998,619.8150242248369,-244.99497577516297
log_total_mg_l_cl,CS-CR2,7.765713260694457,6.1884483942796775,2358.3400000000006,487.08974834174495,-1871.2502516582556
log_total_mg_l_cl,CS-CR5,7.839986286906786,6.1884483942796775,2540.17,487.08974834174495,-2053.0802516582553
log_total_mg_l_cl,CS-CR7,7.91225100853057,6.1884483942796775,2730.530000000001,487.08974834174495,-2243.4402516582563
log_total_mg_l_cl,CS-CR9,7.019716958934358,6.1884483942796775,1118.4700000000005,487.08974834174495,-631.3802516582555
log_total_mg_l_cl,DS1(1-2),7.171910246875111,4.2079719314619,1302.3300000000002,67.22007455810865,-1235.1099254418914
log_total_mg_l_cl,DS2(1-2),6.968332840867741,5.3038358133156605,1062.4499999999996,201.10674028855652,-861.3432597114431
log_total_mg_l_cl,DA-1,5.9670437725663,3.497209455613759,390.3500000000001,33.023170637576385,-357.3268293624237
log_total_mg_l_cl,DA-3,5.92817857453717,3.497209455613759,375.4700000000001,33.023170637576385,-342.4468293624237
log_total_mg_l_cl,DA-4,7.051171406249037,3.497209455613759,1154.2099999999996,33.023170637576385,-1121.1868293624232
log_total_mg_l_cl,DA-5,7.663830309244554,3.497209455613759,2129.899999999999,33.023170637576385,-2096.876829362423
log_total_mg_l_cl,DA-6,6.570280540023335,3.497209455613759,713.5700000000002,33.023170637576385,-680.5468293624238
log_total_mg_l_cl,GE-A1-3,1.6094379124341005,2.6796547266208535,5.000000000000001,14.58005832070482,9.580058320704818
log_total_mg_l_cl,GE-A2-2,1.6094379124341005,2.6796547266208535,5.000000000000001,14.58005832070482,9.580058320704818
log_total_mg_l_cl,GE-B1-3,3.7584055167625463,3.3568037820415007,42.87999999999999,28.697321246239408,-14.18267875376058
log_total_mg_l_cl,GE-C2-3,1.6094379124341005,2.8882841492906692,5.000000000000001,17.962462240808446,12.962462240808446
log_total_mg_l_cl,GE-C3-2,1.6094379124341005,2.8882841492906692,5.000000000000001,17.962462240808446,12.962462240808446
log_total_mg_l_cl,HS-1,3.763290951627747,2.0867863926342545,43.09000000000001,8.058975124257655,-35.031024875742354
log_total_mg_l_cl,HS-2,1.6094379124341005,2.0867863926342545,5.000000000000001,8.058975124257655,3.058975124257654
log_total_mg_l_cl,HS-3,1.6094379124341005,3.137336020066658,5.000000000000001,23.04240052991233,18.04240052991233
log_total_mg_l_cl,HS-4,1.6094379124341005,2.0867863926342545,5.000000000000001,8.058975124257655,3.058975124257654
log_total_mg_l_cl,HS-7,1.6094379124341005,3.6026501931219364,5.000000000000001,36.69535547077032,31.695355470770323
log_total_mg_l_cl,HC-BA1,4.670021158307708,5.501252233021442,106.69999999999999,244.99853551117224,138.29853551117225
log_total_mg_l_cl,HC-BA2,4.318287793706875,5.67547295500044,75.06000000000003,291.6262320187383,216.56623201873825
log_total_mg_l_cl,HC-Z5-1,5.696858559583377,5.398978601577009,297.92999999999995,221.18038749217155,-76.7496125078284
log_total_mg_l_cl,HC-ZS2,6.054251535206747,5.642419220320093,425.9200000000002,282.1444631159083,-143.77553688409188
log_total_mg_l_cl,HVY-4A,1.6094379124341005,2.03923143329979,5.000000000000001,7.68470072356394,2.684700723563939
log_total_mg_l_cl,HVY-5A,4.995183189537334,2.03923143329979,147.70000000000002,7.68470072356394,-140.01529927643608
log_total_mg_l_cl,HVY-9054A,1.6094379124341005,2.8882841492906697,5.000000000000001,17.962462240808453,12.962462240808453
log_total_mg_l_cl,HVY-9062A,1.6094379124341005,3.109448247486543,5.000000000000001,22.40867694534495,17.40867694534495
log_total_mg_l_cl,HVY-9130A,7.824313974950707,3.098248574190405,2500.6699999999996,22.159107242802573,-2478.510892757197
log_total_mg_l_cl,HD-10,4.30999343177405,2.48477157331994,74.43999999999998,11.998379191852258,-62.441620808147725
log_total_mg_l_cl,HD-14,3.805773205585435,2.48477157331994,44.95999999999998,11.998379191852258,-32.96162080814772
log_total_mg_l_cl,HD-6,1.6094379124341005,2.4847715733199394,5.000000000000001,11.998379191852253,6.998379191852252
log_total_mg_l_cl,HG-3,1.6094379124341005,3.0125485258989806,5.000000000000001,20.339168828548956,15.339168828548956
log_total_mg_l_cl,HG-54,1.6094379124341005,3.0125485258989806,5.000000000000001,20.339168828548956,15.339168828548956
log_total_mg_l_cl,HG-6,1.6094379124341005,2.286586967854747,5.000000000000001,9.84129165158652,4.841291651586519
log_total_mg_l_cl,HG-8,1.6094379124341005,2.11760076877936,5.000000000000001,8.311173121665675,3.311173121665674
log_total_mg_l_cl,HG-9,3.867443962030179,2.509338681592687,47.82000000000001,12.296795273899232,-35.52320472610077
log_total_mg_l_cl,HM-2,1.6094379124341005,3.5711327105791275,5.000000000000001,35.556845965516146,30.556845965516146
log_total_mg_l_cl,HM-3,1.6094379124341005,3.5711327105791275,5.000000000000001,35.556845965516146,30.556845965516146
log_total_mg_l_cl,HM-5,1.6094379124341005,3.5711327105791275,5.000000000000001,35.556845965516146,30.556845965516146
log_total_mg_l_cl,HM-6,1.6094379124341005,3.5711327105791275,5.000000000000001,35.556845965516146,30.556845965516146
log_total_mg_l_cl,LI-10,3.8819760840758497,3.722479542066485,48.52000000000002,41.36683786396509,-7.153162136034929
log_total_mg_l_cl,LI-11,1.6094379124341005,3.722479542066485,5.000000000000001,41.36683786396509,36.36683786396509
log_total_mg_l_cl,LI-12,1.6094379124341005,3.722479542066485,5.000000000000001,41.36683786396509,36.36683786396509
log_total_mg_l_cl,LI-13,1.6094379124341005,3.722479542066485,5.000000000000001,41.36683786396509,36.36683786396509
log_total_mg_l_cl,LI-14,1.6094379124341005,3.722479542066485,5.000000000000001,41.36683786396509,36.36683786396509
log_total_mg_l_cl,LI-15,1.6094379124341005,3.722479542066485,5.000000000000001,41.36683786396509,36.36683786396509
log_total_mg_l_cl,LI-4,3.9899095440852177,3.722479542066485,54.050000000000026,41.36683786396509,-12.683162136034937
log_total_mg_l_cl,LI-5,3.9982007016691985,3.722479542066485,54.50000000000001,41.36683786396509,-13.133162136034919
log_total_mg_l_cl,LI-6,3.7130841428107537,3.722479542066485,40.980000000000004,41.36683786396509,0.38683786396508424
log_total_mg_l_cl,LI-9,1.6094379124341005,3.722479542066485,5.000000000000001,41.36683786396509,36.36683786396509
log_total_mg_l_cl,LGP-BA LV8,5.791396447826056,3.9226299391241755,327.47000000000014,50.53316933191163,-276.93683066808853
log_total_mg_l_cl,LV-14,1.6094379124341005,3.954561756803776,5.000000000000001,52.172824548233,47.172824548233
log_total_mg_l_cl,LV-18,4.976733742420574,3.954561756803776,144.99999999999997,52.172824548233,-92.82717545176698
log_total_mg_l_cl,MD-BJA1,6.339477080468061,5.514934873675711,566.5000000000001,248.37380104802017,-318.12619895198
log_total_mg_l_cl,MD-UN11,6.896138059641946,5.514934873675711,988.4499999999998,248.37380104802017,-740.0761989519797
log_total_mg_l_cl,MD-UN6,6.159813946335053,5.514934873675711,473.33999999999975,248.37380104802017,-224.96619895197958
log_total_mg_l_cl,ME-A1-1,5.68619539122915,2.265454673615963,294.7700000000001,9.635504615021388,-285.1344953849787
log_total_mg_l_cl,ME-A2-3,1.6094379124341005,2.265454673615963,5.000000000000001,9.635504615021388,4.635504615021387
log_total_mg_l_cl,ME-B1-2,1.6094379124341005,2.265454673615963,5.000000000000001,9.635504615021388,4.635504615021387
log_total_mg_l_cl,ME-c2-3,3.926911617921897,2.265454673615963,50.75000000000001,9.635504615021388,-41.11449538497862
log_total_mg_l_cl,ME-C3-1,1.6094379124341005,2.265454673615963,5.000000000000001,9.635504615021388,4.635504615021387
log_total_mg_l_cl,HK-1,3.9961803134348695,2.5867440744582177,54.39000000000001,13.286441437542114,-41.10355856245789
log_total_mg_l_cl,HK-2,1.6094379124341005,2.5867440744582177,5.000000000000001,13.286441437542114,8.286441437542113
log_total_mg_l_cl,HK-3,1.6094379124341005,2.5867440744582177,5.000000000000001,13.286441437542114,8.286441437542113
log_total_mg_l_cl,HK-4,1.6094379124341005,2.0402085202728295,5.000000000000001,7.692213014015547,2.692213014015546
log_total_mg_l_cl,HK-5,1.6094379124341005,2.5867440744582177,5.000000000000001,13.286441437542114,8.286441437542113
log_total_mg_l_cl,MK-A6,1.6094379124341005,3.055105235687683,5.000000000000001,21.223418870476067,16.223418870476067
log_total_mg_l_cl,MK-KYBjA6,1.6094379124341005,2.5867440744582177,5.000000000000001,13.286441437542114,8.286441437542113
log_total_mg_l_cl,MK-UN8,1.6094379124341005,3.055105235687683,5.000000000000001,21.223418870476067,16.223418870476067
log_total_mg_l_cl,MFP-A1,4.070905330488338,6.636100920524079,58.61,762.1176350852506,703.5076350852506
log_total_mg_l_cl,MFP-A2,4.06009812349351,6.636100920524079,57.98000000000001,762.1176350852506,704.1376350852506
log_total_mg_l_cl,MFP-AAA,1.6094379124341005,6.636100920524079,5.000000000000001,762.1176350852506,757.1176350852506
log_total_mg_l_cl,MFP-d,3.9398327060674134,6.636100920524079,51.410000000000004,762.1176350852506,710.7076350852507
log_total_mg_l_cl,MS-11,3.7595708822364697,3.82941576433616,42.93000000000002,46.035634716373615,3.1056347163735936
log_total_mg_l_cl,MS-12,4.537426533901572,3.82941576433616,93.45,46.035634716373615,-47.41436528362639
log_total_mg_l_cl,MS-5,4.180522258463153,3.82941576433616,65.39999999999999,46.035634716373615,-19.364365283626377
log_total_mg_l_cl,MS-7,4.630545492319319,3.82941576433616,102.56999999999996,46.035634716373615,-56.53436528362635
log_total_mg_l_cl,ON-10,4.841901010810817,5.913775599007813,126.71000000000004,370.100873294802,243.39087329480196
log_total_mg_l_cl,OR-4,7.57082977528579,5.913775599007813,1940.7500000000007,370.100873294802,-1570.6491267051988
log_total_mg_l_cl,OR-8,5.634003580048285,5.913775599007813,279.7800000000001,370.100873294802,90.32087329480191
log_total_mg_l_cl,AV1-1,6.413376986594747,4.369736709706406,609.9500000000002,79.02282301804969,-530.9271769819504
log_total_mg_l_cl,AV1-8,5.977644488507119,4.717185914095056,394.51000000000005,111.85304528733049,-282.6569547126696
log_total_mg_l_cl,AV2-1,5.073797869053896,4.3025023585364615,159.78000000000006,73.88444794670558,-85.89555205329448
log_total_mg_l_cl,AV3-1,6.089498287379348,4.369736709706406,441.20000000000016,79.02282301804969,-362.1771769819505
log_total_mg_l_cl,AV3-7,4.6245805795079145,5.269746142650165,101.95999999999998,194.36661478829856,92.40661478829858
log_total_mg_l_cl,BP1-1,6.848748098402105,4.827683229279262,942.7,124.92121133817191,-817.7787886618281
log_total_mg_l_cl,BP1-8,5.251592568041801,5.269746142650165,190.86999999999998,194.36661478829856,3.4966147882985865
log_total_mg_l_cl,BP2-1,5.903616456534786,4.717185914095056,366.35999999999984,111.85304528733049,-254.50695471266937
log_total_mg_l_cl,BP3-1,7.047099742920951,4.717185914095056,1149.5199999999995,111.85304528733049,-1037.666954712669
log_total_mg_l_cl,BP3-8,5.196173892879333,4.88153342912982,180.57999999999998,131.8326650178381,-48.747334982161874
log_total_mg_l_cl,HV1-8,5.845455632972347,5.2484282326101095,345.66,190.26697788145353,-155.3930221185465
log_total_mg_l_cl,HV2-5,5.355028458132079,5.91116321096716,211.66999999999996,369.1352879904642,157.46528799046422
log_total_mg_l_cl,HV3-1,6.973027905598333,4.900778101615327,1067.4500000000003,134.39431144232083,-933.0556885576794
log_total_mg_l_cl,HV3-9,4.140750935036256,5.176949637485436,62.84999999999998,177.14163981099225,114.29163981099227
log_total_mg_l_cl,KR-1,4.997144703913756,4.241188825527932,147.98999999999995,69.49041473157348,-78.49958526842647
log_total_mg_l_cl,KR-2,7.866097329447983,4.241188825527932,2607.370000000001,69.49041473157348,-2537.8795852684275
log_total_mg_l_cl,KR-4,6.802716933644102,3.270434817809174,900.29,26.32278246985289,-873.9672175301471
log_total_mg_l_cl,MF1-1,4.504686647409769,1.6094379124341003,90.43999999999998,4.999999999999999,-85.43999999999998
log_total_mg_l_cl,MF1-6,3.951243718581427,2.0402085202728295,51.999999999999986,7.692213014015547,-44.307786985984436
log_total_mg_l_cl,MF2-1,4.0472529546882505,2.0402085202728295,57.24000000000002,7.692213014015547,-49.54778698598447
log_total_mg_l_cl,MF3-1,4.039008017182635,2.0402085202728295,56.769999999999996,7.692213014015547,-49.077786985984446
log_total_mg_l_cl,MFX-2,1.6094379124341005,1.6094379124341003,5.000000000000001,4.999999999999999,-1.7763568394002505e-15
log_total_mg_l_cl,MSP1-1,3.990279503393914,3.0404172848515727,54.070000000000014,20.913968496746353,-33.15603150325366
log_total_mg_l_cl,MSP1-4,1.6094379124341005,3.0404172848515727,5.000000000000001,20.913968496746353,15.913968496746353
log_total_mg_l_cl,MSP2-1,1.6094379124341005,3.0404172848515727,5.000000000000001,20.913968496746353,15.913968496746353
log_total_mg_l_cl,MSP3-1,1.6094379124341005,3.0404172848515727,5.000000000000001,20.913968496746353,15.913968496746353
log_total_mg_l_cl,MSP3-4,3.728100167267218,3.0404172848515727,41.60000000000001,20.913968496746353,-20.686031503253655
log_total_mg_l_cl,MW2-1,1.6094379124341005,1.6094379124341003,5.000000000000001,4.999999999999999,-1.7763568394002505e-15
log_total_mg_l_cl,NP1-1,4.34211568336104,2.0402085202728295,76.86999999999998,7.692213014015547,-69.17778698598443
log_total_mg_l_cl,NP2-1,4.150252194160397,1.6094379124341003,63.45000000000003,4.999999999999999,-58.45000000000003
log_total_mg_l_cl,NP3-1,3.812865433894927,1.6094379124341003,45.27999999999998,4.999999999999999,-40.27999999999998
log_total_mg_l_cl,NP3-4,1.6094379124341005,2.0402085202728295,5.000000000000001,7.692213014015547,2.692213014015546
log_total_mg_l_cl,NP4-5,1.6094379124341005,2.8524131249374216,5.000000000000001,17.329549793415623,12.329549793415623
log_total_mg_l_cl,RM1-1,3.73552446193698,4.916671203031389,41.91,136.54731751684784,94.63731751684784
log_total_mg_l_cl,RM1-8,4.792976673012616,4.203653900813588,120.66000000000001,66.93044198716981,-53.729558012830196
log_total_mg_l_cl,RM2-1,1.6094379124341005,4.916671203031389,5.000000000000001,136.54731751684784,131.54731751684784
log_total_mg_l_cl,RM3-1,4.24592050167689,4.916671203031389,69.82000000000001,136.54731751684784,66.72731751684783
log_total_mg_l_cl,RM3-8,4.679256729340789,5.076723523952055,107.68999999999996,160.24814562197128,52.55814562197132
log_total_mg_l_cl,SH1-1,1.6094379124341005,3.9597703736038787,5.000000000000001,52.44528174527768,47.44528174527768
log_total_mg_l_cl,SH1-6,4.371218435957278,4.3025023585364615,79.13999999999999,73.88444794670558,-5.255552053294409
log_total_mg_l_cl,SH2-1,1.6094379124341005,4.3025023585364615,5.000000000000001,73.88444794670558,68.88444794670558
log_total_mg_l_cl,SH3-2,1.6094379124341005,4.369736709706406,5.000000000000001,79.02282301804969,74.02282301804969
log_total_mg_l_cl,SH3-8,3.688879454113936,4.133910599546968,39.99999999999998,62.4215519492973,22.421551949297324
log_total_mg_l_cl,TGV1-1,7.910253064464578,4.227147119174925,2725.0799999999995,68.52146947642318,-2656.5585305235763
log_total_mg_l_cl,TGV1-8,4.430459592195472,6.985554584694542,83.97000000000003,1080.905705299678,996.9357052996779
log_total_mg_l_cl,TGV2-1,5.051201255842917,4.133910599546968,156.20999999999998,62.4215519492973,-93.78844805070267
log_total_mg_l_cl,TGV3-1,1.6094379124341005,3.6225144443213204,5.000000000000001,37.43156918851035,32.43156918851035
log_total_mg_l_cl,TGV3-9,1.6094379124341005,6.985554584694542,5.000000000000001,1080.905705299678,1075.905705299678
log_total_mg_l_cl,TN1-1,8.710487658361123,5.161743945515082,6066.200000000002,174.46845392755847,-5891.731546072443
log_total_mg_l_cl,TN1-8,5.4165447479126865,5.246175381857854,225.1,189.83881724929327,-35.26118275070672
log_total_mg_l_cl,TN2-1,5.770724355409969,5.246175381857854,320.76999999999987,189.83881724929327,-130.9311827507066
log_total_mg_l_cl,TN3-1,4.747797584237848,4.177527290038481,115.33000000000004,65.20442208605664,-50.1255779139434
log_total_mg_l_cl,TN3-5,4.890424313365204,3.456036798954839,133.00999999999993,31.691128984346236,-101.3188710156537
log_total_mg_l_cl,CB-CMBjA1,4.139955073474153,2.648093716676101,62.799999999999976,14.127082738501135,-48.67291726149884
log_total_mg_l_cl,CB-iH5,3.6941157209091826,5.239106794493847,40.21,188.50165647096804,148.29165647096804
log_total_mg_l_cl,VV-0,1.6094379124341005,5.216959094821869,5.000000000000001,184.37267093952096,179.37267093952096
log_total_mg_l_cl,VV-d,4.7236640800358805,5.216959094821869,112.58,184.37267093952096,71.79267093952096
log_total_mg_l_cl,VV-J,4.817131447899731,5.216959094821869,123.60999999999994,184.37267093952096,60.762670939521016
log_total_mg_l_cl,VV-L,4.6441985729555695,5.216959094821869,103.97999999999998,184.37267093952096,80.39267093952098
log_total_mg_l_cl,WV-BA 1,4.707726774313183,6.1291763135500785,110.8,459.0578851513789,348.2578851513789
log_total_mg_l_cl,WV-UNN 1,5.7180797793570255,4.173645976475835,304.32,64.95183378256856,-239.36816621743145
log_total_mg_l_cl,WV-UNN 3,4.875120984409557,4.173645976475835,130.98999999999998,64.95183378256856,-66.03816621743142
log_total_mg_l_cl,WV-UNN-2,4.004419854694114,4.173645976475835,54.840000000000025,64.95183378256856,10.111833782568532
log_total_mg_l_cl,WV-ZS 2,5.411512114314379,6.134713162115453,223.97000000000003,461.606668747165,237.63666874716495
log_hr_1_mg_l_cl,BS-607,0.9162907318741552,4.652071510404427,2.5000000000000004,104.80185901312042,102.30185901312042
log_hr_1_mg_l_cl,BS-610,4.845760650906022,4.638862326401103,127.2,103.42661489610397,-23.773385103896032
log_hr_1_mg_l_cl,BS-618,4.147253217877503,4.655661648085656,63.26,105.17878832543374,41.918788325433745
log_hr_1_mg_l_cl,BPS-1,3.9821086129948338,4.459179693435772,53.629999999999995,86.41659191578498,32.78659191578498
log_hr_1_mg_l_cl,BPS-18,7.30891781093692,4.222030120268562,1493.5599999999993,68.17174073593968,-1425.3882592640596
log_hr_1_mg_l_cl,BPS-22,7.297585462841867,4.124989031228128,1476.7299999999993,61.86713064020376,-1414.8628693597955
log_hr_1_mg_l_cl,BPS-25,5.90585219103206,3.755334941856684,367.1800000000001,42.74853568683895,-324.4314643131612
log_hr_1_mg_l_cl,BPS-5,7.065357139485627,3.753423403573675,1170.7000000000005,42.66689827570777,-1128.0331017242927
log_hr_1_mg_l_cl,CK-20B,4.454463568563388,2.305254222279498,86.00999999999999,10.026726945823974,-75.98327305417601
log_hr_1_mg_l_cl,CK1-100B,3.7848712197676626,2.279082118435486,44.03000000000001,9.76771069201778,-34.26228930798223
log_hr_1_mg_l_cl,CK2-100A,3.8577779905757503,2.2790784461485316,47.36000000000001,9.767674822247091,-37.59232517775291
log_hr_1_mg_l_cl,CK2-100B,0.9162907318741552,2.294148246142059,2.5000000000000004,9.915986434615023,7.415986434615023
log_hr_1_mg_l_cl,CM-2 1,5.836884608495686,4.383130992109732,342.71000000000004,80.08839739704521,-262.6216026029548
log_hr_1_mg_l_cl,CM-4,5.11883178457329,4.38957752307269,167.14,80.60635745965911,-86.53364254034088
log_hr_1_mg_l_cl,CM-PA 3-10,5.23415210907225,4.3899965420468865,187.57,80.64014013017125,-106.92985986982875
log_hr_1_mg_l_cl,CM-PA 30,3.874943997186725,4.38957752307269,48.17999999999999,80.60635745965911,32.426357459659116
log_hr_1_mg_l_cl,CM2 (OM),5.434202237568402,4.382116777979071,229.10999999999996,80.00721178945756,-149.1027882105424
log_hr_1_mg_l_cl,LC1-5,0.9162907318741552,4.392446832167278,2.5000000000000004,80.83797414522381,78.33797414522381
log_hr_1_mg_l_cl,LGP (3-4),4.598044861045503,4.438292744446547,99.29000000000003,84.63033266125616,-14.659667338743873
log_hr_1_mg_l_cl,LGP (BA 1-3),3.9668899068689862,4.3922155476010625,52.82000000000001,80.81927973138794,27.99927973138793
log_hr_1_mg_l_cl,CR-0819,4.664758977399749,5.576672673958934,106.13999999999997,264.1910918204258,158.05109182042582
log_hr_1_mg_l_cl,CR-0821,4.9331060915870175,5.576672673958934,138.80999999999995,264.1910918204258,125.38109182042587
log_hr_1_mg_l_cl,CR-0826,6.745012795086175,5.576672673958934,849.8099999999998,264.1910918204258,-585.618908179574
log_hr_1_mg_l_cl,CR-0828,6.725381720836135,5.576672673958934,833.2899999999997,264.1910918204258,-569.098908179574
log_hr_1_mg_l_cl,CR-0833,6.609160546119929,5.576672673958934,741.8599999999998,264.1910918204258,-477.668908179574
log_hr_1_mg_l_cl,CS-CR2,7.658000871581959,4.196592784208803,2117.52,66.45950296628386,-2051.0604970337163
log_hr_1_mg_l_cl,CS-CR5,7.70191001479968,5.027036989019338,2212.570000000002,152.48054116977863,-2060.0894588302235
log_hr_1_mg_l_cl,CS-CR7,7.796789915349422,4.926432133223065,2432.7799999999997,137.88667239172077,-2294.893327608279
log_hr_1_mg_l_cl,CS-CR9,6.858470492507259,4.926700466529709,951.9100000000002,137.9236769430206,-813.9863230569796
log_hr_1_mg_l_cl,DS1(1-2),6.701001675647529,4.89718280647618,813.2199999999998,133.91199178796217,-679.3080082120376
log_hr_1_mg_l_cl,DS2(1-2),6.766422102865493,4.39362585486152,868.2000000000002,80.9333401595979,-787.2666598404022
log_hr_1_mg_l_cl,DA-1,5.800636916020083,2.2461414670716775,330.5099999999999,9.451197632482671,-321.0588023675172
log_hr_1_mg_l_cl,DA-3,5.773712684482059,2.2461414670716775,321.72999999999996,9.451197632482671,-312.2788023675173
log_hr_1_mg_l_cl,DA-4,6.960214892954499,2.2461414670716775,1053.8600000000001,9.451197632482671,-1044.4088023675174
log_hr_1_mg_l_cl,DA-5,7.595779358843312,2.2461414670716775,1989.78,9.451197632482671,-1980.3288023675173
log_hr_1_mg_l_cl,DA-6,6.424755565281195,2.2461414670716775,616.9300000000002,9.451197632482671,-607.4788023675175
log_hr_1_mg_l_cl,GE-A1-3,0.9162907318741552,2.685631450568157,2.5000000000000004,14.667460232798627,12.167460232798627
log_hr_1_mg_l_cl,GE-A2-2,0.9162907318741552,2.6857208647402953,2.5000000000000004,14.668771770246858,12.168771770246858
log_hr_1_mg_l_cl,GE-B1-3,3.698334612884691,2.655969005686647,40.37999999999998,14.238776832304104,-26.141223167695877
log_hr_1_mg_l_cl,GE-C2-3,0.9162907318741552,2.6517920156762718,2.5000000000000004,14.17942564466741,11.67942564466741
log_hr_1_mg_l_cl,GE-C3-2,0.9162907318741552,2.663597341850672,2.5000000000000004,14.347810351981133,11.847810351981133
log_hr_1_mg_l_cl,HS-1,3.7035217308508064,1.5438906717403518,40.59,4.6827740110798715,-35.90722598892013
log_hr_1_mg_l_cl,HS-2,0.9162907318741552,1.44747935756472,2.5000000000000004,4.252382259587253,1.7523822595872525
log_hr_1_mg_l_cl,HS-3,0.9162907318741552,2.021546668978005,2.5000000000000004,7.549993248166909,5.049993248166908
log_hr_1_mg_l_cl,HS-4,0.9162907318741552,1.572639599917127,2.5000000000000004,4.819352581823474,2.3193525818234737
log_hr_1_mg_l_cl,HS-7,0.9162907318741552,1.7791419457061837,2.5000000000000004,5.9247704621548865,3.424770462154886
log_hr_1_mg_l_cl,HC-BA1,4.030694535145645,4.301939372042342,56.3,73.84286370716707,17.542863707167072
log_hr_1_mg_l_cl,HC-BA2,0.9162907318741552,4.2970214455162985,2.5000000000000004,73.48060144870705,70.98060144870705
log_hr_1_mg_l_cl,HC-Z5-1,5.086237387589806,4.324052309214077,161.77999999999994,75.493934042106,-86.28606595789394
log_hr_1_mg_l_cl,HC-ZS2,5.525691954390062,4.357060256296296,251.05999999999997,78.02741632649517,-173.0325836735048
log_hr_1_mg_l_cl,HVY-4A,0.9162907318741552,2.06603835233334,2.5000000000000004,7.8934898674654645,5.393489867465464
log_hr_1_mg_l_cl,HVY-5A,4.580877493419047,2.06603835233334,97.60000000000002,7.8934898674654645,-89.70651013253456
log_hr_1_mg_l_cl,HVY-9054A,0.9162907318741552,2.3048842025104253,2.5000000000000004,10.023017544953074,7.523017544953074
log_hr_1_mg_l_cl,HVY-9062A,0.9162907318741552,2.3387678462576655,2.5000000000000004,10.368453160426826,7.868453160426826
log_hr_1_mg_l_cl,HVY-9130A,7.75026167863321,2.3738037067481836,2322.1800000000007,10.738159511466687,-2311.441840488534
log_hr_1_mg_l_cl,HD-10,4.275832438267478,2.720833524139927,71.93999999999998,15.19298068482165,-56.747019315178335
log_hr_1_mg_l_cl,HD-14,3.74856245627511,2.760999941032754,42.459999999999994,15.815649761158758,-26.644350238841234
log_hr_1_mg_l_cl,HD-6,0.9162907318741552,2.9037317244046372,2.5000000000000004,18.24209297326549,15.742092973265489
log_hr_1_mg_l_cl,HG-3,0.9162907318741552,3.5266887061898293,2.5000000000000004,34.01116000465849,31.511160004658493
log_hr_1_mg_l_cl,HG-54,0.9162907318741552,2.5432194527649687,2.5000000000000004,12.720558354784428,10.220558354784428
log_hr_1_mg_l_cl,HG-6,0.9162907318741552,2.444423228021055,2.5000000000000004,11.523901018470145,9.023901018470145
log_hr_1_mg_l_cl,HG-8,0.9162907318741552,1.9562550160547252,2.5000000000000004,7.07278992088007,4.572789920880069
log_hr_1_mg_l_cl,HG-9,3.8137484361598055,2.08703884340786,45.32,8.06100987558871,-37.25899012441129
log_hr_1_mg_l_cl,HM-2,0.9162907318741552,3.4969773883996087,2.5000000000000004,33.01550793152993,30.515507931529932
log_hr_1_mg_l_cl,HM-3,0.9162907318741552,3.496988941551879,2.5000000000000004,33.01588936692374,30.515889366923737
log_hr_1_mg_l_cl,HM-5,0.9162907318741552,3.290279806058831,2.5000000000000004,26.850375502666974,24.350375502666974
log_hr_1_mg_l_cl,HM-6,0.9162907318741552,3.36468330597468,2.5000000000000004,28.924335684114872,26.424335684114872
log_hr_1_mg_l_cl,LI-10,3.82907608460722,4.15838660996843,46.02000000000001,63.968233589201844,17.948233589201834
log_hr_1_mg_l_cl,LI-11,0.9162907318741552,4.4645436277659,2.5000000000000004,86.88137024569967,84.38137024569967
log_hr_1_mg_l_cl,LI-12,0.9162907318741552,4.4645436277659,2.5000000000000004,86.88137024569967,84.38137024569967
log_hr_1_mg_l_cl,LI-13,0.9162907318741552,4.4645436277659,2.5000000000000004,86.88137024569967,84.38137024569967
log_hr_1_mg_l_cl,LI-14,0.9162907318741552,4.4645436277659,2.5000000000000004,86.88137024569967,84.38137024569967
log_hr_1_mg_l_cl,LI-15,0.9162907318741552,4.4645436277659,2.5000000000000004,86.88137024569967,84.38137024569967
log_hr_1_mg_l_cl,LI-4,0.9162907318741552,4.1627084409795865,2.5000000000000004,64.2452917528924,61.7452917528924
log_hr_1_mg_l_cl,LI-5,3.951243718581427,4.1627084409795865,51.999999999999986,64.2452917528924,12.245291752892413
log_hr_1_mg_l_cl,LI-6,0.9162907318741552,4.1627084409795865,2.5000000000000004,64.2452917528924,61.7452917528924
log_hr_1_mg_l_cl,LI-9,0.9162907318741552,4.15838660996843,2.5000000000000004,63.968233589201844,61.468233589201844
log_hr_1_mg_l_cl,LGP-BA LV8,5.536546555280287,2.5185867488659506,253.79999999999995,12.411044341089337,-241.38895565891062
log_hr_1_mg_l_cl,LV-14,0.9162907318741552,2.5249302480034603,2.5000000000000004,12.49002402910913,9.99002402910913
log_hr_1_mg_l_cl,LV-18,4.603769205072463,2.5249302480034603,99.85999999999996,12.49002402910913,-87.36997597089083
log_hr_1_mg_l_cl,MD-BJA1,6.215607598755275,4.280248963813295,500.4999999999999,72.25842750176841,-428.24157249823145
log_hr_1_mg_l_cl,MD-UN11,6.731053899363968,4.358489996880656,838.03,78.13905507851993,-759.89094492148
log_hr_1_mg_l_cl,MD-UN6,5.964504365525199,4.284057590650727,389.3600000000001,72.53415763126443,-316.8258423687357
log_hr_1_mg_l_cl,ME-A1-1,5.436861175996095,2.538167705262117,229.7199999999999,12.656459348196979,-217.06354065180292
log_hr_1_mg_l_cl,ME-A2-3,0.9162907318741552,2.538167705262117,2.5000000000000004,12.656459348196979,10.156459348196979
log_hr_1_mg_l_cl,ME-B1-2,0.9162907318741552,2.5462574282594126,2.5000000000000004,12.759261859724516,10.259261859724516
log_hr_1_mg_l_cl,ME-c2-3,3.876395827784995,2.320529785799823,48.24999999999999,10.181066662095017,-38.06893333790498
log_hr_1_mg_l_cl,ME-C3-1,0.9162907318741552,2.320529785799823,2.5000000000000004,10.181066662095017,7.6810666620950165
log_hr_1_mg_l_cl,HK-1,3.949126093379648,1.9045112545230038,51.88999999999999,6.716124349957762,-45.173875650042234
log_hr_1_mg_l_cl,HK-2,0.9162907318741552,1.9044284483137082,2.5000000000000004,6.715568236184338,4.215568236184337
log_hr_1_mg_l_cl,HK-3,0.9162907318741552,1.9062029634005184,2.5000000000000004,6.727495692932057,4.227495692932056
log_hr_1_mg_l_cl,HK-4,0.9162907318741552,1.84111676334083,2.5000000000000004,6.303573931989193,3.803573931989192
log_hr_1_mg_l_cl,HK-5,0.9162907318741552,1.9294983992865786,2.5000000000000004,6.886055324895768,4.386055324895768
log_hr_1_mg_l_cl,MK-A6,0.9162907318741552,1.8954226749495426,2.5000000000000004,6.655360864530431,4.155360864530431
log_hr_1_mg_l_cl,MK-KYBjA6,0.9162907318741552,1.8047283743942408,2.5000000000000004,6.0783201968639045,3.578320196863904
log_hr_1_mg_l_cl,MK-UN8,0.9162907318741552,1.8954226749495426,2.5000000000000004,6.655360864530431,4.155360864530431
log_hr_1_mg_l_cl,MFP-A1,4.0273140497628805,4.335968870854717,56.10999999999999,76.39894375302477,20.288943753024775
log_hr_1_mg_l_cl,MFP-A2,4.016022595446631,4.335968870854717,55.48000000000001,76.39894375302477,20.918943753024756
log_hr_1_mg_l_cl,MFP-AAA,0.9162907318741552,4.150091468399822,2.5000000000000004,63.43980276999225,60.93980276999225
log_hr_1_mg_l_cl,MFP-d,3.8899818745512658,4.339153439287224,48.91,76.64262922816918,27.732629228169188
log_hr_1_mg_l_cl,MS-11,3.6995720836526793,3.7419171124735846,40.42999999999999,42.17877415831343,1.748774158313438
log_hr_1_mg_l_cl,MS-12,3.8745288010005656,3.7419171124735846,48.160000000000004,42.17877415831343,-5.981225841686573
log_hr_1_mg_l_cl,MS-5,4.141546163706395,3.7419171124735846,62.90000000000001,42.17877415831343,-20.721225841686582
log_hr_1_mg_l_cl,MS-7,4.605869941102364,3.7419171124735846,100.06999999999995,42.17877415831343,-57.89122584168652
log_hr_1_mg_l_cl,ON-10,3.935348830731643,3.300680744900858,51.18000000000001,27.131101994960773,-24.048898005039234
log_hr_1_mg_l_cl,OR-4,7.44298469314558,3.812829442489209,1707.8400000000001,45.27837033847615,-1662.561629661524
log_hr_1_mg_l_cl,OR-8,5.625027825967296,3.563629654206617,277.2799999999999,35.29105929886913,-241.9889407011308
log_hr_1_mg_l_cl,AV1-1,6.161734608815124,3.334029012260073,474.25000000000006,28.05113269004189,-446.1988673099582
log_hr_1_mg_l_cl,AV1-8,5.871497879060794,3.4243500456229823,354.78000000000003,30.70268302185012,-324.0773169781499
log_hr_1_mg_l_cl,AV2-1,5.058027656398856,3.383547173367981,157.27999999999997,29.475139327019797,-127.80486067298017
log_hr_1_mg_l_cl,AV3-1,5.948087207138413,3.548573545432276,383.01999999999987,34.76369327361206,-348.25630672638783
log_hr_1_mg_l_cl,AV3-7,3.897112392692392,3.6133159402783837,49.26,37.08883349247878,-12.171166507521221
log_hr_1_mg_l_cl,BP1-1,6.732008063767312,3.4151322030805833,838.8299999999999,30.420970907801642,-808.4090290921982
log_hr_1_mg_l_cl,BP1-8,4.913536849632705,3.684436044515993,136.12000000000003,39.82265790964059,-96.29734209035945
log_hr_1_mg_l_cl,BP2-1,5.716698699922747,3.4504164564322983,303.9,31.513513581774465,-272.3864864182255
log_hr_1_mg_l_cl,BP3-1,6.961532984662608,3.4345006522019244,1055.2500000000002,31.015920966162216,-1024.234079033838
log_hr_1_mg_l_cl,BP3-8,5.182232887527235,3.5760975645749418,178.08,35.73381947457377,-142.34618052542623
log_hr_1_mg_l_cl,HV1-8,5.729742576325733,3.656421780174847,307.89000000000004,38.72253693102386,-269.1674630689762
log_hr_1_mg_l_cl,HV2-5,4.697475856772117,4.121977834034552,109.66999999999996,61.681116712907084,-47.988883287092875
log_hr_1_mg_l_cl,HV3-1,6.881934780567618,3.684695308660592,974.5100000000003,39.83298383549251,-934.6770161645078
log_hr_1_mg_l_cl,HV3-9,4.10016094754354,3.8958631809201463,60.34999999999999,49.198502247954515,-11.151497752045472
log_hr_1_mg_l_cl,KR-1,4.980107355727298,2.964981284459265,145.49000000000007,19.394340262509473,-126.09565973749059
log_hr_1_mg_l_cl,KR-2,7.781054999051197,2.9465895800259427,2394.799999999999,19.04090538614394,-2375.759094613855
log_hr_1_mg_l_cl,KR-4,6.79993618794764,2.7025993535266832,897.7900000000002,14.918459720077522,-882.8715402799227
log_hr_1_mg_l_cl,MF1-1,3.781002742989742,1.3516021000334704,43.86,3.8636104653879326,-39.996389534612064
log_hr_1_mg_l_cl,MF1-6,0.9162907318741552,1.4800913017044277,2.5000000000000004,4.3933467826572405,1.89334678265724
log_hr_1_mg_l_cl,MF2-1,0.9162907318741552,1.4763394523083246,2.5000000000000004,4.376894489745517,1.8768944897455166
log_hr_1_mg_l_cl,MF3-1,0.9162907318741552,1.4744610555494384,2.5000000000000004,4.3686806621506795,1.868680662150679
log_hr_1_mg_l_cl,MFX-2,0.9162907318741552,1.4721402898860052,2.5000000000000004,4.358553733734591,1.8585537337345905
log_hr_1_mg_l_cl,MSP1-1,0.9162907318741552,3.3397524800064975,2.5000000000000004,28.21214277171711,25.71214277171711
log_hr_1_mg_l_cl,MSP1-4,0.9162907318741552,3.67057182959567,2.5000000000000004,39.27435768045771,36.77435768045771
log_hr_1_mg_l_cl,MSP2-1,0.9162907318741552,3.0164481457028276,2.5000000000000004,20.41863870454928,17.91863870454928
log_hr_1_mg_l_cl,MSP3-1,0.9162907318741552,3.2250465932147976,2.5000000000000004,25.15474616900565,22.65474616900565
log_hr_1_mg_l_cl,MSP3-4,0.9162907318741552,3.673514624801674,2.5000000000000004,39.39010429772295,36.89010429772295
log_hr_1_mg_l_cl,MW2-1,0.9162907318741552,1.469219087531282,2.5000000000000004,4.34584009490117,1.84584009490117
log_hr_1_mg_l_cl,NP1-1,4.309052634715209,1.4849383010109665,74.36999999999999,4.414693022279187,-69.95530697772081
log_hr_1_mg_l_cl,NP2-1,4.110053855927281,1.7308871046449632,60.95000000000002,5.645659978836978,-55.30434002116304
log_hr_1_mg_l_cl,NP3-1,3.756070703654259,1.440027577326003,42.77999999999998,4.220812214106011,-38.55918778589397
log_hr_1_mg_l_cl,NP3-4,0.9162907318741552,1.4766776065196978,2.5000000000000004,4.378374805323328,1.8783748053233276
log_hr_1_mg_l_cl,NP4-5,0.9162907318741552,2.2701063490678983,2.5000000000000004,9.680430264066786,7.180430264066786
log_hr_1_mg_l_cl,RM1-1,3.674019591206912,3.794125091020597,39.40999999999998,44.439339015428686,5.029339015428704
log_hr_1_mg_l_cl,RM1-8,4.7720396382231245,3.829343856432848,118.16000000000001,46.03232450941996,-72.12767549058006
log_hr_1_mg_l_cl,RM2-1,0.9162907318741552,3.784281938151173,2.5000000000000004,44.004061573695466,41.504061573695466
log_hr_1_mg_l_cl,RM3-1,4.209457369322605,3.7816017496117404,67.31999999999998,43.886280300692114,-23.433719699307865
log_hr_1_mg_l_cl,RM3-8,4.6557682387511825,3.8010788986860398,105.18999999999997,44.749438568463475,-60.440561431536494
log_hr_1_mg_l_cl,SH1-1,0.9162907318741552,2.8062126160075747,2.5000000000000004,16.54712905879451,14.04712905879451
log_hr_1_mg_l_cl,SH1-6,4.339119133662605,2.8237976850141946,76.63999999999997,16.84068500113976,-59.79931499886021
log_hr_1_mg_l_cl,SH2-1,0.9162907318741552,2.8044482719841723,2.5000000000000004,16.517959970255404,14.017959970255404
log_hr_1_mg_l_cl,SH3-2,0.9162907318741552,2.8088886003125935,2.5000000000000004,16.591468215433608,14.091468215433608
log_hr_1_mg_l_cl,SH3-8,3.624340932976365,2.8410888371034457,37.5,17.134411967336906,-20.365588032663094
log_hr_1_mg_l_cl,TGV1-1,7.847692222501569,3.261433319181709,2559.8200000000006,26.086901214703293,-2533.7330987852974
log_hr_1_mg_l_cl,TGV1-8,3.6871279210751298,4.231445322000838,39.92999999999999,68.81662250956164,28.886622509561647
log_hr_1_mg_l_cl,TGV2-1,4.697567035254059,3.8294413181231075,109.67999999999996,46.03681111620581,-63.64318888379415
log_hr_1_mg_l_cl,TGV3-1,0.9162907318741552,4.186261993096644,2.5000000000000004,65.7764579960097,63.2764579960097
log_hr_1_mg_l_cl,TGV3-9,0.9162907318741552,4.566729040575895,2.5000000000000004,96.22883381567236,93.72883381567236
log_hr_1_mg_l_cl,TN1-1,8.662731462116625,3.9675616636164595,5783.310000000005,52.85549411177133,-5730.454505888234
log_hr_1_mg_l_cl,TN1-8,5.201806466167193,3.889109815482886,181.60000000000005,48.86736618327067,-132.7326338167294
log_hr_1_mg_l_cl,TN2-1,5.609874644433234,3.991012618088635,273.11,54.1096540452492,-219.0003459547508
log_hr_1_mg_l_cl,TN3-1,4.349632566862877,3.950579939789657,77.44999999999997,51.96549495595308,-25.48450504404689
log_hr_1_mg_l_cl,TN3-5,4.8714498521794365,3.8531413774858057,130.51000000000002,47.140918295098615,-83.3690817049014
log_hr_1_mg_l_cl,CB-CMBjA1,4.09933210373314,3.045626574833369,60.300000000000004,21.02319968476838,-39.276800315231625
log_hr_1_mg_l_cl,CB-iH5,3.6299253112702656,3.3115992017036824,37.709999999999994,27.428954847878867,-10.281045152121127
log_hr_1_mg_l_cl,VV-0,0.9162907318741552,4.533754493187457,2.5000000000000004,93.10747705923617,90.60747705923617
log_hr_1_mg_l_cl,VV-d,0.9162907318741552,4.533754493187457,2.5000000000000004,93.10747705923617,90.60747705923617
log_hr_1_mg_l_cl,VV-J,0.9162907318741552,4.533754493187457,2.5000000000000004,93.10747705923617,90.60747705923617
log_hr_1_mg_l_cl,VV-L,0.9162907318741552,4.533754493187457,2.5000000000000004,93.10747705923617,90.60747705923617
log_hr_1_mg_l_cl,WV-BA 1,4.684905154006945,4.465209886526239,108.29999999999997,86.93927500737152,-21.360724992628448
log_hr_1_mg_l_cl,WV-UNN 1,5.39694023515312,3.269504714805395,220.7299999999999,26.298310953089654,-194.43168904691026
log_hr_1_mg_l_cl,WV-UNN 3,3.745496054532832,3.269504714805395,42.32999999999999,26.298310953089654,-16.031689046910337
log_hr_1_mg_l_cl,WV-UNN-2,0.9162907318741552,3.269504714805395,2.5000000000000004,26.298310953089654,23.798310953089654
log_hr_1_mg_l_cl,WV-ZS 2,5.050560886968575,4.733317966229975,156.10999999999996,113.67209751859139,-42.43790248140857
log_hr_24_mg_l_cl,BS-607,0.9162907318741552,4.074639181398151,2.5000000000000004,58.82925007063656,56.32925007063656
log_hr_24_mg_l_cl,BS-610,4.045854353061666,3.9167613717421514,57.15999999999998,50.2374805061875,-6.92251949381248
log_hr_24_mg_l_cl,BS-618,3.649358695951653,4.080236582989176,38.45,59.159464317296774,20.70946431729677
log_hr_24_mg_l_cl,BPS-1,0.9162907318741552,2.546811224381179,2.5000000000000004,12.766329846390194,10.266329846390194
log_hr_24_mg_l_cl,BPS-18,4.843714533878324,3.631783636617434,126.94,37.78014260254411,-89.15985739745588
log_hr_24_mg_l_cl,BPS-22,4.984359762683993,3.5525545048843905,146.10999999999996,34.902361961015465,-111.2076380389845
log_hr_24_mg_l_cl,BPS-25,3.803992261214441,3.003964174206658,44.879999999999995,20.16531751819674,-24.714682481803255
log_hr_24_mg_l_cl,BPS-5,4.70871906161665,3.0027676261218943,110.90999999999995,20.141203176003774,-90.76879682399618
log_hr_24_mg_l_cl,CK-20B,3.8475911452687575,1.7157112903848786,46.88000000000001,5.560629328214154,-41.319370671785855
log_hr_24_mg_l_cl,CK1-100B,0.9162907318741552,1.658622332618888,2.5000000000000004,5.252070252158484,2.7520702521584837
log_hr_24_mg_l_cl,CK2-100A,4.188441885601216,1.6586190375416565,65.92000000000002,5.25205294620989,-60.66794705379013
log_hr_24_mg_l_cl,CK2-100B,0.9162907318741552,1.681386610979376,2.5000000000000004,5.3730010704773585,2.873001070477358
log_hr_24_mg_l_cl,CM-2 1,4.48796198508255,2.3287713481176966,88.93999999999997,10.265321275371955,-78.67467872462801
log_hr_24_mg_l_cl,CM-4,4.03706849440237,2.2124402806946892,56.65999999999999,9.137988463772166,-47.52201153622782
log_hr_24_mg_l_cl,CM-PA 3-10,4.273187854639731,2.210570333635986,71.75000000000001,9.120916875579457,-62.62908312442056
log_hr_24_mg_l_cl,CM-PA 30,3.8768102496724017,2.2124402806946892,48.27000000000001,9.137988463772166,-39.13201153622784
log_hr_24_mg_l_cl,CM2 (OM),5.088151736524084,2.326438203485244,162.09000000000003,10.241398714387296,-151.84860128561274
log_hr_24_mg_l_cl,LC1-5,0.9162907318741552,3.484256271612595,2.5000000000000004,32.59817390476826,30.09817390476826
log_hr_24_mg_l_cl,LGP (3-4),4.484470400750307,3.5120421044694687,88.63000000000001,33.51664243140781,-55.1133575685922
log_hr_24_mg_l_cl,LGP (BA 1-3),4.8283137373023015,3.4841142809984103,125.00000000000004,32.593545598630016,-92.40645440137003
log_hr_24_mg_l_cl,CR-0819,4.239598641541604,4.168761098314062,69.38000000000001,64.63532566931923,-4.74467433068078
log_hr_24_mg_l_cl,CR-0821,3.833196224882175,4.168761098314062,46.21000000000001,64.63532566931923,18.42532566931922
log_hr_24_mg_l_cl,CR-0826,5.224670826379739,4.168761098314062,185.80000000000007,64.63532566931923,-121.16467433068084
log_hr_24_mg_l_cl,CR-0828,4.695285075430352,4.168761098314062,109.43000000000002,64.63532566931923,-44.79467433068079
log_hr_24_mg_l_cl,CR-0833,4.811777768662202,4.168761098314062,122.95,64.63532566931923,-58.31467433068077
log_hr_24_mg_l_cl,CS-CR2,5.484091290392243,3.258456892150595,240.8300000000001,26.009370895676007,-214.8206291043241
log_hr_24_mg_l_cl,CS-CR5,5.791793351978915,3.8766079009237826,327.6000000000001,48.260233614045475,-279.3397663859546
log_hr_24_mg_l_cl,CS-CR7,5.696254208235409,3.753900678155851,297.7499999999999,42.687266962096544,-255.06273303790334
log_hr_24_mg_l_cl,CS-CR9,5.115355604866659,3.7541146487983656,166.56000000000006,42.6964017612902,-123.86359823870987
log_hr_24_mg_l_cl,DS1(1-2),6.192587413052923,3.240325517132815,489.11,25.54203476418612,-463.5679652358139
log_hr_24_mg_l_cl,DS2(1-2),5.269145989247757,4.075719623758785,194.24999999999994,58.89284603415711,-135.35715396584283
log_hr_24_mg_l_cl,DA-1,4.091841432003982,1.1518737716479674,59.850000000000016,3.1641161897267915,-56.685883810273225
log_hr_24_mg_l_cl,DA-3,3.984157603187345,1.1518737716479674,53.739999999999995,3.1641161897267915,-50.575883810273204
log_hr_24_mg_l_cl,DA-4,4.608664075242347,1.1518737716479674,100.34999999999995,3.1641161897267915,-97.18588381027315
log_hr_24_mg_l_cl,DA-5,4.942499198329286,1.1518737716479674,140.12,3.1641161897267915,-136.9558838102732
log_hr_24_mg_l_cl,DA-6,4.570992734186505,1.1518737716479674,96.64,3.1641161897267915,-93.4758838102732
log_hr_24_mg_l_cl,GE-A1-3,0.9162907318741552,2.0937301938241233,2.5000000000000004,8.115129783076968,5.615129783076968
log_hr_24_mg_l_cl,GE-A2-2,0.9162907318741552,2.0937858339916824,2.5000000000000004,8.11558132281962,5.6155813228196205
log_hr_24_mg_l_cl,GE-B1-3,0.9162907318741552,2.078175954143208,2.5000000000000004,7.989881703852274,5.489881703852273
log_hr_24_mg_l_cl,GE-C2-3,0.9162907318741552,1.8001770398287231,2.5000000000000004,6.0507185877768315,3.550718587776831
log_hr_24_mg_l_cl,GE-C3-2,0.9162907318741552,1.8388850934877212,2.5000000000000004,6.289522121411265,3.7895221214112644
log_hr_24_mg_l_cl,HS-1,0.9162907318741552,1.2336105753526807,2.5000000000000004,3.433604470201388,0.9336044702013875
log_hr_24_mg_l_cl,HS-2,0.9162907318741552,1.1862466321480898,2.5000000000000004,3.2747667073339906,0.7747667073339901
log_hr_24_mg_l_cl,HS-3,0.9162907318741552,1.4917128980018552,2.5000000000000004,4.444702324032899,1.9447023240328982
log_hr_24_mg_l_cl,HS-4,0.9162907318741552,1.3026743166825936,2.5000000000000004,3.679122661964877,1.1791226619648767
log_hr_24_mg_l_cl,HS-7,0.9162907318741552,1.6252273143157479,2.5000000000000004,5.079573565744062,2.5795735657440617
log_hr_24_mg_l_cl,HC-BA1,3.919991175077323,3.6653767190800637,50.4,39.070852126503624,-11.329147873496375
log_hr_24_mg_l_cl,HC-BA2,4.2844138058068815,3.6705346744832905,72.56000000000002,39.27289846439329,-33.28710153560672
log_hr_24_mg_l_cl,HC-Z5-1,4.913757219119769,3.840114067815495,136.15000000000003,46.530781801717254,-89.61921819828278
log_hr_24_mg_l_cl,HC-ZS2,5.1640428407255685,3.865756548300157,174.87000000000006,47.739375917652644,-127.13062408234742
log_hr_24_mg_l_cl,HVY-4A,0.9162907318741552,1.3682174185772107,2.5000000000000004,3.9283418611933922,1.4283418611933918
log_hr_24_mg_l_cl,HVY-5A,3.914220588971633,1.3682174185772107,50.109999999999985,3.9283418611933922,-46.18165813880659
log_hr_24_mg_l_cl,HVY-9054A,0.9162907318741552,1.7141661260572196,2.5000000000000004,5.5520438768116565,3.052043876811656
log_hr_24_mg_l_cl,HVY-9062A,0.9162907318741552,1.6286375947050775,2.5000000000000004,5.096925907219072,2.5969259072190716
log_hr_24_mg_l_cl,HVY-9130A,5.184532577241416,1.7696660966191902,178.48999999999998,5.868893390835603,-172.62110660916437
log_hr_24_mg_l_cl,HD-10,0.9162907318741552,2.0518933320252137,2.5000000000000004,7.782622253852502,5.282622253852502
log_hr_24_mg_l_cl,HD-14,0.9162907318741552,2.068480343141525,2.5000000000000004,7.912789252035481,5.412789252035481
log_hr_24_mg_l_cl,HD-6,0.9162907318741552,2.198882683529163,2.5000000000000004,9.014935334499976,6.514935334499976
log_hr_24_mg_l_cl,HG-3,0.9162907318741552,2.2586457707185357,2.5000000000000004,9.570120250233135,7.070120250233135
log_hr_24_mg_l_cl,HG-54,0.9162907318741552,1.975537130746855,2.5000000000000004,7.210491590592478,4.710491590592477
log_hr_24_mg_l_cl,HG-6,0.9162907318741552,1.8834353516205002,2.5000000000000004,6.576057171115421,4.076057171115421
log_hr_24_mg_l_cl,HG-8,0.9162907318741552,1.5855723986318415,2.5000000000000004,4.882085077700667,2.382085077700667
log_hr_24_mg_l_cl,HG-9,0.9162907318741552,2.1761376091006377,2.5000000000000004,8.812204265942137,6.312204265942137
log_hr_24_mg_l_cl,HM-2,0.9162907318741552,2.3619748460631373,2.5000000000000004,10.611887617261559,8.111887617261559
log_hr_24_mg_l_cl,HM-3,0.9162907318741552,2.3619820667704303,2.5000000000000004,10.611964242872514,8.111964242872514
log_hr_24_mg_l_cl,HM-5,0.9162907318741552,2.34105766139149,2.5000000000000004,10.39222220436059,7.892222204360589
log_hr_24_mg_l_cl,HM-6,0.9162907318741552,2.338405444946335,2.5000000000000004,10.364696300191676,7.864696300191676
log_hr_24_mg_l_cl,LI-10,0.9162907318741552,3.55898488278596,2.5000000000000004,35.12752048944121,32.62752048944121
log_hr_24_mg_l_cl,LI-11,0.9162907318741552,3.4482609530099744,2.5000000000000004,31.44565925179178,28.94565925179178
log_hr_24_mg_l_cl,LI-12,0.9162907318741552,3.4482609530099744,2.5000000000000004,31.44565925179178,28.94565925179178
log_hr_24_mg_l_cl,LI-13,0.9162907318741552,3.4482609530099744,2.5000000000000004,31.44565925179178,28.94565925179178
log_hr_24_mg_l_cl,LI-14,0.9162907318741552,3.4482609530099744,2.5000000000000004,31.44565925179178,28.94565925179178
log_hr_24_mg_l_cl,LI-15,0.9162907318741552,3.4482609530099744,2.5000000000000004,31.44565925179178,28.94565925179178
log_hr_24_mg_l_cl,LI-4,3.942552210462969,3.5644618393509724,51.55,35.32044021763267,-16.229559782367325
log_hr_24_mg_l_cl,LI-5,0.9162907318741552,3.5644618393509724,2.5000000000000004,35.32044021763267,32.82044021763267
log_hr_24_mg_l_cl,LI-6,3.6501386257975055,3.5644618393509724,38.47999999999999,35.32044021763267,-3.1595597823673174
log_hr_24_mg_l_cl,LI-9,0.9162907318741552,3.55898488278596,2.5000000000000004,35.12752048944121,32.62752048944121
log_hr_24_mg_l_cl,LGP-BA LV8,4.299595660694722,1.8201810506319092,73.66999999999999,6.1729759699167595,-67.49702403008322
log_hr_24_mg_l_cl,LV-14,0.9162907318741552,1.8311199774567517,2.5000000000000004,6.240872382246542,3.740872382246542
log_hr_24_mg_l_cl,LV-18,3.8097687713893897,1.8311199774567517,45.14000000000001,6.240872382246542,-38.899127617753464
log_hr_24_mg_l_cl,MD-BJA1,4.189654742026425,2.443181335283904,65.99999999999997,11.50959845245632,-54.490401547543655
log_hr_24_mg_l_cl,MD-UN11,5.013431381398257,2.5466735313042737,150.41999999999996,12.764572132168174,-137.65542786783178
log_hr_24_mg_l_cl,MD-UN6,4.430578675256047,2.4344032445981214,83.98,11.409008294162206,-72.5709917058378
log_hr_24_mg_l_cl,ME-A1-1,4.1751562049585145,1.9048563513994163,65.05000000000001,6.718442463456388,-58.33155753654362
log_hr_24_mg_l_cl,ME-A2-3,0.9162907318741552,1.9048563513994163,2.5000000000000004,6.718442463456388,4.2184424634563875
log_hr_24_mg_l_cl,ME-B1-2,0.9162907318741552,1.9111424649716118,2.5000000000000004,6.7608083747668655,4.2608083747668655
log_hr_24_mg_l_cl,ME-c2-3,0.9162907318741552,1.776605188739251,2.5000000000000004,5.909759806649637,3.4097598066496366
log_hr_24_mg_l_cl,ME-C3-1,0.9162907318741552,1.776605188739251,2.5000000000000004,5.909759806649637,3.4097598066496366
log_hr_24_mg_l_cl,HK-1,0.9162907318741552,1.426336688777476,2.5000000000000004,4.163419320827347,1.6634193208273467
log_hr_24_mg_l_cl,HK-2,0.9162907318741552,1.4264454864795606,2.5000000000000004,4.163872315924234,1.6638723159242335
log_hr_24_mg_l_cl,HK-3,0.9162907318741552,1.424137281324751,2.5000000000000004,4.154272328013683,1.6542723280136822
log_hr_24_mg_l_cl,HK-4,0.9162907318741552,1.4265398136393417,2.5000000000000004,4.164265100698331,1.6642651006983304
log_hr_24_mg_l_cl,HK-5,0.9162907318741552,1.4451750418643796,2.5000000000000004,4.242594709516171,1.7425947095161702
log_hr_24_mg_l_cl,MK-A6,0.9162907318741552,1.6029099041744035,2.5000000000000004,4.967466264483654,2.467466264483653
log_hr_24_mg_l_cl,MK-KYBjA6,0.9162907318741552,1.30005994677041,2.5000000000000004,3.669516636697296,1.1695166366972956
log_hr_24_mg_l_cl,MK-UN8,0.9162907318741552,1.6029099041744035,2.5000000000000004,4.967466264483654,2.467466264483653
log_hr_24_mg_l_cl,MFP-A1,0.9162907318741552,2.690115785682273,2.5000000000000004,14.733381736342668,12.233381736342668
log_hr_24_mg_l_cl,MFP-A2,0.9162907318741552,2.690115785682273,2.5000000000000004,14.733381736342668,12.233381736342668
log_hr_24_mg_l_cl,MFP-AAA,0.9162907318741552,2.6190467392389762,2.5000000000000004,13.722636097645173,11.222636097645173
log_hr_24_mg_l_cl,MFP-d,0.9162907318741552,2.6926969893664676,2.5000000000000004,14.77146071922449,12.27146071922449
log_hr_24_mg_l_cl,MS-11,0.9162907318741552,2.2652470708089143,2.5000000000000004,9.633504464841558,7.1335044648415575
log_hr_24_mg_l_cl,MS-12,3.812865433894927,2.2652470708089143,45.27999999999998,9.633504464841558,-35.64649553515842
log_hr_24_mg_l_cl,MS-5,0.9162907318741552,2.2652470708089143,2.5000000000000004,9.633504464841558,7.1335044648415575
log_hr_24_mg_l_cl,MS-7,0.9162907318741552,2.2652470708089143,2.5000000000000004,9.633504464841558,7.1335044648415575
log_hr_24_mg_l_cl,ON-10,4.324529928325356,2.2526330500114327,75.52999999999997,9.512750437206359,-66.01724956279361
log_hr_24_mg_l_cl,OR-4,5.450695046968919,2.7281532151102046,232.91999999999996,15.30459660703604,-217.6154033929639
log_hr_24_mg_l_cl,OR-8,0.9162907318741552,2.5104120493697613,2.5000000000000004,12.310001343924617,9.810001343924617
log_hr_24_mg_l_cl,AV1-1,4.910372872157861,4.164429701520903,135.68999999999997,64.35596986415901,-71.33403013584096
log_hr_24_mg_l_cl,AV1-8,3.681854839176972,4.210691767916799,39.72,67.40315102355605,27.68315102355605
log_hr_24_mg_l_cl,AV2-1,0.9162907318741552,4.208996650777063,2.5000000000000004,67.28899157114174,64.78899157114174
log_hr_24_mg_l_cl,AV3-1,4.063541653067055,4.044368000980448,58.17999999999999,57.07510322391725,-1.1048967760827395
log_hr_24_mg_l_cl,AV3-7,3.9644256842211942,4.260487225584429,52.68999999999999,70.84449229596109,18.1544922959611
log_hr_24_mg_l_cl,BP1-1,4.643236386794547,4.220543929623998,103.87999999999997,68.07049978294764,-35.80950021705233
log_hr_24_mg_l_cl,BP1-8,4.00277736869661,4.28550367533899,54.75,72.63912404285956,17.889124042859564
log_hr_24_mg_l_cl,BP2-1,4.134686441505479,4.208311447491792,62.47000000000001,67.2429007256573,4.77290072565728
log_hr_24_mg_l_cl,BP3-1,4.5462690780679305,4.21727331935558,94.28000000000002,67.84823138216983,-26.431768617830187
log_hr_24_mg_l_cl,BP3-8,0.9162907318741552,4.2482352891240405,2.5000000000000004,69.98180566016609,67.48180566016609
log_hr_24_mg_l_cl,HV1-8,3.6315151367243654,3.8134060821982647,37.769999999999996,45.30448717405319,7.534487174053197
log_hr_24_mg_l_cl,HV2-5,4.624972813284271,4.158060400292034,101.99999999999996,63.947369935570975,-38.05263006442898
log_hr_24_mg_l_cl,HV3-1,4.531954123656832,4.154110103654165,92.93999999999998,63.69525714312044,-29.24474285687954
log_hr_24_mg_l_cl,HV3-9,0.9162907318741552,3.9754916788415544,2.5000000000000004,53.27630529914035,50.77630529914035
log_hr_24_mg_l_cl,KR-1,0.9162907318741552,3.593689072222233,2.5000000000000004,36.367992912315565,33.867992912315565
log_hr_24_mg_l_cl,KR-2,5.359271345885034,3.360602126176412,212.57,28.80653082456239,-183.7634691754376
log_hr_24_mg_l_cl,KR-4,0.9162907318741552,2.8503147975286947,2.5000000000000004,17.293224848245394,14.793224848245394
log_hr_24_mg_l_cl,MF1-1,3.841171264456195,1.0347110378369697,46.58,2.8142928939552014,-43.7657071060448
log_hr_24_mg_l_cl,MF1-6,3.901972669574645,0.916290731874155,49.500000000000014,2.5,-47.000000000000014
log_hr_24_mg_l_cl,MF2-1,4.002594703612533,0.916290731874155,54.739999999999995,2.5,-52.239999999999995
log_hr_24_mg_l_cl,MF3-1,3.9939715880753135,0.9162907318741556,54.27,2.5000000000000013,-51.77
log_hr_24_mg_l_cl,MFX-2,0.9162907318741552,0.916290731874155,2.5000000000000004,2.5,-4.440892098500626e-16
log_hr_24_mg_l_cl,MSP1-1,3.942940108062868,1.7621664013544827,51.57000000000003,5.825043116242906,-45.744956883757126
log_hr_24_mg_l_cl,MSP1-4,0.9162907318741552,2.032304811007847,2.5000000000000004,7.6316556279793595,5.1316556279793595
log_hr_24_mg_l_cl,MSP2-1,0.9162907318741552,1.6442223948376655,2.5000000000000004,5.176982692892905,2.676982692892904
log_hr_24_mg_l_cl,MSP3-1,0.9162907318741552,1.7286886093725438,2.5000000000000004,5.633261655884834,3.133261655884833
log_hr_24_mg_l_cl,MSP3-4,3.66612246699132,1.9195481285318627,39.099999999999994,6.817876969046582,-32.282123030953414
log_hr_24_mg_l_cl,MW2-1,0.9162907318741552,1.038099912172056,2.5000000000000004,2.8238463575156407,0.3238463575156403
log_hr_24_mg_l_cl,NP1-1,0.9162907318741552,1.0029371534303742,2.5000000000000004,2.7262775758765163,0.22627757587651587
log_hr_24_mg_l_cl,NP2-1,0.9162907318741552,1.1995850272570519,2.5000000000000004,3.3187394505366865,0.8187394505366861
log_hr_24_mg_l_cl,NP3-1,0.9162907318741552,1.031552163627115,2.5000000000000004,2.8054169231318977,0.3054169231318973
log_hr_24_mg_l_cl,NP3-4,0.9162907318741552,1.009943979358891,2.5000000000000004,2.745447208996022,0.24544720899602135
log_hr_24_mg_l_cl,NP4-5,0.9162907318741552,1.7659467106597289,2.5000000000000004,5.847105255520218,3.347105255520218
log_hr_24_mg_l_cl,RM1-1,0.9162907318741552,4.305193991988998,2.5000000000000004,74.08358568108729,71.58358568108729
log_hr_24_mg_l_cl,RM1-8,0.9162907318741552,4.330790372591579,2.5000000000000004,76.0043345788032,73.5043345788032
log_hr_24_mg_l_cl,RM2-1,0.9162907318741552,4.303461419475115,2.5000000000000004,73.95534162495002,71.45534162495002
log_hr_24_mg_l_cl,RM3-1,0.9162907318741552,4.302547883260942,2.5000000000000004,73.88781159240571,71.38781159240571
log_hr_24_mg_l_cl,RM3-8,0.9162907318741552,4.3284572824508185,2.5000000000000004,75.82721631192587,73.32721631192587
log_hr_24_mg_l_cl,SH1-1,0.9162907318741552,3.59299721338368,2.5000000000000004,36.34284009708084,33.84284009708084
log_hr_24_mg_l_cl,SH1-6,0.9162907318741552,3.6263171098722906,2.5000000000000004,37.57417990576408,35.07417990576408
log_hr_24_mg_l_cl,SH2-1,0.9162907318741552,3.598947394455464,2.5000000000000004,36.55973120709757,34.05973120709757
log_hr_24_mg_l_cl,SH3-2,0.9162907318741552,3.594318400083422,2.5000000000000004,36.39088750685829,33.89088750685829
log_hr_24_mg_l_cl,SH3-8,0.9162907318741552,3.702447034144613,2.5000000000000004,40.54640149247809,38.04640149247809
log_hr_24_mg_l_cl,TGV1-1,5.107519991273039,2.2044728028482345,165.26000000000008,9.065471017321078,-156.194528982679
log_hr_24_mg_l_cl,TGV1-8,3.785098311854479,4.2128820906368984,44.04,67.5509474785279,23.510947478527903
log_hr_24_mg_l_cl,TGV2-1,3.8403121578741457,4.024123767389951,46.54,55.931278493674704,9.391278493674704
log_hr_24_mg_l_cl,TGV3-1,0.9162907318741552,2.7460214777917336,2.5000000000000004,15.580520962609222,13.080520962609222
log_hr_24_mg_l_cl,TGV3-9,0.9162907318741552,4.08841331312443,2.5000000000000004,59.64517836210928,57.14517836210928
log_hr_24_mg_l_cl,TN1-1,5.645058129503191,3.9878744474654417,282.88999999999993,53.940114879045424,-228.9498851209545
log_hr_24_mg_l_cl,TN1-8,3.772531026609547,3.643275218072302,43.489999999999995,38.21680032726525,-5.273199672734748
log_hr_24_mg_l_cl,TN2-1,3.864092471670596,3.9569431712482803,47.66000000000001,52.297217723287154,4.637217723287144
log_hr_24_mg_l_cl,TN3-1,3.6344232683178777,3.7930384324638915,37.88,44.391074855513715,6.511074855513712
log_hr_24_mg_l_cl,TN3-5,0.9162907318741552,2.488712200544433,2.5000000000000004,12.04575361270712,9.54575361270712
log_hr_24_mg_l_cl,CB-CMBjA1,0.9162907318741552,2.4573806193826404,2.5000000000000004,11.674192302728413,9.174192302728413
log_hr_24_mg_l_cl,CB-iH5,0.9162907318741552,2.6711784771483913,2.5000000000000004,14.456996397635345,11.956996397635345
log_hr_24_mg_l_cl,VV-0,0.9162907318741552,4.046638273505453,2.5000000000000004,57.204826460460595,54.704826460460595
log_hr_24_mg_l_cl,VV-d,4.701207374185033,4.046638273505453,110.07999999999997,57.204826460460595,-52.875173539539375
log_hr_24_mg_l_cl,VV-J,4.7966992235329595,4.046638273505453,121.11000000000004,57.204826460460595,-63.90517353953945
log_hr_24_mg_l_cl,VV-L,4.6198617347310815,4.046638273505453,101.48000000000005,57.204826460460595,-44.27517353953945
log_hr_24_mg_l_cl,WV-BA 1,0.9162907318741552,3.1255859641613104,2.5000000000000004,22.773235484480512,20.273235484480512
log_hr_24_mg_l_cl,WV-UNN 1,4.4259238957110645,3.843093539671168,83.58999999999997,46.669625694540755,-36.92037430545922
log_hr_24_mg_l_cl,WV-UNN 3,4.484921613391916,3.843093539671168,88.67000000000002,46.669625694540755,-42.00037430545926
log_hr_24_mg_l_cl,WV-UNN-2,3.957760897102,3.843093539671168,52.34000000000002,46.669625694540755,-5.670374305459262
log_hr_24_mg_l_cl,WV-ZS 2,4.2174467593560845,3.5035012698576833,67.86000000000003,33.23160130891314,-34.628398691086886
log_total_mg_l_so4,BS-607,3.912023005428146,5.717425921667635,49.99999999999999,304.1210830667348,254.1210830667348
log_total_mg_l_so4,BS-610,3.912023005428146,5.71843306145716,49.99999999999999,304.42752980177175,254.42752980177175
log_total_mg_l_so4,BS-618,3.912023005428146,5.724353337805613,49.99999999999999,306.2351704927248,256.2351704927248
log_total_mg_l_so4,BPS-1,3.912023005428146,5.554878839629072,49.99999999999999,258.4956431951475,208.49564319514752
log_total_mg_l_so4,BPS-18,9.448588473059145,5.313846446995179,12690.240000000002,203.1300566386474,-12487.109943361354
log_total_mg_l_so4,BPS-22,9.51207400718592,5.368180935327181,13522.009999999975,214.47237352695396,-13307.53762647302
log_total_mg_l_so4,BPS-25,7.579602211371379,4.952894248618677,1957.8499999999992,141.58415122505676,-1816.2658487749425
log_total_mg_l_so4,BPS-5,3.912023005428146,4.951210250593088,49.99999999999999,141.3459244369574,91.3459244369574
log_total_mg_l_so4,CK-20B,3.912023005428146,4.105545854102707,49.99999999999999,60.67585567461685,10.675855674616855
log_total_mg_l_so4,CK1-100B,3.912023005428146,4.063793658288457,49.99999999999999,58.194663511344245,8.194663511344253
log_total_mg_l_so4,CK2-100A,3.912023005428146,4.063792525960752,49.99999999999999,58.19459761595176,8.194597615951764
log_total_mg_l_so4,CK2-100B,3.912023005428146,4.07792214953413,49.99999999999999,59.022701998589554,9.022701998589561
log_total_mg_l_so4,CM-2 1,7.201536215495741,7.84185785246527,1341.4900000000005,2544.928546261337,1203.4385462613366
log_total_mg_l_so4,CM-4,6.1520090286656695,8.0441674020318,469.66000000000014,3115.5700062195765,2645.910006219576
log_total_mg_l_so4,CM-PA 3-10,7.49523634163709,8.042730173530419,1799.4500000000003,3111.095436468412,1311.6454364684118
log_total_mg_l_so4,CM-PA 30,3.912023005428146,8.0441674020318,49.99999999999999,3115.5700062195765,3065.5700062195765
log_total_mg_l_so4,CM2 (OM),3.912023005428146,7.840515242148761,49.99999999999999,2541.5139916613894,2491.5139916613894
log_total_mg_l_so4,LC1-5,3.912023005428146,4.727080317875211,49.99999999999999,112.96525774731406,62.96525774731406
log_total_mg_l_so4,LGP (3-4),3.912023005428146,4.740856063985642,49.99999999999999,114.53220662220816,64.53220662220818
log_total_mg_l_so4,LGP (BA 1-3),3.912023005428146,4.7270092266837995,49.99999999999999,112.95722719800669,62.9572271980067
log_total_mg_l_so4,CR-0819,3.912023005428146,5.441488295013875,49.99999999999999,230.78540475719169,180.78540475719169
log_total_mg_l_so4,CR-0821,3.912023005428146,5.441488295013875,49.99999999999999,230.78540475719169,180.78540475719169
log_total_mg_l_so4,CR-0826,6.285849107619435,5.441488295013875,536.9199999999997,230.78540475719169,-306.134595242808
log_total_mg_l_so4,CR-0828,7.393496913579934,5.441488295013875,1625.3800000000003,230.78540475719169,-1394.5945952428087
log_total_mg_l_so4,CR-0833,3.912023005428146,5.441488295013875,49.99999999999999,230.78540475719169,180.78540475719169
log_total_mg_l_so4,CS-CR2,6.8138840633720665,4.686260502032183,910.4000000000001,108.44688370791994,-801.9531162920802
log_total_mg_l_so4,CS-CR5,6.575981985017389,4.874389675668337,717.6499999999999,130.8942408869935,-586.7557591130064
log_total_mg_l_so4,CS-CR7,7.444833273892193,4.852095449170651,1710.9999999999998,128.00834398408173,-1582.9916560159181
log_total_mg_l_so4,CS-CR9,3.912023005428146,4.852154844640147,49.99999999999999,128.01594732557183,78.01594732557183
log_total_mg_l_so4,DS1(1-2),9.46783588018508,5.897912812082064,12936.859999999999,364.27636063601716,-12572.583639363982
log_total_mg_l_so4,DS2(1-2),9.557498171223072,5.527942357391322,14150.399999999992,251.62562237793733,-13898.774377622056
log_total_mg_l_so4,DA-1,6.853373008088941,3.912023005428146,947.0700000000004,49.99999999999999,-897.0700000000004
log_total_mg_l_so4,DA-3,3.912023005428146,3.912023005428146,49.99999999999999,49.99999999999999,0.0
log_total_mg_l_so4,DA-4,6.853573606718152,3.912023005428146,947.2600000000003,49.99999999999999,-897.2600000000003
log_total_mg_l_so4,DA-5,3.912023005428146,3.912023005428146,49.99999999999999,49.99999999999999,0.0
log_total_mg_l_so4,DA-6,6.997495429480523,3.912023005428146,1093.8899999999996,49.99999999999999,-1043.8899999999996
log_total_mg_l_so4,GE-A1-3,3.912023005428146,4.04965648627954,49.99999999999999,57.3777436175419,7.37774361754191
log_total_mg_l_so4,GE-A2-2,3.912023005428146,4.049654853232988,49.99999999999999,57.37764991709202,7.377649917092029
log_total_mg_l_so4,GE-B1-3,3.912023005428146,4.042133342259534,49.99999999999999,56.947702248617965,6.947702248617972
log_total_mg_l_so4,GE-C2-3,3.912023005428146,4.027417363055297,49.99999999999999,56.11579720829665,6.115797208296655
log_total_mg_l_so4,GE-C3-2,3.912023005428146,4.0337192743016965,49.99999999999999,56.47055062002367,6.47055062002368
log_total_mg_l_so4,HS-1,3.912023005428146,3.9520536100811188,49.99999999999999,52.04213141661913,2.042131416619135
log_total_mg_l_so4,HS-2,3.912023005428146,3.954430998460601,49.99999999999999,52.166002962135686,2.1660029621356927
log_total_mg_l_so4,HS-3,3.912023005428146,4.035602534513012,49.99999999999999,56.57699956518735,6.576999565187357
log_total_mg_l_so4,HS-4,3.912023005428146,3.958950208554902,49.99999999999999,52.40228559258749,2.4022855925874964
log_total_mg_l_so4,HS-7,3.912023005428146,4.071448060287703,49.99999999999999,58.6418180270555,8.641818027055507
log_total_mg_l_so4,HC-BA1,6.5014548220672905,5.976729375834377,666.1100000000002,394.14914403659174,-271.9608559634085
log_total_mg_l_so4,HC-BA2,3.912023005428146,5.9837316033395265,49.99999999999999,396.9187514081342,346.9187514081342
log_total_mg_l_so4,HC-Z5-1,6.4696068423802595,5.81299791885897,645.23,334.6207894462908,-310.6092105537092
log_total_mg_l_so4,HC-ZS2,7.98722552212188,6.00146212636838,2943.1200000000003,404.01908880747516,-2539.100911192525
log_total_mg_l_so4,HVY-4A,3.912023005428146,3.9120230054281473,49.99999999999999,50.000000000000064,7.105427357601002e-14
log_total_mg_l_so4,HVY-5A,3.912023005428146,3.9120230054281473,49.99999999999999,50.000000000000064,7.105427357601002e-14
log_total_mg_l_so4,HVY-9054A,3.912023005428146,3.912023005428147,49.99999999999999,50.00000000000004,4.973799150320701e-14
log_total_mg_l_so4,HVY-9062A,3.912023005428146,3.9120230054281464,49.99999999999999,50.000000000000014,2.1316282072803006e-14
log_total_mg_l_so4,HVY-9130A,7.979787424794902,3.9120230054281464,2921.3100000000004,50.000000000000014,-2871.3100000000004
log_total_mg_l_so4,HD-10,3.912023005428146,4.319457762995337,49.99999999999999,75.14786928695239,25.147869286952393
log_total_mg_l_so4,HD-14,3.912023005428146,4.3345871697720995,49.99999999999999,76.29345614268529,26.293456142685294
log_total_mg_l_so4,HD-6,3.912023005428146,4.413997959788283,49.99999999999999,82.59903187266114,32.59903187266115
log_total_mg_l_so4,HG-3,3.912023005428146,4.50199408256041,49.99999999999999,90.19681198170304,40.19681198170304
log_total_mg_l_so4,HG-54,3.912023005428146,4.22122076343696,49.99999999999999,68.11658779406864,18.116587794068643
log_total_mg_l_so4,HG-6,3.912023005428146,4.111432213604391,49.99999999999999,61.03406882556545,11.034068825565456
log_total_mg_l_so4,HG-8,3.912023005428146,4.16019474902376,49.99999999999999,64.08400168151883,14.084001681518835
log_total_mg_l_so4,HG-9,3.912023005428146,4.16051397795134,49.99999999999999,64.1044624143058,14.104462414305807
log_total_mg_l_so4,HM-2,3.912023005428146,6.377276222349626,49.99999999999999,588.3230620939422,538.3230620939422
log_total_mg_l_so4,HM-3,3.912023005428146,6.377258822516309,49.99999999999999,588.3128254597832,538.3128254597832
log_total_mg_l_so4,HM-5,3.912023005428146,6.3784006334231105,49.99999999999999,588.9849511076796,538.9849511076796
log_total_mg_l_so4,HM-6,3.912023005428146,6.378518580086835,49.99999999999999,589.054424014615,539.054424014615
log_total_mg_l_so4,LI-10,3.912023005428146,4.600906674840504,49.99999999999999,99.57455647131393,49.57455647131393
log_total_mg_l_so4,LI-11,3.912023005428146,4.607249268080615,49.99999999999999,100.20812448823101,50.208124488231014
log_total_mg_l_so4,LI-12,3.912023005428146,4.607249268080615,49.99999999999999,100.20812448823101,50.208124488231014
log_total_mg_l_so4,LI-13,3.912023005428146,4.607249268080615,49.99999999999999,100.20812448823101,50.208124488231014
log_total_mg_l_so4,LI-14,3.912023005428146,4.607249268080615,49.99999999999999,100.20812448823101,50.208124488231014
log_total_mg_l_so4,LI-15,3.912023005428146,4.607249268080615,49.99999999999999,100.20812448823101,50.208124488231014
log_total_mg_l_so4,LI-4,3.912023005428146,4.598592582474022,49.99999999999999,99.34439815679579,49.3443981567958
log_total_mg_l_so4,LI-5,3.912023005428146,4.598592582474022,49.99999999999999,99.34439815679579,49.3443981567958
log_total_mg_l_so4,LI-6,3.912023005428146,4.598592582474022,49.99999999999999,99.34439815679579,49.3443981567958
log_total_mg_l_so4,LI-9,3.912023005428146,4.600906674840504,49.99999999999999,99.57455647131393,49.57455647131393
log_total_mg_l_so4,LGP-BA LV8,3.912023005428146,4.163066219673033,49.99999999999999,64.26828146180462,14.268281461804627
log_total_mg_l_so4,LV-14,3.912023005428146,4.182292222699015,49.99999999999999,65.51585816318156,15.51585816318157
log_total_mg_l_so4,LV-18,3.912023005428146,4.182292222699015,49.99999999999999,65.51585816318156,15.51585816318157
log_total_mg_l_so4,MD-BJA1,9.497006178204334,7.029572493358886,13319.790000000006,1129.547617844427,-12190.242382155579
log_total_mg_l_so4,MD-UN11,9.384023894811952,7.09543796048095,11896.789999999988,1206.4506254995622,-10690.339374500425
log_total_mg_l_so4,MD-UN6,8.965756102427125,7.032664379009959,7830.300000000005,1133.0454545853195,-6697.254545414686
log_total_mg_l_so4,ME-A1-1,3.912023005428146,4.106218579363147,49.99999999999999,60.71668758821792,10.71668758821793
log_total_mg_l_so4,ME-A2-3,3.912023005428146,4.106218579363147,49.99999999999999,60.71668758821792,10.71668758821793
log_total_mg_l_so4,ME-B1-2,3.912023005428146,4.102271687447927,49.99999999999999,60.47751768421872,10.477517684218725
log_total_mg_l_so4,ME-c2-3,3.912023005428146,4.068568092605788,49.99999999999999,58.47317444692291,8.473174446922918
log_total_mg_l_so4,ME-C3-1,3.912023005428146,4.068568092605788,49.99999999999999,58.47317444692291,8.473174446922918
log_total_mg_l_so4,HK-1,3.912023005428146,3.975536438673719,49.99999999999999,53.278689990992696,3.278689990992703
log_total_mg_l_so4,HK-2,3.912023005428146,3.9755485324764877,49.99999999999999,53.2793343368575,3.2793343368575094
log_total_mg_l_so4,HK-3,3.912023005428146,3.975291817780252,49.99999999999999,53.265658504196296,3.2656585041963027
log_total_mg_l_so4,HK-4,3.912023005428146,3.9788097866702596,49.99999999999999,53.453375431274296,3.453375431274303
log_total_mg_l_so4,HK-5,3.912023005428146,3.9755363815388334,49.99999999999999,53.27868694692092,3.278686946920928
log_total_mg_l_so4,MK-A6,3.912023005428146,3.982711413638768,49.99999999999999,53.66233794422176,3.6623379442217683
log_total_mg_l_so4,MK-KYBjA6,3.912023005428146,3.9632277884439673,49.99999999999999,52.626920660278245,2.6269206602782518
log_total_mg_l_so4,MK-UN8,3.912023005428146,3.982711413638768,49.99999999999999,53.66233794422176,3.6623379442217683
log_total_mg_l_so4,MFP-A1,3.912023005428146,4.886305930823702,49.99999999999999,132.46334038751777,82.46334038751777
log_total_mg_l_so4,MFP-A2,3.912023005428146,4.886305930823702,49.99999999999999,132.46334038751777,82.46334038751777
log_total_mg_l_so4,MFP-AAA,3.912023005428146,4.606966479562826,49.99999999999999,100.17979078764796,50.17979078764797
log_total_mg_l_so4,MFP-d,3.912023005428146,4.887618547578768,49.99999999999999,132.6373281521888,82.63732815218879
log_total_mg_l_so4,MS-11,3.912023005428146,4.657902859259745,49.99999999999999,105.41478055653562,55.414780556535625
log_total_mg_l_so4,MS-12,3.912023005428146,4.657902859259745,49.99999999999999,105.41478055653562,55.414780556535625
log_total_mg_l_so4,MS-5,3.912023005428146,4.657902859259745,49.99999999999999,105.41478055653562,55.414780556535625
log_total_mg_l_so4,MS-7,3.912023005428146,4.657902859259745,49.99999999999999,105.41478055653562,55.414780556535625
log_total_mg_l_so4,ON-10,3.912023005428146,4.82236659144954,49.99999999999999,124.25881292677681,74.25881292677681
log_total_mg_l_so4,OR-4,8.720840724424926,5.337539151564649,6129.329999999998,208.0002229476924,-5921.329777052306
log_total_mg_l_so4,OR-8,3.912023005428146,5.147978999913653,49.99999999999999,172.0833581660822,122.0833581660822
log_total_mg_l_so4,AV1-1,7.510222543502355,5.122266121810193,1826.6200000000006,167.71500193589262,-1658.904998064108
log_total_mg_l_so4,AV1-8,7.900480987718946,5.254901643348354,2698.5800000000004,191.50264936867228,-2507.077350631328
log_total_mg_l_so4,AV2-1,9.077554986733231,5.245080287385275,8756.530000000004,189.63103959868553,-8566.898960401319
log_total_mg_l_so4,AV3-1,7.121179752702083,5.208279324152616,1237.91,182.77928356020277,-1055.1307164397972
log_total_mg_l_so4,AV3-7,3.912023005428146,5.403646507429408,49.99999999999999,222.2152501590507,172.2152501590507
log_total_mg_l_so4,BP1-1,8.509924840836563,5.271299672876547,4963.789999999998,194.6688038685302,-4769.1211961314675
log_total_mg_l_so4,BP1-8,3.912023005428146,5.4930948186356385,49.99999999999999,243.0081103320485,193.0081103320485
log_total_mg_l_so4,BP2-1,7.766294009113191,5.297411894634229,2359.7100000000005,199.81898758043687,-2159.8910124195636
log_total_mg_l_so4,BP3-1,9.585260358256184,5.269937513179686,14548.749999999965,194.40381438963195,-14354.346185610333
log_total_mg_l_so4,BP3-8,3.912023005428146,5.413450057457373,49.99999999999999,224.40446197106223,174.40446197106223
log_total_mg_l_so4,HV1-8,3.912023005428146,5.479621531582505,49.99999999999999,239.75595014592955,189.75595014592955
log_total_mg_l_so4,HV2-5,6.8058332892567535,5.721430256910142,903.1000000000004,305.34132734070306,-597.7586726592973
log_total_mg_l_so4,HV3-1,9.568422425471764,5.311687122878437,14305.83000000002,202.69190623312736,-14103.138093766893
log_total_mg_l_so4,HV3-9,3.912023005428146,5.667834884425487,49.99999999999999,289.40725541496016,239.40725541496016
log_total_mg_l_so4,KR-1,6.319598545613129,4.59722232617499,555.3499999999999,99.20836409150012,-456.1416359084998
log_total_mg_l_so4,KR-2,9.67097714386498,4.3751610006855035,15850.83000000001,79.4526304505296,-15771.377369549482
log_total_mg_l_so4,KR-4,3.912023005428146,4.346184647609318,49.99999999999999,77.18341849366263,27.183418493662636
log_total_mg_l_so4,MF1-1,6.021751239712854,3.912023005428147,412.2999999999999,50.00000000000004,-362.29999999999984
log_total_mg_l_so4,MF1-6,3.912023005428146,3.9120230054281446,49.99999999999999,49.99999999999993,-6.394884621840902e-14
log_total_mg_l_so4,MF2-1,3.912023005428146,3.9120230054281455,49.99999999999999,49.99999999999997,-2.1316282072803006e-14
log_total_mg_l_so4,MF3-1,3.912023005428146,3.9120230054281464,49.99999999999999,50.000000000000014,2.1316282072803006e-14
log_total_mg_l_so4,MFX-2,3.912023005428146,3.9120230054281455,49.99999999999999,49.99999999999997,-2.1316282072803006e-14
log_total_mg_l_so4,MSP1-1,3.912023005428146,4.2912240882744195,49.99999999999999,73.05584058665136,23.055840586651364
log_total_mg_l_so4,MSP1-4,3.912023005428146,4.489427928617158,49.99999999999999,89.07047663028824,39.07047663028825
log_total_mg_l_so4,MSP2-1,3.912023005428146,4.282601046697371,49.99999999999999,72.42858534655578,22.428585346555785
log_total_mg_l_so4,MSP3-1,3.912023005428146,4.3424979460358,49.99999999999999,76.8993901488293,26.899390148829305
log_total_mg_l_so4,MSP3-4,3.912023005428146,4.485942061103647,49.99999999999999,88.76052928094224,38.760529280942244
log_total_mg_l_so4,MW2-1,3.912023005428146,3.9120230054281446,49.99999999999999,49.99999999999993,-6.394884621840902e-14
log_total_mg_l_so4,NP1-1,3.912023005428146,3.912023005428146,49.99999999999999,49.99999999999999,0.0
log_total_mg_l_so4,NP2-1,3.912023005428146,3.912023005428145,49.99999999999999,49.99999999999995,-4.263256414560601e-14
log_total_mg_l_so4,NP3-1,3.912023005428146,3.9120230054281464,49.99999999999999,50.000000000000014,2.1316282072803006e-14
log_total_mg_l_so4,NP3-4,3.912023005428146,3.9120230054281464,49.99999999999999,50.000000000000014,2.1316282072803006e-14
log_total_mg_l_so4,NP4-5,3.912023005428146,4.094170437487223,49.99999999999999,59.98955342543727,9.989553425437279
log_total_mg_l_so4,RM1-1,9.126702208390672,5.480762729866018,9197.639999999996,240.02971540520892,-8957.610284594786
log_total_mg_l_so4,RM1-8,3.912023005428146,5.48092734821177,49.99999999999999,240.06923195237536,190.06923195237536
log_total_mg_l_so4,RM2-1,3.912023005428146,5.4776721749411905,49.99999999999999,239.28903553162604,189.28903553162604
log_total_mg_l_so4,RM3-1,8.278133650036628,5.473465878210034,3936.840000000003,238.28462874107558,-3698.555371258927
log_total_mg_l_so4,RM3-8,8.689935681763197,5.469662821612171,5942.799999999996,237.3801398130184,-5705.4198601869775
log_total_mg_l_so4,SH1-1,9.84641442917649,4.623775898805415,18890.499999999985,101.87798775683319,-18788.62201224315
log_total_mg_l_so4,SH1-6,8.122611641935046,4.773724452195616,3369.809999999998,118.35924541758986,-3251.450754582408
log_total_mg_l_so4,SH2-1,9.147640160112251,4.619717985999873,9392.25,101.46541342718282,-9290.784586572818
log_total_mg_l_so4,SH3-2,9.81235807141976,4.620491672786227,18257.989999999998,101.54394625281067,-18156.446053747186
log_total_mg_l_so4,SH3-8,9.031448128360465,4.778633453480245,8361.960000000017,118.94169956980446,-8243.018300430213
log_total_mg_l_so4,TGV1-1,9.737532727102453,4.189427479384633,16941.690000000006,65.98500236990674,-16875.7049976301
log_total_mg_l_so4,TGV1-8,3.912023005428146,5.72616147240949,49.99999999999999,306.78938579835926,256.78938579835926
log_total_mg_l_so4,TGV2-1,3.912023005428146,5.421789003489414,49.99999999999999,226.28358272287429,176.28358272287429
log_total_mg_l_so4,TGV3-1,8.976089107800565,4.639714240712702,7911.629999999995,103.51476305154057,-7808.115236948454
log_total_mg_l_so4,TGV3-9,3.912023005428146,5.771478552811111,49.99999999999999,321.0120151524917,271.0120151524917
log_total_mg_l_so4,TN1-1,9.692649230391558,5.4398005687125295,16198.099999999999,230.39623066167226,-15967.703769338326
log_total_mg_l_so4,TN1-8,6.084977658606428,5.309104898048599,439.21000000000004,202.16918534193056,-237.04081465806948
log_total_mg_l_so4,TN2-1,3.912023005428146,5.5049706344786244,49.99999999999999,245.91123426118594,195.91123426118594
log_total_mg_l_so4,TN3-1,7.00990564762707,5.327030332454552,1107.5499999999997,205.82583138443957,-901.7241686155602
log_total_mg_l_so4,TN3-5,3.912023005428146,4.888910063390035,49.99999999999999,132.8087420266994,82.8087420266994
log_total_mg_l_so4,CB-CMBjA1,3.912023005428146,5.656346221412538,49.99999999999999,286.10137939341234,236.10137939341234
log_total_mg_l_so4,CB-iH5,3.912023005428146,5.136103468550826,49.99999999999999,170.05186326465852,120.05186326465852
log_total_mg_l_so4,VV-0,3.912023005428146,5.734280628181326,49.99999999999999,309.29039591716173,259.29039591716173
log_total_mg_l_so4,VV-d,3.912023005428146,5.734280628181326,49.99999999999999,309.29039591716173,259.29039591716173
log_total_mg_l_so4,VV-J,3.912023005428146,5.734280628181326,49.99999999999999,309.29039591716173,259.29039591716173
log_total_mg_l_so4,VV-L,3.912023005428146,5.734280628181326,49.99999999999999,309.29039591716173,259.29039591716173
log_total_mg_l_so4,WV-BA 1,3.912023005428146,6.468665661347995,49.99999999999999,644.6230074522954,594.6230074522954
log_total_mg_l_so4,WV-UNN 1,3.912023005428146,5.488721602408456,49.99999999999999,241.94770370436763,191.94770370436763
log_total_mg_l_so4,WV-UNN 3,3.912023005428146,5.488721602408456,49.99999999999999,241.94770370436763,191.94770370436763
log_total_mg_l_so4,WV-UNN-2,3.912023005428146,5.488721602408456,49.99999999999999,241.94770370436763,191.94770370436763
log_total_mg_l_so4,WV-ZS 2,3.912023005428146,6.547417991919756,49.99999999999999,697.44104855278,647.44104855278
log_hr_1_mg_l_so4,BS-607,3.218875824868201,5.167877315421801,25.000000000000007,175.54182180883305,150.54182180883305
log_hr_1_mg_l_so4,BS-610,3.218875824868201,5.168595323844616,25.000000000000007,175.66790757535233,150.66790757535233
log_hr_1_mg_l_so4,BS-618,3.218875824868201,5.173941578687579,25.000000000000007,176.60958796569466,151.60958796569466
log_hr_1_mg_l_so4,BPS-1,3.218875824868201,4.553261322380618,25.000000000000007,94.94153891937428,69.94153891937427
log_hr_1_mg_l_so4,BPS-18,8.720382167890824,4.7651605233395875,6126.519999999998,117.34995318235316,-6009.170046817644
log_hr_1_mg_l_so4,BPS-22,8.852733565416885,4.81845513498366,6993.480000000002,123.77372929971752,-6869.706270700285
log_hr_1_mg_l_so4,BPS-25,7.566750876611192,4.38039335679096,1932.8500000000013,79.86944441516334,-1852.980555584838
log_hr_1_mg_l_so4,BPS-5,3.218875824868201,4.3788340829113865,25.000000000000007,79.74500312095374,54.74500312095373
log_hr_1_mg_l_so4,CK-20B,3.218875824868201,3.444966085380942,25.000000000000007,31.342220469176596,6.342220469176588
log_hr_1_mg_l_so4,CK1-100B,3.218875824868201,3.3961875308419,25.000000000000007,29.850080326556256,4.850080326556249
log_hr_1_mg_l_so4,CK2-100A,3.218875824868201,3.3961862079579728,25.000000000000007,29.850040838390882,4.850040838390875
log_hr_1_mg_l_so4,CK2-100B,3.218875824868201,3.412693665844895,25.000000000000007,30.34687861262311,5.3468786126231045
log_hr_1_mg_l_so4,CM-2 1,7.1827243830093,7.261714833778114,1316.49,1424.6975631309897,108.20756313098968
log_hr_1_mg_l_so4,CM-4,6.097309945191323,7.462491466698969,444.6600000000001,1741.4814999572727,1296.8214999572726
log_hr_1_mg_l_so4,CM-PA 3-10,7.48124579473832,7.465022658283785,1774.4500000000007,1745.8951067608045,-28.55489323919619
log_hr_1_mg_l_so4,CM-PA 30,3.218875824868201,7.462491466698969,25.000000000000007,1741.4814999572727,1716.4814999572727
log_hr_1_mg_l_so4,CM2 (OM),3.218875824868201,7.259617425009793,25.000000000000007,1421.7125214904263,1396.7125214904263
log_hr_1_mg_l_so4,LC1-5,3.218875824868201,4.215113430886603,25.000000000000007,67.70184491569668,42.701844915696675
log_hr_1_mg_l_so4,LGP (3-4),3.218875824868201,4.231905107131719,25.000000000000007,68.84827064446235,43.84827064446234
log_hr_1_mg_l_so4,LGP (BA 1-3),3.218875824868201,4.2150267425406724,25.000000000000007,67.69597620912238,42.69597620912237
log_hr_1_mg_l_so4,CR-0819,3.218875824868201,5.0799963161787725,25.000000000000007,160.77346366681812,135.77346366681812
log_hr_1_mg_l_so4,CR-0821,3.218875824868201,5.0799963161787725,25.000000000000007,160.77346366681812,135.77346366681812
log_hr_1_mg_l_so4,CR-0826,6.238168362831205,5.0799963161787725,511.9200000000001,160.77346366681812,-351.146536333182
log_hr_1_mg_l_so4,CR-0828,7.377996380029212,5.0799963161787725,1600.3799999999997,160.77346366681812,-1439.6065363331816
log_hr_1_mg_l_so4,CR-0833,3.218875824868201,5.0799963161787725,25.000000000000007,160.77346366681812,135.77346366681812
log_hr_1_mg_l_so4,CS-CR2,6.786039520298041,4.161562660671697,885.4000000000001,64.17172291763717,-821.2282770823629
log_hr_1_mg_l_so4,CS-CR5,6.540524821103888,4.395376339601011,692.6500000000003,81.07513680668897,-611.5748631933113
log_hr_1_mg_l_so4,CS-CR7,7.430114138561801,4.367605391217752,1686.0,78.85457956820069,-1607.1454204317993
log_hr_1_mg_l_so4,CS-CR9,3.218875824868201,4.367679378980893,25.000000000000007,78.86041405799413,53.86041405799413
log_hr_1_mg_l_so4,DS1(1-2),8.867838795360292,5.04763223445422,7099.919999999994,155.65347688107408,-6944.266523118919
log_hr_1_mg_l_so4,DS2(1-2),8.962116164042255,4.998854989383182,7801.850000000005,148.2433217110923,-7653.606678288913
log_hr_1_mg_l_so4,DA-1,6.32048048305274,3.2188758248682006,555.8399999999999,24.999999999999996,-530.8399999999999
log_hr_1_mg_l_so4,DA-3,3.218875824868201,3.2188758248682006,25.000000000000007,24.999999999999996,-1.0658141036401503e-14
log_hr_1_mg_l_so4,DA-4,6.826827179464896,3.2188758248682006,922.2600000000002,24.999999999999996,-897.2600000000002
log_hr_1_mg_l_so4,DA-5,3.218875824868201,3.2188758248682006,25.000000000000007,24.999999999999996,-1.0658141036401503e-14
log_hr_1_mg_l_so4,DA-6,6.974376005824032,3.2188758248682006,1068.8900000000003,24.999999999999996,-1043.8900000000003
log_hr_1_mg_l_so4,GE-A1-3,3.218875824868201,3.3796712542146143,25.000000000000007,29.361117183003806,4.361117183003799
log_hr_1_mg_l_so4,GE-A2-2,3.218875824868201,3.379669346347285,25.000000000000007,29.361061165941013,4.361061165941006
log_hr_1_mg_l_so4,GE-B1-3,3.218875824868201,3.3708820616050215,25.000000000000007,29.10418742539413,4.104187425394123
log_hr_1_mg_l_so4,GE-C2-3,3.218875824868201,3.353689571959618,25.000000000000007,28.608090772427268,3.6080907724272606
log_hr_1_mg_l_so4,GE-C3-2,3.218875824868201,3.3610520139926146,25.000000000000007,28.819493447451837,3.81949344745183
log_hr_1_mg_l_so4,HS-1,3.218875824868201,3.218875824868202,25.000000000000007,25.00000000000003,2.1316282072803006e-14
log_hr_1_mg_l_so4,HS-2,3.218875824868201,3.2188758248682006,25.000000000000007,24.999999999999996,-1.0658141036401503e-14
log_hr_1_mg_l_so4,HS-3,3.218875824868201,3.2188758248682006,25.000000000000007,24.999999999999996,-1.0658141036401503e-14
log_hr_1_mg_l_so4,HS-4,3.218875824868201,3.218875824868201,25.000000000000007,25.000000000000007,0.0
log_hr_1_mg_l_so4,HS-7,3.218875824868201,3.218875824868201,25.000000000000007,25.000000000000007,0.0
log_hr_1_mg_l_so4,HC-BA1,6.463201049062171,5.495155954319518,641.11,243.50949955783494,-397.60050044216507
log_hr_1_mg_l_so4,HC-BA2,3.218875824868201,5.502544324835574,25.000000000000007,245.3153007141734,220.3153007141734
log_hr_1_mg_l_so4,HC-Z5-1,6.430090376989552,5.282066685322494,620.23,196.77612974636608,-423.4538702536339
log_hr_1_mg_l_so4,HC-ZS2,7.978694852294733,5.505636298621233,2918.119999999999,246.0749830468991,-2672.0450169531
log_hr_1_mg_l_so4,HVY-4A,3.218875824868201,3.2188758248682023,25.000000000000007,25.00000000000004,3.197442310920451e-14
log_hr_1_mg_l_so4,HVY-5A,3.218875824868201,3.2188758248682023,25.000000000000007,25.00000000000004,3.197442310920451e-14
log_hr_1_mg_l_so4,HVY-9054A,3.218875824868201,3.218875824868201,25.000000000000007,25.000000000000007,0.0
log_hr_1_mg_l_so4,HVY-9062A,3.218875824868201,3.2188758248682006,25.000000000000007,24.999999999999996,-1.0658141036401503e-14
log_hr_1_mg_l_so4,HVY-9130A,7.971192791975681,3.2188758248682015,2896.310000000001,25.000000000000018,-2871.310000000001
log_hr_1_mg_l_so4,HD-10,3.218875824868201,3.6943051608145057,25.000000000000007,40.21761810015634,15.217618100156336
log_hr_1_mg_l_so4,HD-14,3.218875824868201,3.711959432286303,25.000000000000007,40.93393527230592,15.933935272305916
log_hr_1_mg_l_so4,HD-6,3.218875824868201,3.71474648101311,25.000000000000007,41.048179272336704,16.048179272336696
log_hr_1_mg_l_so4,HG-3,3.218875824868201,3.9105733310755895,25.000000000000007,49.927568795886486,24.92756879588648
log_hr_1_mg_l_so4,HG-54,3.218875824868201,3.5796739208479575,25.000000000000007,35.8618451402493,10.861845140249294
log_hr_1_mg_l_so4,HG-6,3.218875824868201,3.451843043643608,25.000000000000007,31.558502439868537,6.55850243986853
log_hr_1_mg_l_so4,HG-8,3.218875824868201,3.3881647589256656,25.000000000000007,29.611558024797016,4.611558024797009
log_hr_1_mg_l_so4,HG-9,3.218875824868201,3.5088361089656384,25.000000000000007,33.40936029138927,8.409360291389262
log_hr_1_mg_l_so4,HM-2,3.218875824868201,5.701877313341694,25.000000000000007,299.4289957060051,274.4289957060051
log_hr_1_mg_l_so4,HM-3,3.218875824868201,5.70185147655013,25.000000000000007,299.4212595213943,274.4212595213943
log_hr_1_mg_l_so4,HM-5,3.218875824868201,5.703403144178795,25.000000000000007,299.88622243779093,274.88622243779093
log_hr_1_mg_l_so4,HM-6,3.218875824868201,5.7038092519606165,25.000000000000007,300.0080332988792,275.0080332988792
log_hr_1_mg_l_so4,LI-10,3.218875824868201,4.060936440334681,25.000000000000007,58.02862598959634,33.028625989596335
log_hr_1_mg_l_so4,LI-11,3.218875824868201,4.06867253381757,25.000000000000007,58.47928177504172,33.47928177504171
log_hr_1_mg_l_so4,LI-12,3.218875824868201,4.06867253381757,25.000000000000007,58.47928177504172,33.47928177504171
log_hr_1_mg_l_so4,LI-13,3.218875824868201,4.06867253381757,25.000000000000007,58.47928177504172,33.47928177504171
log_hr_1_mg_l_so4,LI-14,3.218875824868201,4.06867253381757,25.000000000000007,58.47928177504172,33.47928177504171
log_hr_1_mg_l_so4,LI-15,3.218875824868201,4.06867253381757,25.000000000000007,58.47928177504172,33.47928177504171
log_hr_1_mg_l_so4,LI-4,3.218875824868201,4.058093900061335,25.000000000000007,57.86391149791035,32.863911497910344
log_hr_1_mg_l_so4,LI-5,3.218875824868201,4.058093900061335,25.000000000000007,57.86391149791035,32.863911497910344
log_hr_1_mg_l_so4,LI-6,3.218875824868201,4.058093900061335,25.000000000000007,57.86391149791035,32.863911497910344
log_hr_1_mg_l_so4,LI-9,3.218875824868201,4.060936440334681,25.000000000000007,58.02862598959634,33.028625989596335
log_hr_1_mg_l_so4,LGP-BA LV8,3.218875824868201,3.512166390283714,25.000000000000007,33.52080833347907,8.52080833347906
log_hr_1_mg_l_so4,LV-14,3.218875824868201,3.5346278828802418,25.000000000000007,34.2822553262719,9.282255326271894
log_hr_1_mg_l_so4,LV-18,3.218875824868201,3.5346278828802418,25.000000000000007,34.2822553262719,9.282255326271894
log_hr_1_mg_l_so4,MD-BJA1,8.727808997195877,6.812430792500106,6172.19,909.0779031133038,-5263.112096886696
log_hr_1_mg_l_so4,MD-UN11,8.271203134906292,6.8473122165066185,3909.65,941.3473654812339,-2968.3026345187664
log_hr_1_mg_l_so4,MD-UN6,3.218875824868201,6.815312857750509,25.000000000000007,911.7017041144476,886.7017041144476
log_hr_1_mg_l_so4,ME-A1-1,3.218875824868201,3.445752021669231,25.000000000000007,31.366863140115075,6.366863140115068
log_hr_1_mg_l_so4,ME-A2-3,3.218875824868201,3.445752021669231,25.000000000000007,31.366863140115075,6.366863140115068
log_hr_1_mg_l_so4,ME-B1-2,3.218875824868201,3.44114091849749,25.000000000000007,31.222560251439806,6.222560251439798
log_hr_1_mg_l_so4,ME-c2-3,3.218875824868201,3.401765441181684,25.000000000000007,30.017046626876787,5.01704662687678
log_hr_1_mg_l_so4,ME-C3-1,3.218875824868201,3.401765441181684,25.000000000000007,30.017046626876787,5.01704662687678
log_hr_1_mg_l_so4,HK-1,3.218875824868201,3.2188758248682015,25.000000000000007,25.000000000000018,1.0658141036401503e-14
log_hr_1_mg_l_so4,HK-2,3.218875824868201,3.2188758248682006,25.000000000000007,24.999999999999996,-1.0658141036401503e-14
log_hr_1_mg_l_so4,HK-3,3.218875824868201,3.218875824868201,25.000000000000007,25.000000000000007,0.0
log_hr_1_mg_l_so4,HK-4,3.218875824868201,3.218875824868202,25.000000000000007,25.00000000000003,2.1316282072803006e-14
log_hr_1_mg_l_so4,HK-5,3.218875824868201,3.218875824868201,25.000000000000007,25.000000000000007,0.0
log_hr_1_mg_l_so4,MK-A6,3.218875824868201,3.2188758248682006,25.000000000000007,24.999999999999996,-1.0658141036401503e-14
log_hr_1_mg_l_so4,MK-KYBjA6,3.218875824868201,3.2188758248682015,25.000000000000007,25.000000000000018,1.0658141036401503e-14
log_hr_1_mg_l_so4,MK-UN8,3.218875824868201,3.2188758248682006,25.000000000000007,24.999999999999996,-1.0658141036401503e-14
log_hr_1_mg_l_so4,MFP-A1,3.218875824868201,4.160513466156846,25.000000000000007,64.1044296060033,39.104429606003286
log_hr_1_mg_l_so4,MFP-A2,3.218875824868201,4.160513466156846,25.000000000000007,64.1044296060033,39.104429606003286
log_hr_1_mg_l_so4,MFP-AAA,3.218875824868201,4.029794648782191,25.000000000000007,56.24935918664366,31.24935918664365
log_hr_1_mg_l_so4,MFP-d,3.218875824868201,4.162207529888835,25.000000000000007,64.21311863233396,39.21311863233395
log_hr_1_mg_l_so4,MS-11,3.218875824868201,4.034250841536532,25.000000000000007,56.50057649414482,31.500576494144816
log_hr_1_mg_l_so4,MS-12,3.218875824868201,4.034250841536532,25.000000000000007,56.50057649414482,31.500576494144816
log_hr_1_mg_l_so4,MS-5,3.218875824868201,4.034250841536532,25.000000000000007,56.50057649414482,31.500576494144816
log_hr_1_mg_l_so4,MS-7,3.218875824868201,4.034250841536532,25.000000000000007,56.50057649414482,31.500576494144816
log_hr_1_mg_l_so4,ON-10,3.218875824868201,4.172647022066174,25.000000000000007,64.8869822590466,39.8869822590466
log_hr_1_mg_l_so4,OR-4,8.312159659274345,4.727869895491573,4073.099999999998,113.05448780865173,-3960.0455121913465
log_hr_1_mg_l_so4,OR-8,3.218875824868201,4.507996726740247,25.000000000000007,90.73985958036054,65.73985958036053
log_hr_1_mg_l_so4,AV1-1,7.496441539127092,4.577366566744831,1801.6200000000001,97.25793439160657,-1704.3620656083936
log_hr_1_mg_l_so4,AV1-8,7.891173677262581,4.710998533404447,2673.58,111.16310457876375,-2562.4168954212364
log_hr_1_mg_l_so4,AV2-1,8.66195478857538,4.701733767104482,5778.819999999998,110.13796058625564,-5668.682039413742
log_hr_1_mg_l_so4,AV3-1,7.1007777099836265,4.661052031135257,1212.9100000000005,105.74727308199732,-1107.1627269180033
log_hr_1_mg_l_so4,AV3-7,3.218875824868201,4.8771353216647535,25.000000000000007,131.25412396512147,106.25412396512147
log_hr_1_mg_l_so4,BP1-1,8.281767016567503,4.732436120515053,3951.169999999998,113.5719004521585,-3837.5980995478394
log_hr_1_mg_l_so4,BP1-8,3.218875824868201,4.979802090685807,25.000000000000007,145.44559376729362,120.44559376729362
log_hr_1_mg_l_so4,BP2-1,7.5001037452506925,4.758249419308958,1808.23,116.54173151687134,-1691.6882684831287
log_hr_1_mg_l_so4,BP3-1,8.936054830616817,4.728805110731844,7601.149999999999,113.16026754433196,-7487.989732455667
log_hr_1_mg_l_so4,BP3-8,3.218875824868201,4.8889164299795596,25.000000000000007,132.8095875681368,107.8095875681368
log_hr_1_mg_l_so4,HV1-8,3.218875824868201,4.893262282021858,25.000000000000007,133.38801435375265,108.38801435375265
log_hr_1_mg_l_so4,HV2-5,6.77776048236595,5.197369030312544,878.0999999999998,180.795946935118,-697.3040530648818
log_hr_1_mg_l_so4,HV3-1,8.930015171257963,4.764981881708368,7555.380000000002,117.32899146766637,-7438.051008532336
log_hr_1_mg_l_so4,HV3-9,3.218875824868201,5.113546937804088,25.000000000000007,166.25902068179678,141.25902068179678
log_hr_1_mg_l_so4,KR-1,6.273537165951479,4.010342572853025,530.35,55.16576562053016,-475.18423437946984
log_hr_1_mg_l_so4,KR-2,9.202620651460965,3.7809834961512223,9923.100000000011,43.85915584178623,-9879.240844158225
log_hr_1_mg_l_so4,KR-4,3.218875824868201,3.746052764059236,25.000000000000007,42.35357207504324,17.353572075043232
log_hr_1_mg_l_so4,MF1-1,3.218875824868201,3.2188758248682015,25.000000000000007,25.000000000000018,1.0658141036401503e-14
log_hr_1_mg_l_so4,MF1-6,3.218875824868201,3.2188758248682006,25.000000000000007,24.999999999999996,-1.0658141036401503e-14
log_hr_1_mg_l_so4,MF2-1,3.218875824868201,3.2188758248681997,25.000000000000007,24.99999999999997,-3.552713678800501e-14
log_hr_1_mg_l_so4,MF3-1,3.218875824868201,3.2188758248682015,25.000000000000007,25.000000000000018,1.0658141036401503e-14
log_hr_1_mg_l_so4,MFX-2,3.218875824868201,3.2188758248682,25.000000000000007,24.999999999999986,-2.1316282072803006e-14
log_hr_1_mg_l_so4,MSP1-1,3.218875824868201,3.661359721146961,25.000000000000007,38.91421940155538,13.914219401555371
log_hr_1_mg_l_so4,MSP1-4,3.218875824868201,3.9066813556706013,25.000000000000007,49.73362957424973,24.733629574249726
log_hr_1_mg_l_so4,MSP2-1,3.218875824868201,3.6512976268983213,25.000000000000007,38.524624217122515,13.524624217122508
log_hr_1_mg_l_so4,MSP3-1,3.218875824868201,3.7264963636425588,25.000000000000007,41.53333524209389,16.533335242093884
log_hr_1_mg_l_so4,MSP3-4,3.218875824868201,3.9029911649783586,25.000000000000007,49.550441205191305,24.550441205191298
log_hr_1_mg_l_so4,MW2-1,3.218875824868201,3.2188758248682006,25.000000000000007,24.999999999999996,-1.0658141036401503e-14
log_hr_1_mg_l_so4,NP1-1,3.218875824868201,3.2188758248682015,25.000000000000007,25.000000000000018,1.0658141036401503e-14
log_hr_1_mg_l_so4,NP2-1,3.218875824868201,3.218875824868201,25.000000000000007,25.000000000000007,0.0
log_hr_1_mg_l_so4,NP3-1,3.218875824868201,3.2188758248682006,25.000000000000007,24.999999999999996,-1.0658141036401503e-14
log_hr_1_mg_l_so4,NP3-4,3.218875824868201,3.2188758248682,25.000000000000007,24.999999999999986,-2.1316282072803006e-14
log_hr_1_mg_l_so4,NP4-5,3.218875824868201,3.4316763321365586,25.000000000000007,30.928445665502746,5.928445665502739
log_hr_1_mg_l_so4,RM1-1,9.123980419127404,4.985922192106942,9172.640000000005,146.3384649967265,-9026.301535003278
log_hr_1_mg_l_so4,RM1-8,3.218875824868201,4.991081674575857,25.000000000000007,147.095446879528,122.095446879528
log_hr_1_mg_l_so4,RM2-1,3.218875824868201,4.980930815009446,25.000000000000007,145.6098544318093,120.60985443180931
log_hr_1_mg_l_so4,RM3-1,8.271763130522787,4.977394978012943,3911.839999999999,145.0959108672384,-3766.7440891327606
log_hr_1_mg_l_so4,RM3-8,8.685720037188004,4.978608055114315,5917.800000000005,145.27203019577902,-5772.527969804226
log_hr_1_mg_l_so4,SH1-1,9.84509013615532,4.089041734528024,18865.500000000015,59.68267244862257,-18805.81732755139
log_hr_1_mg_l_so4,SH1-6,8.115165169753265,4.268089488415271,3344.8099999999995,71.38512315165845,-3273.4248768483412
log_hr_1_mg_l_so4,SH2-1,9.14497484229463,4.083964590391152,9367.249999999995,59.38042284978342,-9307.869577150212
log_hr_1_mg_l_so4,SH3-2,9.810987869582958,4.084447703497448,18232.98999999999,59.4091172410797,-18173.58088275891
log_hr_1_mg_l_so4,SH3-8,9.028453920510174,4.274621035206095,8336.959999999992,71.85290442833622,-8265.107095571655
log_hr_1_mg_l_so4,TGV1-1,9.020718633579351,3.500931328995956,8272.720000000001,33.14630770551119,-8239.57369229449
log_hr_1_mg_l_so4,TGV1-8,3.218875824868201,5.168437260336308,25.000000000000007,175.64014308391816,150.64014308391816
log_hr_1_mg_l_so4,TGV2-1,3.218875824868201,4.862098019049127,25.000000000000007,129.29518150176648,104.29518150176648
log_hr_1_mg_l_so4,TGV3-1,3.218875824868201,4.018341247904724,25.000000000000007,55.60878808808484,30.608788088084836
log_hr_1_mg_l_so4,TGV3-9,3.218875824868201,5.1802106401778145,25.000000000000007,177.72024207437303,152.72024207437303
log_hr_1_mg_l_so4,TN1-1,9.02904149206991,4.8438560343773895,8341.859999999997,126.95796334423248,-8214.902036655765
log_hr_1_mg_l_so4,TN1-8,6.026373091596171,4.662331725057896,414.21000000000015,105.88268384838423,-308.32731615161595
log_hr_1_mg_l_so4,TN2-1,3.218875824868201,4.911645235163162,25.000000000000007,135.86275681757456,110.86275681757456
log_hr_1_mg_l_so4,TN3-1,6.9870746481863915,4.706386295065318,1082.5499999999995,110.65157440227863,-971.8984255977209
log_hr_1_mg_l_so4,TN3-5,3.218875824868201,4.232384010102894,25.000000000000007,68.88125018220325,43.88125018220324
log_hr_1_mg_l_so4,CB-CMBjA1,3.218875824868201,4.873588617736189,25.000000000000007,130.78942900285884,105.78942900285884
log_hr_1_mg_l_so4,CB-iH5,3.218875824868201,4.1938022101757175,25.000000000000007,66.27430133267433,41.27430133267432
log_hr_1_mg_l_so4,VV-0,3.218875824868201,5.263260765545677,25.000000000000007,193.11015271396715,168.11015271396715
log_hr_1_mg_l_so4,VV-d,3.218875824868201,5.263260765545677,25.000000000000007,193.11015271396715,168.11015271396715
log_hr_1_mg_l_so4,VV-J,3.218875824868201,5.263260765545677,25.000000000000007,193.11015271396715,168.11015271396715
log_hr_1_mg_l_so4,VV-L,3.218875824868201,5.263260765545677,25.000000000000007,193.11015271396715,168.11015271396715
log_hr_1_mg_l_so4,WV-BA 1,3.218875824868201,6.045263296760339,25.000000000000007,422.108882753997,397.108882753997
log_hr_1_mg_l_so4,WV-UNN 1,3.218875824868201,4.9823256854275835,25.000000000000007,145.8131030301198,120.8131030301198
log_hr_1_mg_l_so4,WV-UNN 3,3.218875824868201,4.9823256854275835,25.000000000000007,145.8131030301198,120.8131030301198
log_hr_1_mg_l_so4,WV-UNN-2,3.218875824868201,4.9823256854275835,25.000000000000007,145.8131030301198,120.8131030301198
log_hr_1_mg_l_so4,WV-ZS 2,3.218875824868201,6.100656486987148,25.000000000000007,446.15056600453573,421.15056600453573
log_hr_24_mg_l_so4,BS-607,3.218875824868201,4.340015409658475,25.000000000000007,76.70872138438672,51.70872138438671
log_hr_24_mg_l_so4,BS-610,3.218875824868201,4.340015409658476,25.000000000000007,76.70872138438679,51.708721384386784
log_hr_24_mg_l_so4,BS-618,3.218875824868201,4.340015409658476,25.000000000000007,76.70872138438679,51.708721384386784
log_hr_24_mg_l_so4,BPS-1,3.218875824868201,4.359173544596564,25.000000000000007,78.19248511004966,53.19248511004965
log_hr_24_mg_l_so4,BPS-18,8.789312794383635,4.003728181480144,6563.72,54.8020817559745,-6508.917918244026
log_hr_24_mg_l_so4,BPS-22,8.783937082073807,4.003728181480144,6528.530000000002,54.8020817559745,-6473.727918244027
log_hr_24_mg_l_so4,BPS-25,3.218875824868201,3.7162188027502636,25.000000000000007,41.10865991150432,16.10865991150431
log_hr_24_mg_l_so4,BPS-5,3.218875824868201,3.7162188027502636,25.000000000000007,41.10865991150432,16.10865991150431
log_hr_24_mg_l_so4,CK-20B,3.218875824868201,3.2188758248682006,25.000000000000007,24.999999999999996,-1.0658141036401503e-14
log_hr_24_mg_l_so4,CK1-100B,3.218875824868201,3.2188758248682006,25.000000000000007,24.999999999999996,-1.0658141036401503e-14
log_hr_24_mg_l_so4,CK2-100A,3.218875824868201,3.2188758248682006,25.000000000000007,24.999999999999996,-1.0658141036401503e-14
log_hr_24_mg_l_so4,CK2-100B,3.218875824868201,3.2188758248682006,25.000000000000007,24.999999999999996,-1.0658141036401503e-14
log_hr_24_mg_l_so4,CM-2 1,3.218875824868201,4.698298753264432,25.000000000000007,109.7602842004933,84.76028420049329
log_hr_24_mg_l_so4,CM-4,3.218875824868201,4.937300453406504,25.000000000000007,139.39344209242253,114.39344209242253
log_hr_24_mg_l_so4,CM-PA 3-10,3.218875824868201,4.937300453406504,25.000000000000007,139.39344209242253,114.39344209242253
log_hr_24_mg_l_so4,CM-PA 30,3.218875824868201,4.937300453406504,25.000000000000007,139.39344209242253,114.39344209242253
log_hr_24_mg_l_so4,CM2 (OM),3.218875824868201,4.698298753264432,25.000000000000007,109.7602842004933,84.76028420049329
log_hr_24_mg_l_so4,LC1-5,3.218875824868201,3.2188758248682006,25.000000000000007,24.999999999999996,-1.0658141036401503e-14
log_hr_24_mg_l_so4,LGP (3-4),3.218875824868201,3.2188758248682006,25.000000000000007,24.999999999999996,-1.0658141036401503e-14
log_hr_24_mg_l_so4,LGP (BA 1-3),3.218875824868201,3.2188758248682006,25.000000000000007,24.999999999999996,-1.0658141036401503e-14
log_hr_24_mg_l_so4,CR-0819,3.218875824868201,3.2188758248682006,25.000000000000007,24.999999999999996,-1.0658141036401503e-14
log_hr_24_mg_l_so4,CR-0821,3.218875824868201,3.2188758248682006,25.000000000000007,24.999999999999996,-1.0658141036401503e-14
log_hr_24_mg_l_so4,CR-0826,3.218875824868201,3.2188758248682006,25.000000000000007,24.999999999999996,-1.0658141036401503e-14
log_hr_24_mg_l_so4,CR-0828,3.218875824868201,3.2188758248682006,25.000000000000007,24.999999999999996,-1.0658141036401503e-14
log_hr_24_mg_l_so4,CR-0833,3.218875824868201,3.2188758248682006,25.000000000000007,24.999999999999996,-1.0658141036401503e-14
log_hr_24_mg_l_so4,CS-CR2,3.218875824868201,3.2188758248682006,25.000000000000007,24.999999999999996,-1.0658141036401503e-14
log_hr_24_mg_l_so4,CS-CR5,3.218875824868201,3.2188758248682006,25.000000000000007,24.999999999999996,-1.0658141036401503e-14
log_hr_24_mg_l_so4,CS-CR7,3.218875824868201,3.2188758248682006,25.000000000000007,24.999999999999996,-1.0658141036401503e-14
log_hr_24_mg_l_so4,CS-CR9,3.218875824868201,3.2188758248682006,25.000000000000007,24.999999999999996,-1.0658141036401503e-14
log_hr_24_mg_l_so4,DS1(1-2),8.671963679122902,4.643294063219881,5836.950000000002,103.88599159984898,-5733.0640084001525
log_hr_24_mg_l_so4,DS2(1-2),8.755981719355022,3.775650736204254,6348.549999999995,43.625888025650696,-6304.924111974344
log_hr_24_mg_l_so4,DA-1,5.9692956223369205,3.2188758248682006,391.23000000000013,24.999999999999996,-366.23000000000013
log_hr_24_mg_l_so4,DA-3,3.218875824868201,3.2188758248682006,25.000000000000007,24.999999999999996,-1.0658141036401503e-14
log_hr_24_mg_l_so4,DA-4,3.218875824868201,3.2188758248682006,25.000000000000007,24.999999999999996,-1.0658141036401503e-14
log_hr_24_mg_l_so4,DA-5,3.218875824868201,3.2188758248682006,25.000000000000007,24.999999999999996,-1.0658141036401503e-14
log_hr_24_mg_l_so4,DA-6,3.218875824868201,3.2188758248682006,25.000000000000007,24.999999999999996,-1.0658141036401503e-14
log_hr_24_mg_l_so4,GE-A1-3,3.218875824868201,3.2188758248682006,25.000000000000007,24.999999999999996,-1.0658141036401503e-14
log_hr_24_mg_l_so4,GE-A2-2,3.218875824868201,3.2188758248682006,25.000000000000007,24.999999999999996,-1.0658141036401503e-14
log_hr_24_mg_l_so4,GE-B1-3,3.218875824868201,3.2188758248682006,25.000000000000007,24.999999999999996,-1.0658141036401503e-14
log_hr_24_mg_l_so4,GE-C2-3,3.218875824868201,3.2188758248682006,25.000000000000007,24.999999999999996,-1.0658141036401503e-14
log_hr_24_mg_l_so4,GE-C3-2,3.218875824868201,3.2188758248682006,25.000000000000007,24.999999999999996,-1.0658141036401503e-14
log_hr_24_mg_l_so4,HS-1,3.218875824868201,3.355892012950826,25.000000000000007,28.671167840487243,3.671167840487236
log_hr_24_mg_l_so4,HS-2,3.218875824868201,3.355892012950826,25.000000000000007,28.671167840487243,3.671167840487236
log_hr_24_mg_l_so4,HS-3,3.218875824868201,3.355892012950826,25.000000000000007,28.671167840487243,3.671167840487236
log_hr_24_mg_l_so4,HS-4,3.218875824868201,3.355892012950826,25.000000000000007,28.671167840487243,3.671167840487236
log_hr_24_mg_l_so4,HS-7,3.218875824868201,3.355892012950826,25.000000000000007,28.671167840487243,3.671167840487236
log_hr_24_mg_l_so4,HC-BA1,3.218875824868201,4.358922347740764,25.000000000000007,78.17284587040375,53.17284587040374
log_hr_24_mg_l_so4,HC-BA2,3.218875824868201,4.358922347740764,25.000000000000007,78.17284587040375,53.17284587040374
log_hr_24_mg_l_so4,HC-Z5-1,3.218875824868201,4.635777642465104,25.000000000000007,103.10806803935353,78.10806803935353
log_hr_24_mg_l_so4,HC-ZS2,3.218875824868201,4.635777642465105,25.000000000000007,103.10806803935363,78.10806803935361
log_hr_24_mg_l_so4,HVY-4A,3.218875824868201,3.2188758248682006,25.000000000000007,24.999999999999996,-1.0658141036401503e-14
log_hr_24_mg_l_so4,HVY-5A,3.218875824868201,3.2188758248682006,25.000000000000007,24.999999999999996,-1.0658141036401503e-14
log_hr_24_mg_l_so4,HVY-9054A,3.218875824868201,3.2188758248682006,25.000000000000007,24.999999999999996,-1.0658141036401503e-14
log_hr_24_mg_l_so4,HVY-9062A,3.218875824868201,3.2188758248682006,25.000000000000007,24.999999999999996,-1.0658141036401503e-14
log_hr_24_mg_l_so4,HVY-9130A,3.218875824868201,3.2188758248682006,25.000000000000007,24.999999999999996,-1.0658141036401503e-14
log_hr_24_mg_l_so4,HD-10,3.218875824868201,3.356396814741637,25.000000000000007,28.685644751035525,3.685644751035518
log_hr_24_mg_l_so4,HD-14,3.218875824868201,3.356396814741637,25.000000000000007,28.685644751035525,3.685644751035518
log_hr_24_mg_l_so4,HD-6,3.218875824868201,3.493413002824263,25.000000000000007,32.89803741078128,7.898037410781271
log_hr_24_mg_l_so4,HG-3,3.218875824868201,3.356396814741637,25.000000000000007,28.685644751035525,3.685644751035518
log_hr_24_mg_l_so4,HG-54,3.218875824868201,3.356396814741637,25.000000000000007,28.685644751035525,3.685644751035518
log_hr_24_mg_l_so4,HG-6,3.218875824868201,3.2188758248682006,25.000000000000007,24.999999999999996,-1.0658141036401503e-14
log_hr_24_mg_l_so4,HG-8,3.218875824868201,3.355892012950826,25.000000000000007,28.671167840487243,3.671167840487236
log_hr_24_mg_l_so4,HG-9,3.218875824868201,3.356396814741637,25.000000000000007,28.685644751035525,3.685644751035518
log_hr_24_mg_l_so4,HM-2,3.218875824868201,4.072435812879535,25.000000000000007,58.69977025131953,33.69977025131952
log_hr_24_mg_l_so4,HM-3,3.218875824868201,4.072435812879535,25.000000000000007,58.69977025131953,33.69977025131952
log_hr_24_mg_l_so4,HM-5,3.218875824868201,4.072435812879535,25.000000000000007,58.69977025131953,33.69977025131952
log_hr_24_mg_l_so4,HM-6,3.218875824868201,4.072435812879535,25.000000000000007,58.69977025131953,33.69977025131952
log_hr_24_mg_l_so4,LI-10,3.218875824868201,3.2188758248682006,25.000000000000007,24.999999999999996,-1.0658141036401503e-14
log_hr_24_mg_l_so4,LI-11,3.218875824868201,3.2188758248682006,25.000000000000007,24.999999999999996,-1.0658141036401503e-14
log_hr_24_mg_l_so4,LI-12,3.218875824868201,3.2188758248682006,25.000000000000007,24.999999999999996,-1.0658141036401503e-14
log_hr_24_mg_l_so4,LI-13,3.218875824868201,3.2188758248682006,25.000000000000007,24.999999999999996,-1.0658141036401503e-14
log_hr_24_mg_l_so4,LI-14,3.218875824868201,3.2188758248682006,25.000000000000007,24.999999999999996,-1.0658141036401503e-14
log_hr_24_mg_l_so4,LI-15,3.218875824868201,3.2188758248682006,25.000000000000007,24.999999999999996,-1.0658141036401503e-14
log_hr_24_mg_l_so4,LI-4,3.218875824868201,3.2188758248682006,25.000000000000007,24.999999999999996,-1.0658141036401503e-14
log_hr_24_mg_l_so4,LI-5,3.218875824868201,3.2188758248682006,25.000000000000007,24.999999999999996,-1.0658141036401503e-14
log_hr_24_mg_l_so4,LI-6,3.218875824868201,3.2188758248682006,25.000000000000007,24.999999999999996,-1.0658141036401503e-14
log_hr_24_mg_l_so4,LI-9,3.218875824868201,3.2188758248682006,25.000000000000007,24.999999999999996,-1.0658141036401503e-14
log_hr_24_mg_l_so4,LGP-BA LV8,3.218875824868201,3.2188758248682006,25.000000000000007,24.999999999999996,-1.0658141036401503e-14
log_hr_24_mg_l_so4,LV-14,3.218875824868201,3.2188758248682006,25.000000000000007,24.999999999999996,-1.0658141036401503e-14
log_hr_24_mg_l_so4,LV-18,3.218875824868201,3.2188758248682006,25.000000000000007,24.999999999999996,-1.0658141036401503e-14
log_hr_24_mg_l_so4,MD-BJA1,8.874531915004507,3.492301864593788,7147.600000000006,32.86150344460865,-7114.738496555397
log_hr_24_mg_l_so4,MD-UN11,8.985588027247553,3.9587366753897832,7987.140000000003,52.39109716127854,-7934.7489028387245
log_hr_24_mg_l_so4,MD-UN6,8.962558269110277,3.492301864593788,7805.2999999999965,32.86150344460865,-7772.438496555388
log_hr_24_mg_l_so4,ME-A1-1,3.218875824868201,3.2188758248682006,25.000000000000007,24.999999999999996,-1.0658141036401503e-14
log_hr_24_mg_l_so4,ME-A2-3,3.218875824868201,3.2188758248682006,25.000000000000007,24.999999999999996,-1.0658141036401503e-14
log_hr_24_mg_l_so4,ME-B1-2,3.218875824868201,3.2188758248682006,25.000000000000007,24.999999999999996,-1.0658141036401503e-14
log_hr_24_mg_l_so4,ME-c2-3,3.218875824868201,3.2188758248682006,25.000000000000007,24.999999999999996,-1.0658141036401503e-14
log_hr_24_mg_l_so4,ME-C3-1,3.218875824868201,3.2188758248682006,25.000000000000007,24.999999999999996,-1.0658141036401503e-14
log_hr_24_mg_l_so4,HK-1,3.218875824868201,3.355892012950826,25.000000000000007,28.671167840487243,3.671167840487236
log_hr_24_mg_l_so4,HK-2,3.218875824868201,3.355892012950826,25.000000000000007,28.671167840487243,3.671167840487236
log_hr_24_mg_l_so4,HK-3,3.218875824868201,3.355892012950826,25.000000000000007,28.671167840487243,3.671167840487236
log_hr_24_mg_l_so4,HK-4,3.218875824868201,3.355892012950826,25.000000000000007,28.671167840487243,3.671167840487236
log_hr_24_mg_l_so4,HK-5,3.218875824868201,3.355892012950826,25.000000000000007,28.671167840487243,3.671167840487236
log_hr_24_mg_l_so4,MK-A6,3.218875824868201,3.355892012950826,25.000000000000007,28.671167840487243,3.671167840487236
log_hr_24_mg_l_so4,MK-KYBjA6,3.218875824868201,3.355892012950826,25.000000000000007,28.671167840487243,3.671167840487236
log_hr_24_mg_l_so4,MK-UN8,3.218875824868201,3.355892012950826,25.000000000000007,28.671167840487243,3.671167840487236
log_hr_24_mg_l_so4,MFP-A1,3.218875824868201,3.6440992334810525,25.000000000000007,38.248304537802895,13.248304537802888
log_hr_24_mg_l_so4,MFP-A2,3.218875824868201,3.6440992334810525,25.000000000000007,38.248304537802895,13.248304537802888
log_hr_24_mg_l_so4,MFP-AAA,3.218875824868201,3.356396814741637,25.000000000000007,28.685644751035525,3.685644751035518
log_hr_24_mg_l_so4,MFP-d,3.218875824868201,3.6440992334810525,25.000000000000007,38.248304537802895,13.248304537802888
log_hr_24_mg_l_so4,MS-11,3.218875824868201,3.648828344287968,25.000000000000007,38.429613385046736,13.429613385046729
log_hr_24_mg_l_so4,MS-12,3.218875824868201,3.648828344287968,25.000000000000007,38.429613385046736,13.429613385046729
log_hr_24_mg_l_so4,MS-5,3.218875824868201,3.648828344287968,25.000000000000007,38.429613385046736,13.429613385046729
log_hr_24_mg_l_so4,MS-7,3.218875824868201,3.648828344287968,25.000000000000007,38.429613385046736,13.429613385046729
log_hr_24_mg_l_so4,ON-10,3.218875824868201,3.775650736204254,25.000000000000007,43.625888025650696,18.62588802565069
log_hr_24_mg_l_so4,OR-4,7.628629488022611,4.052506030928595,2056.23,57.54147723217308,-1998.688522767827
log_hr_24_mg_l_so4,OR-8,3.218875824868201,4.052506030928595,25.000000000000007,57.54147723217308,32.54147723217307
log_hr_24_mg_l_so4,AV1-1,3.218875824868201,4.052506030928595,25.000000000000007,57.54147723217308,32.54147723217307
log_hr_24_mg_l_so4,AV1-8,3.218875824868201,4.3251604236413295,25.000000000000007,75.57763632687787,50.57763632687786
log_hr_24_mg_l_so4,AV2-1,7.998909827709659,4.3251604236413295,2977.7100000000014,75.57763632687787,-2902.1323636731236
log_hr_24_mg_l_so4,AV3-1,3.218875824868201,4.052506030928595,25.000000000000007,57.54147723217308,32.54147723217307
log_hr_24_mg_l_so4,AV3-7,3.218875824868201,4.3251604236413295,25.000000000000007,75.57763632687787,50.57763632687786
log_hr_24_mg_l_so4,BP1-1,6.920296310476448,4.3251604236413295,1012.6199999999997,75.57763632687787,-937.0423636731218
log_hr_24_mg_l_so4,BP1-8,3.218875824868201,4.3251604236413295,25.000000000000007,75.57763632687787,50.57763632687786
log_hr_24_mg_l_so4,BP2-1,6.31258744011516,4.3251604236413295,551.47,75.57763632687787,-475.8923636731222
log_hr_24_mg_l_so4,BP3-1,8.846151555179858,4.3251604236413295,6947.600000000006,75.57763632687787,-6872.022363673128
log_hr_24_mg_l_so4,BP3-8,3.218875824868201,4.3251604236413295,25.000000000000007,75.57763632687787,50.57763632687786
log_hr_24_mg_l_so4,HV1-8,3.218875824868201,4.3251604236413295,25.000000000000007,75.57763632687787,50.57763632687786
log_hr_24_mg_l_so4,HV2-5,3.218875824868201,4.272993714086315,25.000000000000007,71.73607176735358,46.73607176735357
log_hr_24_mg_l_so4,HV3-1,8.81736444831112,4.052506030928595,6750.450000000004,57.54147723217308,-6692.9085227678315
log_hr_24_mg_l_so4,HV3-9,3.218875824868201,4.3251604236413295,25.000000000000007,75.57763632687787,50.57763632687786
log_hr_24_mg_l_so4,KR-1,3.218875824868201,3.491530217580936,25.000000000000007,32.83615574463403,7.83615574463402
log_hr_24_mg_l_so4,KR-2,8.687396619379943,3.2188758248682006,5927.730000000001,24.999999999999996,-5902.730000000001
log_hr_24_mg_l_so4,KR-4,3.218875824868201,3.2188758248682006,25.000000000000007,24.999999999999996,-1.0658141036401503e-14
log_hr_24_mg_l_so4,MF1-1,5.959199586520707,3.2188758248682006,387.3,24.999999999999996,-362.3
log_hr_24_mg_l_so4,MF1-6,3.218875824868201,3.2188758248682006,25.000000000000007,24.999999999999996,-1.0658141036401503e-14
log_hr_24_mg_l_so4,MF2-1,3.218875824868201,3.2188758248682006,25.000000000000007,24.999999999999996,-1.0658141036401503e-14
log_hr_24_mg_l_so4,MF3-1,3.218875824868201,3.2188758248682006,25.000000000000007,24.999999999999996,-1.0658141036401503e-14
log_hr_24_mg_l_so4,MFX-2,3.218875824868201,3.2188758248682006,25.000000000000007,24.999999999999996,-1.0658141036401503e-14
log_hr_24_mg_l_so4,MSP1-1,3.218875824868201,3.356396814741637,25.000000000000007,28.685644751035525,3.685644751035518
log_hr_24_mg_l_so4,MSP1-4,3.218875824868201,3.356396814741637,25.000000000000007,28.685644751035525,3.685644751035518
log_hr_24_mg_l_so4,MSP2-1,3.218875824868201,3.356396814741637,25.000000000000007,28.685644751035525,3.685644751035518
log_hr_24_mg_l_so4,MSP3-1,3.218875824868201,3.356396814741637,25.000000000000007,28.685644751035525,3.685644751035518
log_hr_24_mg_l_so4,MSP3-4,3.218875824868201,3.356396814741637,25.000000000000007,28.685644751035525,3.685644751035518
log_hr_24_mg_l_so4,MW2-1,3.218875824868201,3.2188758248682006,25.000000000000007,24.999999999999996,-1.0658141036401503e-14
log_hr_24_mg_l_so4,NP1-1,3.218875824868201,3.2188758248682006,25.000000000000007,24.999999999999996,-1.0658141036401503e-14
log_hr_24_mg_l_so4,NP2-1,3.218875824868201,3.2188758248682006,25.000000000000007,24.999999999999996,-1.0658141036401503e-14
log_hr_24_mg_l_so4,NP3-1,3.218875824868201,3.2188758248682006,25.000000000000007,24.999999999999996,-1.0658141036401503e-14
log_hr_24_mg_l_so4,NP3-4,3.218875824868201,3.2188758248682006,25.000000000000007,24.999999999999996,-1.0658141036401503e-14
log_hr_24_mg_l_so4,NP4-5,3.218875824868201,3.2188758248682006,25.000000000000007,24.999999999999996,-1.0658141036401503e-14
log_hr_24_mg_l_so4,RM1-1,3.218875824868201,4.066849534218325,25.000000000000007,58.37277118168365,33.372771181683646
log_hr_24_mg_l_so4,RM1-8,3.218875824868201,4.062588578187282,25.000000000000007,58.124576519053825,33.12457651905382
log_hr_24_mg_l_so4,RM2-1,3.218875824868201,4.066849534218325,25.000000000000007,58.37277118168365,33.372771181683646
log_hr_24_mg_l_so4,RM3-1,3.218875824868201,4.066849534218325,25.000000000000007,58.37277118168365,33.372771181683646
log_hr_24_mg_l_so4,RM3-8,3.218875824868201,4.062588578187281,25.000000000000007,58.12457651905377,33.12457651905376
log_hr_24_mg_l_so4,SH1-1,3.218875824868201,3.2188758248682006,25.000000000000007,24.999999999999996,-1.0658141036401503e-14
log_hr_24_mg_l_so4,SH1-6,3.218875824868201,3.2188758248682006,25.000000000000007,24.999999999999996,-1.0658141036401503e-14
log_hr_24_mg_l_so4,SH2-1,3.218875824868201,3.2188758248682006,25.000000000000007,24.999999999999996,-1.0658141036401503e-14
log_hr_24_mg_l_so4,SH3-2,3.218875824868201,3.2188758248682006,25.000000000000007,24.999999999999996,-1.0658141036401503e-14
log_hr_24_mg_l_so4,SH3-8,3.218875824868201,3.2188758248682006,25.000000000000007,24.999999999999996,-1.0658141036401503e-14
log_hr_24_mg_l_so4,TGV1-1,9.067506415794806,3.4915302175809364,8668.980000000003,32.83615574463404,-8636.14384425537
log_hr_24_mg_l_so4,TGV1-8,3.218875824868201,4.052506030928595,25.000000000000007,57.54147723217308,32.54147723217307
log_hr_24_mg_l_so4,TGV2-1,3.218875824868201,4.052506030928595,25.000000000000007,57.54147723217308,32.54147723217307
log_hr_24_mg_l_so4,TGV3-1,8.972924199656504,3.629051207454373,7886.63,37.67705194720986,-7848.95294805279
log_hr_24_mg_l_so4,TGV3-9,3.218875824868201,4.272993714086316,25.000000000000007,71.73607176735365,46.73607176735364
log_hr_24_mg_l_so4,TN1-1,8.96906339946583,4.32516042364133,7856.239999999995,75.57763632687794,-7780.662363673117
log_hr_24_mg_l_so4,TN1-8,3.218875824868201,4.32516042364133,25.000000000000007,75.57763632687794,50.57763632687793
log_hr_24_mg_l_so4,TN2-1,3.218875824868201,4.32516042364133,25.000000000000007,75.57763632687794,50.57763632687793
log_hr_24_mg_l_so4,TN3-1,3.218875824868201,4.32516042364133,25.000000000000007,75.57763632687794,50.57763632687793
log_hr_24_mg_l_so4,TN3-5,3.218875824868201,4.048305128916988,25.000000000000007,57.30025814832917,32.30025814832916
log_hr_24_mg_l_so4,CB-CMBjA1,3.218875824868201,4.072435812879535,25.000000000000007,58.69977025131953,33.69977025131952
log_hr_24_mg_l_so4,CB-iH5,3.218875824868201,4.086519151883829,25.000000000000007,59.53230770842266,34.53230770842265
log_hr_24_mg_l_so4,VV-0,3.218875824868201,4.358922347740764,25.000000000000007,78.17284587040375,53.17284587040374
log_hr_24_mg_l_so4,VV-d,3.218875824868201,4.358922347740764,25.000000000000007,78.17284587040375,53.17284587040374
log_hr_24_mg_l_so4,VV-J,3.218875824868201,4.358922347740764,25.000000000000007,78.17284587040375,53.17284587040374
log_hr_24_mg_l_so4,VV-L,3.218875824868201,4.358922347740764,25.000000000000007,78.17284587040375,53.17284587040374
log_hr_24_mg_l_so4,WV-BA 1,3.218875824868201,4.3036595254543375,25.000000000000007,73.96999407164213,48.96999407164213
log_hr_24_mg_l_so4,WV-UNN 1,3.218875824868201,4.355853211292959,25.000000000000007,77.93329054195205,52.93329054195204
log_hr_24_mg_l_so4,WV-UNN 3,3.218875824868201,4.355853211292959,25.000000000000007,77.93329054195205,52.93329054195204
log_hr_24_mg_l_so4,WV-UNN-2,3.218875824868201,4.355853211292959,25.000000000000007,77.93329054195205,52.93329054195204
log_hr_24_mg_l_so4,WV-ZS 2,3.218875824868201,4.59116890418422,25.000000000000007,98.60962802800219,73.60962802800219
log_total_mg_l_na,BS-607,2.913437030827161,5.10991817625659,18.42,165.6567996596986,147.2367996596986
log_total_mg_l_na,BS-610,4.230622180514649,5.095545765379311,68.76000000000002,163.2929399429126,94.53293994291258
log_total_mg_l_na,BS-618,3.5452977256359124,5.112451654193934,34.650000000000006,166.07701959100433,131.42701959100432
log_total_mg_l_na,BPS-1,3.9849016508407185,4.831995262360588,53.779999999999994,125.46103877445758,71.68103877445759
log_total_mg_l_na,BPS-18,6.678178579270571,5.013104211454265,794.8699999999998,150.3707951466382,-644.4992048533616
log_total_mg_l_na,BPS-22,6.90673475842813,5.068766801944873,998.98,158.97815485701673,-840.0018451429833
log_total_mg_l_na,BPS-25,6.483030895935161,5.061185956959042,653.9499999999998,157.7775227617545,-496.1724772382453
log_total_mg_l_na,BPS-5,5.5254529391317835,5.060946323260432,250.9999999999999,157.73971848018846,-93.26028151981143
log_total_mg_l_na,CK-20B,3.554776469590456,5.13007600634742,34.97999999999999,169.02996490689662,134.04996490689663
log_total_mg_l_na,CK1-100B,1.9740810260220096,5.1536798775751995,7.2,173.067186015146,165.86718601514602
log_total_mg_l_na,CK2-100A,3.019448800171307,5.153676410281022,20.48,173.06658594134,152.58658594134002
log_total_mg_l_na,CK2-100B,2.856470206220483,5.160974273946524,17.4,174.33422218276544,156.93422218276544
log_total_mg_l_na,CM-2 1,7.378021373780776,7.29098238002678,1600.4199999999998,1467.0111520059206,-133.40884799407922
log_total_mg_l_na,CM-4,5.977061316797238,7.3137709780444995,394.28,1500.82611383583,1106.54611383583
log_total_mg_l_na,CM-PA 3-10,7.311552329989604,7.310565062147661,1497.5,1496.0222959715493,-1.4777040284507166
log_total_mg_l_na,CM-PA 30,4.908011770197695,7.3137709780444995,135.37000000000003,1500.82611383583,1365.45611383583
log_total_mg_l_na,CM2 (OM),5.920424939628051,7.291707581216649,372.5699999999999,1468.0754160950546,1095.5054160950547
log_total_mg_l_na,LC1-5,3.9869449319454056,5.023594838687729,53.890000000000015,151.95658251399666,98.06658251399665
log_total_mg_l_na,LGP (3-4),3.777805663308338,5.056610792655012,43.720000000000006,157.05731346586,113.33731346586
log_total_mg_l_na,LGP (BA 1-3),4.033178126984613,5.023428455499761,56.44000000000001,151.93130159658332,95.49130159658331
log_total_mg_l_na,CR-0819,5.270123632177254,5.934140340899067,194.43999999999994,377.71515029678,183.27515029678005
log_total_mg_l_na,CR-0821,5.5124201732100975,5.934140340899067,247.75000000000003,377.71515029678,129.96515029677997
log_total_mg_l_na,CR-0826,6.77706555926369,5.934140340899067,877.4900000000001,377.71515029678,-499.7748497032201
log_total_mg_l_na,CR-0828,6.4337436283388625,5.934140340899067,622.4999999999999,377.71515029678,-244.7848497032199
log_total_mg_l_na,CR-0833,6.232192581179195,5.934140340899067,508.8700000000001,377.71515029678,-131.15484970322012
log_total_mg_l_na,CS-CR2,7.706932251184764,4.814110549755555,2223.7100000000005,123.2371502345274,-2100.4728497654733
log_total_mg_l_na,CS-CR5,7.313387039869622,5.380042452230881,1500.2499999999995,217.03148870025075,-1283.2185112997488
log_total_mg_l_na,CS-CR7,7.954898819275054,5.37076396920054,2849.4999999999995,215.02707903581413,-2634.4729209641855
log_total_mg_l_na,CS-CR9,6.524002737779623,5.370942263092357,681.3000000000001,215.06542046850163,-466.2345795314984
log_total_mg_l_na,DS1(1-2),7.07592720017165,5.3218872159176005,1183.1400000000006,204.76996270260824,-978.3700372973923
log_total_mg_l_na,DS2(1-2),7.119797437225173,4.962884302539998,1236.1999999999996,143.0056732485876,-1093.194326751412
log_total_mg_l_na,DA-1,5.759595539475414,3.255980393507669,317.21999999999997,25.945038416477725,-291.27496158352227
log_total_mg_l_na,DA-3,5.730132249978983,3.255980393507669,308.0099999999999,25.945038416477725,-282.0649615835222
log_total_mg_l_na,DA-4,6.662928332836769,3.255980393507669,782.8400000000003,25.945038416477725,-756.8949615835226
log_total_mg_l_na,DA-5,7.584676528236011,3.255980393507669,1967.8100000000015,25.945038416477725,-1941.8649615835238
log_total_mg_l_na,DA-6,6.180699650171005,3.255980393507669,483.3299999999999,25.945038416477725,-457.3849615835222
log_total_mg_l_na,GE-A1-3,5.082335608261447,4.646590791539728,161.15000000000003,104.22904064945007,-56.920959350549964
log_total_mg_l_na,GE-A2-2,5.155312672131032,4.646449613355415,173.34999999999994,104.21432682139871,-69.13567317860122
log_total_mg_l_na,GE-B1-3,5.172243809292668,4.678401279164225,176.30999999999992,107.59791596275429,-68.71208403724563
log_total_mg_l_na,GE-C2-3,5.4712197014254995,4.937023173662432,237.74999999999997,139.35479647254525,-98.39520352745473
log_total_mg_l_na,GE-C3-2,5.264553736395228,4.898092860760154,193.36000000000004,134.03391443946526,-59.32608556053478
log_total_mg_l_na,HS-1,3.1497400860333387,3.0823991465299687,23.330000000000002,21.810666661550002,-1.51933333845
log_total_mg_l_na,HS-2,2.836736542063533,3.08248088675709,17.059999999999995,21.81244954326217,4.752449543262173
log_total_mg_l_na,HS-3,2.1186622548331173,3.0382306515414848,8.32,20.86828727882316,12.54828727882316
log_total_mg_l_na,HS-4,2.1736147116970854,3.118648529793586,8.789999999999997,22.61579440797683,13.825794407976831
log_total_mg_l_na,HS-7,3.4005304926744517,3.404027781240644,29.980000000000004,30.085032268235476,0.10503226823547251
log_total_mg_l_na,HC-BA1,5.483925184333142,5.240455670884963,240.78999999999994,188.75609346851908,-52.03390653148085
log_total_mg_l_na,HC-BA2,3.1293886583666644,5.237870905441525,22.859999999999996,188.2688332388678,165.40883323886783
log_total_mg_l_na,HC-Z5-1,5.852058791290859,5.148034942041402,347.95,172.0929851445625,-175.85701485543748
log_total_mg_l_na,HC-ZS2,5.859931157146132,5.239284094638238,350.6999999999999,188.53508080486034,-162.16491919513953
log_total_mg_l_na,HVY-4A,5.507483689931387,4.225296737888363,246.53000000000006,68.39479586495965,-178.1352041350404
log_total_mg_l_na,HVY-5A,5.992838602661126,4.225296737888363,400.5500000000002,68.39479586495965,-332.15520413504055
log_total_mg_l_na,HVY-9054A,5.51338842277136,4.326137062896497,247.99000000000004,75.65148446895486,-172.33851553104518
log_total_mg_l_na,HVY-9062A,6.148916913222572,4.523736658619994,468.21000000000004,92.17939818894558,-376.03060181105445
log_total_mg_l_na,HVY-9130A,8.063535240706589,4.383822125292259,3176.5000000000027,80.1437682781443,-3096.3562317218584
log_total_mg_l_na,HD-10,4.021594641857437,3.5893650377433426,55.78999999999999,36.21107595868678,-19.578924041313215
log_total_mg_l_na,HD-14,3.4660483539817717,3.6333830433443306,32.01,37.84061676526548,5.830616765265482
log_total_mg_l_na,HD-6,3.868906714354518,3.6870412925141154,47.89000000000001,39.926541071381855,-7.963458928618152
log_total_mg_l_na,HG-3,3.7873664008285903,4.039506829971208,44.14,56.79832466577273,12.658324665772732
log_total_mg_l_na,HG-54,1.8671761085128091,3.382075922023213,6.47,29.431805873665017,22.961805873665018
log_total_mg_l_na,HG-6,2.4595888418037104,4.791411064371501,11.7,120.47124146091903,108.77124146091903
log_total_mg_l_na,HG-8,3.7853253523821886,3.1070521247568963,44.050000000000004,22.355047282461143,-21.69495271753886
log_total_mg_l_na,HG-9,2.825536896557877,3.2111111578724922,16.869999999999997,24.8066350040064,7.936635004006401
log_total_mg_l_na,HM-2,1.3787660946990992,5.492576263154291,3.9700000000000006,242.88212981119173,238.91212981119173
log_total_mg_l_na,HM-3,2.0955609235597192,5.492561947005729,8.13,242.87865269942785,234.74865269942785
log_total_mg_l_na,HM-5,1.547562508716013,5.524122380632375,4.7,250.66625190157137,245.96625190157138
log_total_mg_l_na,HM-6,1.682688374173693,5.464202750741687,5.38,236.08755942788744,230.70755942788745
log_total_mg_l_na,LI-10,4.720015577657132,4.8217412694681006,112.16999999999999,124.18113544891452,12.01113544891453
log_total_mg_l_na,LI-11,3.542407550213679,5.012524868512494,34.550000000000004,150.28370411804374,115.73370411804373
log_total_mg_l_na,LI-12,4.271374364570287,5.012524868512494,71.62,150.28370411804374,78.66370411804374
log_total_mg_l_na,LI-13,3.627269972482245,5.012524868512494,37.61,150.28370411804374,112.67370411804374
log_total_mg_l_na,LI-14,3.583796677660784,5.012524868512494,36.010000000000005,150.28370411804374,114.27370411804374
log_total_mg_l_na,LI-15,3.7816865037001426,5.012524868512494,43.89,150.28370411804374,106.39370411804374
log_total_mg_l_na,LI-4,3.695606774863363,4.756793477625615,40.27000000000001,116.37217701279324,76.10217701279323
log_total_mg_l_na,LI-5,3.426865128410733,4.756793477625615,30.779999999999994,116.37217701279324,85.59217701279326
log_total_mg_l_na,LI-6,3.330059353828816,4.756793477625615,27.940000000000005,116.37217701279324,88.43217701279323
log_total_mg_l_na,LI-9,4.464297627106676,4.8217412694681006,86.86000000000003,124.18113544891452,37.32113544891449
log_total_mg_l_na,LGP-BA LV8,5.335179531280603,4.865722648675327,207.50999999999993,129.7646790104332,-77.74532098956672
log_total_mg_l_na,LV-14,3.4913427315135013,4.752648525207838,32.83,115.89081817024174,83.06081817024175
log_total_mg_l_na,LV-18,4.259152536523347,4.752648525207838,70.75,115.89081817024174,45.140818170241744
log_total_mg_l_na,MD-BJA1,8.072748141167125,6.9094782914035715,3205.899999999999,1001.7244976602425,-2204.175502339757
log_total_mg_l_na,MD-UN11,7.838031752830907,6.940725002562243,2535.2099999999996,1033.5192475049014,-1501.6907524950982
log_total_mg_l_na,MD-UN6,7.5581463040712284,6.910967069837958,1916.2899999999995,1003.2169541824336,-913.0730458175659
log_total_mg_l_na,ME-A1-1,5.7066118016663605,4.772795314739202,300.8499999999999,118.24932448309615,-182.60067551690378
log_total_mg_l_na,ME-A2-3,5.580823567255753,4.772795314739202,265.2899999999999,118.24932448309615,-147.04067551690378
log_total_mg_l_na,ME-B1-2,5.146854737340066,4.760145702110971,171.89000000000001,116.76293726610659,-55.127062733893425
log_total_mg_l_na,ME-c2-3,5.498928969355161,4.827190445480596,244.43000000000012,124.8596673542993,-119.57033264570082
log_total_mg_l_na,ME-C3-1,5.64636520378625,4.827190445480596,283.26,124.8596673542993,-158.4003326457007
log_total_mg_l_na,HK-1,2.9533465570575532,3.136932683800763,19.17,23.033108568143888,3.863108568143886
log_total_mg_l_na,HK-2,2.6851226964585053,3.136997381563167,14.659999999999998,23.03459880693649,8.374598806936492
log_total_mg_l_na,HK-3,2.9512577834521614,3.1356318460638093,19.13,23.003165710940785,3.8731657109407855
log_total_mg_l_na,HK-4,3.0218872310308424,3.14531273967328,20.530000000000005,23.226938322636908,2.6969383226369033
log_total_mg_l_na,HK-5,3.054001181677967,3.13804426678144,21.200000000000003,23.058726014941477,1.8587260149414746
log_total_mg_l_na,MK-A6,2.9569914452375605,3.1725057697040473,19.240000000000002,23.867215234116852,4.62721523411685
log_total_mg_l_na,MK-KYBjA6,2.857618971424357,3.081582811606378,17.420000000000005,21.79286911801392,4.372869118013913
log_total_mg_l_na,MK-UN8,3.2272407411998283,3.1725057697040473,25.209999999999997,23.867215234116852,-1.3427847658831453
log_total_mg_l_na,MFP-A1,3.4974162394026984,4.6501857784862795,33.03,104.60441702233862,71.57441702233862
log_total_mg_l_na,MFP-A2,4.3992524153389505,4.6501857784862795,81.39000000000003,104.60441702233862,23.214417022338594
log_total_mg_l_na,MFP-AAA,3.2371085931292605,4.2068969219044545,25.46,67.14785116288193,41.687851162881934
log_total_mg_l_na,MFP-d,4.162937353687712,4.652778645737968,64.25999999999999,104.87599431940744,40.61599431940745
log_total_mg_l_na,MS-11,2.6369121732688705,4.280019601972513,13.97,72.24185607632354,58.271856076323544
log_total_mg_l_na,MS-12,2.372111155642656,4.280019601972513,10.72,72.24185607632354,61.521856076323544
log_total_mg_l_na,MS-5,2.6239436918052106,4.280019601972513,13.790000000000003,72.24185607632354,58.45185607632354
log_total_mg_l_na,MS-7,2.962175490025148,4.280019601972513,19.33999999999999,72.24185607632354,52.901856076323554
log_total_mg_l_na,ON-10,3.9697257155564354,5.232518917771631,52.970000000000006,187.2639123256424,134.2939123256424
log_total_mg_l_na,OR-4,6.676881929605986,5.447346072440737,793.8399999999998,232.14126156831855,-561.6987384316812
log_total_mg_l_na,OR-8,4.853669544564609,5.443063540490023,128.21,231.1492349076617,102.9392349076617
log_total_mg_l_na,AV1-1,7.979492992977706,4.229112454506093,2920.4500000000007,68.65626956162457,-2851.7937304383763
log_total_mg_l_na,AV1-8,6.627842943794716,4.317669261823541,755.8499999999997,75.01358735216793,-680.8364126478317
log_total_mg_l_na,AV2-1,6.074103880628784,4.291095870704178,434.45999999999987,73.04647414476347,-361.4135258552364
log_total_mg_l_na,AV3-1,5.976198613437549,4.3345706226500065,393.9400000000001,76.29219371599639,-317.6478062840037
log_total_mg_l_na,AV3-7,4.570992734186505,4.441699521076222,96.64,84.91914097410474,-11.720859025895265
log_total_mg_l_na,BP1-1,7.983777659493289,4.317665025379564,2932.9900000000007,75.01326956198075,-2857.97673043802
log_total_mg_l_na,BP1-8,5.704282349697852,4.509573966622839,300.15,90.88309103131705,-209.2669089686829
log_total_mg_l_na,BP2-1,6.335656906744333,4.352774019224367,564.34,77.69368805219342,-486.6463119478066
log_total_mg_l_na,BP3-1,7.694073990429877,4.329002541660216,2195.3,75.86857307399599,-2119.4314269260044
log_total_mg_l_na,BP3-8,4.367420482284519,4.447062443831015,78.83999999999997,85.37577913068787,6.535779130687899
log_total_mg_l_na,HV1-8,5.610935924289849,4.435563994981856,273.39999999999986,84.39971248175706,-189.0002875182428
log_total_mg_l_na,HV2-5,5.788215530631031,4.763391205873486,326.4300000000001,117.14250743335202,-209.2874925666481
log_total_mg_l_na,HV3-1,6.88313466379989,4.444620715864887,975.6799999999998,85.16756900284679,-890.512430997153
log_total_mg_l_na,HV3-9,3.8170527678369193,4.5957640143152325,45.470000000000006,99.06379279819552,53.593792798195516
log_total_mg_l_na,KR-1,5.793013608384144,3.8186802260060366,328.0000000000001,45.544060772007406,-282.4559392279927
log_total_mg_l_na,KR-2,8.081320420886648,3.7318014934318104,3233.500000000002,41.754260476504356,-3191.7457395234974
log_total_mg_l_na,KR-4,4.4916654851912705,3.4724880672563234,89.26999999999998,32.2168003748123,-57.05319962518768
log_total_mg_l_na,MF1-1,4.66992743320337,3.172532998207394,106.68999999999997,23.867865111514284,-82.82213488848569
log_total_mg_l_na,MF1-6,4.508549147383666,3.011582806071239,90.78999999999998,20.319536371183908,-70.47046362881608
log_total_mg_l_na,MF2-1,4.513164540192067,3.020399244107039,91.20999999999998,20.499474344974328,-70.71052565502565
log_total_mg_l_na,MF3-1,3.00617753141553,3.014612775733148,20.210000000000004,20.381197318157685,0.1711973181576809
log_total_mg_l_na,MFX-2,3.3079849999399764,3.121856336008421,27.329999999999995,22.68845797684694,-4.641542023153054
log_total_mg_l_na,MSP1-1,1.3887912413184778,3.7310136620061716,4.01,41.72137811252728,37.711378112527285
log_total_mg_l_na,MSP1-4,1.4182774069729414,4.123551819129789,4.13,61.7782783166696,57.6482783166696
log_total_mg_l_na,MSP2-1,2.1004689088719113,3.7281323323886455,8.169999999999998,41.60133809057121,33.43133809057122
log_total_mg_l_na,MSP3-1,3.443937535338314,3.7975690680172516,31.309999999999995,44.592650926556246,13.28265092655625
log_total_mg_l_na,MSP3-4,2.5832425505088623,4.057359594288265,13.240000000000002,57.82143729008153,44.58143729008153
log_total_mg_l_na,MW2-1,2.513656063073986,3.0282666132050786,12.35,20.66138735553029,8.311387355530291
log_total_mg_l_na,NP1-1,3.1514531485507664,3.0607712134235268,23.369999999999997,21.344011604529207,-2.0259883954707902
log_total_mg_l_na,NP2-1,3.120159851929043,3.2675353337548816,22.65,26.24657052287231,3.5965705228723124
log_total_mg_l_na,NP3-1,2.288486168614544,2.9957277336031485,9.86,19.99990920118926,10.139909201189262
log_total_mg_l_na,NP3-4,2.9496883350525844,3.1047987617952506,19.100000000000005,22.30472995979574,3.204729959795735
log_total_mg_l_na,NP4-5,1.958685340544036,4.088540561532298,7.09,59.65276859900543,52.56276859900542
log_total_mg_l_na,RM1-1,7.850473702691571,4.959557943982658,2566.9500000000007,142.53077538180236,-2424.4192246181983
log_total_mg_l_na,RM1-8,5.266362195306486,4.913851862589932,193.71000000000006,136.16288631825608,-57.54711368174398
log_total_mg_l_na,RM2-1,9.864746724219698,4.949177519911909,19240.000000000007,141.05889806218647,-19098.94110193782
log_total_mg_l_na,RM3-1,6.925771998768935,4.948475600539102,1018.18,140.959920830012,-877.2200791699879
log_total_mg_l_na,RM3-8,6.223468726854389,4.8857487002823765,504.4500000000002,132.3895483301513,-372.06045166984893
log_total_mg_l_na,SH1-1,8.404705112700494,3.8524673898304047,4468.039999999998,47.109156602800056,-4420.930843397198
log_total_mg_l_na,SH1-6,7.101181615508198,3.9548444332396273,1213.4000000000003,52.18757466098102,-1161.2124253390193
log_total_mg_l_na,SH2-1,6.965646757397915,3.8522702028743914,1059.6,47.099868207414495,-1012.5001317925854
log_total_mg_l_na,SH3-2,8.52914745365109,3.851797363840003,5060.130000000001,47.0776028155995,-5013.052397184401
log_total_mg_l_na,SH3-8,7.90021043848382,3.99508833911549,2697.8499999999995,54.33063993250205,-2643.5193600674975
log_total_mg_l_na,TGV1-1,7.80273248272408,3.5676157250902283,2447.28,35.43201270128762,-2411.8479872987127
log_total_mg_l_na,TGV1-8,2.804571768092832,4.74552094716723,16.520000000000003,115.06773410205717,98.54773410205718
log_total_mg_l_na,TGV2-1,4.990296523100725,4.485125131902682,146.98000000000002,88.68804782282034,-58.29195217717968
log_total_mg_l_na,TGV3-1,6.299096294867383,4.533977866117038,544.0800000000002,93.12827707214618,-450.951722927854
log_total_mg_l_na,TGV3-9,4.448984102798763,4.879150698043883,85.54,131.51891716557813,45.978917165578125
log_total_mg_l_na,TN1-1,8.248659937803218,4.513103532683372,3822.500000000003,91.20443567486647,-3731.2955643251366
log_total_mg_l_na,TN1-8,5.434245883772281,4.434290861860099,229.12000000000003,84.29232878370567,-144.82767121629436
log_total_mg_l_na,TN2-1,4.748144354939198,4.547994218503809,115.36999999999996,94.44278661480787,-20.92721338519209
log_total_mg_l_na,TN3-1,5.552533137416657,4.505173307079697,257.89000000000004,90.48402421208365,-167.4059757879164
log_total_mg_l_na,TN3-5,5.384816112164653,3.9731417184693902,218.06999999999994,53.151255081986676,-164.91874491801326
log_total_mg_l_na,CB-CMBjA1,3.872450230308323,4.371667594643307,48.059999999999995,79.17555440259892,31.115554402598924
log_total_mg_l_na,CB-iH5,3.899950424193877,4.1860998763641355,49.400000000000006,65.7657953958797,16.3657953958797
log_total_mg_l_na,VV-0,2.2512917986064953,5.27339743020948,9.500000000000002,195.07760040739512,185.57760040739512
log_total_mg_l_na,VV-d,3.170105660498771,5.27339743020948,23.809999999999995,195.07760040739512,171.26760040739512
log_total_mg_l_na,VV-J,2.4756977107026903,5.27339743020948,11.889999999999999,195.07760040739512,183.18760040739514
log_total_mg_l_na,VV-L,2.485739636091892,5.27339743020948,12.01,195.07760040739512,183.06760040739513
log_total_mg_l_na,WV-BA 1,3.4647979630717503,5.540334727534169,31.970000000000006,254.76326146629512,222.79326146629512
log_total_mg_l_na,WV-UNN 1,3.318540147981146,4.489648000908455,27.62,89.09008073124778,61.470080731247776
log_total_mg_l_na,WV-UNN 3,4.639474989680082,4.489648000908455,103.49000000000001,89.09008073124778,-14.399919268752228
log_total_mg_l_na,WV-UNN-2,4.001863709427935,4.489648000908455,54.69999999999998,89.09008073124778,34.3900807312478
log_total_mg_l_na,WV-ZS 2,5.24412513746461,5.599946881740514,189.45000000000002,270.412043227575,80.96204322757498
log_total_mg_l_mg2,BS-607,2.0844290831908747,3.2698276718847854,8.039999999999997,26.306805550409305,18.26680555040931
log_total_mg_l_mg2,BS-610,1.5686159179138452,3.2422190722292252,4.8,25.5904458343358,20.7904458343358
log_total_mg_l_mg2,BS-618,1.9095425048844383,3.274164972672729,6.749999999999999,26.421153881142157,19.671153881142157
log_total_mg_l_mg2,BPS-1,2.262804222982201,3.262720534382987,9.610000000000001,26.12050229177016,16.51050229177016
log_total_mg_l_mg2,BPS-18,5.713237633426957,3.046592715975659,302.85000000000014,21.043520877916098,-281.80647912208406
log_total_mg_l_mg2,BPS-22,5.5422042790001464,3.075148800444133,255.2400000000001,21.653103663249016,-233.58689633675107
log_total_mg_l_mg2,BPS-25,4.824064723012886,2.906888656796881,124.46999999999996,18.29977302558354,-106.17022697441641
log_total_mg_l_mg2,BPS-5,4.406963119963913,2.905486505280431,82.01999999999997,18.274131951621328,-63.74586804837864
log_total_mg_l_mg2,CK-20B,1.6409365794934714,2.06633174622134,5.16,7.895806108916497,2.7358061089164964
log_total_mg_l_mg2,CK1-100B,0.3852624007906449,2.004917581356404,1.47,7.425481873393053,5.955481873393054
log_total_mg_l_mg2,CK2-100A,1.8115620965242347,2.0049153675101534,6.12,7.4254654345360445,1.3054654345360444
log_total_mg_l_mg2,CK2-100B,1.601405740736836,2.027770817530555,4.96,7.597132075065008,2.637132075065008
log_total_mg_l_mg2,CM-2 1,3.3087165288679903,5.447482347108492,27.35,232.17289869723157,204.82289869723158
log_total_mg_l_mg2,CM-4,3.277144732992177,5.647686800099562,26.500000000000014,283.6346028540601,257.1346028540601
log_total_mg_l_mg2,CM-PA 3-10,3.25848107946056,5.645389500306628,26.009999999999998,282.9837570198958,256.9737570198958
log_total_mg_l_mg2,CM-PA 30,1.7387102481382395,5.647686800099562,5.6899999999999995,283.6346028540601,277.9446028540601
log_total_mg_l_mg2,CM2 (OM),3.737669618283368,5.446454268415212,41.999999999999986,231.93432934197227,189.93432934197227
log_total_mg_l_mg2,LC1-5,1.7457155307266483,2.968999729548104,5.73,19.472432152790134,13.742432152790133
log_total_mg_l_mg2,LGP (3-4),1.297463147413275,2.9949287009561365,3.66,19.983935003602824,16.323935003602823
log_total_mg_l_mg2,LGP (BA 1-3),1.205970806988609,2.968869429759033,3.34,19.469895064282564,16.129895064282564
log_total_mg_l_mg2,CR-0819,3.5700959181239695,3.1669192738396537,35.52000000000001,23.73425287754538,-11.78574712245463
log_total_mg_l_mg2,CR-0821,5.5018702680972424,3.1669192738396537,245.15000000000003,23.73425287754538,-221.41574712245466
log_total_mg_l_mg2,CR-0826,4.170224772557419,3.1669192738396537,64.73000000000002,23.73425287754538,-40.99574712245464
log_total_mg_l_mg2,CR-0828,4.937347498326424,3.1669192738396537,139.4,23.73425287754538,-115.66574712245463
log_total_mg_l_mg2,CR-0833,2.5384474167160302,3.1669192738396537,12.660000000000002,23.73425287754538,11.074252877545378
log_total_mg_l_mg2,CS-CR2,3.9994842811981406,2.817805602574267,54.57,16.740075958138906,-37.82992404186109
log_total_mg_l_mg2,CS-CR5,5.451724913177349,3.4308508334676575,233.16000000000005,30.902924809940103,-202.25707519005994
log_total_mg_l_mg2,CS-CR7,4.241326752570746,3.3701030321908436,69.49999999999997,29.081523236495123,-40.41847676350485
log_total_mg_l_mg2,CS-CR9,3.0349529867072724,3.370310256540773,20.800000000000004,29.08755026069428,8.287550260694275
log_total_mg_l_mg2,DS1(1-2),6.0690966593218345,3.7188135704022485,432.29,41.21546584081894,-391.0745341591811
log_total_mg_l_mg2,DS2(1-2),6.025020205636192,3.083774549747693,413.6500000000001,21.840685762108418,-391.80931423789167
log_total_mg_l_mg2,DA-1,4.3694478524670215,1.5177049179762327,79.0,4.5617435959540105,-74.43825640404599
log_total_mg_l_mg2,DA-3,4.46118433545971,1.5177049179762327,86.59000000000002,4.5617435959540105,-82.028256404046
log_total_mg_l_mg2,DA-4,6.1921579695846,1.5177049179762327,488.9000000000001,4.5617435959540105,-484.3382564040461
log_total_mg_l_mg2,DA-5,6.750411172257288,1.5177049179762327,854.4100000000002,4.5617435959540105,-849.8482564040462
log_total_mg_l_mg2,DA-6,6.054720996742997,1.5177049179762327,426.1200000000001,4.5617435959540105,-421.5582564040461
log_total_mg_l_mg2,GE-A1-3,1.5496879080283263,1.8569511510438523,4.71,6.404181593818312,1.6941815938183122
log_total_mg_l_mg2,GE-A2-2,1.715598108262491,1.8569319288969057,5.56,6.404058492881779,0.8440584928817794
log_total_mg_l_mg2,GE-B1-3,2.155244505095337,1.8476287312653108,8.630000000000003,6.344756547648551,-2.2852434523514518
log_total_mg_l_mg2,GE-C2-3,2.134166441369082,1.9912126106610701,8.449999999999998,7.324410037186277,-1.125589962813721
log_total_mg_l_mg2,GE-C3-2,1.864080130807681,1.981785799835408,6.45,7.2556886301167385,0.8056886301167383
log_total_mg_l_mg2,HS-1,1.1537315878891892,1.1188709491086222,3.17,3.061395779658362,-0.10860422034163797
log_total_mg_l_mg2,HS-2,1.029619417181158,1.0977714771964178,2.799999999999999,2.997478625733671,0.19747862573367225
log_total_mg_l_mg2,HS-3,0.4252677354043441,1.09447252785736,1.53,2.987606388560965,1.4576063885609651
log_total_mg_l_mg2,HS-4,0.4446858212614457,1.1544569989775404,1.56,3.172300387412465,1.612300387412465
log_total_mg_l_mg2,HS-7,2.0228711901914416,1.3570847539161695,7.56,3.884851479664108,-3.675148520335892
log_total_mg_l_mg2,HC-BA1,3.752792779857589,3.418036173981855,42.64,30.509440917100015,-12.130559082899985
log_total_mg_l_mg2,HC-BA2,1.3297240096314962,3.42567929584137,3.7799999999999994,30.743521706363985,26.963521706363984
log_total_mg_l_mg2,HC-Z5-1,3.8891637112820634,3.2244132677853607,48.87,25.13882007231913,-23.731179927680866
log_total_mg_l_mg2,HC-ZS2,5.413430173648541,3.4333442897354454,224.39999999999992,30.980076048146813,-193.4199239518531
log_total_mg_l_mg2,HVY-4A,1.7029282555214391,1.5938266679116768,5.489999999999999,4.92254989658606,-0.5674501034139396
log_total_mg_l_mg2,HVY-5A,1.8531680973566984,1.5938266679116768,6.379999999999999,4.92254989658606,-1.4574501034139393
log_total_mg_l_mg2,HVY-9054A,1.6956156086751528,1.9141749215961539,5.45,6.7813413498536015,1.3313413498536013
log_total_mg_l_mg2,HVY-9062A,1.7934247485471162,1.8800050329889408,6.01,6.553537845991647,0.5435378459916471
log_total_mg_l_mg2,HVY-9130A,2.4432162227337915,1.9206850533631226,11.510000000000002,6.825632790726862,-4.684367209273139
log_total_mg_l_mg2,HD-10,1.7732559976634952,2.1262591329874025,5.889999999999999,8.383446719603635,2.493446719603636
log_total_mg_l_mg2,HD-14,2.717340248009303,2.1750273701461715,15.140000000000004,8.802426042578029,-6.337573957421975
log_total_mg_l_mg2,HD-6,0.3001045924503381,2.284256703163904,1.35,9.818385536159806,8.468385536159806
log_total_mg_l_mg2,HG-3,1.415853163361435,2.7230526915275317,4.12,15.226733890232211,11.10673389023221
log_total_mg_l_mg2,HG-54,-0.1278333715098848,2.1493455717577015,0.8800000000000001,8.57924206133149,7.69924206133149
log_total_mg_l_mg2,HG-6,1.308332819650179,1.9311321571672038,3.7000000000000006,6.897314667064316,3.1973146670643158
log_total_mg_l_mg2,HG-8,0.1906203596086497,1.1699871718740043,1.21,3.221951306666081,2.0119513066660812
log_total_mg_l_mg2,HG-9,-0.083381608939051,1.8958227301048185,0.92,6.658023908601246,5.738023908601246
log_total_mg_l_mg2,HM-2,0.8415671856782185,4.123811670481587,2.32,61.79433357170144,59.47433357170144
log_total_mg_l_mg2,HM-3,0.3987761199573678,4.123791330573642,1.49,61.79307669342754,60.303076693427535
log_total_mg_l_mg2,HM-5,0.6471032420585384,4.132531822939254,1.91,62.33554587885641,60.42554587885641
log_total_mg_l_mg2,HM-6,1.5325568680981427,4.125694213209866,4.63,61.910773612303274,57.28077361230327
log_total_mg_l_mg2,LI-10,2.155244505095337,2.779741389743929,8.630000000000003,16.114852942860235,7.484852942860233
log_total_mg_l_mg2,LI-11,1.5810384379124025,2.8258257433374108,4.86,16.874873548991317,12.014873548991318
log_total_mg_l_mg2,LI-12,1.483874689458755,2.8258257433374108,4.410000000000001,16.874873548991317,12.464873548991317
log_total_mg_l_mg2,LI-13,0.6575200029167941,2.8258257433374108,1.93,16.874873548991317,14.944873548991318
log_total_mg_l_mg2,LI-14,1.6486586255873816,2.8258257433374108,5.2,16.874873548991317,11.674873548991318
log_total_mg_l_mg2,LI-15,1.6134299337036375,2.8258257433374108,5.019999999999999,16.874873548991317,11.854873548991318
log_total_mg_l_mg2,LI-4,1.667706820558076,2.747383570943084,5.3,15.601757543324092,10.301757543324094
log_total_mg_l_mg2,LI-5,1.809926773183504,2.747383570943084,6.11,15.601757543324092,9.491757543324091
log_total_mg_l_mg2,LI-6,1.4770487243883548,2.747383570943084,4.38,15.601757543324092,11.221757543324092
log_total_mg_l_mg2,LI-9,1.8261608959453872,2.779741389743929,6.209999999999999,16.114852942860235,9.904852942860236
log_total_mg_l_mg2,LGP-BA LV8,2.8763855159214247,1.796212945117054,17.749999999999996,6.026780444102686,-11.72321955589731
log_total_mg_l_mg2,LV-14,3.045474365448805,1.7583177401981427,21.02,5.802667584606364,-15.217332415393635
log_total_mg_l_mg2,LV-18,3.212455257065278,1.7583177401981427,24.839999999999993,5.802667584606364,-19.037332415393628
log_total_mg_l_mg2,MD-BJA1,6.547860872416432,4.681868575669459,697.7500000000006,107.97163736779224,-589.7783626322083
log_total_mg_l_mg2,MD-UN11,6.899894463570288,4.543037371964322,992.1699999999998,93.97580654522174,-898.1941934547781
log_total_mg_l_mg2,MD-UN6,6.747093447539221,4.687709691696413,851.5799999999998,108.60415774333578,-742.975842256664
log_total_mg_l_mg2,ME-A1-1,2.5764217586237734,1.9770042975438844,13.149999999999999,7.221078348815463,-5.9289216511845355
log_total_mg_l_mg2,ME-A2-3,1.7369512327330598,1.9770042975438844,5.679999999999999,7.221078348815463,1.5410783488154642
log_total_mg_l_mg2,ME-B1-2,2.315501318260592,1.9787409317701687,10.129999999999999,7.233629615952298,-2.8963703840477013
log_total_mg_l_mg2,ME-c2-3,2.25758772706331,1.9787361506042205,9.56,7.233595030851374,-2.3264049691486264
log_total_mg_l_mg2,ME-C3-1,1.7934247485471162,1.9787361506042205,6.01,7.233595030851374,1.2235950308513743
log_total_mg_l_mg2,HK-1,1.2809338454620642,1.1630988259348969,3.5999999999999996,3.199833655937133,-0.40016634406286666
log_total_mg_l_mg2,HK-2,0.7030975114131134,1.1631378623983168,2.02,3.1999585685646506,1.1799585685646505
log_total_mg_l_mg2,HK-3,0.7701082216960737,1.1623137930490481,2.16,3.1973226670213695,1.0373226670213693
log_total_mg_l_mg2,HK-4,0.3074846997479607,1.171701819339047,1.36,3.2274805563088154,1.8674805563088153
log_total_mg_l_mg2,HK-5,0.8671004876833833,1.162250815746737,2.38,3.197121314605565,0.8171213146055649
log_total_mg_l_mg2,MK-A6,1.3480731482996928,1.1963468216361333,3.85,3.3080100711375997,-0.5419899288624004
log_total_mg_l_mg2,MK-KYBjA6,1.2325602611778486,1.151455679381233,3.43,3.1627935737238446,-0.26720642627615554
log_total_mg_l_mg2,MK-UN8,1.47932922708708,1.1963468216361333,4.39,3.3080100711375997,-1.0819899288624
log_total_mg_l_mg2,MFP-A1,2.598979106047848,3.3188037222603635,13.450000000000001,27.627280881076324,14.177280881076323
log_total_mg_l_mg2,MFP-A2,2.6864860231863696,3.3188037222603635,14.680000000000001,27.627280881076324,12.947280881076322
log_total_mg_l_mg2,MFP-AAA,2.21046980408624,2.80107499953177,9.120000000000001,16.462334263996055,7.3423342639960545
log_total_mg_l_mg2,MFP-d,2.776954179749421,3.3222486302328598,16.069999999999997,27.72261844151897,11.652618441518975
log_total_mg_l_mg2,MS-11,0.6678293725756554,2.843708986174828,1.95,17.179365547764938,15.229365547764939
log_total_mg_l_mg2,MS-12,0.6575200029167941,2.843708986174828,1.93,17.179365547764938,15.249365547764938
log_total_mg_l_mg2,MS-5,1.1568811967920856,2.843708986174828,3.18,17.179365547764938,13.999365547764938
log_total_mg_l_mg2,MS-7,0.7030975114131134,2.843708986174828,2.02,17.179365547764938,15.159365547764938
log_total_mg_l_mg2,ON-10,2.1482677326096886,2.692849185730014,8.570000000000002,14.773709052919989,6.2037090529199865
log_total_mg_l_mg2,OR-4,5.664452422192262,3.1542726574266826,288.4300000000001,23.43598490122454,-264.9940150987756
log_total_mg_l_mg2,OR-8,3.6496187401606335,3.0141498609184234,38.459999999999994,20.37176474338503,-18.088235256614965
log_total_mg_l_mg2,AV1-1,6.404269320519532,2.469980016976799,604.4200000000001,11.822210605777094,-592.597789394223
log_total_mg_l_mg2,AV1-8,6.06397123789473,2.541875430984548,430.08000000000004,12.7034731313246,-417.37652686867546
log_total_mg_l_mg2,AV2-1,5.964273190254786,2.5335142882881194,389.26999999999987,12.597700386442295,-376.6722996135576
log_total_mg_l_mg2,AV3-1,5.887186778401394,2.606838210450258,360.39000000000016,13.55612141764287,-346.8338785823573
log_total_mg_l_mg2,AV3-7,3.2646137165420543,2.6885988527828615,26.169999999999995,14.711049127684058,-11.458950872315937
log_total_mg_l_mg2,BP1-1,4.112839144858265,2.55754576329821,61.120000000000005,12.904108684078997,-48.215891315921006
log_total_mg_l_mg2,BP1-8,0.9400072584914712,2.7791104698032427,2.56,16.10468896746189,13.544688967461889
log_total_mg_l_mg2,BP2-1,5.048894006213346,2.591909821171566,155.85,13.355253408315923,-142.49474659168408
log_total_mg_l_mg2,BP3-1,6.535081606598888,2.5558365890638446,688.8899999999999,12.882072151500132,-676.0079278484998
log_total_mg_l_mg2,BP3-8,2.5626389983283526,2.7033624964776,12.97,14.92984898271644,1.959848982716439
log_total_mg_l_mg2,HV1-8,2.3263016196113617,2.796241730979116,10.24,16.382959356137253,6.142959356137252
log_total_mg_l_mg2,HV2-5,3.6656108271745818,3.1171630192376596,39.07999999999999,22.58222334790872,-16.49777665209127
log_total_mg_l_mg2,HV3-1,6.348281980894554,2.7220636906173215,571.5100000000001,15.211682080908679,-556.2983179190915
log_total_mg_l_mg2,HV3-9,1.6351056591826785,2.9251211627569504,5.130000000000002,18.636483960885442,13.50648396088544
log_total_mg_l_mg2,KR-1,2.6483001966964363,2.020591729465119,14.130000000000004,7.542786902651879,-6.587213097348125
log_total_mg_l_mg2,KR-2,7.187203546506814,1.9045959007447475,1322.3999999999999,6.716692868569884,-1315.68330713143
log_total_mg_l_mg2,KR-4,1.790091412127358,1.8196897907269078,5.989999999999999,6.169944179087814,0.17994417908781468
log_total_mg_l_mg2,MF1-1,2.1424163408412245,1.08496557253823,8.520000000000001,2.959337934492089,-5.560662065507913
log_total_mg_l_mg2,MF1-6,2.2844211223663744,0.9347940372304256,9.819999999999999,2.5466888806240866,-7.2733111193759115
log_total_mg_l_mg2,MF2-1,1.572773928062509,0.9283841633142461,4.82,2.530417131637624,-2.2895828683623765
log_total_mg_l_mg2,MF3-1,1.9095425048844383,0.9349779628552461,6.749999999999999,2.547157325045825,-4.202842674954175
log_total_mg_l_mg2,MFX-2,2.1126345090356,0.9593696044737156,8.27,2.610050590483386,-5.659949409516614
log_total_mg_l_mg2,MSP1-1,0.4885800148186709,1.78109431452164,1.63,5.936349098450249,4.306349098450249
log_total_mg_l_mg2,MSP1-4,0.8285518175661483,2.128015123772228,2.29,8.398180907551385,6.108180907551385
log_total_mg_l_mg2,MSP2-1,0.8586616190375187,1.7799175903036255,2.36,5.929367761059481,3.5693677610594814
log_total_mg_l_mg2,MSP3-1,1.1378330018213911,1.7474675128583295,3.1200000000000006,5.74004765670198,2.620047656701979
log_total_mg_l_mg2,MSP3-4,2.102913897864978,2.060483401778028,8.19,7.849763482935279,-0.3402365170647208
log_total_mg_l_mg2,MW2-1,0.7227059828014898,0.9277752903693516,2.06,2.5288768980577334,0.46887689805773336
log_total_mg_l_mg2,NP1-1,0.9439058989071284,0.9404849149075395,2.57,2.561223092510873,-0.008776907489126629
log_total_mg_l_mg2,NP2-1,0.598836501088704,1.09630477194323,1.82,2.993085430635716,1.1730854306357161
log_total_mg_l_mg2,NP3-1,0.5822156198526637,0.9903224181123629,1.79,2.692102314984337,0.902102314984337
log_total_mg_l_mg2,NP3-4,2.010894999144726,0.9816045151576628,7.470000000000001,2.6687348339714894,-4.801265166028511
log_total_mg_l_mg2,NP4-5,0.5128236264286637,1.4904556707264975,1.67,4.439117834262287,2.7691178342622873
log_total_mg_l_mg2,RM1-1,4.934977403490519,2.7923984774417194,139.06999999999996,16.320116327836566,-122.7498836721634
log_total_mg_l_mg2,RM1-8,0.6471032420585384,2.7574809962759077,1.91,15.760093170971118,13.850093170971117
log_total_mg_l_mg2,RM2-1,5.728149831104496,2.7930582755439715,307.40000000000003,16.330887862746582,-291.06911213725346
log_total_mg_l_mg2,RM3-1,4.502694394398855,2.7867939143489475,90.25999999999998,16.228905044645515,-74.03109495535446
log_total_mg_l_mg2,RM3-8,5.3934002477947285,2.7483904289948384,219.94999999999993,15.617474209426264,-204.33252579057367
log_total_mg_l_mg2,SH1-1,7.840946391490275,1.9597353710208447,2542.609999999999,7.097448626038366,-2535.512551373961
log_total_mg_l_mg2,SH1-6,5.7377651341536655,1.987062800630727,310.3700000000001,7.294078106351665,-303.07592189364846
log_total_mg_l_mg2,SH2-1,7.027669375647474,1.9604850988965605,1127.3999999999996,7.102771776327505,-1120.2972282236722
log_total_mg_l_mg2,SH3-2,8.474246023647472,1.9655796276563515,4789.809999999997,7.139049381604893,-4782.6709506183915
log_total_mg_l_mg2,SH3-8,7.34436369385906,1.9990110023151302,1547.4500000000003,7.381751952042975,-1540.0682480479572
log_total_mg_l_mg2,TGV1-1,7.116734995088073,1.8993492261090494,1232.42,6.681544852191922,-1225.738455147808
log_total_mg_l_mg2,TGV1-8,2.0541237336955462,3.1041737932756237,7.800000000000002,22.290794560778515,14.490794560778514
log_total_mg_l_mg2,TGV2-1,2.1150499691472033,2.8072858404964305,8.289999999999997,16.564897375911716,8.274897375911719
log_total_mg_l_mg2,TGV3-1,6.944713819967669,2.8940298547232493,1037.6499999999996,18.06596632492785,-1019.5840336750717
log_total_mg_l_mg2,TGV3-9,2.31352503303238,3.2684454613719756,10.110000000000001,26.270469125298558,16.160469125298555
log_total_mg_l_mg2,TN1-1,7.094483777594298,2.858759101549058,1205.2999999999997,17.43987239317668,-1187.860127606823
log_total_mg_l_mg2,TN1-8,2.8942531046041373,2.740717612084426,18.070000000000004,15.498102732594354,-2.5718972674056495
log_total_mg_l_mg2,TN2-1,3.506157817298642,2.9170950763434496,33.32000000000001,18.487504590567568,-14.83249540943244
log_total_mg_l_mg2,TN3-1,2.935982269148217,2.8513048333580784,18.840000000000003,17.3103542384066,-1.5296457615934038
log_total_mg_l_mg2,TN3-5,3.3357695763397,2.314896138892098,28.099999999999998,10.12387138763908,-17.976128612360917
log_total_mg_l_mg2,CB-CMBjA1,2.4336133554004498,3.054453611692519,11.4,21.209593686380693,9.809593686380692
log_total_mg_l_mg2,CB-iH5,2.4501426573516603,2.5553672524254933,11.59,12.87602754165094,1.28602754165094
log_total_mg_l_mg2,VV-0,1.0612565021243408,3.099104470600845,2.8899999999999997,22.178081261889364,19.288081261889364
log_total_mg_l_mg2,VV-d,1.4816045409242156,3.099104470600845,4.4,22.178081261889364,17.778081261889362
log_total_mg_l_mg2,VV-J,0.712949807856125,3.099104470600845,2.04,22.178081261889364,20.138081261889365
log_total_mg_l_mg2,VV-L,1.6467336971777973,3.099104470600845,5.19,22.178081261889364,16.988081261889363
log_total_mg_l_mg2,WV-BA 1,1.1631508098056809,4.216286655041182,3.2,67.78132096795719,64.58132096795718
log_total_mg_l_mg2,WV-UNN 1,0.8197798314933114,2.9044341740309636,2.27,18.25491162635991,15.98491162635991
log_total_mg_l_mg2,WV-UNN 3,0.9745596399981308,2.9044341740309636,2.65,18.25491162635991,15.60491162635991
log_total_mg_l_mg2,WV-UNN-2,0.9895411936137476,2.9044341740309636,2.6899999999999995,18.25491162635991,15.56491162635991
log_total_mg_l_mg2,WV-ZS 2,2.6878474937846906,4.197513075498746,14.7,66.52069322010782,51.82069322010781
total_mg_l_ca2,BS-607,,,12.38,1305.2604999999999,1292.8804999999998
total_mg_l_ca2,BS-610,,,6.84,1305.1064999999999,1298.2665
total_mg_l_ca2,BS-618,,,16.47,1305.2604999999999,1288.7904999999998
total_mg_l_ca2,BPS-1,,,16.86,1170.7665000000002,1153.9065000000003
total_mg_l_ca2,BPS-18,,,5950.03,796.1205,-5153.9095
total_mg_l_ca2,BPS-22,,,6037.01,796.433,-5240.577
total_mg_l_ca2,BPS-25,,,239.54,491.22350000000006,251.68350000000007
total_mg_l_ca2,BPS-5,,,925.1,491.22350000000006,-433.87649999999996
total_mg_l_ca2,CK-20B,,,72.2,48.5555,-23.6445
total_mg_l_ca2,CK1-100B,,,14.78,50.6345,35.8545
total_mg_l_ca2,CK2-100A,,,85.58,50.6345,-34.945499999999996
total_mg_l_ca2,CK2-100B,,,81.96,50.634499999999996,-31.325499999999998
total_mg_l_ca2,CM-2 1,,,252.41,2703.0254999999997,2450.6155
total_mg_l_ca2,CM-4,,,294.95,2875.9459999999995,2580.9959999999996
total_mg_l_ca2,CM-PA 3-10,,,249.36,2875.9459999999995,2626.5859999999993
total_mg_l_ca2,CM-PA 30,,,57.17,2875.9459999999995,2818.7759999999994
total_mg_l_ca2,CM2 (OM),,,435.6,2703.0254999999997,2267.4255
total_mg_l_ca2,LC1-5,,,8.41,37.754,29.343999999999998
total_mg_l_ca2,LGP (3-4),,,4.97,37.754,32.784
total_mg_l_ca2,LGP (BA 1-3),,,6.47,37.754,31.284
total_mg_l_ca2,CR-0819,,,24.33,24.452499999999997,0.12249999999999872
total_mg_l_ca2,CR-0821,,,70.88,24.452499999999997,-46.427499999999995
total_mg_l_ca2,CR-0826,,,23.5,24.452499999999997,0.952499999999997
total_mg_l_ca2,CR-0828,,,22.31,24.452499999999997,2.1424999999999983
total_mg_l_ca2,CR-0833,,,8.54,24.452499999999997,15.912499999999998
total_mg_l_ca2,CS-CR2,,,32.16,23.311500000000002,-8.848499999999994
total_mg_l_ca2,CS-CR5,,,71.72,20.5095,-51.210499999999996
total_mg_l_ca2,CS-CR7,,,54.92,23.354000000000003,-31.566
total_mg_l_ca2,CS-CR9,,,8.36,23.354000000000003,14.994000000000003
total_mg_l_ca2,DS1(1-2),,,5538.85,1550.332,-3988.518
total_mg_l_ca2,DS2(1-2),,,5757.0,738.4495,-5018.5505
total_mg_l_ca2,DA-1,,,429.31,22.953,-406.357
total_mg_l_ca2,DA-3,,,398.58,22.953,-375.627
total_mg_l_ca2,DA-4,,,1583.72,22.953,-1560.767
total_mg_l_ca2,DA-5,,,1525.36,22.953,-1502.407
total_mg_l_ca2,DA-6,,,1225.53,22.953,-1202.577
total_mg_l_ca2,GE-A1-3,,,14.84,59.43499999999999,44.594999999999985
total_mg_l_ca2,GE-A2-2,,,11.15,59.43499999999999,48.28499999999999
total_mg_l_ca2,GE-B1-3,,,17.44,59.435,41.995000000000005
total_mg_l_ca2,GE-C2-3,,,46.14,62.465999999999994,16.325999999999993
total_mg_l_ca2,GE-C3-2,,,12.9,62.465999999999994,49.565999999999995
total_mg_l_ca2,HS-1,,,60.02,29.778999999999996,-30.241000000000007
total_mg_l_ca2,HS-2,,,61.66,29.871500000000005,-31.788499999999992
total_mg_l_ca2,HS-3,,,68.78,27.390499999999996,-41.389500000000005
total_mg_l_ca2,HS-4,,,68.81,29.778999999999996,-39.031000000000006
total_mg_l_ca2,HS-7,,,49.86,28.790999999999997,-21.069000000000003
total_mg_l_ca2,HC-BA1,,,99.08,918.7284999999999,819.6484999999999
total_mg_l_ca2,HC-BA2,,,6.49,918.7284999999999,912.2384999999999
total_mg_l_ca2,HC-Z5-1,,,90.73,1182.5795000000003,1091.8495000000003
total_mg_l_ca2,HC-ZS2,,,1076.75,1205.746,128.9960000000001
total_mg_l_ca2,HVY-4A,,,72.96,43.2745,-29.68549999999999
total_mg_l_ca2,HVY-5A,,,65.54,43.2745,-22.265500000000003
total_mg_l_ca2,HVY-9054A,,,61.26,43.496,-17.763999999999996
total_mg_l_ca2,HVY-9062A,,,82.15,46.661500000000004,-35.4885
total_mg_l_ca2,HVY-9130A,,,76.03,43.37650000000001,-32.653499999999994
total_mg_l_ca2,HD-10,,,24.6,274.256,249.65599999999998
total_mg_l_ca2,HD-14,,,35.53,274.256,238.72599999999997
total_mg_l_ca2,HD-6,,,5.22,274.744,269.524
total_mg_l_ca2,HG-3,,,10.29,278.05100000000004,267.761
total_mg_l_ca2,HG-54,,,4.18,277.1595,272.9795
total_mg_l_ca2,HG-6,,,13.26,57.124999999999986,43.86499999999999
total_mg_l_ca2,HG-8,,,7.69,37.0475,29.357499999999998
total_mg_l_ca2,HG-9,,,4.47,270.078,265.60799999999995
total_mg_l_ca2,HM-2,,,9.6,1644.682,1635.082
total_mg_l_ca2,HM-3,,,6.55,1644.682,1638.132
total_mg_l_ca2,HM-5,,,10.35,1644.6375,1634.2875000000001
total_mg_l_ca2,HM-6,,,17.23,1644.592,1627.362
total_mg_l_ca2,LI-10,,,58.09,27.4615,-30.628500000000003
total_mg_l_ca2,LI-11,,,68.53,28.078000000000003,-40.452
total_mg_l_ca2,LI-12,,,78.91,28.078000000000003,-50.831999999999994
total_mg_l_ca2,LI-13,,,2.9,28.078000000000003,25.178000000000004
total_mg_l_ca2,LI-14,,,76.44,28.078000000000003,-48.361999999999995
total_mg_l_ca2,LI-15,,,64.9,28.078000000000003,-36.822
total_mg_l_ca2,LI-4,,,71.6,28.118000000000002,-43.48199999999999
total_mg_l_ca2,LI-5,,,95.11,28.118000000000002,-66.99199999999999
total_mg_l_ca2,LI-6,,,58.27,28.118000000000002,-30.152
total_mg_l_ca2,LI-9,,,72.33,27.4615,-44.8685
total_mg_l_ca2,LGP-BA LV8,,,24.92,53.2235,28.3035
total_mg_l_ca2,LV-14,,,52.07,50.543000000000006,-1.526999999999994
total_mg_l_ca2,LV-18,,,56.97,50.543000000000006,-6.4269999999999925
total_mg_l_ca2,MD-BJA1,,,5894.5,1761.815,-4132.6849999999995
total_mg_l_ca2,MD-UN11,,,5766.58,2024.6065000000003,-3741.9734999999996
total_mg_l_ca2,MD-UN6,,,5781.93,1761.815,-4020.1150000000002
total_mg_l_ca2,ME-A1-1,,,95.28,48.582499999999996,-46.697500000000005
total_mg_l_ca2,ME-A2-3,,,59.06,48.582499999999996,-10.477500000000006
total_mg_l_ca2,ME-B1-2,,,69.5,48.5825,-20.917499999999997
total_mg_l_ca2,ME-c2-3,,,60.14,48.582499999999996,-11.557500000000005
total_mg_l_ca2,ME-C3-1,,,52.3,48.582499999999996,-3.717500000000001
total_mg_l_ca2,HK-1,,,45.84,33.2935,-12.546500000000002
total_mg_l_ca2,HK-2,,,11.61,33.2935,21.683500000000002
total_mg_l_ca2,HK-3,,,19.24,33.2935,14.053500000000003
total_mg_l_ca2,HK-4,,,13.49,33.2935,19.8035
total_mg_l_ca2,HK-5,,,19.0,33.2935,14.293500000000002
total_mg_l_ca2,MK-A6,,,78.2,32.54450000000001,-45.65549999999999
total_mg_l_ca2,MK-KYBjA6,,,64.55,36.42400000000001,-28.12599999999999
total_mg_l_ca2,MK-UN8,,,86.91,32.54450000000001,-54.36549999999998
total_mg_l_ca2,MFP-A1,,,63.82,526.641,462.82099999999997
total_mg_l_ca2,MFP-A2,,,62.79,526.641,463.85099999999994
total_mg_l_ca2,MFP-AAA,,,23.25,268.027,244.777
total_mg_l_ca2,MFP-d,,,57.26,526.641,469.381
total_mg_l_ca2,MS-11,,,9.5,552.4209999999999,542.9209999999999
total_mg_l_ca2,MS-12,,,6.43,552.4209999999999,545.991
total_mg_l_ca2,MS-5,,,15.3,552.4209999999999,537.121
total_mg_l_ca2,MS-7,,,8.69,552.4209999999999,543.7309999999999
total_mg_l_ca2,ON-10,,,23.96,697.1874999999999,673.2274999999998
total_mg_l_ca2,OR-4,,,2856.55,984.7284999999999,-1871.8215000000002
total_mg_l_ca2,OR-8,,,85.54,980.759,895.219
total_mg_l_ca2,AV1-1,,,619.38,1013.3245000000001,393.94450000000006
total_mg_l_ca2,AV1-8,,,749.9,1290.0430000000001,540.1430000000001
total_mg_l_ca2,AV2-1,,,3465.85,1290.0430000000001,-2175.807
total_mg_l_ca2,AV3-1,,,478.12,1013.46,535.34
total_mg_l_ca2,AV3-7,,,64.91,1290.0430000000001,1225.133
total_mg_l_ca2,BP1-1,,,1210.19,1290.0430000000001,79.85300000000007
total_mg_l_ca2,BP1-8,,,7.44,1290.0430000000001,1282.603
total_mg_l_ca2,BP2-1,,,591.45,1290.0430000000001,698.5930000000001
total_mg_l_ca2,BP3-1,,,5143.14,1290.0430000000001,-3853.097
total_mg_l_ca2,BP3-8,,,36.34,1290.0430000000001,1253.7030000000002
total_mg_l_ca2,HV1-8,,,23.59,1233.8165,1210.2265
total_mg_l_ca2,HV2-5,,,161.54,1159.3815,997.8415
total_mg_l_ca2,HV3-1,,,5785.07,1013.3245000000003,-4771.745499999999
total_mg_l_ca2,HV3-9,,,23.9,1244.6309999999999,1220.7309999999998
total_mg_l_ca2,KR-1,,,172.05,350.207,178.15699999999998
total_mg_l_ca2,KR-2,,,4403.5,76.871,-4326.629
total_mg_l_ca2,KR-4,,,14.1,77.30849999999998,63.20849999999998
total_mg_l_ca2,MF1-1,,,17.45,44.367,26.916999999999998
total_mg_l_ca2,MF1-6,,,13.22,36.0145,22.7945
total_mg_l_ca2,MF2-1,,,18.45,36.0145,17.5645
total_mg_l_ca2,MF3-1,,,14.04,36.01449999999999,21.974499999999992
total_mg_l_ca2,MFX-2,,,15.6,38.81649999999999,23.21649999999999
total_mg_l_ca2,MSP1-1,,,4.37,270.57800000000003,266.208
total_mg_l_ca2,MSP1-4,,,6.56,277.4055,270.8455
total_mg_l_ca2,MSP2-1,,,5.8,275.582,269.782
total_mg_l_ca2,MSP3-1,,,6.22,274.107,267.887
total_mg_l_ca2,MSP3-4,,,40.24,277.6415,237.4015
total_mg_l_ca2,MW2-1,,,10.08,44.6495,34.569500000000005
total_mg_l_ca2,NP1-1,,,13.97,41.064499999999995,27.094499999999996
total_mg_l_ca2,NP2-1,,,21.2,40.07,18.87
total_mg_l_ca2,NP3-1,,,9.75,46.471,36.721
total_mg_l_ca2,NP3-4,,,44.18,44.953500000000005,0.7735000000000056
total_mg_l_ca2,NP4-5,,,19.35,50.805499999999995,31.455499999999994
total_mg_l_ca2,RM1-1,,,3702.13,1001.4845000000001,-2700.6455
total_mg_l_ca2,RM1-8,,,5.9,1004.2610000000001,998.3610000000001
total_mg_l_ca2,RM2-1,,,2780.0,1001.4845000000001,-1778.5155
total_mg_l_ca2,RM3-1,,,936.91,1001.4845000000001,64.57450000000017
total_mg_l_ca2,RM3-8,,,3978.0,1004.2609999999999,-2973.739
total_mg_l_ca2,SH1-1,,,4733.19,120.299,-4612.891
total_mg_l_ca2,SH1-6,,,854.69,132.543,-722.147
total_mg_l_ca2,SH2-1,,,2951.0,120.299,-2830.701
total_mg_l_ca2,SH3-2,,,4981.68,120.299,-4861.381
total_mg_l_ca2,SH3-8,,,3336.16,132.543,-3203.6169999999997
total_mg_l_ca2,TGV1-1,,,5431.12,298.312,-5132.808
total_mg_l_ca2,TGV1-8,,,14.79,1014.2985000000001,999.5085000000001
total_mg_l_ca2,TGV2-1,,,13.46,1013.9435000000001,1000.4835
total_mg_l_ca2,TGV3-1,,,5176.23,553.2895000000001,-4622.9405
total_mg_l_ca2,TGV3-9,,,16.65,1103.0289999999998,1086.3789999999997
total_mg_l_ca2,TN1-1,,,6335.22,1285.932,-5049.2880000000005
total_mg_l_ca2,TN1-8,,,57.54,1234.0794999999998,1176.5394999999999
total_mg_l_ca2,TN2-1,,,329.71,1286.3495000000003,956.6395000000002
total_mg_l_ca2,TN3-1,,,150.4,1283.788,1133.388
total_mg_l_ca2,TN3-5,,,81.72,958.0580000000002,876.3380000000002
total_mg_l_ca2,CB-CMBjA1,,,72.13,1192.797,1120.667
total_mg_l_ca2,CB-iH5,,,81.78,887.9375,806.1575
total_mg_l_ca2,VV-0,,,9.09,980.4055000000001,971.3155
total_mg_l_ca2,VV-d,,,8.69,980.4055000000001,971.7155
total_mg_l_ca2,VV-J,,,6.37,980.4055000000001,974.0355000000001
total_mg_l_ca2,VV-L,,,12.17,980.4055000000001,968.2355000000001
total_mg_l_ca2,WV-BA 1,,,9.55,1503.1179999999997,1493.5679999999998
total_mg_l_ca2,WV-UNN 1,,,2.75,956.4985,953.7485
total_mg_l_ca2,WV-UNN 3,,,3.66,956.4985,952.8385000000001
total_mg_l_ca2,WV-UNN-2,,,1.86,956.4985,954.6385
total_mg_l_ca2,WV-ZS 2,,,4.48,1669.047,1664.567
digest_mg_kg_na5895,BS-607,,,537.37,2156.924,1619.554
digest_mg_kg_na5895,BS-610,,,635.47,2072.8579999999997,1437.3879999999997
digest_mg_kg_na5895,BS-618,,,421.44,2156.924,1735.484
digest_mg_kg_na5895,BPS-1,,,762.95,1243.1480000000001,480.1980000000001
digest_mg_kg_na5895,BPS-18,,,1256.97,1213.71,-43.25999999999999
digest_mg_kg_na5895,BPS-22,,,1486.95,1002.018,-484.932
digest_mg_kg_na5895,BPS-25,,,1683.27,857.3279999999999,-825.9420000000001
digest_mg_kg_na5895,BPS-5,,,1002.52,857.3279999999999,-145.19200000000012
digest_mg_kg_na5895,CK-20B,,,330.7,3333.472,3002.7720000000004
digest_mg_kg_na5895,CK1-100B,,,219.72,4246.562,4026.842
digest_mg_kg_na5895,CK2-100A,,,316.57,4246.562,3929.9919999999997
digest_mg_kg_na5895,CK2-100B,,,231.06,3421.778,3190.718
digest_mg_kg_na5895,CM-2 1,,,2432.27,2552.554,120.2840000000001
digest_mg_kg_na5895,CM-4,,,1101.2,2552.554,1451.354
digest_mg_kg_na5895,CM-PA 3-10,,,2723.34,2552.554,-170.78600000000006
digest_mg_kg_na5895,CM-PA 30,,,592.18,2552.554,1960.3740000000003
digest_mg_kg_na5895,CM2 (OM),,,610.62,2552.554,1941.9340000000002
digest_mg_kg_na5895,LC1-5,,,4688.87,12207.01,7518.14
digest_mg_kg_na5895,LGP (3-4),,,5371.03,12724.746000000001,7353.716000000001
digest_mg_kg_na5895,LGP (BA 1-3),,,3746.98,12207.01,8460.03
digest_mg_kg_na5895,CR-0819,,,9005.0,11433.502,2428.5020000000004
digest_mg_kg_na5895,CR-0821,,,9366.27,11433.502,2067.232
digest_mg_kg_na5895,CR-0826,,,10897.18,11433.502,536.3220000000001
digest_mg_kg_na5895,CR-0828,,,10261.57,11433.502,1171.9320000000007
digest_mg_kg_na5895,CR-0833,,,10251.0,11433.502,1182.5020000000004
digest_mg_kg_na5895,CS-CR2,,,13917.84,9956.204000000002,-3961.6359999999986
digest_mg_kg_na5895,CS-CR5,,,15611.22,9956.204000000002,-5655.015999999998
digest_mg_kg_na5895,CS-CR7,,,10823.29,9956.204000000002,-867.0859999999993
digest_mg_kg_na5895,CS-CR9,,,16676.65,9956.204000000002,-6720.446
digest_mg_kg_na5895,DS1(1-2),,,2070.28,1109.834,-960.4460000000001
digest_mg_kg_na5895,DS2(1-2),,,2500.0,943.0960000000001,-1556.904
digest_mg_kg_na5895,DA-1,,,917.97,420.892,-497.07800000000003
digest_mg_kg_na5895,DA-3,,,1191.77,420.892,-770.8779999999999
digest_mg_kg_na5895,DA-4,,,1852.41,420.892,-1431.518
digest_mg_kg_na5895,DA-5,,,2722.33,420.892,-2301.438
digest_mg_kg_na5895,DA-6,,,1290.84,420.892,-869.9479999999999
digest_mg_kg_na5895,GE-A1-3,,,3150.91,2211.554,-939.3559999999998
digest_mg_kg_na5895,GE-A2-2,,,4080.32,2211.554,-1868.766
digest_mg_kg_na5895,GE-B1-3,,,3711.16,3885.222,174.06200000000035
digest_mg_kg_na5895,GE-C2-3,,,2875.5,3187.496,311.9960000000001
digest_mg_kg_na5895,GE-C3-2,,,3291.0,3187.496,-103.5039999999999
digest_mg_kg_na5895,HS-1,,,534.16,293.284,-240.87599999999998
digest_mg_kg_na5895,HS-2,,,619.8,300.372,-319.42799999999994
digest_mg_kg_na5895,HS-3,,,865.8,246.214,-619.586
digest_mg_kg_na5895,HS-4,,,425.95,293.284,-132.666
digest_mg_kg_na5895,HS-7,,,501.3,283.798,-217.502
digest_mg_kg_na5895,HC-BA1,,,959.44,2120.84,1161.4
digest_mg_kg_na5895,HC-BA2,,,436.85,2268.5739999999996,1831.7239999999997
digest_mg_kg_na5895,HC-Z5-1,,,840.14,1938.348,1098.208
digest_mg_kg_na5895,HC-ZS2,,,956.05,2492.062,1536.012
digest_mg_kg_na5895,HVY-4A,,,4747.51,3421.778,-1325.7320000000004
digest_mg_kg_na5895,HVY-5A,,,8599.4,3421.778,-5177.621999999999
digest_mg_kg_na5895,HVY-9054A,,,6987.9,2497.69,-4490.209999999999
digest_mg_kg_na5895,HVY-9062A,,,5542.91,2295.736,-3247.174
digest_mg_kg_na5895,HVY-9130A,,,10280.56,1870.22,-8410.34
digest_mg_kg_na5895,HD-10,,,225.0,110.756,-114.244
digest_mg_kg_na5895,HD-14,,,383.86,110.756,-273.10400000000004
digest_mg_kg_na5895,HD-6,,,145.0,92.69399999999999,-52.30600000000001
digest_mg_kg_na5895,HG-3,,,138.51,175.382,36.872000000000014
digest_mg_kg_na5895,HG-54,,,155.8,156.022,0.22199999999998
digest_mg_kg_na5895,HG-6,,,145.97,4771.374,4625.4039999999995
digest_mg_kg_na5895,HG-8,,,165.9,344.564,178.66400000000002
digest_mg_kg_na5895,HG-9,,,136.42,64.03,-72.38999999999999
digest_mg_kg_na5895,HM-2,,,143.04,1829.9959999999999,1686.956
digest_mg_kg_na5895,HM-3,,,128.7,1829.9959999999999,1701.2959999999998
digest_mg_kg_na5895,HM-5,,,221.93,1829.9959999999999,1608.0659999999998
digest_mg_kg_na5895,HM-6,,,194.09,1829.9959999999999,1635.906
digest_mg_kg_na5895,LI-10,,,471.3,2825.272,2353.9719999999998
digest_mg_kg_na5895,LI-11,,,593.47,2825.272,2231.8019999999997
digest_mg_kg_na5895,LI-12,,,726.49,2825.272,2098.782
digest_mg_kg_na5895,LI-13,,,548.0,2825.272,2277.272
digest_mg_kg_na5895,LI-14,,,625.5,2825.272,2199.772
digest_mg_kg_na5895,LI-15,,,555.32,2825.272,2269.9519999999998
digest_mg_kg_na5895,LI-4,,,618.84,2825.272,2206.432
digest_mg_kg_na5895,LI-5,,,528.5,2825.272,2296.772
digest_mg_kg_na5895,LI-6,,,496.99,2825.272,2328.282
digest_mg_kg_na5895,LI-9,,,48.72,2825.272,2776.552
digest_mg_kg_na5895,LGP-BA LV8,,,1393.64,3607.1619999999994,2213.521999999999
digest_mg_kg_na5895,LV-14,,,189.14,3609.9880000000003,3420.8480000000004
digest_mg_kg_na5895,LV-18,,,130.34,3609.9880000000003,3479.648
digest_mg_kg_na5895,MD-BJA1,,,4679.0,1491.922,-3187.078
digest_mg_kg_na5895,MD-UN11,,,3846.61,1491.922,-2354.688
digest_mg_kg_na5895,MD-UN6,,,4118.53,1491.922,-2626.6079999999997
digest_mg_kg_na5895,ME-A1-1,,,2327.62,2743.232,415.6120000000001
digest_mg_kg_na5895,ME-A2-3,,,3109.0,2743.232,-365.76800000000003
digest_mg_kg_na5895,ME-B1-2,,,3595.0,2743.232,-851.768
digest_mg_kg_na5895,ME-c2-3,,,3743.54,2743.232,-1000.308
digest_mg_kg_na5895,ME-C3-1,,,3162.32,2743.232,-419.0880000000002
digest_mg_kg_na5895,HK-1,,,167.86,1070.718,902.8580000000001
digest_mg_kg_na5895,HK-2,,,340.56,1070.718,730.1580000000001
digest_mg_kg_na5895,HK-3,,,272.41,1070.718,798.308
digest_mg_kg_na5895,HK-4,,,308.75,535.894,227.144
digest_mg_kg_na5895,HK-5,,,273.31,1070.718,797.4080000000001
digest_mg_kg_na5895,MK-A6,,,442.76,1077.3600000000001,634.6000000000001
digest_mg_kg_na5895,MK-KYBjA6,,,412.28,1070.718,658.4380000000001
digest_mg_kg_na5895,MK-UN8,,,754.76,1077.3600000000001,322.60000000000014
digest_mg_kg_na5895,MFP-A1,,,433.73,1595.0639999999999,1161.3339999999998
digest_mg_kg_na5895,MFP-A2,,,538.48,1595.0639999999999,1056.5839999999998
digest_mg_kg_na5895,MFP-AAA,,,442.6,1595.0639999999999,1152.464
digest_mg_kg_na5895,MFP-d,,,305.79,1595.0639999999999,1289.274
digest_mg_kg_na5895,MS-11,,,119.18,817.0740000000001,697.894
digest_mg_kg_na5895,MS-12,,,143.66,817.0740000000001,673.4140000000001
digest_mg_kg_na5895,MS-5,,,133.1,817.0740000000001,683.974
digest_mg_kg_na5895,MS-7,,,143.11,817.0740000000001,673.964
digest_mg_kg_na5895,ON-10,,,660.58,1804.9419999999998,1144.3619999999996
digest_mg_kg_na5895,OR-4,,,1776.55,1804.9419999999998,28.391999999999825
digest_mg_kg_na5895,OR-8,,,718.09,1804.9419999999998,1086.8519999999999
digest_mg_kg_na5895,AV1-1,,,3830.32,271.87,-3558.4500000000003
digest_mg_kg_na5895,AV1-8,,,3724.55,534.816,-3189.7340000000004
digest_mg_kg_na5895,AV2-1,,,1856.86,167.04,-1689.82
digest_mg_kg_na5895,AV3-1,,,1851.3,271.87,-1579.4299999999998
digest_mg_kg_na5895,AV3-7,,,896.91,614.796,-282.1139999999999
digest_mg_kg_na5895,BP1-1,,,4463.22,280.54,-4182.68
digest_mg_kg_na5895,BP1-8,,,1413.0,614.796,-798.204
digest_mg_kg_na5895,BP2-1,,,1441.12,534.816,-906.3039999999999
digest_mg_kg_na5895,BP3-1,,,3526.05,534.816,-2991.2340000000004
digest_mg_kg_na5895,BP3-8,,,1061.75,635.214,-426.53599999999994
digest_mg_kg_na5895,HV1-8,,,1335.33,1037.114,-298.2159999999999
digest_mg_kg_na5895,HV2-5,,,2519.92,1067.81,-1452.1100000000001
digest_mg_kg_na5895,HV3-1,,,2138.17,503.696,-1634.4740000000002
digest_mg_kg_na5895,HV3-9,,,910.6,1013.9320000000001,103.33200000000011
digest_mg_kg_na5895,KR-1,,,1071.0,166.83599999999998,-904.164
digest_mg_kg_na5895,KR-2,,,3770.54,166.83599999999998,-3603.704
digest_mg_kg_na5895,KR-4,,,863.1,460.95799999999997,-402.14200000000005
digest_mg_kg_na5895,MF1-1,,,303.79,513.016,209.22599999999994
digest_mg_kg_na5895,MF1-6,,,266.97,425.1259999999999,158.1559999999999
digest_mg_kg_na5895,MF2-1,,,500.4,498.698,-1.7019999999999982
digest_mg_kg_na5895,MF3-1,,,292.12,498.698,206.57799999999997
digest_mg_kg_na5895,MFX-2,,,515.24,492.31000000000006,-22.92999999999995
digest_mg_kg_na5895,MSP1-1,,,84.76,209.21599999999998,124.45599999999997
digest_mg_kg_na5895,MSP1-4,,,65.27,207.91800000000003,142.64800000000002
digest_mg_kg_na5895,MSP2-1,,,64.14,209.21599999999998,145.07599999999996
digest_mg_kg_na5895,MSP3-1,,,48.2,209.21599999999998,161.01599999999996
digest_mg_kg_na5895,MSP3-4,,,57.78,209.21599999999998,151.43599999999998
digest_mg_kg_na5895,MW2-1,,,182.97,492.31000000000006,309.34000000000003
digest_mg_kg_na5895,NP1-1,,,3539.92,453.1,-3086.82
digest_mg_kg_na5895,NP2-1,,,117.33,513.016,395.686
digest_mg_kg_na5895,NP3-1,,,88.92,541.586,452.666
digest_mg_kg_na5895,NP3-4,,,233.76,460.188,226.428
digest_mg_kg_na5895,NP4-5,,,41.48,3706.244,3664.764
digest_mg_kg_na5895,RM1-1,,,4026.89,495.45,-3531.44
digest_mg_kg_na5895,RM1-8,,,1221.56,494.71799999999996,-726.842
digest_mg_kg_na5895,RM2-1,,,16806.39,495.45,-16310.939999999999
digest_mg_kg_na5895,RM3-1,,,2090.18,495.45,-1594.7299999999998
digest_mg_kg_na5895,RM3-8,,,1577.53,658.7779999999999,-918.7520000000001
digest_mg_kg_na5895,SH1-1,,,4541.25,182.208,-4359.042
digest_mg_kg_na5895,SH1-6,,,1875.5,167.04000000000002,-1708.46
digest_mg_kg_na5895,SH2-1,,,1665.34,167.04,-1498.3
digest_mg_kg_na5895,SH3-2,,,5236.95,271.87,-4965.08
digest_mg_kg_na5895,SH3-8,,,2998.01,148.29,-2849.7200000000003
digest_mg_kg_na5895,TGV1-1,,,2730.92,260.4,-2470.52
digest_mg_kg_na5895,TGV1-8,,,454.27,1585.9420000000002,1131.6720000000003
digest_mg_kg_na5895,TGV2-1,,,765.56,148.29000000000002,-617.27
digest_mg_kg_na5895,TGV3-1,,,796.29,930.484,134.19400000000007
digest_mg_kg_na5895,TGV3-9,,,677.15,1585.942,908.792
digest_mg_kg_na5895,TN1-1,,,6207.75,1116.2459999999999,-5091.504
digest_mg_kg_na5895,TN1-8,,,1744.0,867.64,-876.36
digest_mg_kg_na5895,TN2-1,,,1281.12,867.64,-413.4799999999999
digest_mg_kg_na5895,TN3-1,,,874.6,557.6220000000001,-316.97799999999995
digest_mg_kg_na5895,TN3-5,,,1232.93,530.7880000000001,-702.1419999999999
digest_mg_kg_na5895,CB-CMBjA1,,,1241.07,310.172,-930.8979999999999
digest_mg_kg_na5895,CB-iH5,,,839.22,1297.718,458.49800000000005
digest_mg_kg_na5895,VV-0,,,176.98,1392.9940000000001,1216.0140000000001
digest_mg_kg_na5895,VV-d,,,60.18,1392.9940000000001,1332.814
digest_mg_kg_na5895,VV-J,,,64.73,1392.9940000000001,1328.2640000000001
digest_mg_kg_na5895,VV-L,,,101.41,1392.9940000000001,1291.584
digest_mg_kg_na5895,WV-BA 1,,,672.09,1757.7740000000001,1085.6840000000002
digest_mg_kg_na5895,WV-UNN 1,,,431.9,452.032,20.132000000000005
digest_mg_kg_na5895,WV-UNN 3,,,338.15,452.032,113.882
digest_mg_kg_na5895,WV-UNN-2,,,507.74,452.032,-55.70800000000003
digest_mg_kg_na5895,WV-ZS 2,,,430.88,1941.122,1510.2420000000002
digest_mg_kg_mg2852,BS-607,,,4928.86,4668.000666666666,-260.8593333333338
digest_mg_kg_mg2852,BS-610,,,2248.5,4447.161333333334,2198.6613333333344
digest_mg_kg_mg2852,BS-618,,,2971.94,4668.000666666666,1696.0606666666658
digest_mg_kg_mg2852,BPS-1,,,3008.96,3909.4159999999997,900.4559999999997
digest_mg_kg_mg2852,BPS-18,,,3385.46,5593.029333333334,2207.569333333334
digest_mg_kg_mg2852,BPS-22,,,3292.17,4289.462666666667,997.2926666666672
digest_mg_kg_mg2852,BPS-25,,,3669.32,8211.320666666667,4542.000666666667
digest_mg_kg_mg2852,BPS-5,,,2923.54,8211.320666666667,5287.780666666667
digest_mg_kg_mg2852,CK-20B,,,13290.0,18399.222,5109.222000000002
digest_mg_kg_mg2852,CK1-100B,,,9781.87,19852.125333333333,10070.255333333333
digest_mg_kg_mg2852,CK2-100A,,,13965.86,19852.125333333333,5886.265333333333
digest_mg_kg_mg2852,CK2-100B,,,9920.84,16200.810666666666,6279.970666666666
digest_mg_kg_mg2852,CM-2 1,,,5175.3,4219.906666666667,-955.3933333333334
digest_mg_kg_mg2852,CM-4,,,3774.55,4197.210666666667,422.66066666666666
digest_mg_kg_mg2852,CM-PA 3-10,,,4923.54,4197.210666666667,-726.3293333333331
digest_mg_kg_mg2852,CM-PA 30,,,4985.97,4197.210666666667,-788.7593333333334
digest_mg_kg_mg2852,CM2 (OM),,,4716.43,4219.906666666667,-496.52333333333354
digest_mg_kg_mg2852,LC1-5,,,6916.5,5423.406,-1493.094
digest_mg_kg_mg2852,LGP (3-4),,,4684.52,5339.818666666667,655.2986666666666
digest_mg_kg_mg2852,LGP (BA 1-3),,,7151.21,5423.406,-1727.804
digest_mg_kg_mg2852,CR-0819,,,3867.0,3073.068666666667,-793.931333333333
digest_mg_kg_mg2852,CR-0821,,,3675.65,3073.068666666667,-602.5813333333331
digest_mg_kg_mg2852,CR-0826,,,6540.32,3073.068666666667,-3467.2513333333327
digest_mg_kg_mg2852,CR-0828,,,5321.93,3073.068666666667,-2248.8613333333333
digest_mg_kg_mg2852,CR-0833,,,3994.98,3073.068666666667,-921.911333333333
digest_mg_kg_mg2852,CS-CR2,,,4550.1,3133.036666666667,-1417.0633333333335
digest_mg_kg_mg2852,CS-CR5,,,4089.18,3210.328000000001,-878.851999999999
digest_mg_kg_mg2852,CS-CR7,,,5653.61,3210.328000000001,-2443.281999999999
digest_mg_kg_mg2852,CS-CR9,,,5146.71,3210.328000000001,-1936.3819999999992
digest_mg_kg_mg2852,DS1(1-2),,,5456.83,4736.434,-720.3959999999997
digest_mg_kg_mg2852,DS2(1-2),,,4759.52,3649.402666666667,-1110.1173333333336
digest_mg_kg_mg2852,DA-1,,,4324.3,2604.7540000000004,-1719.5459999999998
digest_mg_kg_mg2852,DA-3,,,3711.85,2604.7540000000004,-1107.0959999999995
digest_mg_kg_mg2852,DA-4,,,6169.68,2604.7540000000004,-3564.926
digest_mg_kg_mg2852,DA-5,,,6258.55,2604.7540000000004,-3653.796
digest_mg_kg_mg2852,DA-6,,,4596.61,2604.7540000000004,-1991.8559999999993
digest_mg_kg_mg2852,GE-A1-3,,,14336.02,19953.11866666667,5617.098666666669
digest_mg_kg_mg2852,GE-A2-2,,,16355.42,19953.11866666667,3597.698666666669
digest_mg_kg_mg2852,GE-B1-3,,,14691.24,18122.70333333333,3431.4633333333313
digest_mg_kg_mg2852,GE-C2-3,,,11736.95,20149.288666666664,8412.338666666663
digest_mg_kg_mg2852,GE-C3-2,,,14830.0,20149.288666666664,5319.288666666664
digest_mg_kg_mg2852,HS-1,,,14970.3,5329.9806666666655,-9640.319333333333
digest_mg_kg_mg2852,HS-2,,,13560.0,5248.452666666665,-8311.547333333336
digest_mg_kg_mg2852,HS-3,,,16910.0,4255.925333333333,-12654.074666666667
digest_mg_kg_mg2852,HS-4,,,11432.87,5329.9806666666655,-6102.889333333335
digest_mg_kg_mg2852,HS-7,,,16556.89,3601.5593333333327,-12955.330666666667
digest_mg_kg_mg2852,HC-BA1,,,4040.76,3091.1099999999997,-949.6500000000005
digest_mg_kg_mg2852,HC-BA2,,,2595.62,3383.3186666666666,787.6986666666667
digest_mg_kg_mg2852,HC-Z5-1,,,3039.24,3139.8106666666663,100.57066666666651
digest_mg_kg_mg2852,HC-ZS2,,,4335.32,3139.8106666666667,-1195.509333333333
digest_mg_kg_mg2852,HVY-4A,,,27107.36,15896.768,-11210.592
digest_mg_kg_mg2852,HVY-5A,,,42359.44,15896.768,-26462.672000000002
digest_mg_kg_mg2852,HVY-9054A,,,41512.1,14589.303333333337,-26922.79666666666
digest_mg_kg_mg2852,HVY-9062A,,,25748.5,15655.434666666668,-10093.065333333332
digest_mg_kg_mg2852,HVY-9130A,,,31903.81,14589.303333333333,-17314.506666666668
digest_mg_kg_mg2852,HD-10,,,3060.76,3217.249333333333,156.48933333333298
digest_mg_kg_mg2852,HD-14,,,3934.26,3217.249333333333,-717.010666666667
digest_mg_kg_mg2852,HD-6,,,2392.0,3217.2493333333337,825.2493333333337
digest_mg_kg_mg2852,HG-3,,,4078.22,3069.276666666667,-1008.9433333333327
digest_mg_kg_mg2852,HG-54,,,2688.0,3134.139333333333,446.13933333333307
digest_mg_kg_mg2852,HG-6,,,4447.58,21858.93133333333,17411.351333333332
digest_mg_kg_mg2852,HG-8,,,3654.0,7709.458666666667,4055.4586666666673
digest_mg_kg_mg2852,HG-9,,,2791.75,3346.263333333334,554.5133333333338
digest_mg_kg_mg2852,HM-2,,,2973.16,3732.689333333333,759.5293333333329
digest_mg_kg_mg2852,HM-3,,,3484.0,3732.689333333333,248.6893333333328
digest_mg_kg_mg2852,HM-5,,,5384.31,3732.689333333333,-1651.6206666666676
digest_mg_kg_mg2852,HM-6,,,4654.31,3732.689333333333,-921.6206666666676
digest_mg_kg_mg2852,LI-10,,,4694.0,5927.137333333333,1233.1373333333331
digest_mg_kg_mg2852,LI-11,,,4408.63,6065.494666666667,1656.8646666666673
digest_mg_kg_mg2852,LI-12,,,4583.67,6065.494666666667,1481.8246666666673
digest_mg_kg_mg2852,LI-13,,,4241.52,6065.494666666667,1823.974666666667
digest_mg_kg_mg2852,LI-14,,,4622.0,6065.494666666667,1443.4946666666674
digest_mg_kg_mg2852,LI-15,,,4213.86,6065.494666666667,1851.6346666666677
digest_mg_kg_mg2852,LI-4,,,4988.98,6065.494666666666,1076.514666666666
digest_mg_kg_mg2852,LI-5,,,4469.0,6065.494666666666,1596.4946666666656
digest_mg_kg_mg2852,LI-6,,,4517.03,6065.494666666666,1548.4646666666658
digest_mg_kg_mg2852,LI-9,,,538.62,5927.137333333333,5388.517333333333
digest_mg_kg_mg2852,LGP-BA LV8,,,11113.32,18399.175333333333,7285.855333333333
digest_mg_kg_mg2852,LV-14,,,8027.89,19240.883333333335,11212.993333333336
digest_mg_kg_mg2852,LV-18,,,10249.5,19240.883333333335,8991.383333333335
digest_mg_kg_mg2852,MD-BJA1,,,3339.0,4448.065333333333,1109.065333333333
digest_mg_kg_mg2852,MD-UN11,,,5882.47,4420.726666666667,-1461.7433333333329
digest_mg_kg_mg2852,MD-UN6,,,3317.73,4448.065333333333,1130.335333333333
digest_mg_kg_mg2852,ME-A1-1,,,13316.53,18710.077999999998,5393.547999999997
digest_mg_kg_mg2852,ME-A2-3,,,18070.0,18710.077999999998,640.0779999999977
digest_mg_kg_mg2852,ME-B1-2,,,24720.0,19344.63,-5375.369999999999
digest_mg_kg_mg2852,ME-c2-3,,,31441.35,18710.077999999998,-12731.272
digest_mg_kg_mg2852,ME-C3-1,,,23927.86,18710.077999999998,-5217.782000000003
digest_mg_kg_mg2852,HK-1,,,1811.38,6754.040666666666,4942.660666666666
digest_mg_kg_mg2852,HK-2,,,3306.22,6754.040666666666,3447.820666666666
digest_mg_kg_mg2852,HK-3,,,3283.86,6754.040666666666,3470.1806666666657
digest_mg_kg_mg2852,HK-4,,,1429.42,6641.903999999999,5212.483999999999
digest_mg_kg_mg2852,HK-5,,,3431.27,6754.040666666666,3322.770666666666
digest_mg_kg_mg2852,MK-A6,,,16338.03,6754.040666666666,-9583.989333333335
digest_mg_kg_mg2852,MK-KYBjA6,,,17994.01,6641.903999999999,-11352.106
digest_mg_kg_mg2852,MK-UN8,,,15367.06,6754.040666666666,-8613.019333333334
digest_mg_kg_mg2852,MFP-A1,,,3108.78,3671.1200000000003,562.3400000000001
digest_mg_kg_mg2852,MFP-A2,,,3377.76,3671.1200000000003,293.3600000000001
digest_mg_kg_mg2852,MFP-AAA,,,2694.0,3015.166666666667,321.16666666666697
digest_mg_kg_mg2852,MFP-d,,,2867.27,3671.1200000000003,803.8500000000004
digest_mg_kg_mg2852,MS-11,,,469.38,3533.844,3064.464
digest_mg_kg_mg2852,MS-12,,,667.71,3533.844,2866.134
digest_mg_kg_mg2852,MS-5,,,647.4,3533.844,2886.444
digest_mg_kg_mg2852,MS-7,,,506.29,3533.844,3027.554
digest_mg_kg_mg2852,ON-10,,,2630.04,13999.057333333334,11369.017333333333
digest_mg_kg_mg2852,OR-4,,,4319.64,11851.464666666667,7531.824666666666
digest_mg_kg_mg2852,OR-8,,,2528.83,13359.298,10830.468
digest_mg_kg_mg2852,AV1-1,,,4689.76,2787.3333333333335,-1902.4266666666667
digest_mg_kg_mg2852,AV1-8,,,5172.65,2787.3333333333335,-2385.316666666666
digest_mg_kg_mg2852,AV2-1,,,4948.31,2787.3333333333335,-2160.976666666667
digest_mg_kg_mg2852,AV3-1,,,4895.21,2523.6393333333335,-2371.5706666666665
digest_mg_kg_mg2852,AV3-7,,,2838.32,2787.3333333333335,-50.98666666666668
digest_mg_kg_mg2852,BP1-1,,,3220.68,2787.3333333333335,-433.34666666666635
digest_mg_kg_mg2852,BP1-8,,,4290.0,2787.3333333333335,-1502.6666666666665
digest_mg_kg_mg2852,BP2-1,,,2880.24,2762.7580000000003,-117.48199999999952
digest_mg_kg_mg2852,BP3-1,,,4803.61,2787.3333333333335,-2016.2766666666662
digest_mg_kg_mg2852,BP3-8,,,4441.24,2787.3333333333335,-1653.9066666666663
digest_mg_kg_mg2852,HV1-8,,,4228.54,2871.3413333333333,-1357.1986666666667
digest_mg_kg_mg2852,HV2-5,,,3917.33,2693.2146666666663,-1224.1153333333336
digest_mg_kg_mg2852,HV3-1,,,7053.68,2536.625333333333,-4517.054666666667
digest_mg_kg_mg2852,HV3-9,,,4128.0,3142.8113333333336,-985.1886666666664
digest_mg_kg_mg2852,KR-1,,,4686.0,2507.360666666667,-2178.639333333333
digest_mg_kg_mg2852,KR-2,,,7554.11,2507.360666666667,-5046.749333333333
digest_mg_kg_mg2852,KR-4,,,4423.0,2765.648666666667,-1657.351333333333
digest_mg_kg_mg2852,MF1-1,,,2093.81,9997.743333333334,7903.933333333334
digest_mg_kg_mg2852,MF1-6,,,2161.68,9632.859333333332,7471.179333333332
digest_mg_kg_mg2852,MF2-1,,,2351.7,9632.859333333332,7281.159333333332
digest_mg_kg_mg2852,MF3-1,,,2979.04,9632.859333333332,6653.819333333332
digest_mg_kg_mg2852,MFX-2,,,3316.73,9632.859333333334,6316.129333333334
digest_mg_kg_mg2852,MSP1-1,,,1763.94,4214.418000000001,2450.4780000000005
digest_mg_kg_mg2852,MSP1-4,,,1872.26,3851.423333333333,1979.1633333333332
digest_mg_kg_mg2852,MSP2-1,,,1901.39,4214.418000000001,2313.0280000000002
digest_mg_kg_mg2852,MSP3-1,,,1100.8,3748.7320000000004,2647.9320000000007
digest_mg_kg_mg2852,MSP3-4,,,1440.12,3956.7773333333334,2516.6573333333336
digest_mg_kg_mg2852,MW2-1,,,4350.7,10948.049333333334,6597.3493333333345
digest_mg_kg_mg2852,NP1-1,,,2049.9,9632.859333333332,7582.959333333332
digest_mg_kg_mg2852,NP2-1,,,2765.53,10124.501333333335,7358.971333333335
digest_mg_kg_mg2852,NP3-1,,,2461.08,9997.743333333334,7536.663333333334
digest_mg_kg_mg2852,NP3-4,,,1668.33,9632.859333333332,7964.529333333332
digest_mg_kg_mg2852,NP4-5,,,134.87,14923.213333333335,14788.343333333334
digest_mg_kg_mg2852,RM1-1,,,3783.86,3023.718666666667,-760.141333333333
digest_mg_kg_mg2852,RM1-8,,,3232.53,3023.718666666667,-208.8113333333331
digest_mg_kg_mg2852,RM2-1,,,3698.6,3006.9346666666665,-691.6653333333334
digest_mg_kg_mg2852,RM3-1,,,4058.12,3006.9346666666665,-1051.1853333333333
digest_mg_kg_mg2852,RM3-8,,,4145.13,3023.718666666667,-1121.411333333333
digest_mg_kg_mg2852,SH1-1,,,4638.83,2879.9539999999997,-1758.8760000000002
digest_mg_kg_mg2852,SH1-6,,,3219.12,2879.9539999999997,-339.16600000000017
digest_mg_kg_mg2852,SH2-1,,,4223.11,2879.9539999999997,-1343.156
digest_mg_kg_mg2852,SH3-2,,,7722.89,2612.1686666666665,-5110.721333333334
digest_mg_kg_mg2852,SH3-8,,,4012.92,3006.934666666667,-1005.9853333333331
digest_mg_kg_mg2852,TGV1-1,,,6565.26,2742.3400000000006,-3822.9199999999996
digest_mg_kg_mg2852,TGV1-8,,,3669.64,2779.6200000000003,-890.0199999999995
digest_mg_kg_mg2852,TGV2-1,,,3415.66,2779.6200000000003,-636.0399999999995
digest_mg_kg_mg2852,TGV3-1,,,4739.48,3953.9133333333334,-785.5666666666662
digest_mg_kg_mg2852,TGV3-9,,,3693.61,3504.540666666667,-189.0693333333329
digest_mg_kg_mg2852,TN1-1,,,9053.68,2849.6553333333336,-6204.024666666666
digest_mg_kg_mg2852,TN1-8,,,5663.0,5423.856,-239.14400000000023
digest_mg_kg_mg2852,TN2-1,,,7041.16,3222.906,-3818.254
digest_mg_kg_mg2852,TN3-1,,,5737.0,3533.2726666666663,-2203.7273333333337
digest_mg_kg_mg2852,TN3-5,,,7229.92,6863.85,-366.0699999999997
digest_mg_kg_mg2852,CB-CMBjA1,,,3534.72,3666.7193333333335,131.99933333333365
digest_mg_kg_mg2852,CB-iH5,,,5789.42,3605.9626666666663,-2183.4573333333337
digest_mg_kg_mg2852,VV-0,,,204.96,3900.0559999999996,3695.0959999999995
digest_mg_kg_mg2852,VV-d,,,247.68,3900.0559999999996,3652.3759999999997
digest_mg_kg_mg2852,VV-J,,,687.47,3900.0559999999996,3212.5859999999993
digest_mg_kg_mg2852,VV-L,,,306.63,3900.0559999999996,3593.4259999999995
digest_mg_kg_mg2852,WV-BA 1,,,1638.55,4851.845333333333,3213.2953333333326
digest_mg_kg_mg2852,WV-UNN 1,,,4361.0,3054.103333333333,-1306.896666666667
digest_mg_kg_mg2852,WV-UNN 3,,,2910.64,3054.103333333333,143.46333333333314
digest_mg_kg_mg2852,WV-UNN-2,,,3974.21,3054.103333333333,-920.106666666667
digest_mg_kg_mg2852,WV-ZS 2,,,1367.53,4135.444,2767.9140000000007
digest_mg_kg_ca3158,BS-607,,,4476.95,10502.260094835618,6025.310094835618
digest_mg_kg_ca3158,BS-610,,,4500.0,10425.829510916934,5925.829510916934
digest_mg_kg_ca3158,BS-618,,,3131.26,10499.565745555608,7368.305745555608
digest_mg_kg_ca3158,BPS-1,,,5557.77,9429.710406731856,3871.9404067318555
digest_mg_kg_ca3158,BPS-18,,,5469.12,9435.919531517382,3966.799531517382
digest_mg_kg_ca3158,BPS-22,,,23975.9,10691.704644784098,-13284.195355215903
digest_mg_kg_ca3158,BPS-25,,,30039.84,11475.510184935129,-18564.32981506487
digest_mg_kg_ca3158,BPS-5,,,6485.92,11474.589208036978,4988.669208036978
digest_mg_kg_ca3158,CK-20B,,,23960.0,19773.735998986227,-4186.264001013773
digest_mg_kg_ca3158,CK1-100B,,,3039.84,21680.493558067184,18640.653558067184
digest_mg_kg_ca3158,CK2-100A,,,59899.6,21680.53201745125,-38219.067982548746
digest_mg_kg_ca3158,CK2-100B,,,11252.51,20934.68520951799,9682.175209517989
digest_mg_kg_ca3158,CM-2 1,,,12798.8,11914.283636902948,-884.516363097051
digest_mg_kg_ca3158,CM-4,,,8668.34,12129.602770118468,3461.2627701184683
digest_mg_kg_ca3158,CM-PA 3-10,,,12173.04,12103.229994110288,-69.81000588971256
digest_mg_kg_ca3158,CM-PA 30,,,11873.75,12129.602770118468,255.85277011846847
digest_mg_kg_ca3158,CM2 (OM),,,11042.08,11908.784416862847,866.7044168628472
digest_mg_kg_ca3158,LC1-5,,,9103.38,6474.40209081133,-2628.9779091886694
digest_mg_kg_ca3158,LGP (3-4),,,8019.84,6568.7071666957245,-1451.1328333042757
digest_mg_kg_ca3158,LGP (BA 1-3),,,10917.34,6473.949953503255,-4443.3900464967455
digest_mg_kg_ca3158,CR-0819,,,14670.0,8890.90286230955,-5779.097137690451
digest_mg_kg_ca3158,CR-0821,,,10608.78,8890.90286230955,-1717.8771376904515
digest_mg_kg_ca3158,CR-0826,,,10191.53,8890.90286230955,-1300.6271376904515
digest_mg_kg_ca3158,CR-0828,,,9986.92,8890.90286230955,-1096.017137690451
digest_mg_kg_ca3158,CR-0833,,,4618.47,8890.90286230955,4272.432862309549
digest_mg_kg_ca3158,CS-CR2,,,6812.63,7680.171692995591,867.5416929955909
digest_mg_kg_ca3158,CS-CR5,,,16993.99,8475.017336329422,-8518.97266367058
digest_mg_kg_ca3158,CS-CR7,,,7650.6,8668.016561915158,1017.4165619151572
digest_mg_kg_ca3158,CS-CR9,,,10109.78,8668.363139289067,-1441.4168607109332
digest_mg_kg_ca3158,DS1(1-2),,,22881.53,11428.411962740847,-11453.118037259152
digest_mg_kg_ca3158,DS2(1-2),,,23086.17,7678.620370973099,-15407.5496290269
digest_mg_kg_ca3158,DA-1,,,7109.44,3696.3530838786946,-3413.086916121305
digest_mg_kg_ca3158,DA-3,,,6148.59,3696.3530838786946,-2452.2369161213055
digest_mg_kg_ca3158,DA-4,,,8942.77,3696.3530838786946,-5246.416916121306
digest_mg_kg_ca3158,DA-5,,,8565.39,3696.3530838786946,-4869.036916121305
digest_mg_kg_ca3158,DA-6,,,6738.05,3696.3530838786946,-3041.6969161213055
digest_mg_kg_ca3158,GE-A1-3,,,37847.08,17130.555547933745,-20716.524452066256
digest_mg_kg_ca3158,GE-A2-2,,,29377.51,17130.88453715333,-12246.625462846667
digest_mg_kg_ca3158,GE-B1-3,,,48256.97,17138.479461588653,-31118.490538411348
digest_mg_kg_ca3158,GE-C2-3,,,34899.6,17125.588582306442,-17774.011417693557
digest_mg_kg_ca3158,GE-C3-2,,,35370.0,16998.261176821103,-18371.738823178897
digest_mg_kg_ca3158,HS-1,,,9003.96,5762.969289490624,-3240.9907105093753
digest_mg_kg_ca3158,HS-2,,,10180.0,5912.999104220504,-4267.000895779496
digest_mg_kg_ca3158,HS-3,,,14500.0,5711.519664153577,-8788.480335846423
digest_mg_kg_ca3158,HS-4,,,9956.91,5848.823981171439,-4108.086018828561
digest_mg_kg_ca3158,HS-7,,,12894.21,6819.483813994759,-6074.72618600524
digest_mg_kg_ca3158,HC-BA1,,,3524.85,7491.966736047335,3967.116736047335
digest_mg_kg_ca3158,HC-BA2,,,2589.64,7540.30508065228,4950.665080652279
digest_mg_kg_ca3158,HC-Z5-1,,,2698.19,7863.339108067854,5165.149108067853
digest_mg_kg_ca3158,HC-ZS2,,,4003.97,8022.35241507461,4018.38241507461
digest_mg_kg_ca3158,HVY-4A,,,12415.51,22215.982719063257,9800.472719063257
digest_mg_kg_ca3158,HVY-5A,,,23755.02,22215.982719063257,-1539.0372809367436
digest_mg_kg_ca3158,HVY-9054A,,,24254.03,19018.903876807108,-5235.126123192891
digest_mg_kg_ca3158,HVY-9062A,,,14890.22,25299.874531452842,10409.654531452843
digest_mg_kg_ca3158,HVY-9130A,,,18897.8,18802.416909607557,-95.38309039244268
digest_mg_kg_ca3158,HD-10,,,4257.97,3494.472710422828,-763.4972895771721
digest_mg_kg_ca3158,HD-14,,,4706.18,3559.9489853652804,-1146.23101463472
digest_mg_kg_ca3158,HD-6,,,1813.0,3601.4392577565673,1788.4392577565673
digest_mg_kg_ca3158,HG-3,,,3134.65,4014.739116782281,880.089116782281
digest_mg_kg_ca3158,HG-54,,,2440.0,3121.8603732999572,681.8603732999572
digest_mg_kg_ca3158,HG-6,,,3464.72,18946.922571515297,15482.202571515298
digest_mg_kg_ca3158,HG-8,,,2821.0,7560.9091184018225,4739.9091184018225
digest_mg_kg_ca3158,HG-9,,,1963.78,2680.5511367489103,716.7711367489103
digest_mg_kg_ca3158,HM-2,,,2126.24,6827.936958330895,4701.6969583308955
digest_mg_kg_ca3158,HM-3,,,1879.0,6827.938273762668,4948.938273762668
digest_mg_kg_ca3158,HM-5,,,4091.55,6838.532441139227,2746.9824411392265
digest_mg_kg_ca3158,HM-6,,,3090.18,6875.0236408325,3784.8436408325
digest_mg_kg_ca3158,LI-10,,,1860.0,7477.2383753232325,5617.2383753232325
digest_mg_kg_ca3158,LI-11,,,1601.41,7836.796446409913,6235.386446409913
digest_mg_kg_ca3158,LI-12,,,1630.48,7836.796446409913,6206.316446409914
digest_mg_kg_ca3158,LI-13,,,1455.09,7836.796446409913,6381.706446409913
digest_mg_kg_ca3158,LI-14,,,1784.0,7836.796446409913,6052.796446409913
digest_mg_kg_ca3158,LI-15,,,1609.44,7836.796446409913,6227.356446409913
digest_mg_kg_ca3158,LI-4,,,1901.8,7502.5505013248385,5600.750501324838
digest_mg_kg_ca3158,LI-5,,,1732.0,7502.5505013248385,5770.5505013248385
digest_mg_kg_ca3158,LI-6,,,1645.29,7502.5505013248385,5857.2605013248385
digest_mg_kg_ca3158,LI-9,,,217.27,7477.2383753232325,7259.968375323232
digest_mg_kg_ca3158,LGP-BA LV8,,,4349.9,23478.58524426656,19128.685244266562
digest_mg_kg_ca3158,LV-14,,,3570.72,22654.093832896153,19083.37383289615
digest_mg_kg_ca3158,LV-18,,,6184.63,22654.093832896153,16469.463832896152
digest_mg_kg_ca3158,MD-BJA1,,,25740.0,9394.998387341497,-16345.001612658503
digest_mg_kg_ca3158,MD-UN11,,,28227.09,9674.069871436384,-18553.020128563614
digest_mg_kg_ca3158,MD-UN6,,,28874.5,9378.912223136145,-19495.587776863853
digest_mg_kg_ca3158,ME-A1-1,,,9578.63,22798.594874525195,13219.964874525196
digest_mg_kg_ca3158,ME-A2-3,,,19280.0,22798.594874525195,3518.5948745251953
digest_mg_kg_ca3158,ME-B1-2,,,21520.0,22919.415464631868,1399.4154646318675
digest_mg_kg_ca3158,ME-c2-3,,,19950.3,24474.124112663078,4523.824112663078
digest_mg_kg_ca3158,ME-C3-1,,,18156.31,24474.124112663078,6317.814112663076
digest_mg_kg_ca3158,HK-1,,,1013.97,7456.246883148679,6442.276883148679
digest_mg_kg_ca3158,HK-2,,,1306.22,7455.830837149541,6149.610837149541
digest_mg_kg_ca3158,HK-3,,,1277.89,7464.6550895815635,6186.765089581563
digest_mg_kg_ca3158,HK-4,,,1016.9,7464.37563924218,6447.4756392421805
digest_mg_kg_ca3158,HK-5,,,1637.45,7371.729983195179,5734.279983195179
digest_mg_kg_ca3158,MK-A6,,,15201.21,7062.1987951441115,-8139.011204855888
digest_mg_kg_ca3158,MK-KYBjA6,,,12225.55,8188.8241536426685,-4036.7258463573307
digest_mg_kg_ca3158,MK-UN8,,,23303.57,7062.1987951441115,-16241.371204855888
digest_mg_kg_ca3158,MFP-A1,,,4067.86,5290.595943602983,1222.7359436029833
digest_mg_kg_ca3158,MFP-A2,,,4045.09,5290.595943602983,1245.5059436029833
digest_mg_kg_ca3158,MFP-AAA,,,2619.0,4289.315248486251,1670.3152484862512
digest_mg_kg_ca3158,MFP-d,,,3339.32,5294.222100659018,1954.9021006590178
digest_mg_kg_ca3158,MS-11,,,1244.53,5469.069957343192,4224.539957343192
digest_mg_kg_ca3158,MS-12,,,1161.97,5469.069957343192,4307.099957343192
digest_mg_kg_ca3158,MS-5,,,1546.0,5469.069957343192,3923.069957343192
digest_mg_kg_ca3158,MS-7,,,1249.5,5469.069957343192,4219.569957343192
digest_mg_kg_ca3158,ON-10,,,4763.1,22299.80045184265,17536.700451842647
digest_mg_kg_ca3158,OR-4,,,9900.8,20026.093711788817,10125.293711788818
digest_mg_kg_ca3158,OR-8,,,4008.95,20599.71640426098,16590.76640426098
digest_mg_kg_ca3158,AV1-1,,,7450.8,4487.518042185699,-2963.2819578143008
digest_mg_kg_ca3158,AV1-8,,,10958.08,5228.019796415351,-5730.060203584649
digest_mg_kg_ca3158,AV2-1,,,13499.01,5108.53156357082,-8390.47843642918
digest_mg_kg_ca3158,AV3-1,,,9712.57,4915.312960536406,-4797.257039463594
digest_mg_kg_ca3158,AV3-7,,,9380.24,5497.969853800809,-3882.270146199191
digest_mg_kg_ca3158,BP1-1,,,7628.23,5153.203892615148,-2475.0261073848515
digest_mg_kg_ca3158,BP1-8,,,9215.0,5654.979434344143,-3560.0205656558574
digest_mg_kg_ca3158,BP2-1,,,5830.34,5410.21034420267,-420.1296557973301
digest_mg_kg_ca3158,BP3-1,,,14008.02,5240.75746691607,-8767.26253308393
digest_mg_kg_ca3158,BP3-8,,,9806.77,5611.2487542558365,-4195.521245744164
digest_mg_kg_ca3158,HV1-8,,,7307.39,6132.713569962249,-1174.6764300377517
digest_mg_kg_ca3158,HV2-5,,,6788.84,7010.374693662511,221.53469366251102
digest_mg_kg_ca3158,HV3-1,,,29771.37,5592.7894105388605,-24178.58058946114
digest_mg_kg_ca3158,HV3-9,,,7170.0,7424.6739810830095,254.6739810830095
digest_mg_kg_ca3158,KR-1,,,9276.0,3158.03814988551,-6117.9618501144905
digest_mg_kg_ca3158,KR-2,,,9052.1,2576.2147917893867,-6475.885208210613
digest_mg_kg_ca3158,KR-4,,,6097.0,2871.483163693153,-3225.516836306847
digest_mg_kg_ca3158,MF1-1,,,3543.91,10864.568278874207,7320.658278874207
digest_mg_kg_ca3158,MF1-6,,,3200.6,8224.912749998786,5024.312749998786
digest_mg_kg_ca3158,MF2-1,,,3925.85,8165.403970140041,4239.553970140041
digest_mg_kg_ca3158,MF3-1,,,3969.06,8223.075596388424,4254.0155963884245
digest_mg_kg_ca3158,MFX-2,,,6019.92,8974.749472545713,2954.8294725457126
digest_mg_kg_ca3158,MSP1-1,,,974.7,3734.3375561865255,2759.637556186525
digest_mg_kg_ca3158,MSP1-4,,,1138.72,4330.674930170072,3191.9549301700717
digest_mg_kg_ca3158,MSP2-1,,,1073.71,4054.97511820384,2981.26511820384
digest_mg_kg_ca3158,MSP3-1,,,752.3,3821.6731584917843,3069.373158491784
digest_mg_kg_ca3158,MSP3-4,,,1127.74,4240.92856933574,3113.18856933574
digest_mg_kg_ca3158,MW2-1,,,3827.66,8772.128015194301,4944.468015194301
digest_mg_kg_ca3158,NP1-1,,,1280.44,8180.044382067577,6899.604382067577
digest_mg_kg_ca3158,NP2-1,,,1919.84,15369.935949171864,13450.095949171864
digest_mg_kg_ca3158,NP3-1,,,1155.69,9776.151755412064,8620.461755412063
digest_mg_kg_ca3158,NP3-4,,,1159.36,8358.445451516307,7199.085451516307
digest_mg_kg_ca3158,NP4-5,,,733.67,12524.85389601253,11791.18389601253
digest_mg_kg_ca3158,RM1-1,,,10816.73,6966.274277588937,-3850.455722411062
digest_mg_kg_ca3158,RM1-8,,,5624.75,6291.174747415722,666.4247474157219
digest_mg_kg_ca3158,RM2-1,,,8333.33,6918.753221814021,-1414.5767781859786
digest_mg_kg_ca3158,RM3-1,,,7292.59,6919.989371350767,-372.60062864923293
digest_mg_kg_ca3158,RM3-8,,,12167.0,6159.7181905885745,-6007.2818094114255
digest_mg_kg_ca3158,SH1-1,,,14778.67,3681.331979896228,-11097.338020103773
digest_mg_kg_ca3158,SH1-6,,,5037.85,4110.763800921354,-927.0861990786461
digest_mg_kg_ca3158,SH2-1,,,6567.73,3651.212119271733,-2916.5178807282664
digest_mg_kg_ca3158,SH3-2,,,8522.09,3638.829339400204,-4883.260660599796
digest_mg_kg_ca3158,SH3-8,,,6928.43,4083.480289453145,-2844.9497105468554
digest_mg_kg_ca3158,TGV1-1,,,12319.28,3773.1477888029476,-8546.132211197053
digest_mg_kg_ca3158,TGV1-8,,,4371.03,7767.193252694852,3396.1632526948524
digest_mg_kg_ca3158,TGV2-1,,,5714.86,6470.973049947075,756.1130499470755
digest_mg_kg_ca3158,TGV3-1,,,20350.7,5776.973500106435,-14573.726499893566
digest_mg_kg_ca3158,TGV3-9,,,4388.22,8710.846856187562,4322.626856187561
digest_mg_kg_ca3158,TN1-1,,,18896.62,7305.841966603757,-11590.778033396242
digest_mg_kg_ca3158,TN1-8,,,13110.0,9022.839247395581,-4087.160752604419
digest_mg_kg_ca3158,TN2-1,,,9393.57,7583.941980315657,-1809.6280196843427
digest_mg_kg_ca3158,TN3-1,,,18370.0,7671.475137906836,-10698.524862093163
digest_mg_kg_ca3158,TN3-5,,,22309.24,8942.785908441556,-13366.454091558446
digest_mg_kg_ca3158,CB-CMBjA1,,,7135.91,5818.448942587026,-1317.4610574129738
digest_mg_kg_ca3158,CB-iH5,,,7189.62,6912.310926415691,-277.30907358430886
digest_mg_kg_ca3158,VV-0,,,158.33,6722.638438346815,6564.308438346815
digest_mg_kg_ca3158,VV-d,,,289.82,6722.638438346815,6432.818438346815
digest_mg_kg_ca3158,VV-J,,,320.04,6722.638438346815,6402.598438346815
digest_mg_kg_ca3158,VV-L,,,474.5,6722.638438346815,6248.138438346815
digest_mg_kg_ca3158,WV-BA 1,,,1415.66,9295.181325767637,7879.521325767637
digest_mg_kg_ca3158,WV-UNN 1,,,3263.0,4836.240346579658,1573.2403465796579
digest_mg_kg_ca3158,WV-UNN 3,,,2448.8,4836.240346579658,2387.4403465796577
digest_mg_kg_ca3158,WV-UNN-2,,,3542.66,4836.240346579658,1293.580346579658
digest_mg_kg_ca3158,WV-ZS 2,,,1274.9,9751.398849467541,8476.498849467542
